0	http://purl.obolibrary.org/obo/go.owl#Protein_POU2F2
1	http://purl.obolibrary.org/obo/GO_0051240_instance
2	http://purl.obolibrary.org/obo/go.owl#Sample_GSM1318027
3	http://purl.obolibrary.org/obo/go.owl#Protein_RAB9A
4	http://purl.obolibrary.org/obo/go.owl#Sample_GSM1317973
5	http://purl.obolibrary.org/obo/go.owl#Protein_SNAP23
6	http://purl.obolibrary.org/obo/go.owl#Protein_ABAT
7	http://purl.obolibrary.org/obo/GO_0019899_instance
8	http://purl.obolibrary.org/obo/go.owl#Sample_GSM1317952
9	http://purl.obolibrary.org/obo/go.owl#Protein_GABARAPL2
10	http://purl.obolibrary.org/obo/go.owl#Sample_GSM1318051
11	http://purl.obolibrary.org/obo/go.owl#Protein_DCAF7
12	http://purl.obolibrary.org/obo/go.owl#Sample_GSM1317977
13	http://purl.obolibrary.org/obo/go.owl#Protein_SEC22C
14	http://purl.obolibrary.org/obo/go.owl#Protein_CUL4A
15	http://purl.obolibrary.org/obo/go.owl#Reaction_R-HSA-6782224
16	http://purl.obolibrary.org/obo/go.owl#Reaction_R-HSA-9664862
17	http://purl.obolibrary.org/obo/go.owl#Pathway_R-HSA-9612973
18	http://purl.obolibrary.org/obo/go.owl#Protein_RBM4
19	http://purl.obolibrary.org/obo/go.owl#Protein_SNRPC
20	http://purl.obolibrary.org/obo/go.owl#Sample_GSM1318004
21	http://purl.obolibrary.org/obo/go.owl#Protein_MKRN2
22	http://purl.obolibrary.org/obo/go.owl#Protein_TERF1
23	http://purl.obolibrary.org/obo/go.owl#Reaction_R-HSA-163120
24	http://purl.obolibrary.org/obo/go.owl#Sample_GSM1318016
25	http://purl.obolibrary.org/obo/go.owl#Protein_MAN2B2
26	http://purl.obolibrary.org/obo/go.owl#Sample_GSM1317905
27	http://purl.obolibrary.org/obo/go.owl#Protein_ADNP
28	http://purl.obolibrary.org/obo/go.owl#Protein_RPS6KA3
29	http://purl.obolibrary.org/obo/go.owl#Pathway_R-HSA-166016
30	http://purl.obolibrary.org/obo/go.owl#Sample_GSM1318038
31	http://purl.obolibrary.org/obo/go.owl#Protein_PTMA
32	http://purl.obolibrary.org/obo/go.owl#Protein_ZNF25
33	http://purl.obolibrary.org/obo/GO_0044238_instance
34	http://purl.obolibrary.org/obo/go.owl#Protein_ETS1
35	http://purl.obolibrary.org/obo/GO_0009605_instance
36	http://purl.obolibrary.org/obo/go.owl#Protein_PAM16
37	http://purl.obolibrary.org/obo/GO_0051641_instance
38	http://purl.obolibrary.org/obo/go.owl#Reaction_R-HSA-198746
39	http://purl.obolibrary.org/obo/go.owl#Pathway_R-HSA-166058
40	http://purl.obolibrary.org/obo/go.owl#Protein_DCP1A
41	http://purl.obolibrary.org/obo/GO_0043226_instance
42	http://purl.obolibrary.org/obo/go.owl#Protein_MOV10
43	http://purl.obolibrary.org/obo/GO_0009893_instance
44	http://purl.obolibrary.org/obo/go.owl#Protein_SCAF1
45	http://purl.obolibrary.org/obo/go.owl#Pathway_R-HSA-9707564
46	http://purl.obolibrary.org/obo/go.owl#Sample_GSM1317994
47	http://purl.obolibrary.org/obo/go.owl#Protein_AK2
48	http://purl.obolibrary.org/obo/go.owl#Sample_GSM1318018
49	http://purl.obolibrary.org/obo/go.owl#Protein_HK2
50	http://purl.obolibrary.org/obo/go.owl#Sample_GSM1317945
51	http://purl.obolibrary.org/obo/go.owl#Protein_SRXN1
52	http://purl.obolibrary.org/obo/go.owl#Reaction_R-HSA-445072
53	http://purl.obolibrary.org/obo/go.owl#Pathway_R-HSA-9675108
54	http://purl.obolibrary.org/obo/go.owl#Sample_GSM1317950
55	http://purl.obolibrary.org/obo/go.owl#Protein_CDC5L
56	http://purl.obolibrary.org/obo/go.owl#Sample_GSM1317992
57	http://purl.obolibrary.org/obo/go.owl#Protein_SWSAP1
58	http://purl.obolibrary.org/obo/go.owl#Protein_FNTA
59	http://purl.obolibrary.org/obo/GO_0050789_instance
60	http://purl.obolibrary.org/obo/go.owl#Protein_CRLF3
61	http://purl.obolibrary.org/obo/go.owl#Sample_GSM1317933
62	http://purl.obolibrary.org/obo/go.owl#Protein_DLD
63	http://purl.obolibrary.org/obo/go.owl#Sample_GSM1317997
64	http://purl.obolibrary.org/obo/go.owl#Protein_EIF1B
65	http://purl.obolibrary.org/obo/go.owl#Sample_GSM1318006
66	http://purl.obolibrary.org/obo/go.owl#Protein_PRPSAP2
67	http://purl.obolibrary.org/obo/go.owl#Sample_GSM1317896
68	http://purl.obolibrary.org/obo/go.owl#Protein_DCAF6
69	http://purl.obolibrary.org/obo/go.owl#Sample_GSM1318032
70	http://purl.obolibrary.org/obo/go.owl#Protein_PELI2
71	http://purl.obolibrary.org/obo/go.owl#Reaction_R-HSA-451649
72	http://purl.obolibrary.org/obo/go.owl#Pathway_R-HSA-168164
73	http://purl.obolibrary.org/obo/go.owl#Sample_GSM1317961
74	http://purl.obolibrary.org/obo/go.owl#Protein_ZFP36
75	http://purl.obolibrary.org/obo/go.owl#Sample_GSM1318045
76	http://purl.obolibrary.org/obo/go.owl#Protein_PRPF18
77	http://purl.obolibrary.org/obo/go.owl#Protein_IKBKE
78	http://purl.obolibrary.org/obo/GO_0080090_instance
79	http://purl.obolibrary.org/obo/go.owl#Protein_CLTC
80	http://purl.obolibrary.org/obo/GO_0005925_instance
81	http://purl.obolibrary.org/obo/go.owl#Protein_PAIP2
82	http://purl.obolibrary.org/obo/GO_0010556_instance
83	http://purl.obolibrary.org/obo/go.owl#Protein_TCN2
84	http://purl.obolibrary.org/obo/GO_0110165_instance
85	http://purl.obolibrary.org/obo/go.owl#Protein_UQCRC1
86	http://purl.obolibrary.org/obo/go.owl#Reaction_R-HSA-164651
87	http://purl.obolibrary.org/obo/go.owl#Protein_RBBP4
88	http://purl.obolibrary.org/obo/GO_1902494_instance
89	http://purl.obolibrary.org/obo/go.owl#Protein_SPSB1
90	http://purl.obolibrary.org/obo/GO_0019538_instance
91	http://purl.obolibrary.org/obo/go.owl#Sample_GSM1318010
92	http://purl.obolibrary.org/obo/go.owl#Protein_GRB2
93	http://purl.obolibrary.org/obo/go.owl#Reaction_R-HSA-69016
94	http://purl.obolibrary.org/obo/go.owl#Pathway_R-HSA-69242
95	http://purl.obolibrary.org/obo/go.owl#Reaction_R-HSA-9013157
96	http://purl.obolibrary.org/obo/go.owl#Protein_FYN
97	http://purl.obolibrary.org/obo/GO_0009968_instance
98	http://purl.obolibrary.org/obo/go.owl#Sample_GSM1317990
99	http://purl.obolibrary.org/obo/go.owl#Protein_PAK2
100	http://purl.obolibrary.org/obo/go.owl#Reaction_R-HSA-1358798
101	http://purl.obolibrary.org/obo/go.owl#Pathway_R-HSA-9006934
102	http://purl.obolibrary.org/obo/go.owl#Protein_PAK1
103	http://purl.obolibrary.org/obo/GO_0071495_instance
104	http://purl.obolibrary.org/obo/go.owl#Sample_GSM1317946
105	http://purl.obolibrary.org/obo/go.owl#Protein_VNN2
106	http://purl.obolibrary.org/obo/go.owl#Sample_GSM1317925
107	http://purl.obolibrary.org/obo/go.owl#Protein_PSME2
108	http://purl.obolibrary.org/obo/go.owl#Protein_LMBRD1
109	http://purl.obolibrary.org/obo/go.owl#Protein_MOGS
110	http://purl.obolibrary.org/obo/go.owl#Protein_MRPL11
111	http://purl.obolibrary.org/obo/go.owl#Pathway_R-HSA-9937383
112	http://purl.obolibrary.org/obo/go.owl#Sample_GSM1318054
113	http://purl.obolibrary.org/obo/go.owl#Protein_POLR2J3
114	http://purl.obolibrary.org/obo/go.owl#Reaction_R-HSA-9610166
115	http://purl.obolibrary.org/obo/go.owl#Pathway_R-HSA-162582
116	http://purl.obolibrary.org/obo/go.owl#Sample_GSM1317947
117	http://purl.obolibrary.org/obo/go.owl#Protein_IMPA1
118	http://purl.obolibrary.org/obo/go.owl#Protein_HIF1A
119	http://purl.obolibrary.org/obo/GO_0009966_instance
120	http://purl.obolibrary.org/obo/go.owl#Sample_GSM1318040
121	http://purl.obolibrary.org/obo/go.owl#Protein_GART
122	http://purl.obolibrary.org/obo/go.owl#Sample_GSM1318052
123	http://purl.obolibrary.org/obo/go.owl#Protein_TXNL1
124	http://purl.obolibrary.org/obo/go.owl#Protein_UBA1
125	http://purl.obolibrary.org/obo/GO_0140096_instance
126	http://purl.obolibrary.org/obo/go.owl#Protein_CNN2
127	http://purl.obolibrary.org/obo/GO_0019222_instance
128	http://purl.obolibrary.org/obo/go.owl#Pathway_R-HSA-983189
129	http://purl.obolibrary.org/obo/go.owl#Pathway_R-HSA-109582
130	http://purl.obolibrary.org/obo/go.owl#Sample_GSM1317917
131	http://purl.obolibrary.org/obo/go.owl#Protein_CHMP1B
132	http://purl.obolibrary.org/obo/go.owl#Protein_EIF4E
133	http://purl.obolibrary.org/obo/GO_0050793_instance
134	http://purl.obolibrary.org/obo/GO_0010628_instance
135	http://purl.obolibrary.org/obo/go.owl#Protein_PTGES3
136	http://purl.obolibrary.org/obo/go.owl#Sample_GSM1318048
137	http://purl.obolibrary.org/obo/go.owl#Protein_AFTPH
138	http://purl.obolibrary.org/obo/go.owl#Protein_STX10
139	http://purl.obolibrary.org/obo/go.owl#Protein_SPI1
140	http://purl.obolibrary.org/obo/GO_0032879_instance
141	http://purl.obolibrary.org/obo/go.owl#Sample_GSM1317951
142	http://purl.obolibrary.org/obo/go.owl#Protein_EIF3M
143	http://purl.obolibrary.org/obo/go.owl#Reaction_R-HSA-8964550
144	http://purl.obolibrary.org/obo/go.owl#Pathway_R-HSA-1640170
145	http://purl.obolibrary.org/obo/go.owl#Protein_DR1
146	http://purl.obolibrary.org/obo/go.owl#Protein_RGS18
147	http://purl.obolibrary.org/obo/GO_0003824_instance
148	http://purl.obolibrary.org/obo/go.owl#Sample_GSM1317924
149	http://purl.obolibrary.org/obo/go.owl#Protein_H1-10
150	http://purl.obolibrary.org/obo/go.owl#Protein_BLOC1S1
151	http://purl.obolibrary.org/obo/GO_0005769_instance
152	http://purl.obolibrary.org/obo/go.owl#Sample_GSM1317911
153	http://purl.obolibrary.org/obo/go.owl#Protein_INPP5D
154	http://purl.obolibrary.org/obo/go.owl#Protein_NUS1
155	http://purl.obolibrary.org/obo/GO_0051049_instance
156	http://purl.obolibrary.org/obo/go.owl#Sample_GSM1317959
157	http://purl.obolibrary.org/obo/go.owl#Protein_CALR
158	http://purl.obolibrary.org/obo/go.owl#Protein_WTAP
159	http://purl.obolibrary.org/obo/GO_0031967_instance
160	http://purl.obolibrary.org/obo/go.owl#Protein_TMEM64
161	http://purl.obolibrary.org/obo/go.owl#Sample_GSM1317975
162	http://purl.obolibrary.org/obo/go.owl#Protein_SLPI
163	http://purl.obolibrary.org/obo/go.owl#Sample_GSM1318043
164	http://purl.obolibrary.org/obo/go.owl#Protein_MARCHF7
165	http://purl.obolibrary.org/obo/go.owl#Sample_GSM1317998
166	http://purl.obolibrary.org/obo/go.owl#Protein_EIF3A
167	http://purl.obolibrary.org/obo/go.owl#Protein_RPS7
168	http://purl.obolibrary.org/obo/GO_0042981_instance
169	http://purl.obolibrary.org/obo/go.owl#Sample_GSM1317958
170	http://purl.obolibrary.org/obo/go.owl#Protein_NFIC
171	http://purl.obolibrary.org/obo/go.owl#Protein_RPP25
172	http://purl.obolibrary.org/obo/GO_0005634_instance
173	http://purl.obolibrary.org/obo/go.owl#Protein_ROCK1
174	http://purl.obolibrary.org/obo/GO_0010557_instance
175	http://purl.obolibrary.org/obo/go.owl#Sample_GSM1318044
176	http://purl.obolibrary.org/obo/go.owl#Protein_PTPRC
177	http://purl.obolibrary.org/obo/GO_0016192_instance
178	http://purl.obolibrary.org/obo/go.owl#Sample_GSM1318053
179	http://purl.obolibrary.org/obo/go.owl#Protein_RAB22A
180	http://purl.obolibrary.org/obo/go.owl#Reaction_R-HSA-1169402
181	http://purl.obolibrary.org/obo/go.owl#Pathway_R-HSA-1169408
182	http://purl.obolibrary.org/obo/go.owl#Protein_KRAS
183	http://purl.obolibrary.org/obo/go.owl#Protein_DCTN1
184	http://purl.obolibrary.org/obo/GO_0046907_instance
185	http://purl.obolibrary.org/obo/go.owl#Sample_GSM1317984
186	http://purl.obolibrary.org/obo/go.owl#Protein_SUPT5H
187	http://purl.obolibrary.org/obo/go.owl#Sample_GSM1318049
188	http://purl.obolibrary.org/obo/go.owl#Protein_JKAMP
189	http://purl.obolibrary.org/obo/go.owl#Sample_GSM1317915
190	http://purl.obolibrary.org/obo/go.owl#Protein_FASTKD5
191	http://purl.obolibrary.org/obo/go.owl#Protein_ABHD17B
192	http://purl.obolibrary.org/obo/go.owl#Sample_GSM1317900
193	http://purl.obolibrary.org/obo/go.owl#Protein_UBE2G1
194	http://purl.obolibrary.org/obo/go.owl#Sample_GSM1317974
195	http://purl.obolibrary.org/obo/go.owl#Protein_STK26
196	http://purl.obolibrary.org/obo/go.owl#Protein_ACTB
197	http://purl.obolibrary.org/obo/GO_0006897_instance
198	http://purl.obolibrary.org/obo/go.owl#Reaction_R-HSA-8987255
199	http://purl.obolibrary.org/obo/go.owl#Pathway_R-HSA-168256
200	http://purl.obolibrary.org/obo/go.owl#Protein_PRKD2
201	http://purl.obolibrary.org/obo/GO_1902531_instance
202	http://purl.obolibrary.org/obo/go.owl#Reaction_R-HSA-75862
203	http://purl.obolibrary.org/obo/go.owl#Pathway_R-HSA-74160
204	http://purl.obolibrary.org/obo/go.owl#Reaction_R-HSA-204434
205	http://purl.obolibrary.org/obo/go.owl#Pathway_R-HSA-216083
206	http://purl.obolibrary.org/obo/go.owl#Sample_GSM1317971
207	http://purl.obolibrary.org/obo/go.owl#Protein_STRAP
208	http://purl.obolibrary.org/obo/go.owl#Sample_GSM1317928
209	http://purl.obolibrary.org/obo/go.owl#Protein_DDT
210	http://purl.obolibrary.org/obo/go.owl#Protein_MAX
211	http://purl.obolibrary.org/obo/go.owl#Pathway_R-HSA-212436
212	http://purl.obolibrary.org/obo/go.owl#Sample_GSM1318025
213	http://purl.obolibrary.org/obo/go.owl#Protein_DSTN
214	http://purl.obolibrary.org/obo/go.owl#Sample_GSM1317985
215	http://purl.obolibrary.org/obo/GO_0051052_instance
216	http://purl.obolibrary.org/obo/go.owl#Sample_GSM1317943
217	http://purl.obolibrary.org/obo/go.owl#Protein_TSPYL1
218	http://purl.obolibrary.org/obo/go.owl#Protein_ATXN7L3
219	http://purl.obolibrary.org/obo/GO_1902680_instance
220	http://purl.obolibrary.org/obo/go.owl#Sample_GSM1317982
221	http://purl.obolibrary.org/obo/go.owl#Protein_DRG1
222	http://purl.obolibrary.org/obo/go.owl#Reaction_R-HSA-5693390
223	http://purl.obolibrary.org/obo/go.owl#Pathway_R-HSA-556833
224	http://purl.obolibrary.org/obo/go.owl#Protein_MAP7D3
225	http://purl.obolibrary.org/obo/GO_0043228_instance
226	http://purl.obolibrary.org/obo/go.owl#Sample_GSM1317932
227	http://purl.obolibrary.org/obo/go.owl#Protein_RNF40
228	http://purl.obolibrary.org/obo/go.owl#Protein_RNF38
229	http://purl.obolibrary.org/obo/GO_0000209_instance
230	http://purl.obolibrary.org/obo/go.owl#Reaction_R-HSA-75873
231	http://purl.obolibrary.org/obo/go.owl#Pathway_R-HSA-73857
232	http://purl.obolibrary.org/obo/go.owl#Sample_GSM1317942
233	http://purl.obolibrary.org/obo/go.owl#Protein_APEH
234	http://purl.obolibrary.org/obo/go.owl#Sample_GSM1318046
235	http://purl.obolibrary.org/obo/go.owl#Protein_ERAP2
236	http://purl.obolibrary.org/obo/go.owl#Sample_GSM1317941
237	http://purl.obolibrary.org/obo/go.owl#Protein_PPP1R14B
238	http://purl.obolibrary.org/obo/go.owl#Sample_GSM1317919
239	http://purl.obolibrary.org/obo/go.owl#Protein_RAB11FIP1
240	http://purl.obolibrary.org/obo/go.owl#Protein_CNEP1R1
241	http://purl.obolibrary.org/obo/go.owl#Protein_RNF26
242	http://purl.obolibrary.org/obo/go.owl#Sample_GSM1318037
243	http://purl.obolibrary.org/obo/go.owl#Protein_DUSP11
244	http://purl.obolibrary.org/obo/go.owl#Protein_HMGB1
245	http://purl.obolibrary.org/obo/go.owl#Reaction_R-HSA-879411
246	http://purl.obolibrary.org/obo/go.owl#Sample_GSM1317913
247	http://purl.obolibrary.org/obo/go.owl#Protein_BCL11A
248	http://purl.obolibrary.org/obo/go.owl#Reaction_R-HSA-399934
249	http://purl.obolibrary.org/obo/go.owl#Sample_GSM1317972
250	http://purl.obolibrary.org/obo/go.owl#Protein_HPS6
251	http://purl.obolibrary.org/obo/go.owl#Protein_NCBP2
252	http://purl.obolibrary.org/obo/go.owl#Reaction_R-HSA-75083
253	http://purl.obolibrary.org/obo/go.owl#Pathway_R-HSA-9830674
254	http://purl.obolibrary.org/obo/go.owl#Pathway_R-HSA-1266738
255	http://purl.obolibrary.org/obo/go.owl#Sample_GSM1317904
256	http://purl.obolibrary.org/obo/GO_0005654_instance
257	http://purl.obolibrary.org/obo/go.owl#Protein_FCGR3A
258	http://purl.obolibrary.org/obo/go.owl#Protein_CDC26
259	http://purl.obolibrary.org/obo/GO_0005488_instance
260	http://purl.obolibrary.org/obo/go.owl#Sample_GSM1318015
261	http://purl.obolibrary.org/obo/go.owl#Protein_RSU1
262	http://purl.obolibrary.org/obo/go.owl#Reaction_R-HSA-5607759
263	http://purl.obolibrary.org/obo/go.owl#Pathway_R-HSA-5607764
264	http://purl.obolibrary.org/obo/go.owl#Reaction_R-HSA-167429
265	http://purl.obolibrary.org/obo/go.owl#Pathway_R-HSA-418594
266	http://purl.obolibrary.org/obo/go.owl#Sample_GSM1317989
267	http://purl.obolibrary.org/obo/go.owl#Sample_GSM1317991
268	http://purl.obolibrary.org/obo/go.owl#Protein_LILRA2
269	http://purl.obolibrary.org/obo/go.owl#Protein_ACOX1
270	http://purl.obolibrary.org/obo/go.owl#Protein_AP5M1
271	http://purl.obolibrary.org/obo/go.owl#Protein_BLOC1S6
272	http://purl.obolibrary.org/obo/GO_0051179_instance
273	http://purl.obolibrary.org/obo/go.owl#Sample_GSM1317986
274	http://purl.obolibrary.org/obo/go.owl#Reaction_R-HSA-9032761
275	http://purl.obolibrary.org/obo/go.owl#Protein_ISY1
276	http://purl.obolibrary.org/obo/go.owl#Pathway_R-HSA-6782135
277	http://purl.obolibrary.org/obo/go.owl#Protein_ISG15
278	http://purl.obolibrary.org/obo/go.owl#Protein_TAF2
279	http://purl.obolibrary.org/obo/go.owl#Sample_GSM1317967
280	http://purl.obolibrary.org/obo/go.owl#Protein_CMPK1
281	http://purl.obolibrary.org/obo/go.owl#Protein_DECR1
282	http://purl.obolibrary.org/obo/go.owl#Protein_TBC1D2B
283	http://purl.obolibrary.org/obo/go.owl#Protein_RNPS1
284	http://purl.obolibrary.org/obo/GO_0006351_instance
285	http://purl.obolibrary.org/obo/go.owl#Protein_NUB1
286	http://purl.obolibrary.org/obo/go.owl#Protein_PTGER4
287	http://purl.obolibrary.org/obo/go.owl#Protein_RNF216
288	http://purl.obolibrary.org/obo/go.owl#Protein_AOC1
289	http://purl.obolibrary.org/obo/go.owl#Pathway_R-HSA-211945
290	http://purl.obolibrary.org/obo/go.owl#Sample_GSM1317902
291	http://purl.obolibrary.org/obo/go.owl#Protein_TOPBP1
292	http://purl.obolibrary.org/obo/go.owl#Protein_PHF23
293	http://purl.obolibrary.org/obo/go.owl#Reaction_R-HSA-5690740
294	http://purl.obolibrary.org/obo/go.owl#Pathway_R-HSA-1280218
295	http://purl.obolibrary.org/obo/go.owl#Protein_KDM3A
296	http://purl.obolibrary.org/obo/go.owl#Protein_ARPP19
297	http://purl.obolibrary.org/obo/go.owl#Protein_IDH2
298	http://purl.obolibrary.org/obo/GO_1903561_instance
299	http://purl.obolibrary.org/obo/go.owl#Reaction_R-HSA-508292
300	http://purl.obolibrary.org/obo/go.owl#Pathway_R-HSA-1280215
301	http://purl.obolibrary.org/obo/go.owl#Protein_PCBP1
302	http://purl.obolibrary.org/obo/go.owl#Sample_GSM1317978
303	http://purl.obolibrary.org/obo/go.owl#Protein_NDUFA11
304	http://purl.obolibrary.org/obo/go.owl#Protein_CYBC1
305	http://purl.obolibrary.org/obo/go.owl#Protein_PPP3CA
306	http://purl.obolibrary.org/obo/GO_0022402_instance
307	http://purl.obolibrary.org/obo/go.owl#Pathway_R-HSA-450321
308	http://purl.obolibrary.org/obo/go.owl#Pathway_R-HSA-975871
309	http://purl.obolibrary.org/obo/go.owl#Protein_STK11IP
310	http://purl.obolibrary.org/obo/GO_0043227_instance
311	http://purl.obolibrary.org/obo/go.owl#Protein_L3MBTL2
312	http://purl.obolibrary.org/obo/GO_0070013_instance
313	http://purl.obolibrary.org/obo/go.owl#Protein_PRC1
314	http://purl.obolibrary.org/obo/go.owl#Protein_ABCF1
315	http://purl.obolibrary.org/obo/go.owl#Sample_GSM1317912
316	http://purl.obolibrary.org/obo/go.owl#Sample_GSM1317916
317	http://purl.obolibrary.org/obo/go.owl#Protein_DARS1
318	http://purl.obolibrary.org/obo/go.owl#Protein_EEF1D
319	http://purl.obolibrary.org/obo/go.owl#Protein_MIEF1
320	http://purl.obolibrary.org/obo/GO_0036094_instance
321	http://purl.obolibrary.org/obo/go.owl#Pathway_R-HSA-9664323
322	http://purl.obolibrary.org/obo/go.owl#Pathway_R-HSA-5663205
323	http://purl.obolibrary.org/obo/go.owl#Protein_NF1
324	http://purl.obolibrary.org/obo/GO_0071840_instance
325	http://purl.obolibrary.org/obo/go.owl#Sample_GSM1317899
326	http://purl.obolibrary.org/obo/go.owl#Protein_TMEM43
327	http://purl.obolibrary.org/obo/GO_0005783_instance
328	http://purl.obolibrary.org/obo/go.owl#Protein_ATN1
329	http://purl.obolibrary.org/obo/GO_0060255_instance
330	http://purl.obolibrary.org/obo/go.owl#Sample_GSM1318033
331	http://purl.obolibrary.org/obo/go.owl#Protein_TMED7
332	http://purl.obolibrary.org/obo/go.owl#Sample_GSM1317906
333	http://purl.obolibrary.org/obo/go.owl#Protein_GORASP1
334	http://purl.obolibrary.org/obo/go.owl#Sample_GSM1318057
335	http://purl.obolibrary.org/obo/go.owl#Protein_TMEM147
336	http://purl.obolibrary.org/obo/go.owl#Protein_KPNA6
337	http://purl.obolibrary.org/obo/go.owl#Sample_GSM1317981
338	http://purl.obolibrary.org/obo/go.owl#Protein_AKAP8L
339	http://purl.obolibrary.org/obo/go.owl#Protein_MEX3C
340	http://purl.obolibrary.org/obo/go.owl#Pathway_0000000
341	http://purl.obolibrary.org/obo/go.owl#Sample_GSM1317960
342	http://purl.obolibrary.org/obo/go.owl#Protein_NUP50
343	http://purl.obolibrary.org/obo/go.owl#Protein_CCNG1
344	http://purl.obolibrary.org/obo/go.owl#Protein_RPS9
345	http://purl.obolibrary.org/obo/go.owl#Sample_GSM1318024
346	http://purl.obolibrary.org/obo/go.owl#Protein_PKN1
347	http://purl.obolibrary.org/obo/go.owl#Protein_H4C3
348	http://purl.obolibrary.org/obo/go.owl#Reaction_R-HSA-9854130
349	http://purl.obolibrary.org/obo/go.owl#Sample_GSM1318000
350	http://purl.obolibrary.org/obo/go.owl#Protein_TWSG1
351	http://purl.obolibrary.org/obo/go.owl#Protein_ERGIC2
352	http://purl.obolibrary.org/obo/go.owl#Protein_MBP
353	http://purl.obolibrary.org/obo/go.owl#Protein_KMT2E
354	http://purl.obolibrary.org/obo/go.owl#Sample_GSM1317983
355	http://purl.obolibrary.org/obo/go.owl#Protein_PCNX3
356	http://purl.obolibrary.org/obo/go.owl#Protein_SHC1
357	http://purl.obolibrary.org/obo/go.owl#Reaction_R-HSA-2396561
358	http://purl.obolibrary.org/obo/go.owl#Sample_GSM1317966
359	http://purl.obolibrary.org/obo/go.owl#Protein_TATDN2
360	http://purl.obolibrary.org/obo/go.owl#Protein_SURF4
361	http://purl.obolibrary.org/obo/go.owl#Reaction_R-HSA-183072
362	http://purl.obolibrary.org/obo/go.owl#Pathway_R-HSA-177929
363	http://purl.obolibrary.org/obo/go.owl#Protein_FUBP3
364	http://purl.obolibrary.org/obo/go.owl#Protein_TSEN15
365	http://purl.obolibrary.org/obo/go.owl#Protein_JMJD1C
366	http://purl.obolibrary.org/obo/go.owl#Protein_PIDD1
367	http://purl.obolibrary.org/obo/go.owl#Reaction_R-HSA-6800793
368	http://purl.obolibrary.org/obo/go.owl#Sample_GSM1318022
369	http://purl.obolibrary.org/obo/go.owl#Protein_COQ10B
370	http://purl.obolibrary.org/obo/go.owl#Protein_RBM23
371	http://purl.obolibrary.org/obo/go.owl#Protein_YWHAE
372	http://purl.obolibrary.org/obo/GO_0002831_instance
373	http://purl.obolibrary.org/obo/go.owl#Protein_CERS2
374	http://purl.obolibrary.org/obo/GO_0048585_instance
375	http://purl.obolibrary.org/obo/go.owl#Protein_NEDD9
376	http://purl.obolibrary.org/obo/GO_0045637_instance
377	http://purl.obolibrary.org/obo/go.owl#Protein_DNAJB14
378	http://purl.obolibrary.org/obo/go.owl#Sample_GSM1317901
379	http://purl.obolibrary.org/obo/go.owl#Protein_CEBPZ
380	http://purl.obolibrary.org/obo/go.owl#Sample_GSM1318005
381	http://purl.obolibrary.org/obo/go.owl#Protein_NUP214
382	http://purl.obolibrary.org/obo/go.owl#Sample_GSM1318028
383	http://purl.obolibrary.org/obo/go.owl#Reaction_R-HSA-9924921
384	http://purl.obolibrary.org/obo/go.owl#Pathway_R-HSA-9909620
385	http://purl.obolibrary.org/obo/go.owl#Protein_PEX5
386	http://purl.obolibrary.org/obo/GO_0015031_instance
387	http://purl.obolibrary.org/obo/go.owl#Protein_BAG5
388	http://purl.obolibrary.org/obo/GO_0051603_instance
389	http://purl.obolibrary.org/obo/go.owl#Protein_INO80E
390	http://purl.obolibrary.org/obo/GO_0044877_instance
391	http://purl.obolibrary.org/obo/go.owl#Protein_TUT7
392	http://purl.obolibrary.org/obo/go.owl#Protein_GOLPH3L
393	http://purl.obolibrary.org/obo/go.owl#Protein_FYB1
394	http://purl.obolibrary.org/obo/go.owl#Protein_IFRD1
395	http://purl.obolibrary.org/obo/GO_0051128_instance
396	http://purl.obolibrary.org/obo/go.owl#Protein_TUBG1
397	http://purl.obolibrary.org/obo/GO_0005819_instance
398	http://purl.obolibrary.org/obo/go.owl#Protein_CNDP2
399	http://purl.obolibrary.org/obo/go.owl#Protein_BAX
400	http://purl.obolibrary.org/obo/go.owl#Protein_SNX10
401	http://purl.obolibrary.org/obo/go.owl#Reaction_R-HSA-379044
402	http://purl.obolibrary.org/obo/go.owl#Pathway_R-HSA-372790
403	http://purl.obolibrary.org/obo/go.owl#Protein_RHOB
404	http://purl.obolibrary.org/obo/go.owl#Protein_RAD21
405	http://purl.obolibrary.org/obo/go.owl#Sample_GSM1318023
406	http://purl.obolibrary.org/obo/go.owl#Protein_RESF1
407	http://purl.obolibrary.org/obo/go.owl#Protein_EXOC7
408	http://purl.obolibrary.org/obo/go.owl#Pathway_R-HSA-2980736
409	http://purl.obolibrary.org/obo/go.owl#Protein_PPP6R3
410	http://purl.obolibrary.org/obo/go.owl#Protein_AP2A2
411	http://purl.obolibrary.org/obo/go.owl#Sample_GSM1317907
412	http://purl.obolibrary.org/obo/go.owl#Protein_ARFGEF1
413	http://purl.obolibrary.org/obo/go.owl#Sample_GSM1317969
414	http://purl.obolibrary.org/obo/go.owl#Protein_POLR2C
415	http://purl.obolibrary.org/obo/go.owl#Sample_GSM1317920
416	http://purl.obolibrary.org/obo/go.owl#Protein_ZSWIM8
417	http://purl.obolibrary.org/obo/go.owl#Sample_GSM1317995
418	http://purl.obolibrary.org/obo/go.owl#Protein_SLC35B2
419	http://purl.obolibrary.org/obo/go.owl#Protein_LY6E
420	http://purl.obolibrary.org/obo/go.owl#Protein_HERC6
421	http://purl.obolibrary.org/obo/GO_0009056_instance
422	http://purl.obolibrary.org/obo/go.owl#Sample_GSM1317948
423	http://purl.obolibrary.org/obo/go.owl#Protein_TNFAIP8
424	http://purl.obolibrary.org/obo/go.owl#Protein_CAPZA1
425	http://purl.obolibrary.org/obo/go.owl#Protein_STAM2
426	http://purl.obolibrary.org/obo/go.owl#Pathway_R-HSA-182971
427	http://purl.obolibrary.org/obo/go.owl#Sample_GSM1318014
428	http://purl.obolibrary.org/obo/go.owl#Protein_POLDIP3
429	http://purl.obolibrary.org/obo/go.owl#Reaction_R-HSA-3928641
430	http://purl.obolibrary.org/obo/go.owl#Protein_PTK2B
431	http://purl.obolibrary.org/obo/GO_0032101_instance
432	http://purl.obolibrary.org/obo/go.owl#Sample_GSM1317939
433	http://purl.obolibrary.org/obo/go.owl#Protein_TNPO3
434	http://purl.obolibrary.org/obo/go.owl#Reaction_R-HSA-3132737
435	http://purl.obolibrary.org/obo/go.owl#Protein_CHD4
436	http://purl.obolibrary.org/obo/go.owl#Reaction_R-HSA-9844536
437	http://purl.obolibrary.org/obo/go.owl#Sample_GSM1317962
438	http://purl.obolibrary.org/obo/go.owl#Protein_TMEM230
439	http://purl.obolibrary.org/obo/go.owl#Protein_PARP10
440	http://purl.obolibrary.org/obo/go.owl#Protein_NAA16
441	http://purl.obolibrary.org/obo/go.owl#Protein_NUP54
442	http://purl.obolibrary.org/obo/go.owl#Reaction_R-HSA-159050
443	http://purl.obolibrary.org/obo/go.owl#Protein_TMEM106B
444	http://purl.obolibrary.org/obo/GO_0005737_instance
445	http://purl.obolibrary.org/obo/go.owl#Protein_KAT6A
446	http://purl.obolibrary.org/obo/GO_0043412_instance
447	http://purl.obolibrary.org/obo/go.owl#Protein_PPWD1
448	http://purl.obolibrary.org/obo/go.owl#Protein_ACTN4
449	http://purl.obolibrary.org/obo/go.owl#Sample_GSM1317898
450	http://purl.obolibrary.org/obo/go.owl#Protein_F11R
451	http://purl.obolibrary.org/obo/go.owl#Sample_GSM1318039
452	http://purl.obolibrary.org/obo/go.owl#Protein_MOB4
453	http://purl.obolibrary.org/obo/go.owl#Protein_FCGR3B
454	http://purl.obolibrary.org/obo/go.owl#Protein_MAPK1
455	http://purl.obolibrary.org/obo/go.owl#Pathway_R-HSA-913531
456	http://purl.obolibrary.org/obo/go.owl#Sample_GSM1317935
457	http://purl.obolibrary.org/obo/go.owl#Protein_MPC1
458	http://purl.obolibrary.org/obo/go.owl#Protein_STAB1
459	http://purl.obolibrary.org/obo/GO_0043229_instance
460	http://purl.obolibrary.org/obo/go.owl#Protein_GSDMB
461	http://purl.obolibrary.org/obo/GO_0006950_instance
462	http://purl.obolibrary.org/obo/go.owl#Sample_GSM1318011
463	http://purl.obolibrary.org/obo/go.owl#Protein_MGAT1
464	http://purl.obolibrary.org/obo/go.owl#Reaction_R-HSA-9610156
465	http://purl.obolibrary.org/obo/go.owl#Pathway_R-HSA-166520
466	http://purl.obolibrary.org/obo/go.owl#Protein_AMY1A
467	http://purl.obolibrary.org/obo/go.owl#Sample_GSM1317979
468	http://purl.obolibrary.org/obo/go.owl#Protein_FCHO2
469	http://purl.obolibrary.org/obo/go.owl#Sample_GSM1317940
470	http://purl.obolibrary.org/obo/go.owl#Protein_ASTE1
471	http://purl.obolibrary.org/obo/go.owl#Protein_STAT1
472	http://purl.obolibrary.org/obo/go.owl#Pathway_R-HSA-5663202
473	http://purl.obolibrary.org/obo/go.owl#Protein_HBA2
474	http://purl.obolibrary.org/obo/GO_0050896_instance
475	http://purl.obolibrary.org/obo/go.owl#Protein_MED30
476	http://purl.obolibrary.org/obo/go.owl#Reaction_R-HSA-9854128
477	http://purl.obolibrary.org/obo/go.owl#Protein_VPS13B
478	http://purl.obolibrary.org/obo/go.owl#Protein_GOLPH3
479	http://purl.obolibrary.org/obo/GO_0031090_instance
480	http://purl.obolibrary.org/obo/go.owl#Protein_BARD1
481	http://purl.obolibrary.org/obo/go.owl#Reaction_R-HSA-5689649
482	http://purl.obolibrary.org/obo/go.owl#Protein_PPP1CB
483	http://purl.obolibrary.org/obo/go.owl#Reaction_R-HSA-994034
484	http://purl.obolibrary.org/obo/go.owl#Protein_SP110
485	http://purl.obolibrary.org/obo/go.owl#Sample_GSM1317968
486	http://purl.obolibrary.org/obo/go.owl#Protein_PABPN1
487	http://purl.obolibrary.org/obo/go.owl#Protein_ZCCHC9
488	http://purl.obolibrary.org/obo/GO_0050794_instance
489	http://purl.obolibrary.org/obo/go.owl#Reaction_R-HSA-1169403
490	http://purl.obolibrary.org/obo/go.owl#Protein_MCM4
491	http://purl.obolibrary.org/obo/go.owl#Protein_MCL1
492	http://purl.obolibrary.org/obo/GO_0048518_instance
493	http://purl.obolibrary.org/obo/go.owl#Protein_HAUS8
494	http://purl.obolibrary.org/obo/go.owl#Protein_ABCA7
495	http://purl.obolibrary.org/obo/go.owl#Sample_GSM1318009
496	http://purl.obolibrary.org/obo/go.owl#Protein_ATPAF1
497	http://purl.obolibrary.org/obo/go.owl#Protein_STAT5A
498	http://purl.obolibrary.org/obo/go.owl#Protein_YY1
499	http://purl.obolibrary.org/obo/GO_0008152_instance
500	http://purl.obolibrary.org/obo/go.owl#Protein_PRDX3
501	http://purl.obolibrary.org/obo/go.owl#Protein_NCF4
502	http://purl.obolibrary.org/obo/go.owl#Pathway_R-HSA-9013423
503	http://purl.obolibrary.org/obo/go.owl#Protein_SARAF
504	http://purl.obolibrary.org/obo/go.owl#Sample_GSM1317949
505	http://purl.obolibrary.org/obo/go.owl#Protein_ARMH3
506	http://purl.obolibrary.org/obo/go.owl#Sample_GSM1317897
507	http://purl.obolibrary.org/obo/go.owl#Protein_PIGS
508	http://purl.obolibrary.org/obo/go.owl#Protein_ADAM10
509	http://purl.obolibrary.org/obo/GO_0009889_instance
510	http://purl.obolibrary.org/obo/go.owl#Protein_MORF4L1
511	http://purl.obolibrary.org/obo/GO_0009891_instance
512	http://purl.obolibrary.org/obo/go.owl#Protein_RTN4
513	http://purl.obolibrary.org/obo/GO_0065008_instance
514	http://purl.obolibrary.org/obo/go.owl#Protein_TRIOBP
515	http://purl.obolibrary.org/obo/go.owl#Reaction_R-HSA-9647977
516	http://purl.obolibrary.org/obo/go.owl#Pathway_R-HSA-5684996
517	http://purl.obolibrary.org/obo/go.owl#Protein_GTSE1
518	http://purl.obolibrary.org/obo/GO_0005622_instance
519	http://purl.obolibrary.org/obo/go.owl#Protein_INTS1
520	http://purl.obolibrary.org/obo/go.owl#Protein_DNAJB6
521	http://purl.obolibrary.org/obo/go.owl#Protein_DYRK1A
522	http://purl.obolibrary.org/obo/GO_0016043_instance
523	http://purl.obolibrary.org/obo/go.owl#Protein_ZC3H18
524	http://purl.obolibrary.org/obo/go.owl#Reaction_R-HSA-9691174
525	http://purl.obolibrary.org/obo/go.owl#Pathway_R-HSA-9716542
526	http://purl.obolibrary.org/obo/go.owl#Protein_ARHGEF1
527	http://purl.obolibrary.org/obo/go.owl#Protein_TUBA4A
528	http://purl.obolibrary.org/obo/go.owl#Pathway_R-HSA-6811436
529	http://purl.obolibrary.org/obo/go.owl#Sample_GSM1317999
530	http://purl.obolibrary.org/obo/go.owl#Protein_TTLL12
531	http://purl.obolibrary.org/obo/go.owl#Protein_SEPTIN6
532	http://purl.obolibrary.org/obo/go.owl#Sample_GSM1318017
533	http://purl.obolibrary.org/obo/go.owl#Protein_SLC35F5
534	http://purl.obolibrary.org/obo/go.owl#Protein_NCOR2
535	http://purl.obolibrary.org/obo/go.owl#Pathway_R-HSA-9833110
536	http://purl.obolibrary.org/obo/go.owl#Pathway_R-HSA-9824446
537	http://purl.obolibrary.org/obo/go.owl#Sample_GSM1318001
538	http://purl.obolibrary.org/obo/go.owl#Protein_NABP1
539	http://purl.obolibrary.org/obo/go.owl#Sample_GSM1317964
540	http://purl.obolibrary.org/obo/go.owl#Reaction_R-HSA-8985591
541	http://purl.obolibrary.org/obo/go.owl#Pathway_R-HSA-422475
542	http://purl.obolibrary.org/obo/go.owl#Protein_MTA2
543	http://purl.obolibrary.org/obo/GO_0043167_instance
544	http://purl.obolibrary.org/obo/go.owl#Protein_SP140
545	http://purl.obolibrary.org/obo/go.owl#Protein_RPS6KB2
546	http://purl.obolibrary.org/obo/go.owl#Reaction_R-HSA-389083
547	http://purl.obolibrary.org/obo/go.owl#Pathway_R-HSA-186797
548	http://purl.obolibrary.org/obo/go.owl#Reaction_R-HSA-5672950
549	http://purl.obolibrary.org/obo/go.owl#Pathway_R-HSA-5683057
550	http://purl.obolibrary.org/obo/go.owl#Protein_RNF181
551	http://purl.obolibrary.org/obo/go.owl#Protein_IRF1
552	http://purl.obolibrary.org/obo/go.owl#Reaction_R-HSA-6814120
553	http://purl.obolibrary.org/obo/go.owl#Pathway_R-HSA-390466
554	http://purl.obolibrary.org/obo/go.owl#Protein_TENT5A
555	http://purl.obolibrary.org/obo/go.owl#Reaction_R-HSA-8944569
556	http://purl.obolibrary.org/obo/go.owl#Sample_GSM1318056
557	http://purl.obolibrary.org/obo/go.owl#Protein_KLHL2
558	http://purl.obolibrary.org/obo/go.owl#Reaction_R-HSA-8952631
559	http://purl.obolibrary.org/obo/go.owl#Reaction_R-HSA-6798743
560	http://purl.obolibrary.org/obo/go.owl#Pathway_R-HSA-6798695
561	http://purl.obolibrary.org/obo/go.owl#Protein_UBE2D1
562	http://purl.obolibrary.org/obo/go.owl#Protein_TMBIM1
563	http://purl.obolibrary.org/obo/GO_0065007_instance
564	http://purl.obolibrary.org/obo/go.owl#Protein_BTLA
565	http://purl.obolibrary.org/obo/go.owl#Protein_TRAF3IP3
566	http://purl.obolibrary.org/obo/go.owl#Protein_MAN2A1
567	http://purl.obolibrary.org/obo/go.owl#Pathway_R-HSA-199920
568	http://purl.obolibrary.org/obo/go.owl#Protein_FTH1
569	http://purl.obolibrary.org/obo/GO_0048519_instance
570	http://purl.obolibrary.org/obo/go.owl#Protein_MCM2
571	http://purl.obolibrary.org/obo/GO_0043168_instance
572	http://purl.obolibrary.org/obo/go.owl#Protein_ATG3
573	http://purl.obolibrary.org/obo/go.owl#Protein_ATG5
574	http://purl.obolibrary.org/obo/go.owl#Protein_BACH1
575	http://purl.obolibrary.org/obo/GO_0051253_instance
576	http://purl.obolibrary.org/obo/go.owl#Protein_CCDC88B
577	http://purl.obolibrary.org/obo/go.owl#Protein_UQCRQ
578	http://purl.obolibrary.org/obo/go.owl#Sample_GSM1317914
579	http://purl.obolibrary.org/obo/go.owl#Protein_EVA1B
580	http://purl.obolibrary.org/obo/go.owl#Protein_MRPS5
581	http://purl.obolibrary.org/obo/go.owl#Protein_CAMLG
582	http://purl.obolibrary.org/obo/go.owl#Pathway_R-HSA-419771
583	http://purl.obolibrary.org/obo/go.owl#Protein_SIAH1
584	http://purl.obolibrary.org/obo/go.owl#Pathway_R-HSA-2122948
585	http://purl.obolibrary.org/obo/go.owl#Protein_CD19
586	http://purl.obolibrary.org/obo/go.owl#Sample_GSM1317931
587	http://purl.obolibrary.org/obo/go.owl#Protein_BCL7C
588	http://purl.obolibrary.org/obo/go.owl#Protein_KIF20A
589	http://purl.obolibrary.org/obo/go.owl#Protein_NUSAP1
590	http://purl.obolibrary.org/obo/go.owl#Protein_HMMR
591	http://purl.obolibrary.org/obo/go.owl#Pathway_R-HSA-110330
592	http://purl.obolibrary.org/obo/go.owl#Pathway_R-HSA-73894
593	http://purl.obolibrary.org/obo/go.owl#Sample_GSM1317927
594	http://purl.obolibrary.org/obo/go.owl#Reaction_R-HSA-5683588
595	http://purl.obolibrary.org/obo/go.owl#Pathway_R-HSA-1632852
596	http://purl.obolibrary.org/obo/go.owl#Protein_HAL
597	http://purl.obolibrary.org/obo/go.owl#Protein_ARHGAP30
598	http://purl.obolibrary.org/obo/go.owl#Protein_SLC41A3
599	http://purl.obolibrary.org/obo/GO_0005739_instance
600	http://purl.obolibrary.org/obo/go.owl#Protein_TMEM160
601	http://purl.obolibrary.org/obo/go.owl#Protein_TRAPPC11
602	http://purl.obolibrary.org/obo/go.owl#Reaction_R-HSA-264435
603	http://purl.obolibrary.org/obo/go.owl#Protein_ZNF217
604	http://purl.obolibrary.org/obo/go.owl#Protein_TAOK2
605	http://purl.obolibrary.org/obo/go.owl#Protein_SNRNP70
606	http://purl.obolibrary.org/obo/go.owl#Protein_SF3B5
607	http://purl.obolibrary.org/obo/go.owl#Protein_MRPL28
608	http://purl.obolibrary.org/obo/GO_0043231_instance
609	http://purl.obolibrary.org/obo/go.owl#Protein_SELENOT
610	http://purl.obolibrary.org/obo/GO_0051649_instance
611	http://purl.obolibrary.org/obo/go.owl#Sample_GSM1317923
612	http://purl.obolibrary.org/obo/go.owl#Sample_GSM1318050
613	http://purl.obolibrary.org/obo/go.owl#Protein_UBLCP1
614	http://purl.obolibrary.org/obo/go.owl#Protein_SYF2
615	http://purl.obolibrary.org/obo/go.owl#Reaction_R-HSA-2408529
616	http://purl.obolibrary.org/obo/go.owl#Pathway_R-HSA-2408557
617	http://purl.obolibrary.org/obo/go.owl#Protein_WSB2
618	http://purl.obolibrary.org/obo/GO_0051716_instance
619	http://purl.obolibrary.org/obo/go.owl#Protein_YBX1
620	http://purl.obolibrary.org/obo/go.owl#Sample_GSM1317955
621	http://purl.obolibrary.org/obo/go.owl#Protein_CDCA5
622	http://purl.obolibrary.org/obo/go.owl#Protein_TYSND1
623	http://purl.obolibrary.org/obo/go.owl#Protein_SLC40A1
624	http://purl.obolibrary.org/obo/go.owl#Sample_GSM1317954
625	http://purl.obolibrary.org/obo/go.owl#Protein_UNC119
626	http://purl.obolibrary.org/obo/go.owl#Protein_MRPL2
627	http://purl.obolibrary.org/obo/go.owl#Reaction_R-HSA-5419281
628	http://purl.obolibrary.org/obo/go.owl#Reaction_R-HSA-9645134
629	http://purl.obolibrary.org/obo/go.owl#Pathway_R-HSA-9645135
630	http://purl.obolibrary.org/obo/go.owl#Reaction_R-HSA-8959571
631	http://purl.obolibrary.org/obo/go.owl#Pathway_R-HSA-389356
632	http://purl.obolibrary.org/obo/go.owl#Protein_SEC16A
633	http://purl.obolibrary.org/obo/GO_0010646_instance
634	http://purl.obolibrary.org/obo/go.owl#Reaction_R-HSA-9842669
635	http://purl.obolibrary.org/obo/go.owl#Protein_PPP2CB
636	http://purl.obolibrary.org/obo/go.owl#Pathway_R-HSA-453279
637	http://purl.obolibrary.org/obo/go.owl#Sample_GSM1317988
638	http://purl.obolibrary.org/obo/go.owl#Protein_TRAF2
639	http://purl.obolibrary.org/obo/GO_0005789_instance
640	http://purl.obolibrary.org/obo/go.owl#Protein_GDI1
641	http://purl.obolibrary.org/obo/go.owl#Protein_COPG1
642	http://purl.obolibrary.org/obo/go.owl#Protein_DDX27
643	http://purl.obolibrary.org/obo/GO_0000166_instance
644	http://purl.obolibrary.org/obo/go.owl#Protein_DHRS7
645	http://purl.obolibrary.org/obo/go.owl#Reaction_R-HSA-389523
646	http://purl.obolibrary.org/obo/go.owl#Pathway_R-HSA-388841
647	http://purl.obolibrary.org/obo/go.owl#Protein_IDS
648	http://purl.obolibrary.org/obo/go.owl#Protein_GMPPA
649	http://purl.obolibrary.org/obo/go.owl#Protein_CDK9
650	http://purl.obolibrary.org/obo/go.owl#Protein_ARHGAP18
651	http://purl.obolibrary.org/obo/GO_0005856_instance
652	http://purl.obolibrary.org/obo/go.owl#Protein_ADRM1
653	http://purl.obolibrary.org/obo/go.owl#Protein_CHKB
654	http://purl.obolibrary.org/obo/GO_0009987_instance
655	http://purl.obolibrary.org/obo/go.owl#Protein_GABPA
656	http://purl.obolibrary.org/obo/go.owl#Protein_RPS15
657	http://purl.obolibrary.org/obo/GO_0030055_instance
658	http://purl.obolibrary.org/obo/go.owl#Reaction_R-HSA-6805122
659	http://purl.obolibrary.org/obo/go.owl#Protein_DRAP1
660	http://purl.obolibrary.org/obo/go.owl#Protein_AMD1
661	http://purl.obolibrary.org/obo/go.owl#Reaction_R-HSA-9664976
662	http://purl.obolibrary.org/obo/go.owl#Sample_GSM1317929
663	http://purl.obolibrary.org/obo/go.owl#Protein_MRTFA
664	http://purl.obolibrary.org/obo/GO_0016567_instance
665	http://purl.obolibrary.org/obo/go.owl#Protein_SMARCC2
666	http://purl.obolibrary.org/obo/go.owl#Reaction_R-HSA-9824981
667	http://purl.obolibrary.org/obo/go.owl#Reaction_R-HSA-8955285
668	http://purl.obolibrary.org/obo/go.owl#Pathway_R-HSA-597592
669	http://purl.obolibrary.org/obo/go.owl#Protein_HEBP2
670	http://purl.obolibrary.org/obo/go.owl#Protein_SLC15A4
671	http://purl.obolibrary.org/obo/go.owl#Protein_PRKCB
672	http://purl.obolibrary.org/obo/go.owl#Sample_GSM1318042
673	http://purl.obolibrary.org/obo/go.owl#Protein_ACTR3
674	http://purl.obolibrary.org/obo/go.owl#Reaction_R-HSA-5626228
675	http://purl.obolibrary.org/obo/go.owl#Pathway_R-HSA-1852241
676	http://purl.obolibrary.org/obo/go.owl#Protein_OGFR
677	http://purl.obolibrary.org/obo/go.owl#Protein_WDR77
678	http://purl.obolibrary.org/obo/go.owl#Pathway_R-HSA-9755779
679	http://purl.obolibrary.org/obo/go.owl#Pathway_R-HSA-1643685
680	http://purl.obolibrary.org/obo/go.owl#Sample_GSM1318036
681	http://purl.obolibrary.org/obo/go.owl#Protein_NME1
682	http://purl.obolibrary.org/obo/go.owl#Protein_TLR1
683	http://purl.obolibrary.org/obo/GO_0048522_instance
684	http://purl.obolibrary.org/obo/go.owl#Protein_EAF1
685	http://purl.obolibrary.org/obo/go.owl#Sample_GSM1317970
686	http://purl.obolibrary.org/obo/go.owl#Protein_ANKZF1
687	http://purl.obolibrary.org/obo/go.owl#Protein_MED4
688	http://purl.obolibrary.org/obo/go.owl#Protein_THOC2
689	http://purl.obolibrary.org/obo/go.owl#Protein_MTPN
690	http://purl.obolibrary.org/obo/go.owl#Protein_CHMP2B
691	http://purl.obolibrary.org/obo/GO_0005829_instance
692	http://purl.obolibrary.org/obo/go.owl#Protein_KTN1
693	http://purl.obolibrary.org/obo/go.owl#Protein_SMAD4
694	http://purl.obolibrary.org/obo/go.owl#Protein_MED28
695	http://purl.obolibrary.org/obo/go.owl#Protein_CD47
696	http://purl.obolibrary.org/obo/go.owl#Protein_COMMD8
697	http://purl.obolibrary.org/obo/go.owl#Protein_COMMD9
698	http://purl.obolibrary.org/obo/GO_0008104_instance
699	http://purl.obolibrary.org/obo/go.owl#Sample_GSM1317965
700	http://purl.obolibrary.org/obo/go.owl#Protein_ASAP1
701	http://purl.obolibrary.org/obo/go.owl#Reaction_R-HSA-8983373
702	http://purl.obolibrary.org/obo/go.owl#Pathway_R-HSA-449147
703	http://purl.obolibrary.org/obo/go.owl#Protein_TANK
704	http://purl.obolibrary.org/obo/go.owl#Reaction_R-HSA-9823906
705	http://purl.obolibrary.org/obo/GO_0097190_instance
706	http://purl.obolibrary.org/obo/go.owl#Protein_DPP9
707	http://purl.obolibrary.org/obo/go.owl#Sample_GSM1317976
708	http://purl.obolibrary.org/obo/go.owl#Protein_NPIPB3
709	http://purl.obolibrary.org/obo/go.owl#Reaction_R-HSA-1112727
710	http://purl.obolibrary.org/obo/go.owl#Protein_PML
711	http://purl.obolibrary.org/obo/go.owl#Protein_RPLP1
712	http://purl.obolibrary.org/obo/go.owl#Sample_GSM1317921
713	http://purl.obolibrary.org/obo/go.owl#Protein_RPS21
714	http://purl.obolibrary.org/obo/go.owl#Protein_PPP2R2B
715	http://purl.obolibrary.org/obo/go.owl#Protein_NUP188
716	http://purl.obolibrary.org/obo/go.owl#Reaction_R-HSA-165047
717	http://purl.obolibrary.org/obo/go.owl#Protein_KBTBD2
718	http://purl.obolibrary.org/obo/go.owl#Protein_PRDM4
719	http://purl.obolibrary.org/obo/GO_0006355_instance
720	http://purl.obolibrary.org/obo/go.owl#Pathway_R-HSA-69166
721	http://purl.obolibrary.org/obo/go.owl#Pathway_R-HSA-69306
722	http://purl.obolibrary.org/obo/go.owl#Sample_GSM1318055
723	http://purl.obolibrary.org/obo/go.owl#Protein_SDCBP
724	http://purl.obolibrary.org/obo/go.owl#Reaction_R-HSA-2997616
725	http://purl.obolibrary.org/obo/go.owl#Pathway_R-HSA-392499
726	http://purl.obolibrary.org/obo/go.owl#Reaction_R-HSA-8985627
727	http://purl.obolibrary.org/obo/go.owl#Pathway_R-HSA-425410
728	http://purl.obolibrary.org/obo/go.owl#Protein_MTF1
729	http://purl.obolibrary.org/obo/go.owl#Protein_RNF24
730	http://purl.obolibrary.org/obo/go.owl#Protein_CEP164
731	http://purl.obolibrary.org/obo/go.owl#Protein_FBXO8
732	http://purl.obolibrary.org/obo/go.owl#Protein_OSBPL8
733	http://purl.obolibrary.org/obo/go.owl#Protein_RABL6
734	http://purl.obolibrary.org/obo/go.owl#Reaction_R-HSA-4570496
735	http://purl.obolibrary.org/obo/go.owl#Protein_SLTM
736	http://purl.obolibrary.org/obo/go.owl#Protein_TCP1
737	http://purl.obolibrary.org/obo/go.owl#Sample_GSM1317934
738	http://purl.obolibrary.org/obo/go.owl#Protein_AKAP11
739	http://purl.obolibrary.org/obo/go.owl#Protein_IDH1
740	http://purl.obolibrary.org/obo/go.owl#Protein_PAICS
741	http://purl.obolibrary.org/obo/go.owl#Protein_NCK1
742	http://purl.obolibrary.org/obo/go.owl#Protein_KLHL24
743	http://purl.obolibrary.org/obo/GO_0043687_instance
744	http://purl.obolibrary.org/obo/go.owl#Protein_SULT1A3
745	http://purl.obolibrary.org/obo/go.owl#Pathway_R-HSA-6804756
746	http://purl.obolibrary.org/obo/go.owl#Protein_TMEM223
747	http://purl.obolibrary.org/obo/GO_0005743_instance
748	http://purl.obolibrary.org/obo/go.owl#Protein_NXF1
749	http://purl.obolibrary.org/obo/GO_0005515_instance
750	http://purl.obolibrary.org/obo/go.owl#Protein_GAPDH
751	http://purl.obolibrary.org/obo/go.owl#Protein_ACTG1
752	http://purl.obolibrary.org/obo/go.owl#Protein_CYB5R4
753	http://purl.obolibrary.org/obo/GO_1903706_instance
754	http://purl.obolibrary.org/obo/go.owl#Sample_GSM1317903
755	http://purl.obolibrary.org/obo/go.owl#Protein_PIK3R1
756	http://purl.obolibrary.org/obo/go.owl#Reaction_R-HSA-186800
757	http://purl.obolibrary.org/obo/go.owl#Protein_CTNNB1
758	http://purl.obolibrary.org/obo/go.owl#Reaction_R-HSA-381799
759	http://purl.obolibrary.org/obo/go.owl#Protein_RNASE2
760	http://purl.obolibrary.org/obo/go.owl#Protein_NAP1L1
761	http://purl.obolibrary.org/obo/go.owl#Sample_GSM1318031
762	http://purl.obolibrary.org/obo/go.owl#Protein_TAB2
763	http://purl.obolibrary.org/obo/go.owl#Reaction_R-HSA-936991
764	http://purl.obolibrary.org/obo/go.owl#Protein_UTP3
765	http://purl.obolibrary.org/obo/go.owl#Pathway_R-HSA-6790901
766	http://purl.obolibrary.org/obo/go.owl#Protein_CAT
767	http://purl.obolibrary.org/obo/GO_0032991_instance
768	http://purl.obolibrary.org/obo/go.owl#Protein_CD46
769	http://purl.obolibrary.org/obo/go.owl#Reaction_R-HSA-1235070
770	http://purl.obolibrary.org/obo/go.owl#Pathway_R-HSA-1234174
771	http://purl.obolibrary.org/obo/go.owl#Reaction_R-HSA-167292
772	http://purl.obolibrary.org/obo/go.owl#Pathway_R-HSA-162587
773	http://purl.obolibrary.org/obo/go.owl#Protein_RTN3
774	http://purl.obolibrary.org/obo/GO_0016020_instance
775	http://purl.obolibrary.org/obo/go.owl#Protein_EGLN2
776	http://purl.obolibrary.org/obo/go.owl#Protein_INTS15
777	http://purl.obolibrary.org/obo/go.owl#Reaction_R-HSA-9648017
778	http://purl.obolibrary.org/obo/go.owl#Pathway_R-HSA-68877
779	http://purl.obolibrary.org/obo/go.owl#Protein_RPS3A
780	http://purl.obolibrary.org/obo/go.owl#Pathway_R-HSA-8953897
781	http://purl.obolibrary.org/obo/go.owl#Protein_DGKA
782	http://purl.obolibrary.org/obo/go.owl#Pathway_R-HSA-388396
783	http://purl.obolibrary.org/obo/go.owl#Reaction_R-HSA-202969
784	http://purl.obolibrary.org/obo/go.owl#Pathway_R-HSA-109581
785	http://purl.obolibrary.org/obo/go.owl#Protein_CLIP1
786	http://purl.obolibrary.org/obo/go.owl#Pathway_R-HSA-9694516
787	http://purl.obolibrary.org/obo/go.owl#Protein_SCYL1
788	http://purl.obolibrary.org/obo/go.owl#Sample_GSM1318002
789	http://purl.obolibrary.org/obo/go.owl#Protein_TUBGCP2
790	http://purl.obolibrary.org/obo/go.owl#Sample_GSM1317908
791	http://purl.obolibrary.org/obo/go.owl#Protein_ANKRD12
792	http://purl.obolibrary.org/obo/go.owl#Protein_UBQLNL
793	http://purl.obolibrary.org/obo/go.owl#Protein_MICU2
794	http://purl.obolibrary.org/obo/go.owl#Protein_CDC42
795	http://purl.obolibrary.org/obo/go.owl#Reaction_R-HSA-183002
796	http://purl.obolibrary.org/obo/go.owl#Sample_GSM1317953
797	http://purl.obolibrary.org/obo/go.owl#Protein_ATP6V1F
798	http://purl.obolibrary.org/obo/go.owl#Protein_PLPP3
799	http://purl.obolibrary.org/obo/go.owl#Protein_CLASP1
800	http://purl.obolibrary.org/obo/go.owl#Protein_KLRD1
801	http://purl.obolibrary.org/obo/go.owl#Reaction_R-HSA-5691512
802	http://purl.obolibrary.org/obo/go.owl#Pathway_R-HSA-72766
803	http://purl.obolibrary.org/obo/go.owl#Protein_TOPORS
804	http://purl.obolibrary.org/obo/go.owl#Protein_ARRDC2
805	http://purl.obolibrary.org/obo/GO_0070727_instance
806	http://purl.obolibrary.org/obo/go.owl#Protein_XAF1
807	http://purl.obolibrary.org/obo/go.owl#Protein_BFAR
808	http://purl.obolibrary.org/obo/go.owl#Protein_CBLL1
809	http://purl.obolibrary.org/obo/go.owl#Protein_TTYH3
810	http://purl.obolibrary.org/obo/go.owl#Protein_REEP5
811	http://purl.obolibrary.org/obo/go.owl#Reaction_R-HSA-8868072
812	http://purl.obolibrary.org/obo/go.owl#Protein_CLPTM1
813	http://purl.obolibrary.org/obo/GO_0045321_instance
814	http://purl.obolibrary.org/obo/go.owl#Protein_RECQL
815	http://purl.obolibrary.org/obo/go.owl#Protein_SAFB2
816	http://purl.obolibrary.org/obo/go.owl#Protein_MTMR6
817	http://purl.obolibrary.org/obo/go.owl#Protein_RNPC3
818	http://purl.obolibrary.org/obo/go.owl#Reaction_R-HSA-1225952
819	http://purl.obolibrary.org/obo/go.owl#Protein_CLK1
820	http://purl.obolibrary.org/obo/go.owl#Protein_KCTD5
821	http://purl.obolibrary.org/obo/go.owl#Protein_CCNH
822	http://purl.obolibrary.org/obo/go.owl#Pathway_R-HSA-167160
823	http://purl.obolibrary.org/obo/go.owl#Protein_UNC45A
824	http://purl.obolibrary.org/obo/go.owl#Protein_CAPN15
825	http://purl.obolibrary.org/obo/go.owl#Protein_VPS13C
826	http://purl.obolibrary.org/obo/go.owl#Protein_NFIL3
827	http://purl.obolibrary.org/obo/go.owl#Protein_COP1
828	http://purl.obolibrary.org/obo/go.owl#Reaction_R-HSA-212252
829	http://purl.obolibrary.org/obo/go.owl#Protein_CALM3
830	http://purl.obolibrary.org/obo/go.owl#Sample_GSM1318026
831	http://purl.obolibrary.org/obo/go.owl#Protein_CNOT7
832	http://purl.obolibrary.org/obo/go.owl#Protein_RSRP1
833	http://purl.obolibrary.org/obo/go.owl#Reaction_R-HSA-9937724
834	http://purl.obolibrary.org/obo/go.owl#Protein_CIR1
835	http://purl.obolibrary.org/obo/go.owl#Protein_PLEK
836	http://purl.obolibrary.org/obo/go.owl#Protein_DNM2
837	http://purl.obolibrary.org/obo/go.owl#Pathway_R-HSA-1169091
838	http://purl.obolibrary.org/obo/go.owl#Protein_SRPK2
839	http://purl.obolibrary.org/obo/go.owl#Protein_CTNNBL1
840	http://purl.obolibrary.org/obo/go.owl#Protein_MEGF9
841	http://purl.obolibrary.org/obo/go.owl#Reaction_R-HSA-909732
842	http://purl.obolibrary.org/obo/go.owl#Protein_GNGT2
843	http://purl.obolibrary.org/obo/go.owl#Reaction_R-HSA-749448
844	http://purl.obolibrary.org/obo/go.owl#Protein_SLC26A8
845	http://purl.obolibrary.org/obo/go.owl#Protein_NFE2L1
846	http://purl.obolibrary.org/obo/GO_2001141_instance
847	http://purl.obolibrary.org/obo/go.owl#Reaction_R-HSA-199935
848	http://purl.obolibrary.org/obo/go.owl#Protein_PDCD6
849	http://purl.obolibrary.org/obo/go.owl#Protein_PREB
850	http://purl.obolibrary.org/obo/go.owl#Reaction_R-HSA-8951977
851	http://purl.obolibrary.org/obo/go.owl#Pathway_R-HSA-8951936
852	http://purl.obolibrary.org/obo/go.owl#Protein_WIPF1
853	http://purl.obolibrary.org/obo/go.owl#Reaction_R-HSA-5621355
854	http://purl.obolibrary.org/obo/go.owl#Pathway_R-HSA-5621481
855	http://purl.obolibrary.org/obo/go.owl#Protein_USP14
856	http://purl.obolibrary.org/obo/go.owl#Pathway_R-HSA-168142
857	http://purl.obolibrary.org/obo/go.owl#Protein_RNF31
858	http://purl.obolibrary.org/obo/go.owl#Protein_UBE2V2
859	http://purl.obolibrary.org/obo/go.owl#Protein_UFM1
860	http://purl.obolibrary.org/obo/go.owl#Sample_GSM1318013
861	http://purl.obolibrary.org/obo/go.owl#Protein_AGGF1
862	http://purl.obolibrary.org/obo/go.owl#Protein_ZMIZ1
863	http://purl.obolibrary.org/obo/go.owl#Reaction_R-HSA-8939900
864	http://purl.obolibrary.org/obo/go.owl#Pathway_R-HSA-8878166
865	http://purl.obolibrary.org/obo/go.owl#Protein_WHAMM
866	http://purl.obolibrary.org/obo/go.owl#Reaction_R-HSA-9693250
867	http://purl.obolibrary.org/obo/go.owl#Protein_DCTN5
868	http://purl.obolibrary.org/obo/go.owl#Reaction_R-HSA-396941
869	http://purl.obolibrary.org/obo/GO_0000793_instance
870	http://purl.obolibrary.org/obo/go.owl#Protein_TPI1
871	http://purl.obolibrary.org/obo/go.owl#Sample_GSM1317963
872	http://purl.obolibrary.org/obo/go.owl#Protein_SERP1
873	http://purl.obolibrary.org/obo/go.owl#Protein_VPS18
874	http://purl.obolibrary.org/obo/go.owl#Protein_CLOCK
875	http://purl.obolibrary.org/obo/go.owl#Reaction_R-HSA-9923005
876	http://purl.obolibrary.org/obo/go.owl#Protein_CCNG2
877	http://purl.obolibrary.org/obo/go.owl#Protein_MCFD2
878	http://purl.obolibrary.org/obo/go.owl#Protein_PDPK1
879	http://purl.obolibrary.org/obo/go.owl#Protein_PTDSS1
880	http://purl.obolibrary.org/obo/go.owl#Reaction_R-HSA-69562
881	http://purl.obolibrary.org/obo/go.owl#Pathway_R-HSA-69563
882	http://purl.obolibrary.org/obo/go.owl#Pathway_R-HSA-9708530
883	http://purl.obolibrary.org/obo/go.owl#Pathway_R-HSA-9711123
884	http://purl.obolibrary.org/obo/go.owl#Protein_ABCD1
885	http://purl.obolibrary.org/obo/go.owl#Reaction_R-HSA-5138459
886	http://purl.obolibrary.org/obo/go.owl#Reaction_R-HSA-198266
887	http://purl.obolibrary.org/obo/go.owl#Pathway_R-HSA-187037
888	http://purl.obolibrary.org/obo/go.owl#Protein_SNW1
889	http://purl.obolibrary.org/obo/go.owl#Reaction_R-HSA-8945709
890	http://purl.obolibrary.org/obo/go.owl#Protein_ATP5F1D
891	http://purl.obolibrary.org/obo/go.owl#Protein_ZNF185
892	http://purl.obolibrary.org/obo/go.owl#Reaction_R-HSA-997311
893	http://purl.obolibrary.org/obo/go.owl#Protein_SPOPL
894	http://purl.obolibrary.org/obo/go.owl#Sample_GSM1318035
895	http://purl.obolibrary.org/obo/go.owl#Reaction_R-HSA-914182
896	http://purl.obolibrary.org/obo/GO_0032553_instance
897	http://purl.obolibrary.org/obo/go.owl#Sample_GSM1318020
898	http://purl.obolibrary.org/obo/go.owl#Protein_CLN3
899	http://purl.obolibrary.org/obo/go.owl#Reaction_R-HSA-9844955
900	http://purl.obolibrary.org/obo/go.owl#Sample_GSM1317993
901	http://purl.obolibrary.org/obo/go.owl#Protein_UBE2C
902	http://purl.obolibrary.org/obo/go.owl#Sample_GSM1317944
903	http://purl.obolibrary.org/obo/go.owl#Protein_RASGRP2
904	http://purl.obolibrary.org/obo/GO_0010605_instance
905	http://purl.obolibrary.org/obo/go.owl#Protein_PKM
906	http://purl.obolibrary.org/obo/go.owl#Protein_RAB24
907	http://purl.obolibrary.org/obo/go.owl#Protein_ZNF746
908	http://purl.obolibrary.org/obo/GO_0042802_instance
909	http://purl.obolibrary.org/obo/go.owl#Protein_ME2
910	http://purl.obolibrary.org/obo/go.owl#Protein_DEDD
911	http://purl.obolibrary.org/obo/go.owl#Protein_MUC1
912	http://purl.obolibrary.org/obo/go.owl#Sample_GSM1317918
913	http://purl.obolibrary.org/obo/go.owl#Protein_ZNF580
914	http://purl.obolibrary.org/obo/go.owl#Protein_SGTB
915	http://purl.obolibrary.org/obo/go.owl#Protein_ID2
916	http://purl.obolibrary.org/obo/go.owl#Protein_HNRNPC
917	http://purl.obolibrary.org/obo/go.owl#Protein_UEVLD
918	http://purl.obolibrary.org/obo/GO_0019866_instance
919	http://purl.obolibrary.org/obo/GO_0051707_instance
920	http://purl.obolibrary.org/obo/go.owl#Reaction_R-HSA-8944522
921	http://purl.obolibrary.org/obo/go.owl#Reaction_R-HSA-9013023
922	http://purl.obolibrary.org/obo/go.owl#Protein_ARL6IP5
923	http://purl.obolibrary.org/obo/go.owl#Protein_G3BP1
924	http://purl.obolibrary.org/obo/go.owl#Protein_NR3C1
925	http://purl.obolibrary.org/obo/go.owl#Protein_DAXX
926	http://purl.obolibrary.org/obo/GO_0051493_instance
927	http://purl.obolibrary.org/obo/go.owl#Reaction_R-HSA-6791223
928	http://purl.obolibrary.org/obo/go.owl#Pathway_R-HSA-8953854
929	http://purl.obolibrary.org/obo/go.owl#Protein_MYC
930	http://purl.obolibrary.org/obo/go.owl#Reaction_R-HSA-8935766
931	http://purl.obolibrary.org/obo/go.owl#Pathway_R-HSA-8934593
932	http://purl.obolibrary.org/obo/go.owl#Protein_PRICKLE4
933	http://purl.obolibrary.org/obo/go.owl#Protein_TNFAIP8L1
934	http://purl.obolibrary.org/obo/go.owl#Reaction_R-HSA-9729454
935	http://purl.obolibrary.org/obo/go.owl#Protein_PGLYRP1
936	http://purl.obolibrary.org/obo/go.owl#Protein_DCK
937	http://purl.obolibrary.org/obo/GO_0031981_instance
938	http://purl.obolibrary.org/obo/go.owl#Protein_RHOT2
939	http://purl.obolibrary.org/obo/go.owl#Protein_SH3BP1
940	http://purl.obolibrary.org/obo/go.owl#Protein_SFXN4
941	http://purl.obolibrary.org/obo/go.owl#Sample_GSM1318058
942	http://purl.obolibrary.org/obo/go.owl#Protein_SRRM2
943	http://purl.obolibrary.org/obo/go.owl#Protein_ACIN1
944	http://purl.obolibrary.org/obo/go.owl#Protein_KIFC1
945	http://purl.obolibrary.org/obo/GO_0000278_instance
946	http://purl.obolibrary.org/obo/go.owl#Protein_SMC1A
947	http://purl.obolibrary.org/obo/go.owl#Protein_DDRGK1
948	http://purl.obolibrary.org/obo/go.owl#Reaction_R-HSA-9033238
949	http://purl.obolibrary.org/obo/go.owl#Reaction_R-HSA-6800798
950	http://purl.obolibrary.org/obo/GO_0005765_instance
951	http://purl.obolibrary.org/obo/go.owl#Protein_SKP2
952	http://purl.obolibrary.org/obo/go.owl#Reaction_R-HSA-983147
953	http://purl.obolibrary.org/obo/GO_0051130_instance
954	http://purl.obolibrary.org/obo/go.owl#Reaction_R-HSA-5250978
955	http://purl.obolibrary.org/obo/go.owl#Pathway_R-HSA-5250989
956	http://purl.obolibrary.org/obo/go.owl#Protein_ATG101
957	http://purl.obolibrary.org/obo/go.owl#Protein_BID
958	http://purl.obolibrary.org/obo/go.owl#Protein_PICALM
959	http://purl.obolibrary.org/obo/go.owl#Protein_CAST
960	http://purl.obolibrary.org/obo/go.owl#Protein_SH3KBP1
961	http://purl.obolibrary.org/obo/go.owl#Protein_SUCLG2
962	http://purl.obolibrary.org/obo/GO_0044419_instance
963	http://purl.obolibrary.org/obo/go.owl#Protein_CKS2
964	http://purl.obolibrary.org/obo/go.owl#Reaction_R-HSA-937337
965	http://purl.obolibrary.org/obo/go.owl#Protein_UTP14A
966	http://purl.obolibrary.org/obo/go.owl#Pathway_R-HSA-2408522
967	http://purl.obolibrary.org/obo/go.owl#Pathway_R-HSA-1430728
968	http://purl.obolibrary.org/obo/go.owl#Protein_FAM234A
969	http://purl.obolibrary.org/obo/GO_0031982_instance
970	http://purl.obolibrary.org/obo/go.owl#Protein_MANBAL
971	http://purl.obolibrary.org/obo/go.owl#Protein_PRRC1
972	http://purl.obolibrary.org/obo/GO_0005794_instance
973	http://purl.obolibrary.org/obo/go.owl#Sample_GSM1318047
974	http://purl.obolibrary.org/obo/go.owl#Reaction_R-HSA-983156
975	http://purl.obolibrary.org/obo/go.owl#Sample_GSM1317938
976	http://purl.obolibrary.org/obo/go.owl#Protein_ECHDC1
977	http://purl.obolibrary.org/obo/go.owl#Reaction_R-HSA-1980078
978	http://purl.obolibrary.org/obo/go.owl#Protein_PTTG1
979	http://purl.obolibrary.org/obo/go.owl#Protein_SMNDC1
980	http://purl.obolibrary.org/obo/GO_0005681_instance
981	http://purl.obolibrary.org/obo/go.owl#Protein_GUSB
982	http://purl.obolibrary.org/obo/go.owl#Sample_GSM1317909
983	http://purl.obolibrary.org/obo/go.owl#Protein_TMUB2
984	http://purl.obolibrary.org/obo/go.owl#Protein_ATP2A2
985	http://purl.obolibrary.org/obo/GO_0043065_instance
986	http://purl.obolibrary.org/obo/go.owl#Sample_GSM1318008
987	http://purl.obolibrary.org/obo/go.owl#Protein_KMT5B
988	http://purl.obolibrary.org/obo/go.owl#Pathway_R-HSA-3247509
989	http://purl.obolibrary.org/obo/go.owl#Sample_GSM1317956
990	http://purl.obolibrary.org/obo/go.owl#Protein_SLC30A5
991	http://purl.obolibrary.org/obo/GO_0098827_instance
992	http://purl.obolibrary.org/obo/go.owl#Protein_HECA
993	http://purl.obolibrary.org/obo/go.owl#Sample_GSM1317936
994	http://purl.obolibrary.org/obo/go.owl#Protein_SLF2
995	http://purl.obolibrary.org/obo/go.owl#Protein_MRPL54
996	http://purl.obolibrary.org/obo/go.owl#Sample_GSM1318034
997	http://purl.obolibrary.org/obo/go.owl#Protein_ARID4B
998	http://purl.obolibrary.org/obo/go.owl#Pathway_R-HSA-72662
999	http://purl.obolibrary.org/obo/go.owl#Protein_MRPS12
1000	http://purl.obolibrary.org/obo/GO_0005761_instance
1001	http://purl.obolibrary.org/obo/go.owl#Reaction_R-HSA-888589
1002	http://purl.obolibrary.org/obo/go.owl#Pathway_R-HSA-112316
1003	http://purl.obolibrary.org/obo/go.owl#Protein_DDX23
1004	http://purl.obolibrary.org/obo/go.owl#Protein_ANKFY1
1005	http://purl.obolibrary.org/obo/go.owl#Protein_TNRC6A
1006	http://purl.obolibrary.org/obo/go.owl#Reaction_R-HSA-9653108
1007	http://purl.obolibrary.org/obo/GO_0019900_instance
1008	http://purl.obolibrary.org/obo/go.owl#Protein_ATP6AP2
1009	http://purl.obolibrary.org/obo/go.owl#Protein_ATP1A1
1010	http://purl.obolibrary.org/obo/go.owl#Protein_CENPT
1011	http://purl.obolibrary.org/obo/go.owl#Reaction_R-HSA-9633008
1012	http://purl.obolibrary.org/obo/go.owl#Pathway_R-HSA-168249
1013	http://purl.obolibrary.org/obo/go.owl#Reaction_R-HSA-6814121
1014	http://purl.obolibrary.org/obo/go.owl#Pathway_R-HSA-6814122
1015	http://purl.obolibrary.org/obo/go.owl#Sample_GSM1318029
1016	http://purl.obolibrary.org/obo/go.owl#Protein_PPCS
1017	http://purl.obolibrary.org/obo/go.owl#Reaction_R-HSA-174058
1018	http://purl.obolibrary.org/obo/go.owl#Pathway_R-HSA-69278
1019	http://purl.obolibrary.org/obo/go.owl#Protein_GET1
1020	http://purl.obolibrary.org/obo/go.owl#Sample_GSM1318019
1021	http://purl.obolibrary.org/obo/go.owl#Protein_RPS6KA4
1022	http://purl.obolibrary.org/obo/go.owl#Reaction_R-HSA-1225951
1023	http://purl.obolibrary.org/obo/go.owl#Protein_CDKN1B
1024	http://purl.obolibrary.org/obo/GO_0007049_instance
1025	http://purl.obolibrary.org/obo/go.owl#Protein_HINT1
1026	http://purl.obolibrary.org/obo/go.owl#Sample_GSM1317930
1027	http://purl.obolibrary.org/obo/go.owl#Sample_GSM1317910
1028	http://purl.obolibrary.org/obo/go.owl#Protein_IKZF5
1029	http://purl.obolibrary.org/obo/go.owl#Pathway_R-HSA-8950505
1030	http://purl.obolibrary.org/obo/GO_0006793_instance
1031	http://purl.obolibrary.org/obo/go.owl#Protein_MED24
1032	http://purl.obolibrary.org/obo/go.owl#Protein_MED29
1033	http://purl.obolibrary.org/obo/go.owl#Pathway_R-HSA-5653656
1034	http://purl.obolibrary.org/obo/go.owl#Protein_EXOC8
1035	http://purl.obolibrary.org/obo/go.owl#Protein_ZFP36L2
1036	http://purl.obolibrary.org/obo/go.owl#Reaction_R-HSA-3159227
1037	http://purl.obolibrary.org/obo/go.owl#Protein_ZBTB14
1038	http://purl.obolibrary.org/obo/go.owl#Protein_ITM2B
1039	http://purl.obolibrary.org/obo/go.owl#Reaction_R-HSA-9026890
1040	http://purl.obolibrary.org/obo/go.owl#Protein_MRPL14
1041	http://purl.obolibrary.org/obo/go.owl#Protein_SMAP1
1042	http://purl.obolibrary.org/obo/go.owl#Protein_TTC1
1043	http://purl.obolibrary.org/obo/go.owl#Protein_PRCP
1044	http://purl.obolibrary.org/obo/go.owl#Reaction_R-HSA-3788708
1045	http://purl.obolibrary.org/obo/go.owl#Protein_CLSTN1
1046	http://purl.obolibrary.org/obo/go.owl#Protein_SLC35B1
1047	http://purl.obolibrary.org/obo/go.owl#Protein_ADI1
1048	http://purl.obolibrary.org/obo/go.owl#Protein_ITPK1
1049	http://purl.obolibrary.org/obo/go.owl#Reaction_R-HSA-9011949
1050	http://purl.obolibrary.org/obo/go.owl#Pathway_R-HSA-9018519
1051	http://purl.obolibrary.org/obo/go.owl#Protein_FBXW5
1052	http://purl.obolibrary.org/obo/go.owl#Protein_CTSZ
1053	http://purl.obolibrary.org/obo/go.owl#Protein_ARPC5
1054	http://purl.obolibrary.org/obo/go.owl#Protein_LIN7C
1055	http://purl.obolibrary.org/obo/GO_0045893_instance
1056	http://purl.obolibrary.org/obo/go.owl#Sample_GSM1317926
1057	http://purl.obolibrary.org/obo/go.owl#Protein_SH2D1A
1058	http://purl.obolibrary.org/obo/go.owl#Protein_AKIRIN1
1059	http://purl.obolibrary.org/obo/go.owl#Reaction_R-HSA-4086036
1060	http://purl.obolibrary.org/obo/go.owl#Reaction_R-HSA-202437
1061	http://purl.obolibrary.org/obo/GO_0031974_instance
1062	http://purl.obolibrary.org/obo/go.owl#Protein_LSM6
1063	http://purl.obolibrary.org/obo/GO_0048523_instance
1064	http://purl.obolibrary.org/obo/go.owl#Reaction_R-HSA-5671749
1065	http://purl.obolibrary.org/obo/go.owl#Protein_RFK
1066	http://purl.obolibrary.org/obo/go.owl#Protein_WASHC2C
1067	http://purl.obolibrary.org/obo/GO_1902903_instance
1068	http://purl.obolibrary.org/obo/go.owl#Protein_BORCS7
1069	http://purl.obolibrary.org/obo/go.owl#Protein_UQCR10
1070	http://purl.obolibrary.org/obo/go.owl#Protein_VAMP5
1071	http://purl.obolibrary.org/obo/go.owl#Protein_PSMC6
1072	http://purl.obolibrary.org/obo/go.owl#Reaction_R-HSA-5668481
1073	http://purl.obolibrary.org/obo/go.owl#Protein_UBE2D3
1074	http://purl.obolibrary.org/obo/go.owl#Protein_NDUFB7
1075	http://purl.obolibrary.org/obo/go.owl#Sample_GSM1318007
1076	http://purl.obolibrary.org/obo/go.owl#Protein_TDP2
1077	http://purl.obolibrary.org/obo/go.owl#Protein_MPDU1
1078	http://purl.obolibrary.org/obo/go.owl#Reaction_R-HSA-9701199
1079	http://purl.obolibrary.org/obo/go.owl#Reaction_R-HSA-9754537
1080	http://purl.obolibrary.org/obo/GO_0045184_instance
1081	http://purl.obolibrary.org/obo/go.owl#Protein_IGSF8
1082	http://purl.obolibrary.org/obo/go.owl#Protein_VPS37A
1083	http://purl.obolibrary.org/obo/GO_0032970_instance
1084	http://purl.obolibrary.org/obo/go.owl#Protein_C2orf68
1085	http://purl.obolibrary.org/obo/go.owl#Pathway_R-HSA-5654700
1086	http://purl.obolibrary.org/obo/go.owl#Protein_ARID4A
1087	http://purl.obolibrary.org/obo/go.owl#Protein_PTGS2
1088	http://purl.obolibrary.org/obo/go.owl#Protein_SLC35C2
1089	http://purl.obolibrary.org/obo/go.owl#Protein_KANSL1
1090	http://purl.obolibrary.org/obo/GO_0043161_instance
1091	http://purl.obolibrary.org/obo/go.owl#Protein_SRSF11
1092	http://purl.obolibrary.org/obo/go.owl#Protein_TM6SF1
1093	http://purl.obolibrary.org/obo/go.owl#Reaction_R-HSA-8847544
1094	http://purl.obolibrary.org/obo/go.owl#Protein_RIPK1
1095	http://purl.obolibrary.org/obo/go.owl#Reaction_R-HSA-1799330
1096	http://purl.obolibrary.org/obo/GO_0045930_instance
1097	http://purl.obolibrary.org/obo/go.owl#Pathway_R-HSA-6787450
1098	http://purl.obolibrary.org/obo/go.owl#Pathway_R-HSA-72306
1099	http://purl.obolibrary.org/obo/go.owl#Protein_MRPS15
1100	http://purl.obolibrary.org/obo/GO_0001932_instance
1101	http://purl.obolibrary.org/obo/go.owl#Protein_ARRDC3
1102	http://purl.obolibrary.org/obo/go.owl#Protein_MPLKIP
1103	http://purl.obolibrary.org/obo/go.owl#Reaction_R-HSA-1295540
1104	http://purl.obolibrary.org/obo/go.owl#Protein_POLR3GL
1105	http://purl.obolibrary.org/obo/go.owl#Protein_TVP23B
1106	http://purl.obolibrary.org/obo/go.owl#Protein_RPA2
1107	http://purl.obolibrary.org/obo/go.owl#Reaction_R-HSA-5693561
1108	http://purl.obolibrary.org/obo/go.owl#Protein_TFPT
1109	http://purl.obolibrary.org/obo/GO_0019901_instance
1110	http://purl.obolibrary.org/obo/go.owl#Protein_NAA38
1111	http://purl.obolibrary.org/obo/go.owl#Protein_IL2RG
1112	http://purl.obolibrary.org/obo/go.owl#Protein_FCGR2A
1113	http://purl.obolibrary.org/obo/go.owl#Protein_TXNDC9
1114	http://purl.obolibrary.org/obo/go.owl#Protein_SSH1
1115	http://purl.obolibrary.org/obo/GO_0046785_instance
1116	http://purl.obolibrary.org/obo/go.owl#Protein_EDF1
1117	http://purl.obolibrary.org/obo/go.owl#Protein_FAU
1118	http://purl.obolibrary.org/obo/go.owl#Protein_NAE1
1119	http://purl.obolibrary.org/obo/go.owl#Protein_HYCC2
1120	http://purl.obolibrary.org/obo/go.owl#Protein_SCD
1121	http://purl.obolibrary.org/obo/go.owl#Protein_E4F1
1122	http://purl.obolibrary.org/obo/go.owl#Protein_SCARB2
1123	http://purl.obolibrary.org/obo/go.owl#Protein_DAPP1
1124	http://purl.obolibrary.org/obo/go.owl#Reaction_R-HSA-202459
1125	http://purl.obolibrary.org/obo/go.owl#Reaction_R-HSA-5324617
1126	http://purl.obolibrary.org/obo/go.owl#Pathway_R-HSA-2262752
1127	http://purl.obolibrary.org/obo/go.owl#Protein_LGALS9
1128	http://purl.obolibrary.org/obo/GO_0050865_instance
1129	http://purl.obolibrary.org/obo/go.owl#Protein_RAB37
1130	http://purl.obolibrary.org/obo/go.owl#Protein_EIF2AK2
1131	http://purl.obolibrary.org/obo/GO_0048856_instance
1132	http://purl.obolibrary.org/obo/go.owl#Reaction_R-HSA-8852317
1133	http://purl.obolibrary.org/obo/go.owl#Protein_TGFB3
1134	http://purl.obolibrary.org/obo/go.owl#Protein_CNIH1
1135	http://purl.obolibrary.org/obo/go.owl#Protein_SRSF1
1136	http://purl.obolibrary.org/obo/go.owl#Protein_RRBP1
1137	http://purl.obolibrary.org/obo/go.owl#Protein_DENND6B
1138	http://purl.obolibrary.org/obo/go.owl#Protein_DSTYK
1139	http://purl.obolibrary.org/obo/go.owl#Protein_MRPL12
1140	http://purl.obolibrary.org/obo/GO_0070062_instance
1141	http://purl.obolibrary.org/obo/go.owl#Protein_H2AJ
1142	http://purl.obolibrary.org/obo/GO_0043230_instance
1143	http://purl.obolibrary.org/obo/go.owl#Reaction_R-HSA-427366
1144	http://purl.obolibrary.org/obo/go.owl#Protein_APOBEC3F
1145	http://purl.obolibrary.org/obo/go.owl#Protein_DEFB123
1146	http://purl.obolibrary.org/obo/GO_0140546_instance
1147	http://purl.obolibrary.org/obo/go.owl#Reaction_R-HSA-5696945
1148	http://purl.obolibrary.org/obo/GO_0023051_instance
1149	http://purl.obolibrary.org/obo/go.owl#Protein_GOLGA3
1150	http://purl.obolibrary.org/obo/GO_0048193_instance
1151	http://purl.obolibrary.org/obo/go.owl#Protein_C18orf32
1152	http://purl.obolibrary.org/obo/go.owl#Sample_GSM1318041
1153	http://purl.obolibrary.org/obo/go.owl#Protein_SAMD9L
1154	http://purl.obolibrary.org/obo/go.owl#Protein_MAP3K11
1155	http://purl.obolibrary.org/obo/go.owl#Protein_TMEM14B
1156	http://purl.obolibrary.org/obo/go.owl#Reaction_R-HSA-141423
1157	http://purl.obolibrary.org/obo/go.owl#Protein_NRG1
1158	http://purl.obolibrary.org/obo/go.owl#Pathway_R-HSA-8863795
1159	http://purl.obolibrary.org/obo/go.owl#Reaction_R-HSA-1839039
1160	http://purl.obolibrary.org/obo/go.owl#Pathway_R-HSA-5655302
1161	http://purl.obolibrary.org/obo/go.owl#Protein_TSNAX
1162	http://purl.obolibrary.org/obo/go.owl#Protein_THUMPD1
1163	http://purl.obolibrary.org/obo/go.owl#Protein_ABRACL
1164	http://purl.obolibrary.org/obo/go.owl#Protein_SAR1A
1165	http://purl.obolibrary.org/obo/go.owl#Pathway_R-HSA-176412
1166	http://purl.obolibrary.org/obo/go.owl#Pathway_R-HSA-176814
1167	http://purl.obolibrary.org/obo/GO_0051254_instance
1168	http://purl.obolibrary.org/obo/go.owl#Reaction_R-HSA-2404195
1169	http://purl.obolibrary.org/obo/go.owl#Pathway_R-HSA-2428933
1170	http://purl.obolibrary.org/obo/go.owl#Protein_ROMO1
1171	http://purl.obolibrary.org/obo/GO_0033036_instance
1172	http://purl.obolibrary.org/obo/go.owl#Protein_PDGFA
1173	http://purl.obolibrary.org/obo/go.owl#Protein_EPHX2
1174	http://purl.obolibrary.org/obo/go.owl#Reaction_R-HSA-427527
1175	http://purl.obolibrary.org/obo/go.owl#Pathway_R-HSA-427359
1176	http://purl.obolibrary.org/obo/go.owl#Pathway_R-HSA-8875360
1177	http://purl.obolibrary.org/obo/go.owl#Protein_MRPL55
1178	http://purl.obolibrary.org/obo/go.owl#Protein_DHX30
1179	http://purl.obolibrary.org/obo/go.owl#Protein_SPOUT1
1180	http://purl.obolibrary.org/obo/go.owl#Protein_ERBIN
1181	http://purl.obolibrary.org/obo/go.owl#Reaction_R-HSA-9665315
1182	http://purl.obolibrary.org/obo/GO_0005764_instance
1183	http://purl.obolibrary.org/obo/go.owl#Protein_USF1
1184	http://purl.obolibrary.org/obo/go.owl#Reaction_R-HSA-8985929
1185	http://purl.obolibrary.org/obo/go.owl#Sample_GSM1317922
1186	http://purl.obolibrary.org/obo/go.owl#Protein_STAT2
1187	http://purl.obolibrary.org/obo/go.owl#Reaction_R-HSA-211650
1188	http://purl.obolibrary.org/obo/go.owl#Pathway_R-HSA-211736
1189	http://purl.obolibrary.org/obo/GO_0002757_instance
1190	http://purl.obolibrary.org/obo/GO_0002764_instance
1191	http://purl.obolibrary.org/obo/go.owl#Protein_OSBPL11
1192	http://purl.obolibrary.org/obo/go.owl#Protein_USP10
1193	http://purl.obolibrary.org/obo/GO_0005768_instance
1194	http://purl.obolibrary.org/obo/go.owl#Protein_REC8
1195	http://purl.obolibrary.org/obo/GO_0071705_instance
1196	http://purl.obolibrary.org/obo/go.owl#Reaction_R-HSA-507749
1197	http://purl.obolibrary.org/obo/go.owl#Pathway_R-HSA-4717374
1198	http://purl.obolibrary.org/obo/go.owl#Pathway_R-HSA-5668914
1199	http://purl.obolibrary.org/obo/go.owl#Protein_ATF1
1200	http://purl.obolibrary.org/obo/go.owl#Reaction_R-HSA-9033515
1201	http://purl.obolibrary.org/obo/go.owl#Pathway_R-HSA-9609507
1202	http://purl.obolibrary.org/obo/go.owl#Reaction_R-HSA-354165
1203	http://purl.obolibrary.org/obo/go.owl#Pathway_R-HSA-354194
1204	http://purl.obolibrary.org/obo/go.owl#Protein_CASP8
1205	http://purl.obolibrary.org/obo/go.owl#Pathway_R-HSA-446205
1206	http://purl.obolibrary.org/obo/go.owl#Protein_MLLT10
1207	http://purl.obolibrary.org/obo/go.owl#Protein_LYPLAL1
1208	http://purl.obolibrary.org/obo/GO_0050776_instance
1209	http://purl.obolibrary.org/obo/go.owl#Protein_OBI1
1210	http://purl.obolibrary.org/obo/go.owl#Protein_RAMAC
1211	http://purl.obolibrary.org/obo/GO_0006281_instance
1212	http://purl.obolibrary.org/obo/go.owl#Protein_PPP1R12A
1213	http://purl.obolibrary.org/obo/GO_0098687_instance
1214	http://purl.obolibrary.org/obo/go.owl#Reaction_R-HSA-5655348
1215	http://purl.obolibrary.org/obo/go.owl#Pathway_R-HSA-5655291
1216	http://purl.obolibrary.org/obo/go.owl#Protein_MRPS24
1217	http://purl.obolibrary.org/obo/go.owl#Protein_DAZAP2
1218	http://purl.obolibrary.org/obo/go.owl#Protein_SPAST
1219	http://purl.obolibrary.org/obo/GO_0006996_instance
1220	http://purl.obolibrary.org/obo/go.owl#Protein_TRAFD1
1221	http://purl.obolibrary.org/obo/go.owl#Protein_MANSC1
1222	http://purl.obolibrary.org/obo/go.owl#Protein_SLC39A6
1223	http://purl.obolibrary.org/obo/GO_0032502_instance
1224	http://purl.obolibrary.org/obo/go.owl#Protein_PHF1
1225	http://purl.obolibrary.org/obo/go.owl#Protein_PRDM1
1226	http://purl.obolibrary.org/obo/go.owl#Protein_RPGR
1227	http://purl.obolibrary.org/obo/go.owl#Sample_GSM1317980
1228	http://purl.obolibrary.org/obo/go.owl#Reaction_R-HSA-8935864
1229	http://purl.obolibrary.org/obo/go.owl#Protein_PARP12
1230	http://purl.obolibrary.org/obo/go.owl#Protein_STARD7
1231	http://purl.obolibrary.org/obo/go.owl#Pathway_R-HSA-3359463
1232	http://purl.obolibrary.org/obo/go.owl#Protein_TMUB1
1233	http://purl.obolibrary.org/obo/GO_0043232_instance
1234	http://purl.obolibrary.org/obo/go.owl#Protein_TK1
1235	http://purl.obolibrary.org/obo/go.owl#Protein_TUBE1
1236	http://purl.obolibrary.org/obo/go.owl#Pathway_R-HSA-432722
1237	http://purl.obolibrary.org/obo/go.owl#Protein_UBE2W
1238	http://purl.obolibrary.org/obo/go.owl#Protein_TRMT1
1239	http://purl.obolibrary.org/obo/go.owl#Protein_SDHAF1
1240	http://purl.obolibrary.org/obo/go.owl#Reaction_R-HSA-9679839
1241	http://purl.obolibrary.org/obo/go.owl#Pathway_R-HSA-9679191
1242	http://purl.obolibrary.org/obo/go.owl#Protein_RHOT1
1243	http://purl.obolibrary.org/obo/go.owl#Protein_LEPROTL1
1244	http://purl.obolibrary.org/obo/GO_0070936_instance
1245	http://purl.obolibrary.org/obo/go.owl#Sample_GSM1318021
1246	http://purl.obolibrary.org/obo/go.owl#Protein_EVI2B
1247	http://purl.obolibrary.org/obo/go.owl#Protein_BAG4
1248	http://purl.obolibrary.org/obo/GO_0005938_instance
1249	http://purl.obolibrary.org/obo/go.owl#Protein_CD14
1250	http://purl.obolibrary.org/obo/GO_0099503_instance
1251	http://purl.obolibrary.org/obo/GO_0006412_instance
1252	http://purl.obolibrary.org/obo/go.owl#Reaction_R-HSA-936378
1253	http://purl.obolibrary.org/obo/go.owl#Pathway_R-HSA-417957
1254	http://purl.obolibrary.org/obo/go.owl#Protein_MAPK6
1255	http://purl.obolibrary.org/obo/GO_0010638_instance
1256	http://purl.obolibrary.org/obo/go.owl#Protein_PGAP2
1257	http://purl.obolibrary.org/obo/go.owl#Reaction_R-HSA-9013978
1258	http://purl.obolibrary.org/obo/go.owl#Protein_UNC13D
1259	http://purl.obolibrary.org/obo/go.owl#Reaction_R-HSA-9851102
1260	http://purl.obolibrary.org/obo/go.owl#Protein_ANKRD10
1261	http://purl.obolibrary.org/obo/GO_0098542_instance
1262	http://purl.obolibrary.org/obo/go.owl#Protein_CLPTM1L
1263	http://purl.obolibrary.org/obo/go.owl#Pathway_R-HSA-380270
1264	http://purl.obolibrary.org/obo/go.owl#Reaction_R-HSA-8985485
1265	http://purl.obolibrary.org/obo/go.owl#Pathway_R-HSA-8941326
1266	http://purl.obolibrary.org/obo/go.owl#Protein_RHEB
1267	http://purl.obolibrary.org/obo/go.owl#Pathway_R-HSA-1839117
1268	http://purl.obolibrary.org/obo/go.owl#Protein_VPS4A
1269	http://purl.obolibrary.org/obo/go.owl#Protein_CDCA8
1270	http://purl.obolibrary.org/obo/GO_1901987_instance
1271	http://purl.obolibrary.org/obo/go.owl#Sample_GSM1318012
1272	http://purl.obolibrary.org/obo/go.owl#Protein_MARK2
1273	http://purl.obolibrary.org/obo/go.owl#Protein_PNRC2
1274	http://purl.obolibrary.org/obo/go.owl#Pathway_R-HSA-9679504
1275	http://purl.obolibrary.org/obo/go.owl#Sample_GSM1317937
1276	http://purl.obolibrary.org/obo/go.owl#Protein_SEC24B
1277	http://purl.obolibrary.org/obo/go.owl#Protein_ADIPOR2
1278	http://purl.obolibrary.org/obo/go.owl#Sample_GSM1318030
1279	http://purl.obolibrary.org/obo/go.owl#Protein_UGP2
1280	http://purl.obolibrary.org/obo/go.owl#Reaction_R-HSA-5655315
1281	http://purl.obolibrary.org/obo/go.owl#Pathway_R-HSA-1226099
1282	http://purl.obolibrary.org/obo/go.owl#Pathway_R-HSA-611105
1283	http://purl.obolibrary.org/obo/GO_0003697_instance
1284	http://purl.obolibrary.org/obo/go.owl#Protein_CENPM
1285	http://purl.obolibrary.org/obo/go.owl#Reaction_R-HSA-5357928
1286	http://purl.obolibrary.org/obo/go.owl#Pathway_R-HSA-73887
1287	http://purl.obolibrary.org/obo/go.owl#Protein_PRKAR1A
1288	http://purl.obolibrary.org/obo/GO_0070647_instance
1289	http://purl.obolibrary.org/obo/go.owl#Protein_MELK
1290	http://purl.obolibrary.org/obo/GO_0030659_instance
1291	http://purl.obolibrary.org/obo/go.owl#Protein_RRM2B
1292	http://purl.obolibrary.org/obo/go.owl#Protein_PSMB5
1293	http://purl.obolibrary.org/obo/go.owl#Pathway_R-HSA-5673001
1294	http://purl.obolibrary.org/obo/go.owl#Protein_HIP1R
1295	http://purl.obolibrary.org/obo/go.owl#Protein_APH1A
1296	http://purl.obolibrary.org/obo/go.owl#Protein_CYTIP
1297	http://purl.obolibrary.org/obo/go.owl#Protein_FBXO38
1298	http://purl.obolibrary.org/obo/go.owl#Protein_LIMS1
1299	http://purl.obolibrary.org/obo/go.owl#Protein_TMEM71
1300	http://purl.obolibrary.org/obo/go.owl#Protein_FBXL3
1301	http://purl.obolibrary.org/obo/GO_0048583_instance
1302	http://purl.obolibrary.org/obo/go.owl#Protein_CYRIB
1303	http://purl.obolibrary.org/obo/go.owl#Protein_METAP2
1304	http://purl.obolibrary.org/obo/GO_0097193_instance
1305	http://purl.obolibrary.org/obo/GO_0035556_instance
1306	http://purl.obolibrary.org/obo/go.owl#Reaction_R-HSA-9687638
1307	http://purl.obolibrary.org/obo/go.owl#Pathway_R-HSA-5357801
1308	http://purl.obolibrary.org/obo/go.owl#Protein_SLC25A44
1309	http://purl.obolibrary.org/obo/GO_0051246_instance
1310	http://purl.obolibrary.org/obo/go.owl#Pathway_R-HSA-376176
1311	http://purl.obolibrary.org/obo/go.owl#Protein_ATP2B1
1312	http://purl.obolibrary.org/obo/go.owl#Reaction_R-HSA-170706
1313	http://purl.obolibrary.org/obo/go.owl#Protein_CNOT8
1314	http://purl.obolibrary.org/obo/go.owl#Protein_INSIG1
1315	http://purl.obolibrary.org/obo/GO_0012505_instance
1316	http://purl.obolibrary.org/obo/go.owl#Pathway_R-HSA-8934903
1317	http://purl.obolibrary.org/obo/go.owl#Reaction_R-HSA-5578744
1318	http://purl.obolibrary.org/obo/go.owl#Protein_IFIT3
1319	http://purl.obolibrary.org/obo/go.owl#Protein_AGTRAP
1320	http://purl.obolibrary.org/obo/go.owl#Protein_WAC
1321	http://purl.obolibrary.org/obo/go.owl#Reaction_R-HSA-195300
1322	http://purl.obolibrary.org/obo/go.owl#Pathway_R-HSA-195721
1323	http://purl.obolibrary.org/obo/go.owl#Reaction_R-HSA-4615889
1324	http://purl.obolibrary.org/obo/go.owl#Pathway_R-HSA-3108232
1325	http://purl.obolibrary.org/obo/go.owl#Reaction_R-HSA-9613498
1326	http://purl.obolibrary.org/obo/go.owl#Reaction_R-HSA-165718
1327	http://purl.obolibrary.org/obo/go.owl#Pathway_R-HSA-199991
1328	http://purl.obolibrary.org/obo/go.owl#Protein_PLXNC1
1329	http://purl.obolibrary.org/obo/go.owl#Protein_TMEM126A
1330	http://purl.obolibrary.org/obo/GO_0043207_instance
1331	http://purl.obolibrary.org/obo/go.owl#Protein_DGCR2
1332	http://purl.obolibrary.org/obo/go.owl#Protein_PTBP1
1333	http://purl.obolibrary.org/obo/go.owl#Protein_CXCL1
1334	http://purl.obolibrary.org/obo/go.owl#Reaction_R-HSA-380073
1335	http://purl.obolibrary.org/obo/go.owl#Reaction_R-HSA-9727908
1336	http://purl.obolibrary.org/obo/go.owl#Pathway_R-HSA-983231
1337	http://purl.obolibrary.org/obo/go.owl#Reaction_R-HSA-9822185
1338	http://purl.obolibrary.org/obo/go.owl#Pathway_R-HSA-9821993
1339	http://purl.obolibrary.org/obo/go.owl#Protein_SVIL
1340	http://purl.obolibrary.org/obo/go.owl#Protein_JOSD2
1341	http://purl.obolibrary.org/obo/go.owl#Protein_AGPAT2
1342	http://purl.obolibrary.org/obo/go.owl#Protein_FGFR1OP2
1343	http://purl.obolibrary.org/obo/go.owl#Protein_DDX1
1344	http://purl.obolibrary.org/obo/go.owl#Protein_OMA1
1345	http://purl.obolibrary.org/obo/go.owl#Protein_GCA
1346	http://purl.obolibrary.org/obo/go.owl#Reaction_R-HSA-912470
1347	http://purl.obolibrary.org/obo/go.owl#Protein_RPS19BP1
1348	http://purl.obolibrary.org/obo/go.owl#Protein_RBM7
1349	http://purl.obolibrary.org/obo/go.owl#Pathway_R-HSA-983169
1350	http://purl.obolibrary.org/obo/go.owl#Reaction_R-HSA-6809006
1351	http://purl.obolibrary.org/obo/go.owl#Pathway_R-HSA-446203
1352	http://purl.obolibrary.org/obo/go.owl#Protein_EIF1AX
1353	http://purl.obolibrary.org/obo/go.owl#Protein_ARFIP1
1354	http://purl.obolibrary.org/obo/go.owl#Reaction_R-HSA-9768142
1355	http://purl.obolibrary.org/obo/go.owl#Protein_DYNC1LI1
1356	http://purl.obolibrary.org/obo/go.owl#Pathway_R-HSA-195258
1357	http://purl.obolibrary.org/obo/go.owl#Protein_DHRS1
1358	http://purl.obolibrary.org/obo/go.owl#Protein_FEZ1
1359	http://purl.obolibrary.org/obo/GO_0005813_instance
1360	http://purl.obolibrary.org/obo/go.owl#Protein_CGRRF1
1361	http://purl.obolibrary.org/obo/go.owl#Protein_MRPL19
1362	http://purl.obolibrary.org/obo/go.owl#Protein_SRSF3
1363	http://purl.obolibrary.org/obo/go.owl#Reaction_R-HSA-9770119
1364	http://purl.obolibrary.org/obo/go.owl#Protein_USP33
1365	http://purl.obolibrary.org/obo/go.owl#Protein_ADORA2A
1366	http://purl.obolibrary.org/obo/GO_0072659_instance
1367	http://purl.obolibrary.org/obo/go.owl#Protein_PRKAG2
1368	http://purl.obolibrary.org/obo/go.owl#Protein_CDK5RAP3
1369	http://purl.obolibrary.org/obo/go.owl#Reaction_R-HSA-5679266
1370	http://purl.obolibrary.org/obo/go.owl#Pathway_R-HSA-1295596
1371	http://purl.obolibrary.org/obo/go.owl#Protein_STXBP3
1372	http://purl.obolibrary.org/obo/go.owl#Protein_GCHFR
1373	http://purl.obolibrary.org/obo/go.owl#Reaction_R-HSA-1433542
1374	http://purl.obolibrary.org/obo/go.owl#Reaction_R-HSA-5693583
1375	http://purl.obolibrary.org/obo/go.owl#Sample_GSM1318003
1376	http://purl.obolibrary.org/obo/go.owl#Protein_ZNF324
1377	http://purl.obolibrary.org/obo/go.owl#Protein_IKBKB
1378	http://purl.obolibrary.org/obo/go.owl#Protein_EMG1
1379	http://purl.obolibrary.org/obo/go.owl#Protein_ZFYVE19
1380	http://purl.obolibrary.org/obo/GO_0140535_instance
1381	http://purl.obolibrary.org/obo/go.owl#Pathway_R-HSA-8868773
1382	http://purl.obolibrary.org/obo/go.owl#Reaction_R-HSA-6791228
1383	http://purl.obolibrary.org/obo/go.owl#Pathway_R-HSA-72312
1384	http://purl.obolibrary.org/obo/go.owl#Reaction_R-HSA-2187388
1385	http://purl.obolibrary.org/obo/go.owl#Protein_FUCA2
1386	http://purl.obolibrary.org/obo/go.owl#Protein_SIN3B
1387	http://purl.obolibrary.org/obo/go.owl#Pathway_R-HSA-8878171
1388	http://purl.obolibrary.org/obo/go.owl#Reaction_R-HSA-168849
1389	http://purl.obolibrary.org/obo/go.owl#Protein_LARP4B
1390	http://purl.obolibrary.org/obo/go.owl#Protein_RANBP9
1391	http://purl.obolibrary.org/obo/go.owl#Protein_TBRG4
1392	http://purl.obolibrary.org/obo/go.owl#Protein_FAM170B
1393	http://purl.obolibrary.org/obo/go.owl#Reaction_R-HSA-202291
1394	http://purl.obolibrary.org/obo/go.owl#Reaction_R-HSA-392053
1395	http://purl.obolibrary.org/obo/go.owl#Protein_TMEM219
1396	http://purl.obolibrary.org/obo/go.owl#Protein_TXNDC11
1397	http://purl.obolibrary.org/obo/go.owl#Sample_GSM1317987
1398	http://purl.obolibrary.org/obo/GO_0080134_instance
1399	http://purl.obolibrary.org/obo/go.owl#Protein_FCRL5
1400	http://purl.obolibrary.org/obo/go.owl#Protein_NPLOC4
1401	http://purl.obolibrary.org/obo/go.owl#Reaction_R-HSA-70420
1402	http://purl.obolibrary.org/obo/go.owl#Protein_SP3
1403	http://purl.obolibrary.org/obo/go.owl#Pathway_R-HSA-397795
1404	http://purl.obolibrary.org/obo/go.owl#Reaction_R-HSA-5654423
1405	http://purl.obolibrary.org/obo/go.owl#Protein_KIR2DL4
1406	http://purl.obolibrary.org/obo/GO_0043233_instance
1407	http://purl.obolibrary.org/obo/go.owl#Protein_ADAMTSL4
1408	http://purl.obolibrary.org/obo/go.owl#Protein_COX7A2
1409	http://purl.obolibrary.org/obo/go.owl#Pathway_R-HSA-5628897
1410	http://purl.obolibrary.org/obo/go.owl#Reaction_R-HSA-9759206
1411	http://purl.obolibrary.org/obo/go.owl#Reaction_R-HSA-430201
1412	http://purl.obolibrary.org/obo/go.owl#Pathway_R-HSA-202403
1413	http://purl.obolibrary.org/obo/go.owl#Reaction_R-HSA-195304
1414	http://purl.obolibrary.org/obo/go.owl#Reaction_R-HSA-373738
1415	http://purl.obolibrary.org/obo/go.owl#Reaction_R-HSA-9613219
1416	http://purl.obolibrary.org/obo/go.owl#Protein_ACADVL
1417	http://purl.obolibrary.org/obo/go.owl#Reaction_R-HSA-9759358
1418	http://purl.obolibrary.org/obo/go.owl#Pathway_R-HSA-9755511
1419	http://purl.obolibrary.org/obo/go.owl#Protein_IRF7
1420	http://purl.obolibrary.org/obo/GO_0001816_instance
1421	http://purl.obolibrary.org/obo/go.owl#Protein_SUMO2
1422	http://purl.obolibrary.org/obo/go.owl#Protein_TCEA1
1423	http://purl.obolibrary.org/obo/GO_1990234_instance
1424	http://purl.obolibrary.org/obo/go.owl#Protein_NOSIP
1425	http://purl.obolibrary.org/obo/go.owl#Protein_AKR1A1
1426	http://purl.obolibrary.org/obo/go.owl#Reaction_R-HSA-2197698
1427	http://purl.obolibrary.org/obo/go.owl#Reaction_R-HSA-9012203
1428	http://purl.obolibrary.org/obo/go.owl#Reaction_R-HSA-166271
1429	http://purl.obolibrary.org/obo/go.owl#Pathway_R-HSA-168898
1430	http://purl.obolibrary.org/obo/go.owl#Reaction_R-HSA-72672
1431	http://purl.obolibrary.org/obo/go.owl#Protein_LONP1
1432	http://purl.obolibrary.org/obo/go.owl#Pathway_R-HSA-5660668
1433	http://purl.obolibrary.org/obo/go.owl#Protein_KLHDC2
1434	http://purl.obolibrary.org/obo/go.owl#Protein_RABEPK
1435	http://purl.obolibrary.org/obo/go.owl#Reaction_R-HSA-2316349
1436	http://purl.obolibrary.org/obo/go.owl#Protein_PCGF6
1437	http://purl.obolibrary.org/obo/GO_0002376_instance
1438	http://purl.obolibrary.org/obo/go.owl#Protein_ACSS1
1439	http://purl.obolibrary.org/obo/go.owl#Protein_AKAP13
1440	http://purl.obolibrary.org/obo/go.owl#Reaction_R-HSA-9759516
1441	http://purl.obolibrary.org/obo/go.owl#Protein_MRPL23
1442	http://purl.obolibrary.org/obo/go.owl#Reaction_R-HSA-3234094
1443	http://purl.obolibrary.org/obo/go.owl#Pathway_R-HSA-3232118
1444	http://purl.obolibrary.org/obo/go.owl#Reaction_R-HSA-8951727
1445	http://purl.obolibrary.org/obo/go.owl#Protein_NUDCD2
1446	http://purl.obolibrary.org/obo/go.owl#Protein_POLR2I
1447	http://purl.obolibrary.org/obo/go.owl#Pathway_R-HSA-6796648
1448	http://purl.obolibrary.org/obo/go.owl#Pathway_R-HSA-199220
1449	http://purl.obolibrary.org/obo/go.owl#Reaction_R-HSA-9726580
1450	http://purl.obolibrary.org/obo/go.owl#Protein_TRIM26
1451	http://purl.obolibrary.org/obo/GO_0030054_instance
1452	http://purl.obolibrary.org/obo/go.owl#Protein_B2M
1453	http://purl.obolibrary.org/obo/go.owl#Sample_GSM1317996
1454	http://purl.obolibrary.org/obo/go.owl#Protein_MYCBP2
1455	http://purl.obolibrary.org/obo/go.owl#Protein_ADD3
1456	http://purl.obolibrary.org/obo/go.owl#Protein_STX7
1457	http://purl.obolibrary.org/obo/go.owl#Protein_KATNBL1
1458	http://purl.obolibrary.org/obo/go.owl#Reaction_R-HSA-6810233
1459	http://purl.obolibrary.org/obo/go.owl#Protein_BECN1
1460	http://purl.obolibrary.org/obo/go.owl#Reaction_R-HSA-9028255
1461	http://purl.obolibrary.org/obo/go.owl#Pathway_R-HSA-9027604
1462	http://purl.obolibrary.org/obo/go.owl#Protein_DDX39B
1463	http://purl.obolibrary.org/obo/go.owl#Protein_CD160
1464	http://purl.obolibrary.org/obo/go.owl#Reaction_R-HSA-8981931
1465	http://purl.obolibrary.org/obo/go.owl#Protein_TOP3A
1466	http://purl.obolibrary.org/obo/go.owl#Protein_PPM1A
1467	http://purl.obolibrary.org/obo/GO_0010468_instance
1468	http://purl.obolibrary.org/obo/go.owl#Reaction_R-HSA-9765974
1469	http://purl.obolibrary.org/obo/go.owl#Pathway_R-HSA-418990
1470	http://purl.obolibrary.org/obo/go.owl#Protein_ODF2
1471	http://purl.obolibrary.org/obo/GO_0019219_instance
1472	http://purl.obolibrary.org/obo/GO_0006139_instance
1473	http://purl.obolibrary.org/obo/go.owl#Reaction_R-HSA-8936989
1474	http://purl.obolibrary.org/obo/go.owl#Reaction_R-HSA-9666435
1475	http://purl.obolibrary.org/obo/go.owl#Sample_GSM1317957
1476	http://purl.obolibrary.org/obo/go.owl#Protein_SLC3A2
1477	http://purl.obolibrary.org/obo/go.owl#Reaction_R-HSA-5389839
1478	http://purl.obolibrary.org/obo/go.owl#Pathway_R-HSA-5654733
1479	http://purl.obolibrary.org/obo/go.owl#Protein_USP38
1480	http://purl.obolibrary.org/obo/GO_0006796_instance
1481	http://purl.obolibrary.org/obo/go.owl#Protein_SMARCA5
1482	http://purl.obolibrary.org/obo/go.owl#Protein_RAB33B
1483	http://purl.obolibrary.org/obo/go.owl#Reaction_R-HSA-5674373
1484	http://purl.obolibrary.org/obo/go.owl#Reaction_R-HSA-1855197
1485	http://purl.obolibrary.org/obo/go.owl#Protein_RBM42
1486	http://purl.obolibrary.org/obo/go.owl#Protein_PPP4R3B
1487	http://purl.obolibrary.org/obo/go.owl#Protein_PSIP1
1488	http://purl.obolibrary.org/obo/go.owl#Protein_NDUFA13
1489	http://purl.obolibrary.org/obo/go.owl#Reaction_R-HSA-1234171
1490	http://purl.obolibrary.org/obo/go.owl#Protein_AASDHPPT
1491	http://purl.obolibrary.org/obo/go.owl#Protein_PILRB
1492	http://purl.obolibrary.org/obo/go.owl#Reaction_R-HSA-200421
1493	http://purl.obolibrary.org/obo/go.owl#Pathway_R-HSA-165159
1494	http://purl.obolibrary.org/obo/go.owl#Protein_RMI2
1495	http://purl.obolibrary.org/obo/go.owl#Protein_ZNF721
1496	http://purl.obolibrary.org/obo/go.owl#Protein_OGDH
1497	http://purl.obolibrary.org/obo/go.owl#Reaction_R-HSA-5213464
1498	http://purl.obolibrary.org/obo/go.owl#Reaction_R-HSA-3662318
1499	http://purl.obolibrary.org/obo/go.owl#Reaction_R-HSA-2029452
1500	http://purl.obolibrary.org/obo/go.owl#Protein_TIA1
1501	http://purl.obolibrary.org/obo/go.owl#Protein_ATG9A
1502	http://purl.obolibrary.org/obo/go.owl#Protein_CDCA2
1503	http://purl.obolibrary.org/obo/go.owl#Protein_TCTN3
1504	http://purl.obolibrary.org/obo/go.owl#Protein_MFSD14A
1505	http://purl.obolibrary.org/obo/go.owl#Protein_KDM5C
1506	http://purl.obolibrary.org/obo/go.owl#Protein_WARS1
1507	http://purl.obolibrary.org/obo/go.owl#Pathway_R-HSA-936964
1508	http://purl.obolibrary.org/obo/go.owl#Pathway_R-HSA-937061
1509	http://purl.obolibrary.org/obo/go.owl#Protein_CHPF2
1510	http://purl.obolibrary.org/obo/go.owl#Protein_RBBP6
1511	http://purl.obolibrary.org/obo/go.owl#Pathway_R-HSA-9013422
1512	http://purl.obolibrary.org/obo/go.owl#Protein_P4HB
1513	http://purl.obolibrary.org/obo/go.owl#Protein_ASH2L
1514	http://purl.obolibrary.org/obo/go.owl#Reaction_R-HSA-2424477
1515	http://purl.obolibrary.org/obo/go.owl#Protein_RAB11A
1516	http://purl.obolibrary.org/obo/GO_0010564_instance
1517	http://purl.obolibrary.org/obo/go.owl#Pathway_R-HSA-1989781
1518	http://purl.obolibrary.org/obo/go.owl#Protein_TOP2A
1519	http://purl.obolibrary.org/obo/go.owl#Pathway_R-HSA-8936459
1520	http://purl.obolibrary.org/obo/go.owl#Protein_LYPLA1
1521	http://purl.obolibrary.org/obo/go.owl#Pathway_R-HSA-69017
1522	http://purl.obolibrary.org/obo/GO_0051252_instance
1523	http://purl.obolibrary.org/obo/GO_0051656_instance
1524	http://purl.obolibrary.org/obo/go.owl#Reaction_R-HSA-5675431
1525	http://purl.obolibrary.org/obo/go.owl#Pathway_R-HSA-5675221
1526	http://purl.obolibrary.org/obo/go.owl#Protein_CDC14A
1527	http://purl.obolibrary.org/obo/go.owl#Pathway_R-HSA-176407
1528	http://purl.obolibrary.org/obo/go.owl#Protein_VPS26A
1529	http://purl.obolibrary.org/obo/go.owl#Protein_FAM13B
1530	http://purl.obolibrary.org/obo/go.owl#Protein_CD164
1531	http://purl.obolibrary.org/obo/go.owl#Protein_ZNF277
1532	http://purl.obolibrary.org/obo/go.owl#Protein_CCDC91
1533	http://purl.obolibrary.org/obo/GO_0036211_instance
1534	http://purl.obolibrary.org/obo/go.owl#Protein_ACKR3
1535	http://purl.obolibrary.org/obo/go.owl#Protein_CSE1L
1536	http://purl.obolibrary.org/obo/go.owl#Protein_PDCD10
1537	http://purl.obolibrary.org/obo/go.owl#Reaction_R-HSA-419166
1538	http://purl.obolibrary.org/obo/go.owl#Protein_DUSP3
1539	http://purl.obolibrary.org/obo/go.owl#Pathway_R-HSA-448424
1540	http://purl.obolibrary.org/obo/go.owl#Reaction_R-HSA-6802932
1541	http://purl.obolibrary.org/obo/go.owl#Protein_NUDT21
1542	http://purl.obolibrary.org/obo/go.owl#Protein_GNG2
1543	http://purl.obolibrary.org/obo/go.owl#Reaction_R-HSA-1013012
1544	http://purl.obolibrary.org/obo/go.owl#Protein_LMNB2
1545	http://purl.obolibrary.org/obo/go.owl#Protein_DMAC2
1546	http://purl.obolibrary.org/obo/go.owl#Reaction_R-HSA-2327695
1547	http://purl.obolibrary.org/obo/go.owl#Protein_AZIN1
1548	http://purl.obolibrary.org/obo/go.owl#Reaction_R-HSA-9859163
1549	http://purl.obolibrary.org/obo/go.owl#Protein_RNF4
1550	http://purl.obolibrary.org/obo/go.owl#Reaction_R-HSA-372705
1551	http://purl.obolibrary.org/obo/go.owl#Pathway_R-HSA-372708
1552	http://purl.obolibrary.org/obo/go.owl#Protein_COMMD5
1553	http://purl.obolibrary.org/obo/go.owl#Protein_ILF3
1554	http://purl.obolibrary.org/obo/go.owl#Reaction_R-HSA-156912
1555	http://purl.obolibrary.org/obo/go.owl#Protein_ING3
1556	http://purl.obolibrary.org/obo/go.owl#Reaction_R-HSA-9824882
1557	http://purl.obolibrary.org/obo/go.owl#Pathway_R-HSA-73886
1558	http://purl.obolibrary.org/obo/go.owl#Protein_PDCL
1559	http://purl.obolibrary.org/obo/go.owl#Protein_ITGB1
1560	http://purl.obolibrary.org/obo/go.owl#Reaction_R-HSA-2470555
1561	http://purl.obolibrary.org/obo/go.owl#Pathway_R-HSA-9013149
1562	http://purl.obolibrary.org/obo/go.owl#Protein_SIPA1
1563	http://purl.obolibrary.org/obo/go.owl#Protein_SENP7
1564	http://purl.obolibrary.org/obo/go.owl#Protein_RBL2
1565	http://purl.obolibrary.org/obo/go.owl#Protein_HNRNPH2
1566	http://purl.obolibrary.org/obo/go.owl#Protein_CDC42BPB
1567	http://purl.obolibrary.org/obo/go.owl#Protein_MAP3K8
1568	http://purl.obolibrary.org/obo/go.owl#Protein_CDC42SE2
1569	http://purl.obolibrary.org/obo/go.owl#Reaction_R-HSA-9626817
1570	http://purl.obolibrary.org/obo/go.owl#Pathway_R-HSA-194315
1571	http://purl.obolibrary.org/obo/go.owl#Protein_CD302
1572	http://purl.obolibrary.org/obo/go.owl#Reaction_R-HSA-9701055
1573	http://purl.obolibrary.org/obo/go.owl#Pathway_R-HSA-382551
1574	http://purl.obolibrary.org/obo/go.owl#Protein_TRAPPC5
1575	http://purl.obolibrary.org/obo/go.owl#Protein_MICOS13
1576	http://purl.obolibrary.org/obo/GO_0032555_instance
1577	http://purl.obolibrary.org/obo/go.owl#Reaction_R-HSA-3364014
1578	http://purl.obolibrary.org/obo/go.owl#Reaction_R-HSA-3134822
1579	http://purl.obolibrary.org/obo/go.owl#Reaction_R-HSA-110145
1580	http://purl.obolibrary.org/obo/go.owl#Pathway_R-HSA-499943
1581	http://purl.obolibrary.org/obo/go.owl#Protein_MBD2
1582	http://purl.obolibrary.org/obo/GO_1901363_instance
1583	http://purl.obolibrary.org/obo/go.owl#Protein_PMAIP1
1584	http://purl.obolibrary.org/obo/go.owl#Protein_MYDGF
1585	http://purl.obolibrary.org/obo/GO_0006259_instance
1586	http://purl.obolibrary.org/obo/go.owl#Protein_MED15
1587	http://purl.obolibrary.org/obo/go.owl#Protein_GRIPAP1
1588	http://purl.obolibrary.org/obo/go.owl#Reaction_R-HSA-1638821
1589	http://purl.obolibrary.org/obo/go.owl#Protein_TPM3
1590	http://purl.obolibrary.org/obo/go.owl#Pathway_R-HSA-445355
1591	http://purl.obolibrary.org/obo/go.owl#Reaction_R-HSA-8852131
1592	http://purl.obolibrary.org/obo/go.owl#Protein_NRBP1
1593	http://purl.obolibrary.org/obo/GO_0031252_instance
1594	http://purl.obolibrary.org/obo/go.owl#Reaction_R-HSA-202534
1595	http://purl.obolibrary.org/obo/go.owl#Pathway_R-HSA-2454202
1596	http://purl.obolibrary.org/obo/go.owl#Protein_AEBP2
1597	http://purl.obolibrary.org/obo/go.owl#Reaction_R-HSA-5638332
1598	http://purl.obolibrary.org/obo/go.owl#Protein_ACVR1
1599	http://purl.obolibrary.org/obo/GO_0033554_instance
1600	http://purl.obolibrary.org/obo/go.owl#Protein_CRBN
1601	http://purl.obolibrary.org/obo/go.owl#Protein_RAB6A
1602	http://purl.obolibrary.org/obo/GO_0051234_instance
1603	http://purl.obolibrary.org/obo/go.owl#Reaction_R-HSA-5661517
1604	http://purl.obolibrary.org/obo/go.owl#Protein_NAA50
1605	http://purl.obolibrary.org/obo/go.owl#Reaction_R-HSA-9033233
1606	http://purl.obolibrary.org/obo/go.owl#Reaction_R-HSA-2272753
1607	http://purl.obolibrary.org/obo/go.owl#Pathway_R-HSA-2172127
1608	http://purl.obolibrary.org/obo/go.owl#Protein_SLBP
1609	http://purl.obolibrary.org/obo/GO_0006810_instance
1610	http://purl.obolibrary.org/obo/GO_0045935_instance
1611	http://purl.obolibrary.org/obo/go.owl#Protein_FBXO10
1612	http://purl.obolibrary.org/obo/go.owl#Pathway_R-HSA-9615017
1613	http://purl.obolibrary.org/obo/go.owl#Pathway_R-HSA-9614085
1614	http://purl.obolibrary.org/obo/GO_0004674_instance
1615	http://purl.obolibrary.org/obo/go.owl#Protein_TAF8
1616	http://purl.obolibrary.org/obo/go.owl#Protein_STAMBP
1617	http://purl.obolibrary.org/obo/go.owl#Protein_MIA2
1618	http://purl.obolibrary.org/obo/go.owl#Protein_PLEKHA2
1619	http://purl.obolibrary.org/obo/GO_0048584_instance
1620	http://purl.obolibrary.org/obo/go.owl#Reaction_R-HSA-9646383
1621	http://purl.obolibrary.org/obo/GO_0061640_instance
1622	http://purl.obolibrary.org/obo/go.owl#Protein_COL7A1
1623	http://purl.obolibrary.org/obo/go.owl#Protein_RANGRF
1624	http://purl.obolibrary.org/obo/go.owl#Reaction_R-HSA-983140
1625	http://purl.obolibrary.org/obo/go.owl#Reaction_R-HSA-389158
1626	http://purl.obolibrary.org/obo/go.owl#Protein_BRSK1
1627	http://purl.obolibrary.org/obo/go.owl#Pathway_R-HSA-450282
1628	http://purl.obolibrary.org/obo/go.owl#Pathway_R-HSA-975155
1629	http://purl.obolibrary.org/obo/go.owl#Reaction_R-HSA-9948427
1630	http://purl.obolibrary.org/obo/GO_0045088_instance
1631	http://purl.obolibrary.org/obo/go.owl#Reaction_R-HSA-5668543
1632	http://purl.obolibrary.org/obo/go.owl#Pathway_R-HSA-5668541
1633	http://purl.obolibrary.org/obo/go.owl#Reaction_R-HSA-5675373
1634	http://purl.obolibrary.org/obo/go.owl#Reaction_R-HSA-9686336
1635	http://purl.obolibrary.org/obo/go.owl#Pathway_R-HSA-9693928
1636	http://purl.obolibrary.org/obo/go.owl#Protein_RAB5A
1637	http://purl.obolibrary.org/obo/go.owl#Protein_ADAR
1638	http://purl.obolibrary.org/obo/GO_0009607_instance
1639	http://purl.obolibrary.org/obo/go.owl#Reaction_R-HSA-9670436
1640	http://purl.obolibrary.org/obo/go.owl#Pathway_R-HSA-9670439
1641	http://purl.obolibrary.org/obo/go.owl#Protein_TRIM41
1642	http://purl.obolibrary.org/obo/go.owl#Protein_SUPT16H
1643	http://purl.obolibrary.org/obo/go.owl#Pathway_R-HSA-112382
1644	http://purl.obolibrary.org/obo/go.owl#Reaction_R-HSA-9860796
1645	http://purl.obolibrary.org/obo/go.owl#Reaction_R-HSA-9700181
1646	http://purl.obolibrary.org/obo/go.owl#Pathway_R-HSA-9824585
1647	http://purl.obolibrary.org/obo/go.owl#Protein_SF1
1648	http://purl.obolibrary.org/obo/go.owl#Reaction_R-HSA-452392
1649	http://purl.obolibrary.org/obo/go.owl#Reaction_R-HSA-2997723
1650	http://purl.obolibrary.org/obo/go.owl#Protein_FBXO7
1651	http://purl.obolibrary.org/obo/go.owl#Protein_ZFR
1652	http://purl.obolibrary.org/obo/go.owl#Reaction_R-HSA-3769394
1653	http://purl.obolibrary.org/obo/go.owl#Protein_ING1
1654	http://purl.obolibrary.org/obo/go.owl#Reaction_R-HSA-180603
1655	http://purl.obolibrary.org/obo/go.owl#Pathway_R-HSA-162906
1656	http://purl.obolibrary.org/obo/go.owl#Reaction_R-HSA-450337
1657	http://purl.obolibrary.org/obo/go.owl#Pathway_R-HSA-975138
1658	http://purl.obolibrary.org/obo/go.owl#Protein_RUNX2
1659	http://purl.obolibrary.org/obo/go.owl#Protein_CAND2
1660	http://purl.obolibrary.org/obo/go.owl#Protein_TMEM101
1661	http://purl.obolibrary.org/obo/go.owl#Reaction_R-HSA-1592251
1662	http://purl.obolibrary.org/obo/go.owl#Pathway_R-HSA-2029482
1663	http://purl.obolibrary.org/obo/go.owl#Protein_NT5DC2
1664	http://purl.obolibrary.org/obo/GO_0141124_instance
1665	http://purl.obolibrary.org/obo/go.owl#Reaction_R-HSA-173488
1666	http://purl.obolibrary.org/obo/GO_0010604_instance
1667	http://purl.obolibrary.org/obo/go.owl#Protein_EFTUD2
1668	http://purl.obolibrary.org/obo/go.owl#Reaction_R-HSA-9929720
1669	http://purl.obolibrary.org/obo/go.owl#Pathway_R-HSA-69273
1670	http://purl.obolibrary.org/obo/go.owl#Protein_ITM2A
1671	http://purl.obolibrary.org/obo/go.owl#Reaction_R-HSA-8954224
1672	http://purl.obolibrary.org/obo/go.owl#Pathway_R-HSA-1251985
1673	http://purl.obolibrary.org/obo/go.owl#Protein_PCMTD1
1674	http://purl.obolibrary.org/obo/go.owl#Reaction_R-HSA-176585
1675	http://purl.obolibrary.org/obo/go.owl#Pathway_R-HSA-156584
1676	http://purl.obolibrary.org/obo/go.owl#Reaction_R-HSA-2160931
1677	http://purl.obolibrary.org/obo/go.owl#Pathway_R-HSA-170834
1678	http://purl.obolibrary.org/obo/go.owl#Reaction_R-HSA-3928651
1679	http://purl.obolibrary.org/obo/go.owl#Pathway_R-HSA-3928663
1680	http://purl.obolibrary.org/obo/go.owl#Protein_CRADD
1681	http://purl.obolibrary.org/obo/go.owl#Reaction_R-HSA-382056
1682	http://purl.obolibrary.org/obo/go.owl#Protein_KBTBD7
1683	http://purl.obolibrary.org/obo/go.owl#Reaction_R-HSA-175177
1684	http://purl.obolibrary.org/obo/go.owl#Reaction_R-HSA-870437
1685	http://purl.obolibrary.org/obo/go.owl#Pathway_R-HSA-1482788
1686	http://purl.obolibrary.org/obo/go.owl#Reaction_R-HSA-9686790
1687	http://purl.obolibrary.org/obo/go.owl#Reaction_R-HSA-9937415
1688	http://purl.obolibrary.org/obo/go.owl#Protein_RDH11
1689	http://purl.obolibrary.org/obo/go.owl#Protein_CPEB3
1690	http://purl.obolibrary.org/obo/go.owl#Protein_DNPH1
1691	http://purl.obolibrary.org/obo/go.owl#Pathway_R-HSA-168176
1692	http://purl.obolibrary.org/obo/go.owl#Protein_CCDC90B
1693	http://purl.obolibrary.org/obo/go.owl#Protein_GSKIP
1694	http://purl.obolibrary.org/obo/go.owl#Reaction_R-HSA-5682965
1695	http://purl.obolibrary.org/obo/go.owl#Reaction_R-HSA-9668405
1696	http://purl.obolibrary.org/obo/go.owl#Pathway_R-HSA-68886
1697	http://purl.obolibrary.org/obo/go.owl#Pathway_R-HSA-114294
1698	http://purl.obolibrary.org/obo/go.owl#Pathway_R-HSA-70895
1699	http://purl.obolibrary.org/obo/go.owl#Reaction_R-HSA-198731
1700	http://purl.obolibrary.org/obo/go.owl#Reaction_R-HSA-749446
1701	http://purl.obolibrary.org/obo/go.owl#Protein_DDX17
1702	http://purl.obolibrary.org/obo/go.owl#Protein_TRIM23
1703	http://purl.obolibrary.org/obo/go.owl#Reaction_R-HSA-427409
1704	http://purl.obolibrary.org/obo/go.owl#Protein_RABGAP1
1705	http://purl.obolibrary.org/obo/GO_1903047_instance
1706	http://purl.obolibrary.org/obo/go.owl#Protein_HTRA4
1707	http://purl.obolibrary.org/obo/GO_0023057_instance
1708	http://purl.obolibrary.org/obo/go.owl#Reaction_R-HSA-8937869
1709	http://purl.obolibrary.org/obo/go.owl#Reaction_R-HSA-3239014
1710	http://purl.obolibrary.org/obo/go.owl#Pathway_R-HSA-2559583
1711	http://purl.obolibrary.org/obo/GO_1901652_instance
1712	http://purl.obolibrary.org/obo/go.owl#Reaction_R-HSA-2022073
1713	http://purl.obolibrary.org/obo/go.owl#Pathway_R-HSA-1650814
1714	http://purl.obolibrary.org/obo/go.owl#Protein_RFX7
1715	http://purl.obolibrary.org/obo/go.owl#Protein_PDE7A
1716	http://purl.obolibrary.org/obo/go.owl#Protein_ZNFX1
1717	http://purl.obolibrary.org/obo/go.owl#Reaction_R-HSA-5621002
1718	http://purl.obolibrary.org/obo/go.owl#Reaction_R-HSA-9705507
1719	http://purl.obolibrary.org/obo/go.owl#Reaction_R-HSA-373061
1720	http://purl.obolibrary.org/obo/go.owl#Protein_RASGRP1
1721	http://purl.obolibrary.org/obo/go.owl#Pathway_R-HSA-1169092
1722	http://purl.obolibrary.org/obo/go.owl#Reaction_R-HSA-75864
1723	http://purl.obolibrary.org/obo/go.owl#Pathway_R-HSA-164378
1724	http://purl.obolibrary.org/obo/go.owl#Protein_CXCL5
1725	http://purl.obolibrary.org/obo/go.owl#Protein_MIA3
1726	http://purl.obolibrary.org/obo/GO_0002682_instance
1727	http://purl.obolibrary.org/obo/GO_0051249_instance
1728	http://purl.obolibrary.org/obo/go.owl#Protein_AURKB
1729	http://purl.obolibrary.org/obo/go.owl#Reaction_R-HSA-4655355
1730	http://purl.obolibrary.org/obo/go.owl#Reaction_R-HSA-188350
1731	http://purl.obolibrary.org/obo/go.owl#Reaction_R-HSA-1295609
1732	http://purl.obolibrary.org/obo/go.owl#Pathway_R-HSA-190236
1733	http://purl.obolibrary.org/obo/go.owl#Protein_FBXO46
1734	http://purl.obolibrary.org/obo/go.owl#Reaction_R-HSA-5617486
1735	http://purl.obolibrary.org/obo/go.owl#Protein_TAF4
1736	http://purl.obolibrary.org/obo/go.owl#Protein_ANP32A
1737	http://purl.obolibrary.org/obo/GO_0006974_instance
1738	http://purl.obolibrary.org/obo/go.owl#Reaction_R-HSA-199169
1739	http://purl.obolibrary.org/obo/go.owl#Protein_YBEY
1740	http://purl.obolibrary.org/obo/go.owl#Reaction_R-HSA-9701141
1741	http://purl.obolibrary.org/obo/go.owl#Pathway_R-HSA-983712
1742	http://purl.obolibrary.org/obo/go.owl#Reaction_R-HSA-9036307
1743	http://purl.obolibrary.org/obo/go.owl#Protein_KCTD20
1744	http://purl.obolibrary.org/obo/GO_0033043_instance
1745	http://purl.obolibrary.org/obo/go.owl#Reaction_R-HSA-3371360
1746	http://purl.obolibrary.org/obo/go.owl#Protein_RNASE3
1747	http://purl.obolibrary.org/obo/go.owl#Reaction_R-HSA-190519
1748	http://purl.obolibrary.org/obo/go.owl#Reaction_R-HSA-445699
1749	http://purl.obolibrary.org/obo/go.owl#Reaction_R-HSA-453183
1750	http://purl.obolibrary.org/obo/go.owl#Reaction_R-HSA-8938913
1751	http://purl.obolibrary.org/obo/go.owl#Pathway_R-HSA-9854311
1752	http://purl.obolibrary.org/obo/GO_0070971_instance
1753	http://purl.obolibrary.org/obo/GO_0044772_instance
1754	http://purl.obolibrary.org/obo/go.owl#Protein_CD300LF
1755	http://purl.obolibrary.org/obo/go.owl#Pathway_R-HSA-198933
1756	http://purl.obolibrary.org/obo/GO_0005694_instance
1757	http://purl.obolibrary.org/obo/GO_0008219_instance
1758	http://purl.obolibrary.org/obo/go.owl#Protein_ARMH1
1759	http://purl.obolibrary.org/obo/go.owl#Reaction_R-HSA-983422
1760	http://purl.obolibrary.org/obo/go.owl#Pathway_R-HSA-983170
1761	http://purl.obolibrary.org/obo/GO_0009892_instance
1762	http://purl.obolibrary.org/obo/go.owl#Protein_GNG10
1763	http://purl.obolibrary.org/obo/go.owl#Pathway_R-HSA-450341
1764	http://purl.obolibrary.org/obo/go.owl#Reaction_R-HSA-170076
1765	http://purl.obolibrary.org/obo/go.owl#Reaction_R-HSA-9835496
1766	http://purl.obolibrary.org/obo/go.owl#Pathway_R-HSA-9834899
1767	http://purl.obolibrary.org/obo/go.owl#Reaction_R-HSA-5617462
1768	http://purl.obolibrary.org/obo/go.owl#Protein_ZFAND5
1769	http://purl.obolibrary.org/obo/go.owl#Protein_RTCA
1770	http://purl.obolibrary.org/obo/go.owl#Protein_WDR46
1771	http://purl.obolibrary.org/obo/go.owl#Reaction_R-HSA-9935290
1772	http://purl.obolibrary.org/obo/go.owl#Reaction_R-HSA-5610757
1773	http://purl.obolibrary.org/obo/go.owl#Reaction_R-HSA-8963734
1774	http://purl.obolibrary.org/obo/go.owl#Reaction_R-HSA-8985914
1775	http://purl.obolibrary.org/obo/go.owl#Protein_SAP30BP
1776	http://purl.obolibrary.org/obo/go.owl#Reaction_R-HSA-1226014
1777	http://purl.obolibrary.org/obo/go.owl#Pathway_R-HSA-1236382
1778	http://purl.obolibrary.org/obo/go.owl#Pathway_R-HSA-5610783
1779	http://purl.obolibrary.org/obo/go.owl#Protein_SMC2
1780	http://purl.obolibrary.org/obo/go.owl#Protein_BUD31
1781	http://purl.obolibrary.org/obo/go.owl#Protein_PABPC1
1782	http://purl.obolibrary.org/obo/go.owl#Protein_RNF44
1783	http://purl.obolibrary.org/obo/go.owl#Protein_RAPGEF6
1784	http://purl.obolibrary.org/obo/go.owl#Protein_UQCC2
1785	http://purl.obolibrary.org/obo/go.owl#Protein_RPL10A
1786	http://purl.obolibrary.org/obo/go.owl#Pathway_R-HSA-5218859
1787	http://purl.obolibrary.org/obo/go.owl#Pathway_R-HSA-1482839
1788	http://purl.obolibrary.org/obo/go.owl#Protein_SAMSN1
1789	http://purl.obolibrary.org/obo/GO_0051239_instance
1790	http://purl.obolibrary.org/obo/GO_0010648_instance
1791	http://purl.obolibrary.org/obo/go.owl#Protein_PHYH
1792	http://purl.obolibrary.org/obo/go.owl#Reaction_R-HSA-9033240
1793	http://purl.obolibrary.org/obo/GO_1901265_instance
1794	http://purl.obolibrary.org/obo/go.owl#Reaction_R-HSA-8848414
1795	http://purl.obolibrary.org/obo/go.owl#Reaction_R-HSA-376117
1796	http://purl.obolibrary.org/obo/go.owl#Reaction_R-HSA-187916
1797	http://purl.obolibrary.org/obo/go.owl#Reaction_R-HSA-196026
1798	http://purl.obolibrary.org/obo/go.owl#Pathway_R-HSA-196025
1799	http://purl.obolibrary.org/obo/go.owl#Reaction_R-HSA-9825275
1800	http://purl.obolibrary.org/obo/go.owl#Pathway_R-HSA-203927
1801	http://purl.obolibrary.org/obo/go.owl#Pathway_R-HSA-211000
1802	http://purl.obolibrary.org/obo/go.owl#Pathway_R-HSA-674695
1803	http://purl.obolibrary.org/obo/go.owl#Protein_ABITRAM
1804	http://purl.obolibrary.org/obo/go.owl#Protein_RNF145
1805	http://purl.obolibrary.org/obo/go.owl#Reaction_R-HSA-8852298
1806	http://purl.obolibrary.org/obo/go.owl#Reaction_R-HSA-9714361
1807	http://purl.obolibrary.org/obo/go.owl#Reaction_R-HSA-443402
1808	http://purl.obolibrary.org/obo/go.owl#Protein_RSBN1L
1809	http://purl.obolibrary.org/obo/go.owl#Protein_SBDS
1810	http://purl.obolibrary.org/obo/go.owl#Protein_GAS6
1811	http://purl.obolibrary.org/obo/GO_0042175_instance
1812	http://purl.obolibrary.org/obo/go.owl#Protein_ATP11B
1813	http://purl.obolibrary.org/obo/go.owl#Protein_RERE
1814	http://purl.obolibrary.org/obo/GO_0050658_instance
1815	http://purl.obolibrary.org/obo/go.owl#Reaction_R-HSA-8950456
1816	http://purl.obolibrary.org/obo/go.owl#Pathway_R-HSA-447115
1817	http://purl.obolibrary.org/obo/go.owl#Reaction_R-HSA-918229
1818	http://purl.obolibrary.org/obo/go.owl#Protein_ATMIN
1819	http://purl.obolibrary.org/obo/go.owl#Protein_SEPTIN2
1820	http://purl.obolibrary.org/obo/go.owl#Protein_BAZ1B
1821	http://purl.obolibrary.org/obo/go.owl#Protein_SNIP1
1822	http://purl.obolibrary.org/obo/go.owl#Reaction_R-HSA-2327746
1823	http://purl.obolibrary.org/obo/go.owl#Pathway_R-HSA-1566977
1824	http://purl.obolibrary.org/obo/go.owl#Reaction_R-HSA-1592246
1825	http://purl.obolibrary.org/obo/go.owl#Protein_B3GALT6
1826	http://purl.obolibrary.org/obo/go.owl#Protein_LNPK
1827	http://purl.obolibrary.org/obo/go.owl#Reaction_R-HSA-8877475
1828	http://purl.obolibrary.org/obo/go.owl#Pathway_R-HSA-8876198
1829	http://purl.obolibrary.org/obo/go.owl#Protein_SCAND1
1830	http://purl.obolibrary.org/obo/go.owl#Reaction_R-HSA-112395
1831	http://purl.obolibrary.org/obo/go.owl#Pathway_R-HSA-9725370
1832	http://purl.obolibrary.org/obo/go.owl#Protein_CSTF2
1833	http://purl.obolibrary.org/obo/go.owl#Protein_EIF4G2
1834	http://purl.obolibrary.org/obo/go.owl#Reaction_R-HSA-450394
1835	http://purl.obolibrary.org/obo/go.owl#Pathway_R-HSA-450513
1836	http://purl.obolibrary.org/obo/go.owl#Pathway_R-HSA-196854
1837	http://purl.obolibrary.org/obo/go.owl#Protein_MARCHF6
1838	http://purl.obolibrary.org/obo/GO_0031410_instance
1839	http://purl.obolibrary.org/obo/go.owl#Protein_PPP1R7
1840	http://purl.obolibrary.org/obo/go.owl#Protein_RAB3GAP1
1841	http://purl.obolibrary.org/obo/go.owl#Reaction_R-HSA-9840807
1842	http://purl.obolibrary.org/obo/go.owl#Pathway_R-HSA-5205685
1843	http://purl.obolibrary.org/obo/go.owl#Reaction_R-HSA-9835473
1844	http://purl.obolibrary.org/obo/go.owl#Protein_TMEM208
1845	http://purl.obolibrary.org/obo/go.owl#Pathway_R-HSA-937072
1846	http://purl.obolibrary.org/obo/go.owl#Reaction_R-HSA-9843121
1847	http://purl.obolibrary.org/obo/go.owl#Pathway_R-HSA-212165
1848	http://purl.obolibrary.org/obo/go.owl#Protein_CD3G
1849	http://purl.obolibrary.org/obo/go.owl#Reaction_R-HSA-2197697
1850	http://purl.obolibrary.org/obo/go.owl#Pathway_R-HSA-9009391
1851	http://purl.obolibrary.org/obo/go.owl#Reaction_R-HSA-5607742
1852	http://purl.obolibrary.org/obo/go.owl#Protein_PAPSS1
1853	http://purl.obolibrary.org/obo/go.owl#Protein_AP3B1
1854	http://purl.obolibrary.org/obo/go.owl#Protein_SF3B1
1855	http://purl.obolibrary.org/obo/go.owl#Reaction_R-HSA-9664271
1856	http://purl.obolibrary.org/obo/go.owl#Protein_ETV5
1857	http://purl.obolibrary.org/obo/go.owl#Reaction_R-HSA-1791108
1858	http://purl.obolibrary.org/obo/go.owl#Reaction_R-HSA-9828196
1859	http://purl.obolibrary.org/obo/go.owl#Protein_YWHAQ
1860	http://purl.obolibrary.org/obo/go.owl#Reaction_R-HSA-9733203
1861	http://purl.obolibrary.org/obo/go.owl#Protein_PHF3
1862	http://purl.obolibrary.org/obo/go.owl#Protein_FAM111A
1863	http://purl.obolibrary.org/obo/go.owl#Reaction_R-HSA-1234164
1864	http://purl.obolibrary.org/obo/go.owl#Reaction_R-HSA-5658496
1865	http://purl.obolibrary.org/obo/go.owl#Protein_MRFAP1L1
1866	http://purl.obolibrary.org/obo/go.owl#Protein_LAPTM5
1867	http://purl.obolibrary.org/obo/go.owl#Protein_SRP68
1868	http://purl.obolibrary.org/obo/go.owl#Reaction_R-HSA-167288
1869	http://purl.obolibrary.org/obo/go.owl#Protein_LGALS3
1870	http://purl.obolibrary.org/obo/GO_0006915_instance
1871	http://purl.obolibrary.org/obo/go.owl#Protein_MAPRE3
1872	http://purl.obolibrary.org/obo/go.owl#Protein_CNBP
1873	http://purl.obolibrary.org/obo/go.owl#Pathway_R-HSA-444257
1874	http://purl.obolibrary.org/obo/go.owl#Protein_CHMP1A
1875	http://purl.obolibrary.org/obo/go.owl#Reaction_R-HSA-9033526
1876	http://purl.obolibrary.org/obo/go.owl#Reaction_R-HSA-9604664
1877	http://purl.obolibrary.org/obo/go.owl#Pathway_R-HSA-9013695
1878	http://purl.obolibrary.org/obo/go.owl#Reaction_R-HSA-4086059
1879	http://purl.obolibrary.org/obo/go.owl#Protein_CREB1
1880	http://purl.obolibrary.org/obo/go.owl#Reaction_R-HSA-8854899
1881	http://purl.obolibrary.org/obo/go.owl#Pathway_R-HSA-72172
1882	http://purl.obolibrary.org/obo/GO_0006403_instance
1883	http://purl.obolibrary.org/obo/go.owl#Protein_P2RY13
1884	http://purl.obolibrary.org/obo/go.owl#Protein_HSD17B10
1885	http://purl.obolibrary.org/obo/go.owl#Reaction_R-HSA-532549
1886	http://purl.obolibrary.org/obo/go.owl#Pathway_R-HSA-446193
1887	http://purl.obolibrary.org/obo/go.owl#Reaction_R-HSA-5684887
1888	http://purl.obolibrary.org/obo/go.owl#Pathway_R-HSA-5693607
1889	http://purl.obolibrary.org/obo/GO_0003682_instance
1890	http://purl.obolibrary.org/obo/go.owl#Reaction_R-HSA-5666046
1891	http://purl.obolibrary.org/obo/go.owl#Protein_GHDC
1892	http://purl.obolibrary.org/obo/go.owl#Protein_MRPL27
1893	http://purl.obolibrary.org/obo/go.owl#Protein_CCNI
1894	http://purl.obolibrary.org/obo/go.owl#Reaction_R-HSA-199587
1895	http://purl.obolibrary.org/obo/go.owl#Pathway_R-HSA-446728
1896	http://purl.obolibrary.org/obo/go.owl#Protein_HHEX
1897	http://purl.obolibrary.org/obo/go.owl#Pathway_R-HSA-1500931
1898	http://purl.obolibrary.org/obo/go.owl#Protein_PLEKHF2
1899	http://purl.obolibrary.org/obo/go.owl#Pathway_R-HSA-912526
1900	http://purl.obolibrary.org/obo/GO_0051726_instance
1901	http://purl.obolibrary.org/obo/go.owl#Pathway_R-HSA-2173795
1902	http://purl.obolibrary.org/obo/go.owl#Protein_NMD3
1903	http://purl.obolibrary.org/obo/go.owl#Reaction_R-HSA-2730752
1904	http://purl.obolibrary.org/obo/go.owl#Protein_ARL6IP4
1905	http://purl.obolibrary.org/obo/go.owl#Protein_CEP85L
1906	http://purl.obolibrary.org/obo/go.owl#Reaction_R-HSA-9825772
1907	http://purl.obolibrary.org/obo/go.owl#Protein_ZNF830
1908	http://purl.obolibrary.org/obo/go.owl#Reaction_R-HSA-183084
1909	http://purl.obolibrary.org/obo/go.owl#Protein_STX12
1910	http://purl.obolibrary.org/obo/go.owl#Protein_LRPPRC
1911	http://purl.obolibrary.org/obo/go.owl#Reaction_R-HSA-167089
1912	http://purl.obolibrary.org/obo/go.owl#Pathway_R-HSA-112314
1913	http://purl.obolibrary.org/obo/go.owl#Protein_FLI1
1914	http://purl.obolibrary.org/obo/GO_1902532_instance
1915	http://purl.obolibrary.org/obo/go.owl#Protein_U2AF1
1916	http://purl.obolibrary.org/obo/go.owl#Reaction_R-HSA-8876993
1917	http://purl.obolibrary.org/obo/go.owl#Pathway_R-HSA-8876493
1918	http://purl.obolibrary.org/obo/GO_0043632_instance
1919	http://purl.obolibrary.org/obo/go.owl#Protein_AGPAT1
1920	http://purl.obolibrary.org/obo/GO_0044770_instance
1921	http://purl.obolibrary.org/obo/go.owl#Protein_HSD17B11
1922	http://purl.obolibrary.org/obo/go.owl#Pathway_R-HSA-5689901
1923	http://purl.obolibrary.org/obo/go.owl#Reaction_R-HSA-167234
1924	http://purl.obolibrary.org/obo/GO_0030234_instance
1925	http://purl.obolibrary.org/obo/go.owl#Reaction_R-HSA-6809320
1926	http://purl.obolibrary.org/obo/go.owl#Pathway_R-HSA-1483257
1927	http://purl.obolibrary.org/obo/go.owl#Pathway_R-HSA-1250347
1928	http://purl.obolibrary.org/obo/go.owl#Protein_MGST3
1929	http://purl.obolibrary.org/obo/go.owl#Protein_BCLAF1
1930	http://purl.obolibrary.org/obo/GO_0003729_instance
1931	http://purl.obolibrary.org/obo/GO_0097435_instance
1932	http://purl.obolibrary.org/obo/go.owl#Reaction_R-HSA-1234175
1933	http://purl.obolibrary.org/obo/go.owl#Protein_TIGAR
1934	http://purl.obolibrary.org/obo/go.owl#Reaction_R-HSA-442273
1935	http://purl.obolibrary.org/obo/go.owl#Pathway_R-HSA-9683701
1936	http://purl.obolibrary.org/obo/go.owl#Pathway_R-HSA-5358346
1937	http://purl.obolibrary.org/obo/go.owl#Pathway_R-HSA-72649
1938	http://purl.obolibrary.org/obo/go.owl#Protein_COX6A1
1939	http://purl.obolibrary.org/obo/go.owl#Protein_SMG7
1940	http://purl.obolibrary.org/obo/go.owl#Protein_SDHD
1941	http://purl.obolibrary.org/obo/go.owl#Reaction_R-HSA-380283
1942	http://purl.obolibrary.org/obo/go.owl#Protein_GBF1
1943	http://purl.obolibrary.org/obo/GO_0098588_instance
1944	http://purl.obolibrary.org/obo/go.owl#Protein_FAM174C
1945	http://purl.obolibrary.org/obo/go.owl#Reaction_R-HSA-376419
1946	http://purl.obolibrary.org/obo/go.owl#Pathway_R-HSA-383280
1947	http://purl.obolibrary.org/obo/go.owl#Reaction_R-HSA-9027532
1948	http://purl.obolibrary.org/obo/go.owl#Pathway_R-HSA-1483248
1949	http://purl.obolibrary.org/obo/go.owl#Pathway_R-HSA-1483255
1950	http://purl.obolibrary.org/obo/go.owl#Reaction_R-HSA-433672
1951	http://purl.obolibrary.org/obo/go.owl#Protein_CREB3L2
1952	http://purl.obolibrary.org/obo/go.owl#Protein_GPBP1L1
1953	http://purl.obolibrary.org/obo/go.owl#Protein_SKA1
1954	http://purl.obolibrary.org/obo/GO_0000775_instance
1955	http://purl.obolibrary.org/obo/go.owl#Reaction_R-HSA-5228811
1956	http://purl.obolibrary.org/obo/go.owl#Protein_PXMP2
1957	http://purl.obolibrary.org/obo/go.owl#Protein_SUCO
1958	http://purl.obolibrary.org/obo/go.owl#Protein_BTBD10
1959	http://purl.obolibrary.org/obo/go.owl#Reaction_R-HSA-201637
1960	http://purl.obolibrary.org/obo/go.owl#Pathway_R-HSA-264870
1961	http://purl.obolibrary.org/obo/go.owl#Protein_ACSL1
1962	http://purl.obolibrary.org/obo/go.owl#Protein_GLYR1
1963	http://purl.obolibrary.org/obo/go.owl#Protein_HNRNPH1
1964	http://purl.obolibrary.org/obo/go.owl#Reaction_R-HSA-1250353
1965	http://purl.obolibrary.org/obo/go.owl#Pathway_R-HSA-68962
1966	http://purl.obolibrary.org/obo/GO_0002684_instance
1967	http://purl.obolibrary.org/obo/go.owl#Protein_RABAC1
1968	http://purl.obolibrary.org/obo/go.owl#Protein_CSNK1A1
1969	http://purl.obolibrary.org/obo/go.owl#Reaction_R-HSA-380574
1970	http://purl.obolibrary.org/obo/go.owl#Pathway_R-HSA-212676
1971	http://purl.obolibrary.org/obo/go.owl#Protein_BCAS2
1972	http://purl.obolibrary.org/obo/go.owl#Protein_ZFAND6
1973	http://purl.obolibrary.org/obo/go.owl#Pathway_R-HSA-9694635
1974	http://purl.obolibrary.org/obo/go.owl#Pathway_R-HSA-9679506
1975	http://purl.obolibrary.org/obo/go.owl#Protein_SPATC1L
1976	http://purl.obolibrary.org/obo/go.owl#Protein_MASTL
1977	http://purl.obolibrary.org/obo/go.owl#Reaction_R-HSA-5672083
1978	http://purl.obolibrary.org/obo/go.owl#Pathway_R-HSA-166166
1979	http://purl.obolibrary.org/obo/go.owl#Protein_ZBTB2
1980	http://purl.obolibrary.org/obo/go.owl#Protein_ZNF493
1981	http://purl.obolibrary.org/obo/go.owl#Protein_VAMP1
1982	http://purl.obolibrary.org/obo/go.owl#Protein_MAPKAPK5
1983	http://purl.obolibrary.org/obo/GO_0045944_instance
1984	http://purl.obolibrary.org/obo/go.owl#Reaction_R-HSA-2127562
1985	http://purl.obolibrary.org/obo/go.owl#Pathway_R-HSA-2173789
1986	http://purl.obolibrary.org/obo/go.owl#Reaction_R-HSA-9851145
1987	http://purl.obolibrary.org/obo/GO_0060341_instance
1988	http://purl.obolibrary.org/obo/go.owl#Reaction_R-HSA-9836857
1989	http://purl.obolibrary.org/obo/go.owl#Protein_CCZ1B
1990	http://purl.obolibrary.org/obo/go.owl#Protein_C1GALT1
1991	http://purl.obolibrary.org/obo/go.owl#Protein_MPND
1992	http://purl.obolibrary.org/obo/GO_0006302_instance
1993	http://purl.obolibrary.org/obo/go.owl#Protein_CTR9
1994	http://purl.obolibrary.org/obo/go.owl#Reaction_R-HSA-5617445
1995	http://purl.obolibrary.org/obo/go.owl#Pathway_R-HSA-6782210
1996	http://purl.obolibrary.org/obo/go.owl#Protein_AKAP7
1997	http://purl.obolibrary.org/obo/go.owl#Pathway_R-HSA-8851907
1998	http://purl.obolibrary.org/obo/go.owl#Reaction_R-HSA-2272795
1999	http://purl.obolibrary.org/obo/go.owl#Reaction_R-HSA-9761344
2000	http://purl.obolibrary.org/obo/go.owl#Pathway_R-HSA-168138
2001	http://purl.obolibrary.org/obo/go.owl#Pathway_R-HSA-174143
2002	http://purl.obolibrary.org/obo/go.owl#Reaction_R-HSA-2161951
2003	http://purl.obolibrary.org/obo/go.owl#Pathway_R-HSA-2142770
2004	http://purl.obolibrary.org/obo/go.owl#Protein_SFR1
2005	http://purl.obolibrary.org/obo/go.owl#Protein_SLIRP
2006	http://purl.obolibrary.org/obo/go.owl#Reaction_R-HSA-2730867
2007	http://purl.obolibrary.org/obo/go.owl#Pathway_R-HSA-5607763
2008	http://purl.obolibrary.org/obo/GO_0017076_instance
2009	http://purl.obolibrary.org/obo/go.owl#Reaction_R-HSA-388832
2010	http://purl.obolibrary.org/obo/go.owl#Protein_SEPTIN7
2011	http://purl.obolibrary.org/obo/GO_0000779_instance
2012	http://purl.obolibrary.org/obo/go.owl#Reaction_R-HSA-9704408
2013	http://purl.obolibrary.org/obo/go.owl#Reaction_R-HSA-5683735
2014	http://purl.obolibrary.org/obo/go.owl#Pathway_R-HSA-69473
2015	http://purl.obolibrary.org/obo/go.owl#Protein_PGRMC1
2016	http://purl.obolibrary.org/obo/go.owl#Reaction_R-HSA-5694415
2017	http://purl.obolibrary.org/obo/go.owl#Reaction_R-HSA-5631941
2018	http://purl.obolibrary.org/obo/go.owl#Protein_PRDX6
2019	http://purl.obolibrary.org/obo/go.owl#Protein_RASSF5
2020	http://purl.obolibrary.org/obo/GO_0032446_instance
2021	http://purl.obolibrary.org/obo/go.owl#Protein_CD79A
2022	http://purl.obolibrary.org/obo/go.owl#Pathway_R-HSA-75067
2023	http://purl.obolibrary.org/obo/go.owl#Protein_VAC14
2024	http://purl.obolibrary.org/obo/GO_0012506_instance
2025	http://purl.obolibrary.org/obo/go.owl#Reaction_R-HSA-9032502
2026	http://purl.obolibrary.org/obo/GO_0006952_instance
2027	http://purl.obolibrary.org/obo/go.owl#Reaction_R-HSA-9837625
2028	http://purl.obolibrary.org/obo/go.owl#Protein_ACAP2
2029	http://purl.obolibrary.org/obo/GO_0010972_instance
2030	http://purl.obolibrary.org/obo/GO_0000086_instance
2031	http://purl.obolibrary.org/obo/go.owl#Pathway_R-HSA-1257604
2032	http://purl.obolibrary.org/obo/go.owl#Reaction_R-HSA-1971487
2033	http://purl.obolibrary.org/obo/go.owl#Reaction_R-HSA-453104
2034	http://purl.obolibrary.org/obo/go.owl#Protein_KIR2DL1
2035	http://purl.obolibrary.org/obo/go.owl#Reaction_R-HSA-937044
2036	http://purl.obolibrary.org/obo/go.owl#Pathway_R-HSA-168179
2037	http://purl.obolibrary.org/obo/go.owl#Protein_MCM10
2038	http://purl.obolibrary.org/obo/go.owl#Reaction_R-HSA-68918
2039	http://purl.obolibrary.org/obo/go.owl#Protein_DENND3
2040	http://purl.obolibrary.org/obo/go.owl#Reaction_R-HSA-9674131
2041	http://purl.obolibrary.org/obo/go.owl#Protein_PRPF31
2042	http://purl.obolibrary.org/obo/go.owl#Pathway_R-HSA-3134973
2043	http://purl.obolibrary.org/obo/go.owl#Protein_MZB1
2044	http://purl.obolibrary.org/obo/GO_0098852_instance
2045	http://purl.obolibrary.org/obo/go.owl#Reaction_R-HSA-9755306
2046	http://purl.obolibrary.org/obo/go.owl#Reaction_R-HSA-141439
2047	http://purl.obolibrary.org/obo/go.owl#Reaction_R-HSA-351863
2048	http://purl.obolibrary.org/obo/go.owl#Reaction_R-HSA-9770145
2049	http://purl.obolibrary.org/obo/go.owl#Pathway_R-HSA-8852276
2050	http://purl.obolibrary.org/obo/go.owl#Reaction_R-HSA-73718
2051	http://purl.obolibrary.org/obo/go.owl#Pathway_R-HSA-73854
2052	http://purl.obolibrary.org/obo/go.owl#Pathway_R-HSA-2565942
2053	http://purl.obolibrary.org/obo/GO_0010498_instance
2054	http://purl.obolibrary.org/obo/go.owl#Pathway_R-HSA-9856530
2055	http://purl.obolibrary.org/obo/go.owl#Protein_CASP6
2056	http://purl.obolibrary.org/obo/go.owl#Protein_MOSPD2
2057	http://purl.obolibrary.org/obo/go.owl#Reaction_R-HSA-9749494
2058	http://purl.obolibrary.org/obo/go.owl#Pathway_R-HSA-168188
2059	http://purl.obolibrary.org/obo/go.owl#Reaction_R-HSA-9670149
2060	http://purl.obolibrary.org/obo/go.owl#Reaction_R-HSA-419049
2061	http://purl.obolibrary.org/obo/go.owl#Reaction_R-HSA-382613
2062	http://purl.obolibrary.org/obo/go.owl#Pathway_R-HSA-382556
2063	http://purl.obolibrary.org/obo/go.owl#Pathway_R-HSA-111457
2064	http://purl.obolibrary.org/obo/go.owl#Reaction_R-HSA-449200
2065	http://purl.obolibrary.org/obo/go.owl#Pathway_R-HSA-525793
2066	http://purl.obolibrary.org/obo/go.owl#Pathway_R-HSA-162699
2067	http://purl.obolibrary.org/obo/go.owl#Pathway_R-HSA-3214842
2068	http://purl.obolibrary.org/obo/go.owl#Protein_PRNP
2069	http://purl.obolibrary.org/obo/GO_0051129_instance
2070	http://purl.obolibrary.org/obo/go.owl#Reaction_R-HSA-70997
2071	http://purl.obolibrary.org/obo/go.owl#Pathway_R-HSA-1428517
2072	http://purl.obolibrary.org/obo/go.owl#Pathway_R-HSA-9604323
2073	http://purl.obolibrary.org/obo/go.owl#Pathway_R-HSA-157118
2074	http://purl.obolibrary.org/obo/go.owl#Pathway_R-HSA-9006931
2075	http://purl.obolibrary.org/obo/go.owl#Protein_GNA13
2076	http://purl.obolibrary.org/obo/go.owl#Reaction_R-HSA-198756
2077	http://purl.obolibrary.org/obo/go.owl#Pathway_R-HSA-4608870
2078	http://purl.obolibrary.org/obo/go.owl#Protein_BSDC1
2079	http://purl.obolibrary.org/obo/go.owl#Reaction_R-HSA-5419261
2080	http://purl.obolibrary.org/obo/go.owl#Protein_TMEM259
2081	http://purl.obolibrary.org/obo/go.owl#Protein_SUCLG1
2082	http://purl.obolibrary.org/obo/go.owl#Protein_TRMT61B
2083	http://purl.obolibrary.org/obo/go.owl#Reaction_R-HSA-9937518
2084	http://purl.obolibrary.org/obo/go.owl#Reaction_R-HSA-446391
2085	http://purl.obolibrary.org/obo/go.owl#Reaction_R-HSA-174121
2086	http://purl.obolibrary.org/obo/go.owl#Pathway_R-HSA-176409
2087	http://purl.obolibrary.org/obo/go.owl#Protein_NABP2
2088	http://purl.obolibrary.org/obo/go.owl#Protein_PPP1R2
2089	http://purl.obolibrary.org/obo/GO_0043069_instance
2090	http://purl.obolibrary.org/obo/go.owl#Protein_WDR20
2091	http://purl.obolibrary.org/obo/go.owl#Protein_EVI2A
2092	http://purl.obolibrary.org/obo/go.owl#Reaction_R-HSA-9825747
2093	http://purl.obolibrary.org/obo/go.owl#Protein_KRCC1
2094	http://purl.obolibrary.org/obo/go.owl#Reaction_R-HSA-1980065
2095	http://purl.obolibrary.org/obo/go.owl#Protein_NPTN
2096	http://purl.obolibrary.org/obo/go.owl#Protein_SUMO1
2097	http://purl.obolibrary.org/obo/go.owl#Reaction_R-HSA-399944
2098	http://purl.obolibrary.org/obo/GO_0051640_instance
2099	http://purl.obolibrary.org/obo/go.owl#Reaction_R-HSA-9912747
2100	http://purl.obolibrary.org/obo/go.owl#Pathway_R-HSA-1236975
2101	http://purl.obolibrary.org/obo/go.owl#Protein_EEF1B2
2102	http://purl.obolibrary.org/obo/GO_0006511_instance
2103	http://purl.obolibrary.org/obo/go.owl#Pathway_R-HSA-5389840
2104	http://purl.obolibrary.org/obo/GO_0022411_instance
2105	http://purl.obolibrary.org/obo/go.owl#Protein_ELF1
2106	http://purl.obolibrary.org/obo/GO_0060627_instance
2107	http://purl.obolibrary.org/obo/go.owl#Protein_ANKRA2
2108	http://purl.obolibrary.org/obo/go.owl#Protein_MRRF
2109	http://purl.obolibrary.org/obo/go.owl#Reaction_R-HSA-975119
2110	http://purl.obolibrary.org/obo/go.owl#Protein_TMEM154
2111	http://purl.obolibrary.org/obo/go.owl#Reaction_R-HSA-199917
2112	http://purl.obolibrary.org/obo/go.owl#Protein_STMN1
2113	http://purl.obolibrary.org/obo/GO_0099080_instance
2114	http://purl.obolibrary.org/obo/go.owl#Protein_FRG1
2115	http://purl.obolibrary.org/obo/go.owl#Protein_SACM1L
2116	http://purl.obolibrary.org/obo/GO_0002521_instance
2117	http://purl.obolibrary.org/obo/go.owl#Reaction_R-HSA-984648
2118	http://purl.obolibrary.org/obo/go.owl#Protein_MPHOSPH10
2119	http://purl.obolibrary.org/obo/go.owl#Protein_CERS6
2120	http://purl.obolibrary.org/obo/go.owl#Pathway_R-HSA-1369062
2121	http://purl.obolibrary.org/obo/go.owl#Reaction_R-HSA-9008832
2122	http://purl.obolibrary.org/obo/go.owl#Reaction_R-HSA-9606887
2123	http://purl.obolibrary.org/obo/go.owl#Pathway_R-HSA-3359462
2124	http://purl.obolibrary.org/obo/go.owl#Pathway_R-HSA-3296469
2125	http://purl.obolibrary.org/obo/GO_0043254_instance
2126	http://purl.obolibrary.org/obo/go.owl#Pathway_R-HSA-877300
2127	http://purl.obolibrary.org/obo/go.owl#Reaction_R-HSA-6789092
2128	http://purl.obolibrary.org/obo/go.owl#Pathway_R-HSA-1222556
2129	http://purl.obolibrary.org/obo/go.owl#Protein_AP1S1
2130	http://purl.obolibrary.org/obo/go.owl#Protein_RNF185
2131	http://purl.obolibrary.org/obo/go.owl#Reaction_R-HSA-428533
2132	http://purl.obolibrary.org/obo/go.owl#Pathway_R-HSA-167161
2133	http://purl.obolibrary.org/obo/go.owl#Reaction_R-HSA-6805981
2134	http://purl.obolibrary.org/obo/go.owl#Pathway_R-HSA-156827
2135	http://purl.obolibrary.org/obo/go.owl#Protein_UQCRH
2136	http://purl.obolibrary.org/obo/go.owl#Protein_SAP30L
2137	http://purl.obolibrary.org/obo/go.owl#Pathway_R-HSA-71240
2138	http://purl.obolibrary.org/obo/go.owl#Pathway_R-HSA-71291
2139	http://purl.obolibrary.org/obo/go.owl#Protein_H1-0
2140	http://purl.obolibrary.org/obo/go.owl#Reaction_R-HSA-9755303
2141	http://purl.obolibrary.org/obo/go.owl#Reaction_R-HSA-2262743
2142	http://purl.obolibrary.org/obo/go.owl#Reaction_R-HSA-8869438
2143	http://purl.obolibrary.org/obo/go.owl#Protein_ATP5ME
2144	http://purl.obolibrary.org/obo/go.owl#Protein_PPM1D
2145	http://purl.obolibrary.org/obo/GO_0001775_instance
2146	http://purl.obolibrary.org/obo/go.owl#Pathway_R-HSA-4419969
2147	http://purl.obolibrary.org/obo/go.owl#Protein_GAD1
2148	http://purl.obolibrary.org/obo/go.owl#Reaction_R-HSA-167083
2149	http://purl.obolibrary.org/obo/go.owl#Protein_KLRF1
2150	http://purl.obolibrary.org/obo/GO_0051236_instance
2151	http://purl.obolibrary.org/obo/go.owl#Reaction_R-HSA-9915986
2152	http://purl.obolibrary.org/obo/go.owl#Pathway_R-HSA-2142670
2153	http://purl.obolibrary.org/obo/go.owl#Reaction_R-HSA-193705
2154	http://purl.obolibrary.org/obo/go.owl#Protein_EAPP
2155	http://purl.obolibrary.org/obo/go.owl#Reaction_R-HSA-2316429
2156	http://purl.obolibrary.org/obo/go.owl#Pathway_R-HSA-9006925
2157	http://purl.obolibrary.org/obo/go.owl#Reaction_R-HSA-9708497
2158	http://purl.obolibrary.org/obo/go.owl#Reaction_R-HSA-1299478
2159	http://purl.obolibrary.org/obo/go.owl#Pathway_R-HSA-1268020
2160	http://purl.obolibrary.org/obo/go.owl#Protein_SCAF8
2161	http://purl.obolibrary.org/obo/go.owl#Reaction_R-HSA-374696
2162	http://purl.obolibrary.org/obo/go.owl#Protein_LMF2
2163	http://purl.obolibrary.org/obo/GO_0031984_instance
2164	http://purl.obolibrary.org/obo/go.owl#Reaction_R-HSA-1015702
2165	http://purl.obolibrary.org/obo/go.owl#Protein_FKBP2
2166	http://purl.obolibrary.org/obo/go.owl#Protein_AVP
2167	http://purl.obolibrary.org/obo/go.owl#Reaction_R-HSA-879584
2168	http://purl.obolibrary.org/obo/go.owl#Reaction_R-HSA-5660910
2169	http://purl.obolibrary.org/obo/go.owl#Pathway_R-HSA-5660862
2170	http://purl.obolibrary.org/obo/go.owl#Protein_ZFP36L1
2171	http://purl.obolibrary.org/obo/go.owl#Reaction_R-HSA-201515
2172	http://purl.obolibrary.org/obo/GO_0000139_instance
2173	http://purl.obolibrary.org/obo/go.owl#Protein_ELOVL5
2174	http://purl.obolibrary.org/obo/go.owl#Reaction_R-HSA-9908178
2175	http://purl.obolibrary.org/obo/go.owl#Reaction_R-HSA-1236970
2176	http://purl.obolibrary.org/obo/go.owl#Protein_BORCS6
2177	http://purl.obolibrary.org/obo/go.owl#Protein_ATXN1
2178	http://purl.obolibrary.org/obo/go.owl#Pathway_R-HSA-5696394
2179	http://purl.obolibrary.org/obo/go.owl#Protein_BTG1
2180	http://purl.obolibrary.org/obo/go.owl#Pathway_R-HSA-69481
2181	http://purl.obolibrary.org/obo/go.owl#Protein_SLC5A6
2182	http://purl.obolibrary.org/obo/go.owl#Reaction_R-HSA-429581
2183	http://purl.obolibrary.org/obo/go.owl#Reaction_R-HSA-3640874
2184	http://purl.obolibrary.org/obo/go.owl#Reaction_R-HSA-1791082
2185	http://purl.obolibrary.org/obo/GO_0030674_instance
2186	http://purl.obolibrary.org/obo/go.owl#Protein_TRIM21
2187	http://purl.obolibrary.org/obo/go.owl#Reaction_R-HSA-205244
2188	http://purl.obolibrary.org/obo/go.owl#Reaction_R-HSA-3322995
2189	http://purl.obolibrary.org/obo/go.owl#Protein_GMCL1
2190	http://purl.obolibrary.org/obo/go.owl#Reaction_R-HSA-5676595
2191	http://purl.obolibrary.org/obo/go.owl#Protein_ITPRID2
2192	http://purl.obolibrary.org/obo/GO_0051169_instance
2193	http://purl.obolibrary.org/obo/go.owl#Pathway_R-HSA-167243
2194	http://purl.obolibrary.org/obo/go.owl#Pathway_R-HSA-162599
2195	http://purl.obolibrary.org/obo/go.owl#Protein_PAK1IP1
2196	http://purl.obolibrary.org/obo/go.owl#Reaction_R-HSA-378513
2197	http://purl.obolibrary.org/obo/GO_0000323_instance
2198	http://purl.obolibrary.org/obo/go.owl#Pathway_R-HSA-9028335
2199	http://purl.obolibrary.org/obo/go.owl#Reaction_R-HSA-375154
2200	http://purl.obolibrary.org/obo/go.owl#Pathway_R-HSA-375165
2201	http://purl.obolibrary.org/obo/go.owl#Protein_ZFYVE27
2202	http://purl.obolibrary.org/obo/GO_0071782_instance
2203	http://purl.obolibrary.org/obo/go.owl#Reaction_R-HSA-6809003
2204	http://purl.obolibrary.org/obo/go.owl#Reaction_R-HSA-3229089
2205	http://purl.obolibrary.org/obo/go.owl#Reaction_R-HSA-112150
2206	http://purl.obolibrary.org/obo/go.owl#Pathway_R-HSA-9013508
2207	http://purl.obolibrary.org/obo/GO_0097708_instance
2208	http://purl.obolibrary.org/obo/go.owl#Protein_ZBTB11
2209	http://purl.obolibrary.org/obo/go.owl#Reaction_R-HSA-5655277
2210	http://purl.obolibrary.org/obo/go.owl#Pathway_R-HSA-5655332
2211	http://purl.obolibrary.org/obo/GO_0051301_instance
2212	http://purl.obolibrary.org/obo/GO_0009615_instance
2213	http://purl.obolibrary.org/obo/go.owl#Protein_HNRNPH3
2214	http://purl.obolibrary.org/obo/go.owl#Reaction_R-HSA-3928640
2215	http://purl.obolibrary.org/obo/go.owl#Pathway_R-HSA-1362300
2216	http://purl.obolibrary.org/obo/go.owl#Protein_SLC38A10
2217	http://purl.obolibrary.org/obo/go.owl#Reaction_R-HSA-9842876
2218	http://purl.obolibrary.org/obo/go.owl#Pathway_R-HSA-9843940
2219	http://purl.obolibrary.org/obo/GO_0030163_instance
2220	http://purl.obolibrary.org/obo/go.owl#Reaction_R-HSA-9646348
2221	http://purl.obolibrary.org/obo/go.owl#Protein_GIMAP1
2222	http://purl.obolibrary.org/obo/go.owl#Reaction_R-HSA-419197
2223	http://purl.obolibrary.org/obo/go.owl#Pathway_R-HSA-416572
2224	http://purl.obolibrary.org/obo/go.owl#Protein_SUSD1
2225	http://purl.obolibrary.org/obo/go.owl#Protein_DPM3
2226	http://purl.obolibrary.org/obo/go.owl#Reaction_R-HSA-447074
2227	http://purl.obolibrary.org/obo/go.owl#Pathway_R-HSA-5339700
2228	http://purl.obolibrary.org/obo/go.owl#Reaction_R-HSA-167196
2229	http://purl.obolibrary.org/obo/go.owl#Pathway_R-HSA-167172
2230	http://purl.obolibrary.org/obo/go.owl#Protein_PNPLA8
2231	http://purl.obolibrary.org/obo/go.owl#Reaction_R-HSA-3697920
2232	http://purl.obolibrary.org/obo/go.owl#Pathway_R-HSA-3214847
2233	http://purl.obolibrary.org/obo/go.owl#Reaction_R-HSA-2288097
2234	http://purl.obolibrary.org/obo/go.owl#Pathway_R-HSA-199992
2235	http://purl.obolibrary.org/obo/go.owl#Protein_PDE3B
2236	http://purl.obolibrary.org/obo/go.owl#Protein_COX5B
2237	http://purl.obolibrary.org/obo/go.owl#Reaction_R-HSA-9773803
2238	http://purl.obolibrary.org/obo/go.owl#Reaction_R-HSA-9649735
2239	http://purl.obolibrary.org/obo/GO_0031966_instance
2240	http://purl.obolibrary.org/obo/go.owl#Pathway_R-HSA-9843745
2241	http://purl.obolibrary.org/obo/go.owl#Protein_CARNMT1
2242	http://purl.obolibrary.org/obo/go.owl#Protein_RNF126
2243	http://purl.obolibrary.org/obo/go.owl#Reaction_R-HSA-5672966
2244	http://purl.obolibrary.org/obo/go.owl#Pathway_R-HSA-5673000
2245	http://purl.obolibrary.org/obo/go.owl#Protein_PCNP
2246	http://purl.obolibrary.org/obo/go.owl#Protein_HERPUD2
2247	http://purl.obolibrary.org/obo/GO_0034976_instance
2248	http://purl.obolibrary.org/obo/go.owl#Protein_ING2
2249	http://purl.obolibrary.org/obo/go.owl#Reaction_R-HSA-8866269
2250	http://purl.obolibrary.org/obo/go.owl#Pathway_R-HSA-8856828
2251	http://purl.obolibrary.org/obo/go.owl#Reaction_R-HSA-9750942
2252	http://purl.obolibrary.org/obo/go.owl#Pathway_R-HSA-446652
2253	http://purl.obolibrary.org/obo/go.owl#Pathway_R-HSA-167200
2254	http://purl.obolibrary.org/obo/go.owl#Reaction_R-HSA-9038545
2255	http://purl.obolibrary.org/obo/go.owl#Pathway_R-HSA-69275
2256	http://purl.obolibrary.org/obo/go.owl#Reaction_R-HSA-9793451
2257	http://purl.obolibrary.org/obo/go.owl#Protein_C19orf25
2258	http://purl.obolibrary.org/obo/go.owl#Reaction_R-HSA-75079
2259	http://purl.obolibrary.org/obo/go.owl#Protein_SACS
2260	http://purl.obolibrary.org/obo/GO_0070161_instance
2261	http://purl.obolibrary.org/obo/go.owl#Pathway_R-HSA-2467813
2262	http://purl.obolibrary.org/obo/GO_0043066_instance
2263	http://purl.obolibrary.org/obo/go.owl#Reaction_R-HSA-8938382
2264	http://purl.obolibrary.org/obo/go.owl#Protein_MYADM
2265	http://purl.obolibrary.org/obo/go.owl#Reaction_R-HSA-933525
2266	http://purl.obolibrary.org/obo/GO_0016604_instance
2267	http://purl.obolibrary.org/obo/go.owl#Reaction_R-HSA-9025969
2268	http://purl.obolibrary.org/obo/go.owl#Pathway_R-HSA-879415
2269	http://purl.obolibrary.org/obo/go.owl#Protein_HIGD1A
2270	http://purl.obolibrary.org/obo/go.owl#Reaction_R-HSA-9664918
2271	http://purl.obolibrary.org/obo/go.owl#Reaction_R-HSA-3240957
2272	http://purl.obolibrary.org/obo/go.owl#Reaction_R-HSA-9007462
2273	http://purl.obolibrary.org/obo/go.owl#Pathway_R-HSA-76002
2274	http://purl.obolibrary.org/obo/GO_0010256_instance
2275	http://purl.obolibrary.org/obo/go.owl#Protein_CCR5
2276	http://purl.obolibrary.org/obo/go.owl#Reaction_R-HSA-9613490
2277	http://purl.obolibrary.org/obo/go.owl#Pathway_R-HSA-9619483
2278	http://purl.obolibrary.org/obo/go.owl#Reaction_R-HSA-9647991
2279	http://purl.obolibrary.org/obo/go.owl#Protein_IL17RC
2280	http://purl.obolibrary.org/obo/go.owl#Protein_IKBIP
2281	http://purl.obolibrary.org/obo/go.owl#Pathway_R-HSA-445989
2282	http://purl.obolibrary.org/obo/go.owl#Reaction_R-HSA-437085
2283	http://purl.obolibrary.org/obo/go.owl#Reaction_R-HSA-449115
2284	http://purl.obolibrary.org/obo/go.owl#Protein_USP5
2285	http://purl.obolibrary.org/obo/go.owl#Pathway_R-HSA-3700989
2286	http://purl.obolibrary.org/obo/go.owl#Reaction_R-HSA-9859121
2287	http://purl.obolibrary.org/obo/GO_0035639_instance
2288	http://purl.obolibrary.org/obo/go.owl#Reaction_R-HSA-114577
2289	http://purl.obolibrary.org/obo/go.owl#Pathway_R-HSA-202733
2290	http://purl.obolibrary.org/obo/go.owl#Pathway_R-HSA-389957
2291	http://purl.obolibrary.org/obo/go.owl#Pathway_R-HSA-9825895
2292	http://purl.obolibrary.org/obo/go.owl#Reaction_R-HSA-5663232
2293	http://purl.obolibrary.org/obo/go.owl#Pathway_R-HSA-5663220
2294	http://purl.obolibrary.org/obo/go.owl#Protein_ARL6IP6
2295	http://purl.obolibrary.org/obo/go.owl#Reaction_R-HSA-5694435
2296	http://purl.obolibrary.org/obo/go.owl#Reaction_R-HSA-75146
2297	http://purl.obolibrary.org/obo/go.owl#Protein_MYO9B
2298	http://purl.obolibrary.org/obo/go.owl#Pathway_R-HSA-5358752
2299	http://purl.obolibrary.org/obo/go.owl#Reaction_R-HSA-9866132
2300	http://purl.obolibrary.org/obo/go.owl#Reaction_R-HSA-8941618
2301	http://purl.obolibrary.org/obo/go.owl#Protein_CTBP2
2302	http://purl.obolibrary.org/obo/GO_0060090_instance
2303	http://purl.obolibrary.org/obo/go.owl#Reaction_R-HSA-5690991
2304	http://purl.obolibrary.org/obo/go.owl#Reaction_R-HSA-9731018
2305	http://purl.obolibrary.org/obo/go.owl#Protein_SYPL1
2306	http://purl.obolibrary.org/obo/go.owl#Reaction_R-HSA-2468040
2307	http://purl.obolibrary.org/obo/go.owl#Reaction_R-HSA-9617838
2308	http://purl.obolibrary.org/obo/go.owl#Pathway_R-HSA-9617828
2309	http://purl.obolibrary.org/obo/go.owl#Pathway_R-HSA-9010553
2310	http://purl.obolibrary.org/obo/go.owl#Reaction_R-HSA-375302
2311	http://purl.obolibrary.org/obo/go.owl#Pathway_R-HSA-5655253
2312	http://purl.obolibrary.org/obo/go.owl#Protein_FAM133B
2313	http://purl.obolibrary.org/obo/go.owl#Pathway_R-HSA-9648025
2314	http://purl.obolibrary.org/obo/go.owl#Reaction_R-HSA-5682598
2315	http://purl.obolibrary.org/obo/go.owl#Pathway_R-HSA-5693532
2316	http://purl.obolibrary.org/obo/go.owl#Reaction_R-HSA-3296462
2317	http://purl.obolibrary.org/obo/go.owl#Reaction_R-HSA-210290
2318	http://purl.obolibrary.org/obo/go.owl#Pathway_R-HSA-210990
2319	http://purl.obolibrary.org/obo/go.owl#Reaction_R-HSA-5654596
2320	http://purl.obolibrary.org/obo/go.owl#Protein_TMF1
2321	http://purl.obolibrary.org/obo/go.owl#Reaction_R-HSA-9933194
2322	http://purl.obolibrary.org/obo/GO_0030141_instance
2323	http://purl.obolibrary.org/obo/go.owl#Reaction_R-HSA-210291
2324	http://purl.obolibrary.org/obo/go.owl#Reaction_R-HSA-9013022
2325	http://purl.obolibrary.org/obo/go.owl#Pathway_R-HSA-442982
2326	http://purl.obolibrary.org/obo/go.owl#Pathway_R-HSA-442742
2327	http://purl.obolibrary.org/obo/go.owl#Protein_FAM174A
2328	http://purl.obolibrary.org/obo/go.owl#Pathway_R-HSA-72613
2329	http://purl.obolibrary.org/obo/go.owl#Reaction_R-HSA-8871193
2330	http://purl.obolibrary.org/obo/GO_0001817_instance
2331	http://purl.obolibrary.org/obo/go.owl#Pathway_R-HSA-9610379
2332	http://purl.obolibrary.org/obo/go.owl#Protein_TMEM62
2333	http://purl.obolibrary.org/obo/GO_0044389_instance
2334	http://purl.obolibrary.org/obo/go.owl#Protein_RGPD2
2335	http://purl.obolibrary.org/obo/GO_0006913_instance
2336	http://purl.obolibrary.org/obo/go.owl#Pathway_R-HSA-8984722
2337	http://purl.obolibrary.org/obo/go.owl#Protein_SPATA13
2338	http://purl.obolibrary.org/obo/go.owl#Reaction_R-HSA-8855131
2339	http://purl.obolibrary.org/obo/go.owl#Pathway_R-HSA-8866427
2340	http://purl.obolibrary.org/obo/go.owl#Reaction_R-HSA-452838
2341	http://purl.obolibrary.org/obo/go.owl#Pathway_R-HSA-452723
2342	http://purl.obolibrary.org/obo/go.owl#Protein_CRTC1
2343	http://purl.obolibrary.org/obo/go.owl#Pathway_R-HSA-2151201
2344	http://purl.obolibrary.org/obo/go.owl#Protein_PTPN12
2345	http://purl.obolibrary.org/obo/go.owl#Reaction_R-HSA-164508
2346	http://purl.obolibrary.org/obo/GO_0065010_instance
2347	http://purl.obolibrary.org/obo/go.owl#Pathway_R-HSA-181438
2348	http://purl.obolibrary.org/obo/GO_0010467_instance
2349	http://purl.obolibrary.org/obo/go.owl#Reaction_R-HSA-5654594
2350	http://purl.obolibrary.org/obo/go.owl#Protein_ARMT1
2351	http://purl.obolibrary.org/obo/go.owl#Reaction_R-HSA-3900047
2352	http://purl.obolibrary.org/obo/go.owl#Reaction_R-HSA-177692
2353	http://purl.obolibrary.org/obo/go.owl#Reaction_R-HSA-8954110
2354	http://purl.obolibrary.org/obo/go.owl#Reaction_R-HSA-4551655
2355	http://purl.obolibrary.org/obo/go.owl#Pathway_R-HSA-2990846
2356	http://purl.obolibrary.org/obo/go.owl#Reaction_R-HSA-2316352
2357	http://purl.obolibrary.org/obo/go.owl#Reaction_R-HSA-354077
2358	http://purl.obolibrary.org/obo/go.owl#Pathway_R-HSA-354192
2359	http://purl.obolibrary.org/obo/go.owl#Reaction_R-HSA-5626220
2360	http://purl.obolibrary.org/obo/go.owl#Protein_VRK3
2361	http://purl.obolibrary.org/obo/go.owl#Pathway_R-HSA-202670
2362	http://purl.obolibrary.org/obo/go.owl#Reaction_R-HSA-74220
2363	http://purl.obolibrary.org/obo/go.owl#Pathway_R-HSA-15869
2364	http://purl.obolibrary.org/obo/go.owl#Reaction_R-HSA-170704
2365	http://purl.obolibrary.org/obo/go.owl#Protein_ARMC7
2366	http://purl.obolibrary.org/obo/go.owl#Protein_TMSB4X
2367	http://purl.obolibrary.org/obo/go.owl#Protein_OSGIN1
2368	http://purl.obolibrary.org/obo/GO_0008134_instance
2369	http://purl.obolibrary.org/obo/go.owl#Protein_USP6
2370	http://purl.obolibrary.org/obo/go.owl#Protein_UBAP2L
2371	http://purl.obolibrary.org/obo/go.owl#Reaction_R-HSA-9755244
2372	http://purl.obolibrary.org/obo/go.owl#Protein_PPHLN1
2373	http://purl.obolibrary.org/obo/go.owl#Reaction_R-HSA-3322424
2374	http://purl.obolibrary.org/obo/go.owl#Pathway_R-HSA-201681
2375	http://purl.obolibrary.org/obo/go.owl#Reaction_R-HSA-8950314
2376	http://purl.obolibrary.org/obo/go.owl#Reaction_R-HSA-9680443
2377	http://purl.obolibrary.org/obo/go.owl#Reaction_R-HSA-5357477
2378	http://purl.obolibrary.org/obo/go.owl#Pathway_R-HSA-5218920
2379	http://purl.obolibrary.org/obo/go.owl#Reaction_R-HSA-9021325
2380	http://purl.obolibrary.org/obo/go.owl#Reaction_R-HSA-5660965
2381	http://purl.obolibrary.org/obo/go.owl#Reaction_R-HSA-6803892
2382	http://purl.obolibrary.org/obo/go.owl#Pathway_R-HSA-5218921
2383	http://purl.obolibrary.org/obo/go.owl#Pathway_R-HSA-194138
2384	http://purl.obolibrary.org/obo/go.owl#Protein_ASB8
2385	http://purl.obolibrary.org/obo/go.owl#Reaction_R-HSA-8855259
2386	http://purl.obolibrary.org/obo/go.owl#Pathway_R-HSA-8866376
2387	http://purl.obolibrary.org/obo/go.owl#Reaction_R-HSA-9665701
2388	http://purl.obolibrary.org/obo/go.owl#Pathway_R-HSA-9665686
2389	http://purl.obolibrary.org/obo/go.owl#Reaction_R-HSA-114563
2390	http://purl.obolibrary.org/obo/go.owl#Reaction_R-HSA-8937113
2391	http://purl.obolibrary.org/obo/go.owl#Reaction_R-HSA-5686642
2392	http://purl.obolibrary.org/obo/go.owl#Reaction_R-HSA-9693009
2393	http://purl.obolibrary.org/obo/go.owl#Pathway_R-HSA-9690406
2394	http://purl.obolibrary.org/obo/go.owl#Pathway_R-HSA-5654699
2395	http://purl.obolibrary.org/obo/go.owl#Reaction_R-HSA-6807872
2396	http://purl.obolibrary.org/obo/go.owl#Pathway_R-HSA-6807878
2397	http://purl.obolibrary.org/obo/go.owl#Reaction_R-HSA-6799179
2398	http://purl.obolibrary.org/obo/GO_0051276_instance
2399	http://purl.obolibrary.org/obo/go.owl#Protein_CD9
2400	http://purl.obolibrary.org/obo/go.owl#Reaction_R-HSA-9033478
2401	http://purl.obolibrary.org/obo/go.owl#Pathway_R-HSA-9033241
2402	http://purl.obolibrary.org/obo/go.owl#Reaction_R-HSA-111919
2403	http://purl.obolibrary.org/obo/go.owl#Pathway_R-HSA-112315
2404	http://purl.obolibrary.org/obo/go.owl#Protein_WDSUB1
2405	http://purl.obolibrary.org/obo/GO_0019787_instance
2406	http://purl.obolibrary.org/obo/go.owl#Reaction_R-HSA-2168885
2407	http://purl.obolibrary.org/obo/go.owl#Reaction_R-HSA-8937050
2408	http://purl.obolibrary.org/obo/go.owl#Reaction_R-HSA-5334052
2409	http://purl.obolibrary.org/obo/go.owl#Reaction_R-HSA-4411367
2410	http://purl.obolibrary.org/obo/go.owl#Pathway_R-HSA-201722
2411	http://purl.obolibrary.org/obo/go.owl#Reaction_R-HSA-170847
2412	http://purl.obolibrary.org/obo/go.owl#Protein_LCOR
2413	http://purl.obolibrary.org/obo/go.owl#Reaction_R-HSA-3788705
2414	http://purl.obolibrary.org/obo/go.owl#Reaction_R-HSA-9758090
2415	http://purl.obolibrary.org/obo/go.owl#Reaction_R-HSA-983152
2416	http://purl.obolibrary.org/obo/go.owl#Pathway_R-HSA-983168
2417	http://purl.obolibrary.org/obo/go.owl#Protein_TRIM24
2418	http://purl.obolibrary.org/obo/go.owl#Reaction_R-HSA-9018808
2419	http://purl.obolibrary.org/obo/go.owl#Pathway_R-HSA-2025928
2420	http://purl.obolibrary.org/obo/go.owl#Reaction_R-HSA-9680388
2421	http://purl.obolibrary.org/obo/go.owl#Protein_PSME1
2422	http://purl.obolibrary.org/obo/go.owl#Reaction_R-HSA-4656914
2423	http://purl.obolibrary.org/obo/go.owl#Reaction_R-HSA-9632873
2424	http://purl.obolibrary.org/obo/go.owl#Pathway_R-HSA-72737
2425	http://purl.obolibrary.org/obo/GO_0005815_instance
2426	http://purl.obolibrary.org/obo/go.owl#Reaction_R-HSA-1454699
2427	http://purl.obolibrary.org/obo/go.owl#Pathway_R-HSA-1445148
2428	http://purl.obolibrary.org/obo/go.owl#Reaction_R-HSA-4419978
2429	http://purl.obolibrary.org/obo/go.owl#Reaction_R-HSA-264444
2430	http://purl.obolibrary.org/obo/go.owl#Protein_TMEM88
2431	http://purl.obolibrary.org/obo/GO_0008064_instance
2432	http://purl.obolibrary.org/obo/go.owl#Pathway_R-HSA-881907
2433	http://purl.obolibrary.org/obo/go.owl#Reaction_R-HSA-191114
2434	http://purl.obolibrary.org/obo/go.owl#Pathway_R-HSA-189085
2435	http://purl.obolibrary.org/obo/go.owl#Protein_ILRUN
2436	http://purl.obolibrary.org/obo/go.owl#Reaction_R-HSA-168053
2437	http://purl.obolibrary.org/obo/go.owl#Reaction_R-HSA-9770142
2438	http://purl.obolibrary.org/obo/go.owl#Reaction_R-HSA-169719
2439	http://purl.obolibrary.org/obo/GO_0061919_instance
2440	http://purl.obolibrary.org/obo/go.owl#Reaction_R-HSA-1295613
2441	http://purl.obolibrary.org/obo/go.owl#Pathway_R-HSA-5654727
2442	http://purl.obolibrary.org/obo/go.owl#Protein_TTC21A
2443	http://purl.obolibrary.org/obo/go.owl#Reaction_R-HSA-1295622
2444	http://purl.obolibrary.org/obo/go.owl#Pathway_R-HSA-9735869
2445	http://purl.obolibrary.org/obo/go.owl#Reaction_R-HSA-9861616
2446	http://purl.obolibrary.org/obo/go.owl#Pathway_R-HSA-917937
2447	http://purl.obolibrary.org/obo/go.owl#Reaction_R-HSA-6807864
2448	http://purl.obolibrary.org/obo/go.owl#Pathway_R-HSA-9934037
2449	http://purl.obolibrary.org/obo/go.owl#Pathway_R-HSA-69656
2450	http://purl.obolibrary.org/obo/go.owl#Protein_KRIT1
2451	http://purl.obolibrary.org/obo/go.owl#Protein_RAP1B
2452	http://purl.obolibrary.org/obo/go.owl#Reaction_R-HSA-8865505
2453	http://purl.obolibrary.org/obo/go.owl#Reaction_R-HSA-167133
2454	http://purl.obolibrary.org/obo/go.owl#Reaction_R-HSA-9860500
2455	http://purl.obolibrary.org/obo/go.owl#Reaction_R-HSA-2201293
2456	http://purl.obolibrary.org/obo/go.owl#Reaction_R-HSA-372693
2457	http://purl.obolibrary.org/obo/go.owl#Protein_CRTAP
2458	http://purl.obolibrary.org/obo/GO_0051258_instance
2459	http://purl.obolibrary.org/obo/go.owl#Reaction_R-HSA-3000310
2460	http://purl.obolibrary.org/obo/go.owl#Reaction_R-HSA-8962039
2461	http://purl.obolibrary.org/obo/go.owl#Pathway_R-HSA-69205
2462	http://purl.obolibrary.org/obo/go.owl#Protein_MCM7
2463	http://purl.obolibrary.org/obo/go.owl#Protein_IQGAP2
2464	http://purl.obolibrary.org/obo/go.owl#Pathway_R-HSA-75158
2465	http://purl.obolibrary.org/obo/go.owl#Reaction_R-HSA-976734
2466	http://purl.obolibrary.org/obo/go.owl#Protein_DTNBP1
2467	http://purl.obolibrary.org/obo/go.owl#Reaction_R-HSA-75866
2468	http://purl.obolibrary.org/obo/go.owl#Pathway_R-HSA-72202
2469	http://purl.obolibrary.org/obo/go.owl#Reaction_R-HSA-2197691
2470	http://purl.obolibrary.org/obo/go.owl#Reaction_R-HSA-1214188
2471	http://purl.obolibrary.org/obo/go.owl#Pathway_R-HSA-912446
2472	http://purl.obolibrary.org/obo/go.owl#Protein_LEPR
2473	http://purl.obolibrary.org/obo/go.owl#Reaction_R-HSA-2029451
2474	http://purl.obolibrary.org/obo/go.owl#Reaction_R-HSA-264865
2475	http://purl.obolibrary.org/obo/go.owl#Pathway_R-HSA-352238
2476	http://purl.obolibrary.org/obo/go.owl#Reaction_R-HSA-5693153
2477	http://purl.obolibrary.org/obo/GO_0045934_instance
2478	http://purl.obolibrary.org/obo/go.owl#Protein_PKIA
2479	http://purl.obolibrary.org/obo/go.owl#Reaction_R-HSA-9708430
2480	http://purl.obolibrary.org/obo/go.owl#Reaction_R-HSA-9029150
2481	http://purl.obolibrary.org/obo/go.owl#Reaction_R-HSA-5672010
2482	http://purl.obolibrary.org/obo/go.owl#Pathway_R-HSA-72163
2483	http://purl.obolibrary.org/obo/go.owl#Protein_CISD1
2484	http://purl.obolibrary.org/obo/go.owl#Pathway_R-HSA-3000480
2485	http://purl.obolibrary.org/obo/go.owl#Reaction_R-HSA-113413
2486	http://purl.obolibrary.org/obo/go.owl#Pathway_R-HSA-9833482
2487	http://purl.obolibrary.org/obo/go.owl#Reaction_R-HSA-9909604
2488	http://purl.obolibrary.org/obo/go.owl#Protein_NNT
2489	http://purl.obolibrary.org/obo/go.owl#Pathway_R-HSA-168271
2490	http://purl.obolibrary.org/obo/go.owl#Pathway_R-HSA-380320
2491	http://purl.obolibrary.org/obo/go.owl#Reaction_R-HSA-9865579
2492	http://purl.obolibrary.org/obo/go.owl#Reaction_R-HSA-9734670
2493	http://purl.obolibrary.org/obo/go.owl#Pathway_R-HSA-69002
2494	http://purl.obolibrary.org/obo/go.owl#Reaction_R-HSA-8877813
2495	http://purl.obolibrary.org/obo/go.owl#Pathway_R-HSA-201556
2496	http://purl.obolibrary.org/obo/go.owl#Reaction_R-HSA-419002
2497	http://purl.obolibrary.org/obo/go.owl#Protein_POU2AF1
2498	http://purl.obolibrary.org/obo/go.owl#Reaction_R-HSA-188371
2499	http://purl.obolibrary.org/obo/go.owl#Protein_LBR
2500	http://purl.obolibrary.org/obo/go.owl#Pathway_R-HSA-2408508
2501	http://purl.obolibrary.org/obo/go.owl#Reaction_R-HSA-2466392
2502	http://purl.obolibrary.org/obo/go.owl#Reaction_R-HSA-2213248
2503	http://purl.obolibrary.org/obo/go.owl#Reaction_R-HSA-9021627
2504	http://purl.obolibrary.org/obo/go.owl#Reaction_R-HSA-445797
2505	http://purl.obolibrary.org/obo/go.owl#Protein_NAMPT
2506	http://purl.obolibrary.org/obo/go.owl#Reaction_R-HSA-9035517
2507	http://purl.obolibrary.org/obo/go.owl#Pathway_R-HSA-9036092
2508	http://purl.obolibrary.org/obo/go.owl#Reaction_R-HSA-3790130
2509	http://purl.obolibrary.org/obo/go.owl#Reaction_R-HSA-9908721
2510	http://purl.obolibrary.org/obo/go.owl#Reaction_R-HSA-5368580
2511	http://purl.obolibrary.org/obo/go.owl#Reaction_R-HSA-72697
2512	http://purl.obolibrary.org/obo/go.owl#Pathway_R-HSA-9772573
2513	http://purl.obolibrary.org/obo/go.owl#Pathway_R-HSA-5689880
2514	http://purl.obolibrary.org/obo/go.owl#Reaction_R-HSA-167474
2515	http://purl.obolibrary.org/obo/go.owl#Protein_BTF3L4
2516	http://purl.obolibrary.org/obo/go.owl#Protein_EXOC3
2517	http://purl.obolibrary.org/obo/go.owl#Reaction_R-HSA-434362
2518	http://purl.obolibrary.org/obo/go.owl#Reaction_R-HSA-5684267
2519	http://purl.obolibrary.org/obo/go.owl#Pathway_R-HSA-5684264
2520	http://purl.obolibrary.org/obo/go.owl#Pathway_R-HSA-5633007
2521	http://purl.obolibrary.org/obo/GO_0044087_instance
2522	http://purl.obolibrary.org/obo/go.owl#Reaction_R-HSA-9866164
2523	http://purl.obolibrary.org/obo/go.owl#Pathway_R-HSA-9865881
2524	http://purl.obolibrary.org/obo/go.owl#Reaction_R-HSA-167408
2525	http://purl.obolibrary.org/obo/go.owl#Pathway_R-HSA-202040
2526	http://purl.obolibrary.org/obo/go.owl#Reaction_R-HSA-418868
2527	http://purl.obolibrary.org/obo/go.owl#Pathway_R-HSA-418885
2528	http://purl.obolibrary.org/obo/GO_0005793_instance
2529	http://purl.obolibrary.org/obo/go.owl#Pathway_R-HSA-6781827
2530	http://purl.obolibrary.org/obo/go.owl#Reaction_R-HSA-5672973
2531	http://purl.obolibrary.org/obo/go.owl#Pathway_R-HSA-111465
2532	http://purl.obolibrary.org/obo/go.owl#Reaction_R-HSA-9632412
2533	http://purl.obolibrary.org/obo/go.owl#Pathway_R-HSA-8939211
2534	http://purl.obolibrary.org/obo/go.owl#Reaction_R-HSA-9026891
2535	http://purl.obolibrary.org/obo/go.owl#Reaction_R-HSA-2468041
2536	http://purl.obolibrary.org/obo/go.owl#Pathway_R-HSA-6802949
2537	http://purl.obolibrary.org/obo/go.owl#Pathway_R-HSA-6802957
2538	http://purl.obolibrary.org/obo/go.owl#Reaction_R-HSA-4655374
2539	http://purl.obolibrary.org/obo/go.owl#Reaction_R-HSA-8849350
2540	http://purl.obolibrary.org/obo/go.owl#Pathway_R-HSA-6811442
2541	http://purl.obolibrary.org/obo/go.owl#Reaction_R-HSA-9665702
2542	http://purl.obolibrary.org/obo/go.owl#Reaction_R-HSA-9014294
2543	http://purl.obolibrary.org/obo/go.owl#Pathway_R-HSA-9013404
2544	http://purl.obolibrary.org/obo/go.owl#Protein_RAD51D
2545	http://purl.obolibrary.org/obo/GO_0051168_instance
2546	http://purl.obolibrary.org/obo/GO_0009057_instance
2547	http://purl.obolibrary.org/obo/go.owl#Pathway_R-HSA-72165
2548	http://purl.obolibrary.org/obo/go.owl#Reaction_R-HSA-9674562
2549	http://purl.obolibrary.org/obo/go.owl#Reaction_R-HSA-3927959
2550	http://purl.obolibrary.org/obo/go.owl#Pathway_R-HSA-3899300
2551	http://purl.obolibrary.org/obo/go.owl#Reaction_R-HSA-9708517
2552	http://purl.obolibrary.org/obo/go.owl#Protein_PLBD2
2553	http://purl.obolibrary.org/obo/GO_0061024_instance
2554	http://purl.obolibrary.org/obo/go.owl#Reaction_R-HSA-9909623
2555	http://purl.obolibrary.org/obo/go.owl#Reaction_R-HSA-166119
2556	http://purl.obolibrary.org/obo/go.owl#Reaction_R-HSA-6782138
2557	http://purl.obolibrary.org/obo/go.owl#Reaction_R-HSA-4719424
2558	http://purl.obolibrary.org/obo/go.owl#Reaction_R-HSA-9031624
2559	http://purl.obolibrary.org/obo/go.owl#Reaction_R-HSA-933536
2560	http://purl.obolibrary.org/obo/go.owl#Reaction_R-HSA-9011300
2561	http://purl.obolibrary.org/obo/go.owl#Protein_CTDSP2
2562	http://purl.obolibrary.org/obo/go.owl#Reaction_R-HSA-8948612
2563	http://purl.obolibrary.org/obo/go.owl#Pathway_R-HSA-69239
2564	http://purl.obolibrary.org/obo/go.owl#Reaction_R-HSA-5218813
2565	http://purl.obolibrary.org/obo/go.owl#Protein_NFKB2
2566	http://purl.obolibrary.org/obo/go.owl#Pathway_R-HSA-983695
2567	http://purl.obolibrary.org/obo/go.owl#Reaction_R-HSA-5663124
2568	http://purl.obolibrary.org/obo/go.owl#Pathway_R-HSA-1368108
2569	http://purl.obolibrary.org/obo/go.owl#Protein_SNX19
2570	http://purl.obolibrary.org/obo/go.owl#Reaction_R-HSA-9937512
2571	http://purl.obolibrary.org/obo/go.owl#Reaction_R-HSA-9670433
2572	http://purl.obolibrary.org/obo/go.owl#Protein_ASB6
2573	http://purl.obolibrary.org/obo/go.owl#Pathway_R-HSA-72203
2574	http://purl.obolibrary.org/obo/go.owl#Protein_GRIN3A
2575	http://purl.obolibrary.org/obo/go.owl#Reaction_R-HSA-8978926
2576	http://purl.obolibrary.org/obo/GO_0032956_instance
2577	http://purl.obolibrary.org/obo/go.owl#Pathway_R-HSA-9692914
2578	http://purl.obolibrary.org/obo/go.owl#Reaction_R-HSA-9858308
2579	http://purl.obolibrary.org/obo/go.owl#Reaction_R-HSA-9614810
2580	http://purl.obolibrary.org/obo/go.owl#Reaction_R-HSA-112379
2581	http://purl.obolibrary.org/obo/go.owl#Reaction_R-HSA-179421
2582	http://purl.obolibrary.org/obo/go.owl#Protein_ZNF589
2583	http://purl.obolibrary.org/obo/go.owl#Reaction_R-HSA-9823904
2584	http://purl.obolibrary.org/obo/go.owl#Protein_FMNL1
2585	http://purl.obolibrary.org/obo/go.owl#Reaction_R-HSA-9013145
2586	http://purl.obolibrary.org/obo/go.owl#Reaction_R-HSA-9021600
2587	http://purl.obolibrary.org/obo/go.owl#Reaction_R-HSA-376121
2588	http://purl.obolibrary.org/obo/go.owl#Reaction_R-HSA-188345
2589	http://purl.obolibrary.org/obo/go.owl#Pathway_R-HSA-141430
2590	http://purl.obolibrary.org/obo/go.owl#Pathway_R-HSA-453276
2591	http://purl.obolibrary.org/obo/go.owl#Reaction_R-HSA-9634219
2592	http://purl.obolibrary.org/obo/go.owl#Pathway_R-HSA-2555396
2593	http://purl.obolibrary.org/obo/go.owl#Protein_BCR
2594	http://purl.obolibrary.org/obo/go.owl#Pathway_R-HSA-73614
2595	http://purl.obolibrary.org/obo/go.owl#Reaction_R-HSA-9684068
2596	http://purl.obolibrary.org/obo/go.owl#Pathway_R-HSA-5578775
2597	http://purl.obolibrary.org/obo/go.owl#Reaction_R-HSA-3000411
2598	http://purl.obolibrary.org/obo/go.owl#Protein_STIL
2599	http://purl.obolibrary.org/obo/go.owl#Reaction_R-HSA-2426259
2600	http://purl.obolibrary.org/obo/go.owl#Reaction_R-HSA-418579
2601	http://purl.obolibrary.org/obo/go.owl#Pathway_R-HSA-68875
2602	http://purl.obolibrary.org/obo/go.owl#Reaction_R-HSA-1678842
2603	http://purl.obolibrary.org/obo/GO_0012501_instance
2604	http://purl.obolibrary.org/obo/go.owl#Reaction_R-HSA-5685603
2605	http://purl.obolibrary.org/obo/go.owl#Pathway_R-HSA-936837
2606	http://purl.obolibrary.org/obo/go.owl#Pathway_R-HSA-5696399
2607	http://purl.obolibrary.org/obo/go.owl#Reaction_R-HSA-9925190
2608	http://purl.obolibrary.org/obo/go.owl#Reaction_R-HSA-8938487
2609	http://purl.obolibrary.org/obo/go.owl#Reaction_R-HSA-9793680
2610	http://purl.obolibrary.org/obo/go.owl#Protein_MAP7
2611	http://purl.obolibrary.org/obo/GO_0044839_instance
2612	http://purl.obolibrary.org/obo/go.owl#Pathway_R-HSA-445095
2613	http://purl.obolibrary.org/obo/go.owl#Reaction_R-HSA-5692788
2614	http://purl.obolibrary.org/obo/go.owl#Pathway_R-HSA-5687128
2615	http://purl.obolibrary.org/obo/go.owl#Reaction_R-HSA-141422
2616	http://purl.obolibrary.org/obo/go.owl#Pathway_R-HSA-141424
2617	http://purl.obolibrary.org/obo/go.owl#Reaction_R-HSA-2730876
2618	http://purl.obolibrary.org/obo/go.owl#Reaction_R-HSA-166041
2619	http://purl.obolibrary.org/obo/go.owl#Reaction_R-HSA-5672980
2620	http://purl.obolibrary.org/obo/go.owl#Protein_IRF2
2621	http://purl.obolibrary.org/obo/go.owl#Reaction_R-HSA-4570489
2622	http://purl.obolibrary.org/obo/go.owl#Reaction_R-HSA-75885
2623	http://purl.obolibrary.org/obo/go.owl#Reaction_R-HSA-9647999
2624	http://purl.obolibrary.org/obo/go.owl#Pathway_R-HSA-9648002
2625	http://purl.obolibrary.org/obo/go.owl#Pathway_R-HSA-69620
2626	http://purl.obolibrary.org/obo/go.owl#Pathway_R-HSA-975163
2627	http://purl.obolibrary.org/obo/go.owl#Reaction_R-HSA-418158
2628	http://purl.obolibrary.org/obo/go.owl#Protein_ZMYM5
2629	http://purl.obolibrary.org/obo/go.owl#Protein_KIR2DL3
2630	http://purl.obolibrary.org/obo/go.owl#Reaction_R-HSA-9645598
2631	http://purl.obolibrary.org/obo/GO_1901988_instance
2632	http://purl.obolibrary.org/obo/go.owl#Protein_UBTF
2633	http://purl.obolibrary.org/obo/go.owl#Reaction_R-HSA-1168768
2634	http://purl.obolibrary.org/obo/go.owl#Reaction_R-HSA-110144
2635	http://purl.obolibrary.org/obo/go.owl#Reaction_R-HSA-5661120
2636	http://purl.obolibrary.org/obo/go.owl#Protein_N4BP2L1
2637	http://purl.obolibrary.org/obo/go.owl#Reaction_R-HSA-9824598
2638	http://purl.obolibrary.org/obo/go.owl#Pathway_R-HSA-9730414
2639	http://purl.obolibrary.org/obo/go.owl#Pathway_R-HSA-202424
2640	http://purl.obolibrary.org/obo/go.owl#Pathway_R-HSA-9933939
2641	http://purl.obolibrary.org/obo/go.owl#Reaction_R-HSA-1251997
2642	http://purl.obolibrary.org/obo/go.owl#Protein_TSPAN2
2643	http://purl.obolibrary.org/obo/go.owl#Reaction_R-HSA-111898
2644	http://purl.obolibrary.org/obo/go.owl#Reaction_R-HSA-9705461
2645	http://purl.obolibrary.org/obo/go.owl#Reaction_R-HSA-77069
2646	http://purl.obolibrary.org/obo/GO_0043067_instance
2647	http://purl.obolibrary.org/obo/GO_0006508_instance
2648	http://purl.obolibrary.org/obo/go.owl#Reaction_R-HSA-203553
2649	http://purl.obolibrary.org/obo/go.owl#Reaction_R-HSA-8874470
2650	http://purl.obolibrary.org/obo/go.owl#Reaction_R-HSA-174224
2651	http://purl.obolibrary.org/obo/go.owl#Pathway_R-HSA-381070
2652	http://purl.obolibrary.org/obo/go.owl#Reaction_R-HSA-4616015
2653	http://purl.obolibrary.org/obo/GO_0036464_instance
2654	http://purl.obolibrary.org/obo/go.owl#Reaction_R-HSA-5660757
2655	http://purl.obolibrary.org/obo/go.owl#Pathway_R-HSA-975957
2656	http://purl.obolibrary.org/obo/go.owl#Pathway_R-HSA-68867
2657	http://purl.obolibrary.org/obo/go.owl#Reaction_R-HSA-9670418
2658	http://purl.obolibrary.org/obo/GO_0046649_instance
2659	http://purl.obolibrary.org/obo/go.owl#Reaction_R-HSA-75016
2660	http://purl.obolibrary.org/obo/go.owl#Pathway_R-HSA-2179392
2661	http://purl.obolibrary.org/obo/go.owl#Reaction_R-HSA-450325
2662	http://purl.obolibrary.org/obo/go.owl#Reaction_R-HSA-9651280
2663	http://purl.obolibrary.org/obo/go.owl#Pathway_R-HSA-9753510
2664	http://purl.obolibrary.org/obo/go.owl#Reaction_R-HSA-1169395
2665	http://purl.obolibrary.org/obo/go.owl#Protein_ZDHHC24
2666	http://purl.obolibrary.org/obo/go.owl#Pathway_R-HSA-9701898
2667	http://purl.obolibrary.org/obo/go.owl#Reaction_R-HSA-751001
2668	http://purl.obolibrary.org/obo/go.owl#Reaction_R-HSA-5672957
2669	http://purl.obolibrary.org/obo/go.owl#Reaction_R-HSA-751027
2670	http://purl.obolibrary.org/obo/go.owl#Pathway_R-HSA-416482
2671	http://purl.obolibrary.org/obo/go.owl#Reaction_R-HSA-2467794
2672	http://purl.obolibrary.org/obo/go.owl#Reaction_R-HSA-560498
2673	http://purl.obolibrary.org/obo/go.owl#Reaction_R-HSA-5693061
2674	http://purl.obolibrary.org/obo/go.owl#Reaction_R-HSA-5684052
2675	http://purl.obolibrary.org/obo/go.owl#Pathway_R-HSA-72695
2676	http://purl.obolibrary.org/obo/go.owl#Reaction_R-HSA-9017507
2677	http://purl.obolibrary.org/obo/go.owl#Reaction_R-HSA-5607724
2678	http://purl.obolibrary.org/obo/go.owl#Pathway_R-HSA-111931
2679	http://purl.obolibrary.org/obo/go.owl#Protein_TRAK1
2680	http://purl.obolibrary.org/obo/go.owl#Reaction_R-HSA-5610760
2681	http://purl.obolibrary.org/obo/go.owl#Pathway_R-HSA-5610780
2682	http://purl.obolibrary.org/obo/go.owl#Reaction_R-HSA-751013
2683	http://purl.obolibrary.org/obo/go.owl#Protein_PTGDS
2684	http://purl.obolibrary.org/obo/go.owl#Pathway_R-HSA-5654689
2685	http://purl.obolibrary.org/obo/go.owl#Reaction_R-HSA-873927
2686	http://purl.obolibrary.org/obo/go.owl#Pathway_R-HSA-9725371
2687	http://purl.obolibrary.org/obo/go.owl#Reaction_R-HSA-5357927
2688	http://purl.obolibrary.org/obo/go.owl#Protein_TRIP6
2689	http://purl.obolibrary.org/obo/go.owl#Pathway_R-HSA-1660516
2690	http://purl.obolibrary.org/obo/go.owl#Reaction_R-HSA-9011984
2691	http://purl.obolibrary.org/obo/GO_0010494_instance
2692	http://purl.obolibrary.org/obo/go.owl#Reaction_R-HSA-5626699
2693	http://purl.obolibrary.org/obo/go.owl#Protein_COG3
2694	http://purl.obolibrary.org/obo/go.owl#Reaction_R-HSA-167087
2695	http://purl.obolibrary.org/obo/go.owl#Protein_HYOU1
2696	http://purl.obolibrary.org/obo/go.owl#Reaction_R-HSA-165043
2697	http://purl.obolibrary.org/obo/go.owl#Reaction_R-HSA-964768
2698	http://purl.obolibrary.org/obo/GO_0009895_instance
2699	http://purl.obolibrary.org/obo/go.owl#Reaction_R-HSA-8938965
2700	http://purl.obolibrary.org/obo/go.owl#Reaction_R-HSA-5674366
2701	http://purl.obolibrary.org/obo/GO_1902749_instance
2702	http://purl.obolibrary.org/obo/go.owl#Reaction_R-HSA-5692770
2703	http://purl.obolibrary.org/obo/go.owl#Reaction_R-HSA-4570499
2704	http://purl.obolibrary.org/obo/go.owl#Reaction_R-HSA-4341070
2705	http://purl.obolibrary.org/obo/go.owl#Pathway_R-HSA-5654732
2706	http://purl.obolibrary.org/obo/go.owl#Reaction_R-HSA-72180
2707	http://purl.obolibrary.org/obo/go.owl#Protein_ATG4B
2708	http://purl.obolibrary.org/obo/go.owl#Reaction_R-HSA-749452
2709	http://purl.obolibrary.org/obo/go.owl#Pathway_R-HSA-2559585
2710	http://purl.obolibrary.org/obo/go.owl#Reaction_R-HSA-9657606
2711	http://purl.obolibrary.org/obo/go.owl#Reaction_R-HSA-9909622
2712	http://purl.obolibrary.org/obo/go.owl#Pathway_R-HSA-389948
2713	http://purl.obolibrary.org/obo/go.owl#Protein_OR5B2
2714	http://purl.obolibrary.org/obo/go.owl#Pathway_R-HSA-9752946
2715	http://purl.obolibrary.org/obo/go.owl#Reaction_R-HSA-9851539
2716	http://purl.obolibrary.org/obo/go.owl#Pathway_R-HSA-5620912
2717	http://purl.obolibrary.org/obo/go.owl#Reaction_R-HSA-167148
2718	http://purl.obolibrary.org/obo/go.owl#Reaction_R-HSA-437162
2719	http://purl.obolibrary.org/obo/go.owl#Pathway_R-HSA-114604
2720	http://purl.obolibrary.org/obo/GO_0005684_instance
2721	http://purl.obolibrary.org/obo/go.owl#Reaction_R-HSA-9839073
2722	http://purl.obolibrary.org/obo/go.owl#Pathway_R-HSA-9837999
2723	http://purl.obolibrary.org/obo/go.owl#Reaction_R-HSA-880053
2724	http://purl.obolibrary.org/obo/go.owl#Protein_HDHD2
2725	http://purl.obolibrary.org/obo/go.owl#Reaction_R-HSA-9698754
2726	http://purl.obolibrary.org/obo/go.owl#Pathway_R-HSA-9702518
2727	http://purl.obolibrary.org/obo/GO_0005635_instance
2728	http://purl.obolibrary.org/obo/GO_0006886_instance
2729	http://purl.obolibrary.org/obo/go.owl#Pathway_R-HSA-1227990
2730	http://purl.obolibrary.org/obo/go.owl#Protein_PHAX
2731	http://purl.obolibrary.org/obo/go.owl#Protein_BIN2
2732	http://purl.obolibrary.org/obo/go.owl#Reaction_R-HSA-199895
2733	http://purl.obolibrary.org/obo/go.owl#Pathway_R-HSA-168181
2734	http://purl.obolibrary.org/obo/go.owl#Reaction_R-HSA-9922273
2735	http://purl.obolibrary.org/obo/go.owl#Reaction_R-HSA-6791221
2736	http://purl.obolibrary.org/obo/go.owl#Reaction_R-HSA-8942607
2737	http://purl.obolibrary.org/obo/go.owl#Reaction_R-HSA-6803527
2738	http://purl.obolibrary.org/obo/go.owl#Pathway_R-HSA-168255
2739	http://purl.obolibrary.org/obo/go.owl#Reaction_R-HSA-398184
2740	http://purl.obolibrary.org/obo/go.owl#Reaction_R-HSA-5654709
2741	http://purl.obolibrary.org/obo/go.owl#Pathway_R-HSA-5675482
2742	http://purl.obolibrary.org/obo/go.owl#Pathway_R-HSA-2122947
2743	http://purl.obolibrary.org/obo/go.owl#Pathway_R-HSA-9639288
2744	http://purl.obolibrary.org/obo/go.owl#Reaction_R-HSA-8956106
2745	http://purl.obolibrary.org/obo/go.owl#Protein_PRR13
2746	http://purl.obolibrary.org/obo/go.owl#Pathway_R-HSA-9664422
2747	http://purl.obolibrary.org/obo/go.owl#Pathway_R-HSA-9664417
2748	http://purl.obolibrary.org/obo/go.owl#Reaction_R-HSA-9678925
2749	http://purl.obolibrary.org/obo/go.owl#Protein_CERK
2750	http://purl.obolibrary.org/obo/go.owl#Reaction_R-HSA-8863973
2751	http://purl.obolibrary.org/obo/go.owl#Pathway_R-HSA-1236974
2752	http://purl.obolibrary.org/obo/go.owl#Reaction_R-HSA-450474
2753	http://purl.obolibrary.org/obo/go.owl#Reaction_R-HSA-937079
2754	http://purl.obolibrary.org/obo/go.owl#Reaction_R-HSA-5654717
2755	http://purl.obolibrary.org/obo/go.owl#Protein_AUH
2756	http://purl.obolibrary.org/obo/go.owl#Reaction_R-HSA-187506
2757	http://purl.obolibrary.org/obo/go.owl#Pathway_R-HSA-69206
2758	http://purl.obolibrary.org/obo/go.owl#Pathway_R-HSA-70326
2759	http://purl.obolibrary.org/obo/go.owl#Pathway_R-HSA-2173793
2760	http://purl.obolibrary.org/obo/go.owl#Reaction_R-HSA-156723
2761	http://purl.obolibrary.org/obo/go.owl#Protein_DEAF1
2762	http://purl.obolibrary.org/obo/go.owl#Protein_MTMR12
2763	http://purl.obolibrary.org/obo/go.owl#Pathway_R-HSA-9029569
2764	http://purl.obolibrary.org/obo/go.owl#Pathway_R-HSA-1237112
2765	http://purl.obolibrary.org/obo/go.owl#Reaction_R-HSA-5665802
2766	http://purl.obolibrary.org/obo/GO_0005774_instance
2767	http://purl.obolibrary.org/obo/go.owl#Reaction_R-HSA-5693584
2768	http://purl.obolibrary.org/obo/go.owl#Reaction_R-HSA-8939801
2769	http://purl.obolibrary.org/obo/go.owl#Reaction_R-HSA-8876446
2770	http://purl.obolibrary.org/obo/go.owl#Reaction_R-HSA-1031716
2771	http://purl.obolibrary.org/obo/go.owl#Reaction_R-HSA-5693644
2772	http://purl.obolibrary.org/obo/go.owl#Reaction_R-HSA-9796072
2773	http://purl.obolibrary.org/obo/go.owl#Pathway_R-HSA-400042
2774	http://purl.obolibrary.org/obo/go.owl#Reaction_R-HSA-5655266
2775	http://purl.obolibrary.org/obo/go.owl#Protein_MYOM2
2776	http://purl.obolibrary.org/obo/go.owl#Reaction_R-HSA-936897
2777	http://purl.obolibrary.org/obo/go.owl#Reaction_R-HSA-2730851
2778	http://purl.obolibrary.org/obo/go.owl#Pathway_R-HSA-2871796
2779	http://purl.obolibrary.org/obo/GO_0007010_instance
2780	http://purl.obolibrary.org/obo/go.owl#Reaction_R-HSA-9008215
2781	http://purl.obolibrary.org/obo/GO_0007032_instance
2782	http://purl.obolibrary.org/obo/go.owl#Protein_LRFN4
2783	http://purl.obolibrary.org/obo/go.owl#Protein_PPP1R15B
2784	http://purl.obolibrary.org/obo/go.owl#Reaction_R-HSA-5218841
2785	http://purl.obolibrary.org/obo/go.owl#Reaction_R-HSA-8864036
2786	http://purl.obolibrary.org/obo/GO_0000151_instance
2787	http://purl.obolibrary.org/obo/go.owl#Reaction_R-HSA-5686074
2788	http://purl.obolibrary.org/obo/go.owl#Pathway_R-HSA-5685938
2789	http://purl.obolibrary.org/obo/go.owl#Reaction_R-HSA-5635854
2790	http://purl.obolibrary.org/obo/go.owl#Pathway_R-HSA-9020558
2791	http://purl.obolibrary.org/obo/go.owl#Pathway_R-HSA-8866904
2792	http://purl.obolibrary.org/obo/go.owl#Reaction_R-HSA-9859082
2793	http://purl.obolibrary.org/obo/go.owl#Pathway_R-HSA-9841922
2794	http://purl.obolibrary.org/obo/go.owl#Pathway_R-HSA-5654719
2795	http://purl.obolibrary.org/obo/go.owl#Reaction_R-HSA-1676133
2796	http://purl.obolibrary.org/obo/go.owl#Reaction_R-HSA-3215448
2797	http://purl.obolibrary.org/obo/go.owl#Reaction_R-HSA-9622738
2798	http://purl.obolibrary.org/obo/go.owl#Reaction_R-HSA-8961934
2799	http://purl.obolibrary.org/obo/go.owl#Reaction_R-HSA-9821902
2800	http://purl.obolibrary.org/obo/go.owl#Protein_FASTK
2801	http://purl.obolibrary.org/obo/go.owl#Reaction_R-HSA-112392
2802	http://purl.obolibrary.org/obo/go.owl#Reaction_R-HSA-6792871
2803	http://purl.obolibrary.org/obo/go.owl#Reaction_R-HSA-9013009
2804	http://purl.obolibrary.org/obo/go.owl#Pathway_R-HSA-177539
2805	http://purl.obolibrary.org/obo/go.owl#Reaction_R-HSA-74743
2806	http://purl.obolibrary.org/obo/go.owl#Reaction_R-HSA-8868661
2807	http://purl.obolibrary.org/obo/go.owl#Reaction_R-HSA-8875490
2808	http://purl.obolibrary.org/obo/go.owl#Reaction_R-HSA-9008110
2809	http://purl.obolibrary.org/obo/go.owl#Reaction_R-HSA-9692800
2810	http://purl.obolibrary.org/obo/go.owl#Reaction_R-HSA-1226016
2811	http://purl.obolibrary.org/obo/go.owl#Reaction_R-HSA-192704
2812	http://purl.obolibrary.org/obo/go.owl#Pathway_R-HSA-5654695
2813	http://purl.obolibrary.org/obo/go.owl#Reaction_R-HSA-5691006
2814	http://purl.obolibrary.org/obo/go.owl#Reaction_R-HSA-6802918
2815	http://purl.obolibrary.org/obo/go.owl#Protein_TMEM214
2816	http://purl.obolibrary.org/obo/go.owl#Pathway_R-HSA-111885
2817	http://purl.obolibrary.org/obo/go.owl#Protein_APBB3
2818	http://purl.obolibrary.org/obo/go.owl#Pathway_R-HSA-9007101
2819	http://purl.obolibrary.org/obo/go.owl#Reaction_R-HSA-5689317
2820	http://purl.obolibrary.org/obo/go.owl#Reaction_R-HSA-1912413
2821	http://purl.obolibrary.org/obo/go.owl#Reaction_R-HSA-5634221
2822	http://purl.obolibrary.org/obo/go.owl#Reaction_R-HSA-205262
2823	http://purl.obolibrary.org/obo/go.owl#Protein_SREK1
2824	http://purl.obolibrary.org/obo/go.owl#Reaction_R-HSA-1297275
2825	http://purl.obolibrary.org/obo/go.owl#Pathway_R-HSA-1300645
2826	http://purl.obolibrary.org/obo/go.owl#Pathway_R-HSA-389357
2827	http://purl.obolibrary.org/obo/go.owl#Reaction_R-HSA-5251959
2828	http://purl.obolibrary.org/obo/go.owl#Pathway_R-HSA-167290
2829	http://purl.obolibrary.org/obo/go.owl#Pathway_R-HSA-977225
2830	http://purl.obolibrary.org/obo/go.owl#Reaction_R-HSA-445077
2831	http://purl.obolibrary.org/obo/go.owl#Reaction_R-HSA-8938440
2832	http://purl.obolibrary.org/obo/GO_0015931_instance
2833	http://purl.obolibrary.org/obo/GO_1901991_instance
2834	http://purl.obolibrary.org/obo/go.owl#Protein_AMDHD2
2835	http://purl.obolibrary.org/obo/go.owl#Reaction_R-HSA-5694441
2836	http://purl.obolibrary.org/obo/go.owl#Protein_PLAA
2837	http://purl.obolibrary.org/obo/go.owl#Reaction_R-HSA-9824593
2838	http://purl.obolibrary.org/obo/go.owl#Pathway_R-HSA-69202
2839	http://purl.obolibrary.org/obo/go.owl#Reaction_R-HSA-177933
2840	http://purl.obolibrary.org/obo/go.owl#Pathway_R-HSA-180336
2841	http://purl.obolibrary.org/obo/go.owl#Reaction_R-HSA-421831
2842	http://purl.obolibrary.org/obo/go.owl#Reaction_R-HSA-5654647
2843	http://purl.obolibrary.org/obo/go.owl#Pathway_R-HSA-6811438
2844	http://purl.obolibrary.org/obo/go.owl#Protein_RHBDD3
2845	http://purl.obolibrary.org/obo/go.owl#Reaction_R-HSA-168950
2846	http://purl.obolibrary.org/obo/go.owl#Pathway_R-HSA-9013148
2847	http://purl.obolibrary.org/obo/go.owl#Reaction_R-HSA-560473
2848	http://purl.obolibrary.org/obo/go.owl#Reaction_R-HSA-1234159
2849	http://purl.obolibrary.org/obo/go.owl#Pathway_R-HSA-1234176
2850	http://purl.obolibrary.org/obo/go.owl#Protein_REPS2
2851	http://purl.obolibrary.org/obo/go.owl#Protein_VPS41
2852	http://purl.obolibrary.org/obo/GO_0005773_instance
2853	http://purl.obolibrary.org/obo/go.owl#Reaction_R-HSA-1363331
2854	http://purl.obolibrary.org/obo/go.owl#Reaction_R-HSA-5694431
2855	http://purl.obolibrary.org/obo/go.owl#Reaction_R-HSA-912527
2856	http://purl.obolibrary.org/obo/go.owl#Reaction_R-HSA-5227009
2857	http://purl.obolibrary.org/obo/go.owl#Pathway_R-HSA-380972
2858	http://purl.obolibrary.org/obo/go.owl#Reaction_R-HSA-199518
2859	http://purl.obolibrary.org/obo/go.owl#Reaction_R-HSA-432195
2860	http://purl.obolibrary.org/obo/go.owl#Pathway_R-HSA-432040
2861	http://purl.obolibrary.org/obo/go.owl#Reaction_R-HSA-9837149
2862	http://purl.obolibrary.org/obo/GO_0051650_instance
2863	http://purl.obolibrary.org/obo/go.owl#Reaction_R-HSA-5682588
2864	http://purl.obolibrary.org/obo/go.owl#Reaction_R-HSA-3465448
2865	http://purl.obolibrary.org/obo/go.owl#Pathway_R-HSA-3371378
2866	http://purl.obolibrary.org/obo/go.owl#Pathway_R-HSA-5617833
2867	http://purl.obolibrary.org/obo/go.owl#Protein_SLC22A16
2868	http://purl.obolibrary.org/obo/go.owl#Reaction_R-HSA-9942511
2869	http://purl.obolibrary.org/obo/go.owl#Reaction_R-HSA-9673760
2870	http://purl.obolibrary.org/obo/go.owl#Pathway_R-HSA-9673768
2871	http://purl.obolibrary.org/obo/go.owl#Pathway_R-HSA-975110
2872	http://purl.obolibrary.org/obo/go.owl#Protein_BOLA2B
2873	http://purl.obolibrary.org/obo/go.owl#Protein_PPP2R3A
2874	http://purl.obolibrary.org/obo/go.owl#Protein_TROAP
2875	http://purl.obolibrary.org/obo/go.owl#Protein_CCDC57
2876	http://purl.obolibrary.org/obo/go.owl#Reaction_R-HSA-4085992
2877	http://purl.obolibrary.org/obo/go.owl#Reaction_R-HSA-6790487
2878	http://purl.obolibrary.org/obo/go.owl#Pathway_R-HSA-9856651
2879	http://purl.obolibrary.org/obo/go.owl#Reaction_R-HSA-9931313
2880	http://purl.obolibrary.org/obo/go.owl#Reaction_R-HSA-9680348
2881	http://purl.obolibrary.org/obo/go.owl#Reaction_R-HSA-749456
2882	http://purl.obolibrary.org/obo/go.owl#Pathway_R-HSA-8856688
2883	http://purl.obolibrary.org/obo/go.owl#Protein_AUNIP
2884	http://purl.obolibrary.org/obo/go.owl#Reaction_R-HSA-6811504
2885	http://purl.obolibrary.org/obo/GO_0033365_instance
2886	http://purl.obolibrary.org/obo/go.owl#Reaction_R-HSA-204169
2887	http://purl.obolibrary.org/obo/go.owl#Pathway_R-HSA-70268
2888	http://purl.obolibrary.org/obo/go.owl#Pathway_R-HSA-6791226
2889	http://purl.obolibrary.org/obo/go.owl#Reaction_R-HSA-6807866
2890	http://purl.obolibrary.org/obo/go.owl#Pathway_R-HSA-948021
2891	http://purl.obolibrary.org/obo/go.owl#Reaction_R-HSA-167478
2892	http://purl.obolibrary.org/obo/go.owl#Reaction_R-HSA-389086
2893	http://purl.obolibrary.org/obo/go.owl#Reaction_R-HSA-167459
2894	http://purl.obolibrary.org/obo/go.owl#Protein_HEATR1
2895	http://purl.obolibrary.org/obo/go.owl#Pathway_R-HSA-380287
2896	http://purl.obolibrary.org/obo/go.owl#Reaction_R-HSA-174374
2897	http://purl.obolibrary.org/obo/go.owl#Pathway_R-HSA-9658195
2898	http://purl.obolibrary.org/obo/go.owl#Reaction_R-HSA-9759176
2899	http://purl.obolibrary.org/obo/go.owl#Reaction_R-HSA-1918095
2900	http://purl.obolibrary.org/obo/go.owl#Pathway_R-HSA-1227986
2901	http://purl.obolibrary.org/obo/go.owl#Reaction_R-HSA-1799335
2902	http://purl.obolibrary.org/obo/go.owl#Protein_CUBN
2903	http://purl.obolibrary.org/obo/go.owl#Pathway_R-HSA-196849
2904	http://purl.obolibrary.org/obo/go.owl#Reaction_R-HSA-873922
2905	http://purl.obolibrary.org/obo/go.owl#Reaction_R-HSA-9842667
2906	http://purl.obolibrary.org/obo/go.owl#Reaction_R-HSA-4570493
2907	http://purl.obolibrary.org/obo/go.owl#Reaction_R-HSA-1989749
2908	http://purl.obolibrary.org/obo/go.owl#Reaction_R-HSA-2467809
2909	http://purl.obolibrary.org/obo/go.owl#Reaction_R-HSA-6782141
2910	http://purl.obolibrary.org/obo/go.owl#Reaction_R-HSA-9646468
2911	http://purl.obolibrary.org/obo/go.owl#Reaction_R-HSA-8964525
2912	http://purl.obolibrary.org/obo/go.owl#Pathway_R-HSA-1168372
2913	http://purl.obolibrary.org/obo/go.owl#Reaction_R-HSA-5251955
2914	http://purl.obolibrary.org/obo/go.owl#Reaction_R-HSA-75949
2915	http://purl.obolibrary.org/obo/go.owl#Protein_ACBD5
2916	http://purl.obolibrary.org/obo/go.owl#Pathway_R-HSA-111367
2917	http://purl.obolibrary.org/obo/go.owl#Reaction_R-HSA-1977958
2918	http://purl.obolibrary.org/obo/go.owl#Protein_OSGIN2
2919	http://purl.obolibrary.org/obo/go.owl#Reaction_R-HSA-8876190
2920	http://purl.obolibrary.org/obo/go.owl#Protein_ZFAND1
2921	http://purl.obolibrary.org/obo/go.owl#Reaction_R-HSA-177920
2922	http://purl.obolibrary.org/obo/go.owl#Reaction_R-HSA-5638009
2923	http://purl.obolibrary.org/obo/go.owl#Reaction_R-HSA-1855168
2924	http://purl.obolibrary.org/obo/go.owl#Reaction_R-HSA-167147
2925	http://purl.obolibrary.org/obo/go.owl#Pathway_R-HSA-445144
2926	http://purl.obolibrary.org/obo/GO_0051607_instance
2927	http://purl.obolibrary.org/obo/GO_0045786_instance
2928	http://purl.obolibrary.org/obo/go.owl#Reaction_R-HSA-5684261
2929	http://purl.obolibrary.org/obo/go.owl#Protein_NDUFV2
2930	http://purl.obolibrary.org/obo/go.owl#Reaction_R-HSA-3769392
2931	http://purl.obolibrary.org/obo/go.owl#Pathway_R-HSA-8939243
2932	http://purl.obolibrary.org/obo/go.owl#Reaction_R-HSA-112333
2933	http://purl.obolibrary.org/obo/go.owl#Reaction_R-HSA-1234172
2934	http://purl.obolibrary.org/obo/go.owl#Reaction_R-HSA-1675949
2935	http://purl.obolibrary.org/obo/go.owl#Reaction_R-HSA-5694446
2936	http://purl.obolibrary.org/obo/go.owl#Pathway_R-HSA-204005
2937	http://purl.obolibrary.org/obo/go.owl#Reaction_R-HSA-8871194
2938	http://purl.obolibrary.org/obo/go.owl#Reaction_R-HSA-2220944
2939	http://purl.obolibrary.org/obo/go.owl#Reaction_R-HSA-5696839
2940	http://purl.obolibrary.org/obo/go.owl#Protein_LRRC45
2941	http://purl.obolibrary.org/obo/go.owl#Reaction_R-HSA-6814682
2942	http://purl.obolibrary.org/obo/GO_0006354_instance
2943	http://purl.obolibrary.org/obo/go.owl#Reaction_R-HSA-913374
2944	http://purl.obolibrary.org/obo/go.owl#Pathway_R-HSA-512988
2945	http://purl.obolibrary.org/obo/go.owl#Reaction_R-HSA-9606163
2946	http://purl.obolibrary.org/obo/go.owl#Pathway_R-HSA-983705
2947	http://purl.obolibrary.org/obo/go.owl#Pathway_R-HSA-381340
2948	http://purl.obolibrary.org/obo/go.owl#Pathway_R-HSA-446353
2949	http://purl.obolibrary.org/obo/go.owl#Reaction_R-HSA-388833
2950	http://purl.obolibrary.org/obo/GO_0031625_instance
2951	http://purl.obolibrary.org/obo/GO_0019941_instance
2952	http://purl.obolibrary.org/obo/go.owl#Reaction_R-HSA-6807118
2953	http://purl.obolibrary.org/obo/go.owl#Pathway_R-HSA-198725
2954	http://purl.obolibrary.org/obo/go.owl#Reaction_R-HSA-9629372
2955	http://purl.obolibrary.org/obo/go.owl#Reaction_R-HSA-167097
2956	http://purl.obolibrary.org/obo/go.owl#Reaction_R-HSA-418581
2957	http://purl.obolibrary.org/obo/go.owl#Reaction_R-HSA-9861640
2958	http://purl.obolibrary.org/obo/go.owl#Reaction_R-HSA-111925
2959	http://purl.obolibrary.org/obo/go.owl#Pathway_R-HSA-442720
2960	http://purl.obolibrary.org/obo/GO_0000922_instance
2961	http://purl.obolibrary.org/obo/go.owl#Protein_SERINC3
2962	http://purl.obolibrary.org/obo/go.owl#Protein_MYO19
2963	http://purl.obolibrary.org/obo/go.owl#Pathway_R-HSA-9715370
2964	http://purl.obolibrary.org/obo/go.owl#Pathway_R-HSA-9035034
2965	http://purl.obolibrary.org/obo/go.owl#Protein_HLA-DOB
2966	http://purl.obolibrary.org/obo/go.owl#Reaction_R-HSA-9725332
2967	http://purl.obolibrary.org/obo/go.owl#Reaction_R-HSA-380311
2968	http://purl.obolibrary.org/obo/go.owl#Reaction_R-HSA-163214
2969	http://purl.obolibrary.org/obo/go.owl#Reaction_R-HSA-2309773
2970	http://purl.obolibrary.org/obo/go.owl#Pathway_R-HSA-8978868
2971	http://purl.obolibrary.org/obo/go.owl#Pathway_R-HSA-9764790
2972	http://purl.obolibrary.org/obo/go.owl#Protein_GBA2
2973	http://purl.obolibrary.org/obo/go.owl#Reaction_R-HSA-5687090
2974	http://purl.obolibrary.org/obo/go.owl#Pathway_R-HSA-68882
2975	http://purl.obolibrary.org/obo/go.owl#Reaction_R-HSA-9822311
2976	http://purl.obolibrary.org/obo/go.owl#Reaction_R-HSA-6802919
2977	http://purl.obolibrary.org/obo/go.owl#Pathway_R-HSA-6802946
2978	http://purl.obolibrary.org/obo/go.owl#Pathway_R-HSA-5696395
2979	http://purl.obolibrary.org/obo/go.owl#Pathway_R-HSA-9652169
2980	http://purl.obolibrary.org/obo/go.owl#Pathway_R-HSA-4839726
2981	http://purl.obolibrary.org/obo/go.owl#Protein_NUDCD3
2982	http://purl.obolibrary.org/obo/go.owl#Reaction_R-HSA-5693578
2983	http://purl.obolibrary.org/obo/go.owl#Reaction_R-HSA-174195
2984	http://purl.obolibrary.org/obo/go.owl#Reaction_R-HSA-2029469
2985	http://purl.obolibrary.org/obo/go.owl#Reaction_R-HSA-983158
2986	http://purl.obolibrary.org/obo/go.owl#Reaction_R-HSA-1592234
2987	http://purl.obolibrary.org/obo/go.owl#Reaction_R-HSA-913424
2988	http://purl.obolibrary.org/obo/go.owl#Reaction_R-HSA-933533
2989	http://purl.obolibrary.org/obo/go.owl#Pathway_R-HSA-5619115
2990	http://purl.obolibrary.org/obo/go.owl#Pathway_R-HSA-9022707
2991	http://purl.obolibrary.org/obo/go.owl#Pathway_R-HSA-8986944
2992	http://purl.obolibrary.org/obo/go.owl#Protein_FARSA
2993	http://purl.obolibrary.org/obo/go.owl#Reaction_R-HSA-178189
2994	http://purl.obolibrary.org/obo/GO_0060284_instance
2995	http://purl.obolibrary.org/obo/go.owl#Reaction_R-HSA-9832037
2996	http://purl.obolibrary.org/obo/go.owl#Reaction_R-HSA-156907
2997	http://purl.obolibrary.org/obo/go.owl#Pathway_R-HSA-156842
2998	http://purl.obolibrary.org/obo/go.owl#Pathway_R-HSA-5654726
2999	http://purl.obolibrary.org/obo/go.owl#Reaction_R-HSA-167115
3000	http://purl.obolibrary.org/obo/go.owl#Reaction_R-HSA-8956103
3001	http://purl.obolibrary.org/obo/go.owl#Pathway_R-HSA-5693568
3002	http://purl.obolibrary.org/obo/go.owl#Reaction_R-HSA-6805126
3003	http://purl.obolibrary.org/obo/go.owl#Reaction_R-HSA-6804194
3004	http://purl.obolibrary.org/obo/go.owl#Reaction_R-HSA-4090281
3005	http://purl.obolibrary.org/obo/go.owl#Reaction_R-HSA-389972
3006	http://purl.obolibrary.org/obo/go.owl#Pathway_R-HSA-391251
3007	http://purl.obolibrary.org/obo/go.owl#Reaction_R-HSA-9835443
3008	http://purl.obolibrary.org/obo/go.owl#Reaction_R-HSA-9768788
3009	http://purl.obolibrary.org/obo/go.owl#Reaction_R-HSA-419232
3010	http://purl.obolibrary.org/obo/go.owl#Pathway_R-HSA-5625740
3011	http://purl.obolibrary.org/obo/go.owl#Reaction_R-HSA-442592
3012	http://purl.obolibrary.org/obo/go.owl#Reaction_R-HSA-9793383
3013	http://purl.obolibrary.org/obo/go.owl#Reaction_R-HSA-8948234
3014	http://purl.obolibrary.org/obo/go.owl#Reaction_R-HSA-1470012
3015	http://purl.obolibrary.org/obo/go.owl#Protein_LYPLA2
3016	http://purl.obolibrary.org/obo/go.owl#Reaction_R-HSA-9913335
3017	http://purl.obolibrary.org/obo/go.owl#Reaction_R-HSA-9733247
3018	http://purl.obolibrary.org/obo/go.owl#Pathway_R-HSA-71387
3019	http://purl.obolibrary.org/obo/go.owl#Reaction_R-HSA-390453
3020	http://purl.obolibrary.org/obo/go.owl#Reaction_R-HSA-1169399
3021	http://purl.obolibrary.org/obo/GO_0031461_instance
3022	http://purl.obolibrary.org/obo/go.owl#Reaction_R-HSA-9660824
3023	http://purl.obolibrary.org/obo/go.owl#Pathway_R-HSA-9660821
3024	http://purl.obolibrary.org/obo/go.owl#Reaction_R-HSA-9821412
3025	http://purl.obolibrary.org/obo/go.owl#Reaction_R-HSA-113414
3026	http://purl.obolibrary.org/obo/go.owl#Pathway_R-HSA-9665250
3027	http://purl.obolibrary.org/obo/go.owl#Reaction_R-HSA-380979
3028	http://purl.obolibrary.org/obo/GO_0030036_instance
3029	http://purl.obolibrary.org/obo/go.owl#Pathway_R-HSA-5674400
3030	http://purl.obolibrary.org/obo/go.owl#Reaction_R-HSA-1226012
3031	http://purl.obolibrary.org/obo/go.owl#Reaction_R-HSA-9817513
3032	http://purl.obolibrary.org/obo/go.owl#Pathway_R-HSA-9821002
3033	http://purl.obolibrary.org/obo/go.owl#Protein_CAPN7
3034	http://purl.obolibrary.org/obo/go.owl#Pathway_R-HSA-1474228
3035	http://purl.obolibrary.org/obo/go.owl#Reaction_R-HSA-8852362
3036	http://purl.obolibrary.org/obo/go.owl#Reaction_R-HSA-6814549
3037	http://purl.obolibrary.org/obo/go.owl#Reaction_R-HSA-9817471
3038	http://purl.obolibrary.org/obo/go.owl#Pathway_R-HSA-389960
3039	http://purl.obolibrary.org/obo/go.owl#Reaction_R-HSA-199579
3040	http://purl.obolibrary.org/obo/go.owl#Reaction_R-HSA-508247
3041	http://purl.obolibrary.org/obo/go.owl#Reaction_R-HSA-8938938
3042	http://purl.obolibrary.org/obo/go.owl#Reaction_R-HSA-163213
3043	http://purl.obolibrary.org/obo/go.owl#Reaction_R-NUL-2186755
3044	http://purl.obolibrary.org/obo/go.owl#Protein_PTBP3
3045	http://purl.obolibrary.org/obo/go.owl#Reaction_R-HSA-77590
3046	http://purl.obolibrary.org/obo/go.owl#Reaction_R-HSA-167150
3047	http://purl.obolibrary.org/obo/go.owl#Pathway_R-HSA-2559584
3048	http://purl.obolibrary.org/obo/go.owl#Reaction_R-HSA-2130641
3049	http://purl.obolibrary.org/obo/go.owl#Pathway_R-HSA-167246
3050	http://purl.obolibrary.org/obo/go.owl#Reaction_R-HSA-4568914
3051	http://purl.obolibrary.org/obo/go.owl#Reaction_R-HSA-9013110
3052	http://purl.obolibrary.org/obo/go.owl#Reaction_R-HSA-5617816
3053	http://purl.obolibrary.org/obo/go.owl#Reaction_R-HSA-9924968
3054	http://purl.obolibrary.org/obo/go.owl#Reaction_R-HSA-167134
3055	http://purl.obolibrary.org/obo/go.owl#Pathway_R-HSA-4793954
3056	http://purl.obolibrary.org/obo/go.owl#Reaction_R-HSA-8950637
3057	http://purl.obolibrary.org/obo/go.owl#Pathway_R-HSA-9020591
3058	http://purl.obolibrary.org/obo/GO_0030097_instance
3059	http://purl.obolibrary.org/obo/go.owl#Pathway_R-HSA-5358749
3060	http://purl.obolibrary.org/obo/go.owl#Pathway_R-HSA-180910
3061	http://purl.obolibrary.org/obo/go.owl#Reaction_R-HSA-6784729
3062	http://purl.obolibrary.org/obo/go.owl#Pathway_R-HSA-8964038
3063	http://purl.obolibrary.org/obo/go.owl#Pathway_R-HSA-198323
3064	http://purl.obolibrary.org/obo/go.owl#Reaction_R-HSA-9686061
3065	http://purl.obolibrary.org/obo/go.owl#Reaction_R-HSA-6781818
3066	http://purl.obolibrary.org/obo/go.owl#Pathway_R-HSA-3295583
3067	http://purl.obolibrary.org/obo/go.owl#Pathway_R-HSA-174154
3068	http://purl.obolibrary.org/obo/go.owl#Pathway_R-HSA-5250955
3069	http://purl.obolibrary.org/obo/go.owl#Reaction_R-HSA-2201338
3070	http://purl.obolibrary.org/obo/go.owl#Reaction_R-HSA-9770131
3071	http://purl.obolibrary.org/obo/go.owl#Protein_NR1D2
3072	http://purl.obolibrary.org/obo/go.owl#Reaction_R-HSA-9017488
3073	http://purl.obolibrary.org/obo/go.owl#Reaction_R-HSA-5618328
3074	http://purl.obolibrary.org/obo/go.owl#Reaction_R-HSA-70449
3075	http://purl.obolibrary.org/obo/go.owl#Reaction_R-HSA-5686900
3076	http://purl.obolibrary.org/obo/go.owl#Pathway_R-HSA-5693571
3077	http://purl.obolibrary.org/obo/go.owl#Reaction_R-HSA-3301345
3078	http://purl.obolibrary.org/obo/go.owl#Reaction_R-HSA-5684275
3079	http://purl.obolibrary.org/obo/go.owl#Reaction_R-HSA-5626938
3080	http://purl.obolibrary.org/obo/go.owl#Pathway_R-HSA-451927
3081	http://purl.obolibrary.org/obo/go.owl#Reaction_R-HSA-8950782
3082	http://purl.obolibrary.org/obo/go.owl#Protein_MTHFD1L
3083	http://purl.obolibrary.org/obo/go.owl#Protein_PKMYT1
3084	http://purl.obolibrary.org/obo/go.owl#Reaction_R-HSA-983138
3085	http://purl.obolibrary.org/obo/go.owl#Pathway_R-HSA-69231
3086	http://purl.obolibrary.org/obo/go.owl#Reaction_R-HSA-9861734
3087	http://purl.obolibrary.org/obo/go.owl#Reaction_R-HSA-9613213
3088	http://purl.obolibrary.org/obo/go.owl#Reaction_R-HSA-6798748
3089	http://purl.obolibrary.org/obo/go.owl#Pathway_R-HSA-9027283
3090	http://purl.obolibrary.org/obo/go.owl#Reaction_R-HSA-5623622
3091	http://purl.obolibrary.org/obo/go.owl#Pathway_R-HSA-9754678
3092	http://purl.obolibrary.org/obo/go.owl#Reaction_R-HSA-8849157
3093	http://purl.obolibrary.org/obo/go.owl#Reaction_R-HSA-5607723
3094	http://purl.obolibrary.org/obo/go.owl#Reaction_R-HSA-162721
3095	http://purl.obolibrary.org/obo/go.owl#Reaction_R-HSA-9906955
3096	http://purl.obolibrary.org/obo/go.owl#Reaction_R-HSA-3232162
3097	http://purl.obolibrary.org/obo/go.owl#Pathway_R-HSA-6803157
3098	http://purl.obolibrary.org/obo/go.owl#Reaction_R-HSA-1234167
3099	http://purl.obolibrary.org/obo/go.owl#Reaction_R-HSA-5666160
3100	http://purl.obolibrary.org/obo/go.owl#Reaction_R-HSA-9845033
3101	http://purl.obolibrary.org/obo/go.owl#Pathway_R-HSA-5654693
3102	http://purl.obolibrary.org/obo/GO_0043484_instance
3103	http://purl.obolibrary.org/obo/go.owl#Reaction_R-HSA-6805399
3104	http://purl.obolibrary.org/obo/go.owl#Reaction_R-HSA-3209111
3105	http://purl.obolibrary.org/obo/go.owl#Reaction_R-HSA-8876191
3106	http://purl.obolibrary.org/obo/go.owl#Reaction_R-HSA-9712079
3107	http://purl.obolibrary.org/obo/go.owl#Reaction_R-HSA-158441
3108	http://purl.obolibrary.org/obo/go.owl#Reaction_R-HSA-8862280
3109	http://purl.obolibrary.org/obo/go.owl#Reaction_R-HSA-9859334
3110	http://purl.obolibrary.org/obo/go.owl#Reaction_R-HSA-210289
3111	http://purl.obolibrary.org/obo/go.owl#Reaction_R-HSA-8950260
3112	http://purl.obolibrary.org/obo/go.owl#Reaction_R-HSA-9796387
3113	http://purl.obolibrary.org/obo/GO_0045087_instance
3114	http://purl.obolibrary.org/obo/GO_0043068_instance
3115	http://purl.obolibrary.org/obo/go.owl#Reaction_R-HSA-9679740
3116	http://purl.obolibrary.org/obo/go.owl#Reaction_R-HSA-9860292
3117	http://purl.obolibrary.org/obo/go.owl#Reaction_R-HSA-3601585
3118	http://purl.obolibrary.org/obo/go.owl#Protein_FAM162A
3119	http://purl.obolibrary.org/obo/go.owl#Pathway_R-HSA-5602498
3120	http://purl.obolibrary.org/obo/go.owl#Reaction_R-HSA-8875318
3121	http://purl.obolibrary.org/obo/go.owl#Reaction_R-HSA-936947
3122	http://purl.obolibrary.org/obo/go.owl#Reaction_R-HSA-5262921
3123	http://purl.obolibrary.org/obo/go.owl#Pathway_R-HSA-5603027
3124	http://purl.obolibrary.org/obo/go.owl#Reaction_R-HSA-2327886
3125	http://purl.obolibrary.org/obo/go.owl#Pathway_R-HSA-3000178
3126	http://purl.obolibrary.org/obo/go.owl#Reaction_R-HSA-445704
3127	http://purl.obolibrary.org/obo/GO_0002694_instance
3128	http://purl.obolibrary.org/obo/go.owl#Reaction_R-HSA-5654692
3129	http://purl.obolibrary.org/obo/go.owl#Protein_CFAP44
3130	http://purl.obolibrary.org/obo/go.owl#Reaction_R-HSA-2562564
3131	http://purl.obolibrary.org/obo/GO_0035770_instance
3132	http://purl.obolibrary.org/obo/go.owl#Protein_ANO2
3133	http://purl.obolibrary.org/obo/go.owl#Reaction_R-HSA-9866104
3134	http://purl.obolibrary.org/obo/go.owl#Pathway_R-HSA-3371453
3135	http://purl.obolibrary.org/obo/go.owl#Reaction_R-HSA-4551727
3136	http://purl.obolibrary.org/obo/go.owl#Reaction_R-HSA-919404
3137	http://purl.obolibrary.org/obo/go.owl#Reaction_R-HSA-5693580
3138	http://purl.obolibrary.org/obo/go.owl#Pathway_R-HSA-5693567
3139	http://purl.obolibrary.org/obo/go.owl#Reaction_R-HSA-5654591
3140	http://purl.obolibrary.org/obo/go.owl#Reaction_R-HSA-9014652
3141	http://purl.obolibrary.org/obo/go.owl#Reaction_R-HSA-204861
3142	http://purl.obolibrary.org/obo/go.owl#Pathway_R-HSA-399955
3143	http://purl.obolibrary.org/obo/go.owl#Protein_LSM7
3144	http://purl.obolibrary.org/obo/go.owl#Reaction_R-HSA-1861621
3145	http://purl.obolibrary.org/obo/go.owl#Reaction_R-HSA-8942101
3146	http://purl.obolibrary.org/obo/go.owl#Reaction_R-HSA-9657603
3147	http://purl.obolibrary.org/obo/go.owl#Pathway_R-HSA-75105
3148	http://purl.obolibrary.org/obo/go.owl#Pathway_R-HSA-9824443
3149	http://purl.obolibrary.org/obo/go.owl#Reaction_R-HSA-8983983
3150	http://purl.obolibrary.org/obo/go.owl#Reaction_R-HSA-388808
3151	http://purl.obolibrary.org/obo/go.owl#Pathway_R-HSA-9845614
3152	http://purl.obolibrary.org/obo/go.owl#Reaction_R-HSA-182198
3153	http://purl.obolibrary.org/obo/go.owl#Reaction_R-HSA-167484
3154	http://purl.obolibrary.org/obo/go.owl#Reaction_R-HSA-1855212
3155	http://purl.obolibrary.org/obo/go.owl#Reaction_R-HSA-8944706
3156	http://purl.obolibrary.org/obo/go.owl#Protein_GIMAP7
3157	http://purl.obolibrary.org/obo/go.owl#Reaction_R-HSA-111916
3158	http://purl.obolibrary.org/obo/go.owl#Reaction_R-HSA-432688
3159	http://purl.obolibrary.org/obo/go.owl#Pathway_R-HSA-9758274
3160	http://purl.obolibrary.org/obo/go.owl#Reaction_R-HSA-9617996
3161	http://purl.obolibrary.org/obo/go.owl#Reaction_R-HSA-177946
3162	http://purl.obolibrary.org/obo/go.owl#Protein_PLCXD1
3163	http://purl.obolibrary.org/obo/go.owl#Reaction_R-HSA-3108203
3164	http://purl.obolibrary.org/obo/go.owl#Reaction_R-HSA-9842835
3165	http://purl.obolibrary.org/obo/go.owl#Reaction_R-HSA-1295599
3166	http://purl.obolibrary.org/obo/go.owl#Reaction_R-HSA-9007465
3167	http://purl.obolibrary.org/obo/go.owl#Pathway_R-HSA-8953750
3168	http://purl.obolibrary.org/obo/GO_0015630_instance
3169	http://purl.obolibrary.org/obo/go.owl#Reaction_R-HSA-391152
3170	http://purl.obolibrary.org/obo/go.owl#Reaction_R-HSA-2029476
3171	http://purl.obolibrary.org/obo/go.owl#Reaction_R-HSA-156923
3172	http://purl.obolibrary.org/obo/go.owl#Reaction_R-HSA-5654615
3173	http://purl.obolibrary.org/obo/go.owl#Reaction_R-HSA-9665286
3174	http://purl.obolibrary.org/obo/go.owl#Pathway_R-HSA-9665246
3175	http://purl.obolibrary.org/obo/go.owl#Reaction_R-HSA-4793819
3176	http://purl.obolibrary.org/obo/go.owl#Reaction_R-HSA-6801456
3177	http://purl.obolibrary.org/obo/go.owl#Reaction_R-HSA-5684248
3178	http://purl.obolibrary.org/obo/go.owl#Pathway_R-HSA-1655829
3179	http://purl.obolibrary.org/obo/go.owl#Reaction_R-HSA-205238
3180	http://purl.obolibrary.org/obo/go.owl#Pathway_R-HSA-1433557
3181	http://purl.obolibrary.org/obo/go.owl#Reaction_R-HSA-1791134
3182	http://purl.obolibrary.org/obo/go.owl#Pathway_R-HSA-5467337
3183	http://purl.obolibrary.org/obo/go.owl#Reaction_R-HSA-3465545
3184	http://purl.obolibrary.org/obo/go.owl#Reaction_R-HSA-9729849
3185	http://purl.obolibrary.org/obo/go.owl#Reaction_R-HSA-532678
3186	http://purl.obolibrary.org/obo/go.owl#Protein_DYNC2I2
3187	http://purl.obolibrary.org/obo/go.owl#Reaction_R-HSA-3000319
3188	http://purl.obolibrary.org/obo/go.owl#Reaction_R-HSA-8868651
3189	http://purl.obolibrary.org/obo/go.owl#Reaction_R-HSA-1358792
3190	http://purl.obolibrary.org/obo/go.owl#Reaction_R-HSA-5665727
3191	http://purl.obolibrary.org/obo/go.owl#Reaction_R-HSA-9858321
3192	http://purl.obolibrary.org/obo/go.owl#Reaction_R-HSA-9937719
3193	http://purl.obolibrary.org/obo/GO_0051028_instance
3194	http://purl.obolibrary.org/obo/go.owl#Protein_BEGAIN
3195	http://purl.obolibrary.org/obo/go.owl#Reaction_R-HSA-5654625
3196	http://purl.obolibrary.org/obo/go.owl#Reaction_R-HSA-5626681
3197	http://purl.obolibrary.org/obo/go.owl#Reaction_R-HSA-9823836
3198	http://purl.obolibrary.org/obo/go.owl#Reaction_R-HSA-9664646
3199	http://purl.obolibrary.org/obo/go.owl#Pathway_R-HSA-198203
3200	http://purl.obolibrary.org/obo/go.owl#Reaction_R-HSA-379994
3201	http://purl.obolibrary.org/obo/go.owl#Pathway_R-HSA-379716
3202	http://purl.obolibrary.org/obo/go.owl#Protein_ATOSA
3203	http://purl.obolibrary.org/obo/go.owl#Protein_TC2N
3204	http://purl.obolibrary.org/obo/go.owl#Reaction_R-HSA-141156
3205	http://purl.obolibrary.org/obo/go.owl#Pathway_R-HSA-69416
3206	http://purl.obolibrary.org/obo/go.owl#Reaction_R-NUL-9622814
3207	http://purl.obolibrary.org/obo/go.owl#Reaction_R-HSA-2408546
3208	http://purl.obolibrary.org/obo/go.owl#Reaction_R-HSA-8877311
3209	http://purl.obolibrary.org/obo/go.owl#Reaction_R-HSA-9021919
3210	http://purl.obolibrary.org/obo/go.owl#Pathway_R-HSA-9022702
3211	http://purl.obolibrary.org/obo/go.owl#Reaction_R-HSA-751040
3212	http://purl.obolibrary.org/obo/go.owl#Reaction_R-HSA-9927247
3213	http://purl.obolibrary.org/obo/go.owl#Reaction_R-HSA-376200
3214	http://purl.obolibrary.org/obo/go.owl#Pathway_R-HSA-352230
3215	http://purl.obolibrary.org/obo/go.owl#Pathway_R-HSA-1799339
3216	http://purl.obolibrary.org/obo/go.owl#Reaction_R-HSA-5607731
3217	http://purl.obolibrary.org/obo/go.owl#Reaction_R-HSA-74746
3218	http://purl.obolibrary.org/obo/go.owl#Reaction_R-HSA-187934
3219	http://purl.obolibrary.org/obo/go.owl#Pathway_R-HSA-6804116
3220	http://purl.obolibrary.org/obo/go.owl#Reaction_R-HSA-9731111
3221	http://purl.obolibrary.org/obo/go.owl#Protein_THEMIS
3222	http://purl.obolibrary.org/obo/go.owl#Reaction_R-HSA-744886
3223	http://purl.obolibrary.org/obo/go.owl#Reaction_R-HSA-8932355
3224	http://purl.obolibrary.org/obo/go.owl#Protein_DCTN6
3225	http://purl.obolibrary.org/obo/go.owl#Reaction_R-HSA-9664991
3226	http://purl.obolibrary.org/obo/go.owl#Reaction_R-HSA-450466
3227	http://purl.obolibrary.org/obo/go.owl#Pathway_R-HSA-450408
3228	http://purl.obolibrary.org/obo/go.owl#Protein_ELMOD3
3229	http://purl.obolibrary.org/obo/go.owl#Protein_ACAD8
3230	http://purl.obolibrary.org/obo/GO_0015980_instance
3231	http://purl.obolibrary.org/obo/go.owl#Reaction_R-HSA-5357776
3232	http://purl.obolibrary.org/obo/go.owl#Pathway_R-HSA-9609736
3233	http://purl.obolibrary.org/obo/go.owl#Reaction_R-HSA-9703430
3234	http://purl.obolibrary.org/obo/go.owl#Pathway_R-HSA-9703465
3235	http://purl.obolibrary.org/obo/go.owl#Reaction_R-HSA-9834809
3236	http://purl.obolibrary.org/obo/go.owl#Reaction_R-HSA-5684273
3237	http://purl.obolibrary.org/obo/go.owl#Pathway_R-HSA-111957
3238	http://purl.obolibrary.org/obo/go.owl#Reaction_R-HSA-1250383
3239	http://purl.obolibrary.org/obo/go.owl#Reaction_R-HSA-8855508
3240	http://purl.obolibrary.org/obo/go.owl#Pathway_R-HSA-9706574
3241	http://purl.obolibrary.org/obo/go.owl#Reaction_R-HSA-9912636
3242	http://purl.obolibrary.org/obo/go.owl#Reaction_R-HSA-167118
3243	http://purl.obolibrary.org/obo/go.owl#Reaction_R-HSA-427528
3244	http://purl.obolibrary.org/obo/go.owl#Pathway_R-HSA-72764
3245	http://purl.obolibrary.org/obo/go.owl#Pathway_R-HSA-8854518
3246	http://purl.obolibrary.org/obo/go.owl#Reaction_R-HSA-210309
3247	http://purl.obolibrary.org/obo/go.owl#Reaction_R-HSA-141673
3248	http://purl.obolibrary.org/obo/go.owl#Reaction_R-HSA-8939870
3249	http://purl.obolibrary.org/obo/go.owl#Pathway_R-HSA-8940973
3250	http://purl.obolibrary.org/obo/go.owl#Reaction_R-HSA-9616214
3251	http://purl.obolibrary.org/obo/GO_0005740_instance
3252	http://purl.obolibrary.org/obo/go.owl#Reaction_R-HSA-8875576
3253	http://purl.obolibrary.org/obo/go.owl#Reaction_R-HSA-1791069
3254	http://purl.obolibrary.org/obo/go.owl#Pathway_R-HSA-381119
3255	http://purl.obolibrary.org/obo/go.owl#Reaction_R-HSA-1445149
3256	http://purl.obolibrary.org/obo/go.owl#Reaction_R-HSA-9758604
3257	http://purl.obolibrary.org/obo/go.owl#Reaction_R-HSA-8985343
3258	http://purl.obolibrary.org/obo/go.owl#Reaction_R-HSA-8956184
3259	http://purl.obolibrary.org/obo/go.owl#Reaction_R-HSA-9626832
3260	http://purl.obolibrary.org/obo/go.owl#Reaction_R-HSA-9749505
3261	http://purl.obolibrary.org/obo/go.owl#Reaction_R-HSA-3928639
3262	http://purl.obolibrary.org/obo/go.owl#Reaction_R-HSA-6802926
3263	http://purl.obolibrary.org/obo/go.owl#Protein_CLDN9
3264	http://purl.obolibrary.org/obo/go.owl#Reaction_R-HSA-8877902
3265	http://purl.obolibrary.org/obo/go.owl#Reaction_R-HSA-109862
3266	http://purl.obolibrary.org/obo/go.owl#Pathway_R-HSA-112411
3267	http://purl.obolibrary.org/obo/go.owl#Protein_DMXL1
3268	http://purl.obolibrary.org/obo/go.owl#Reaction_R-HSA-9693282
3269	http://purl.obolibrary.org/obo/go.owl#Pathway_R-HSA-9012999
3270	http://purl.obolibrary.org/obo/go.owl#Reaction_R-HSA-5675433
3271	http://purl.obolibrary.org/obo/go.owl#Reaction_R-HSA-912680
3272	http://purl.obolibrary.org/obo/go.owl#Pathway_R-HSA-912694
3273	http://purl.obolibrary.org/obo/go.owl#Pathway_R-HSA-5693579
3274	http://purl.obolibrary.org/obo/go.owl#Reaction_R-HSA-1306969
3275	http://purl.obolibrary.org/obo/go.owl#Reaction_R-HSA-9922269
3276	http://purl.obolibrary.org/obo/GO_0016607_instance
3277	http://purl.obolibrary.org/obo/go.owl#Reaction_R-HSA-1433514
3278	http://purl.obolibrary.org/obo/go.owl#Reaction_R-HSA-535717
3279	http://purl.obolibrary.org/obo/go.owl#Pathway_R-HSA-532668
3280	http://purl.obolibrary.org/obo/go.owl#Reaction_R-HSA-204008
3281	http://purl.obolibrary.org/obo/go.owl#Reaction_R-HSA-70481
3282	http://purl.obolibrary.org/obo/go.owl#Pathway_R-HSA-5654738
3283	http://purl.obolibrary.org/obo/GO_0110053_instance
3284	http://purl.obolibrary.org/obo/go.owl#Reaction_R-HSA-9656209
3285	http://purl.obolibrary.org/obo/go.owl#Reaction_R-HSA-9660828
3286	http://purl.obolibrary.org/obo/go.owl#Reaction_R-HSA-8852129
3287	http://purl.obolibrary.org/obo/go.owl#Reaction_R-HSA-2990880
3288	http://purl.obolibrary.org/obo/go.owl#Reaction_R-HSA-9614369
3289	http://purl.obolibrary.org/obo/go.owl#Reaction_R-HSA-8956040
3290	http://purl.obolibrary.org/obo/GO_0005759_instance
3291	http://purl.obolibrary.org/obo/go.owl#Reaction_R-HSA-879358
3292	http://purl.obolibrary.org/obo/go.owl#Pathway_R-HSA-113418
3293	http://purl.obolibrary.org/obo/go.owl#Reaction_R-HSA-9649736
3294	http://purl.obolibrary.org/obo/go.owl#Protein_JPT1
3295	http://purl.obolibrary.org/obo/go.owl#Reaction_R-HSA-9009208
3296	http://purl.obolibrary.org/obo/go.owl#Reaction_R-HSA-9700998
3297	http://purl.obolibrary.org/obo/go.owl#Pathway_R-HSA-5693565
3298	http://purl.obolibrary.org/obo/go.owl#Pathway_R-HSA-9929356
3299	http://purl.obolibrary.org/obo/go.owl#Reaction_R-HSA-72621
3300	http://purl.obolibrary.org/obo/go.owl#Reaction_R-HSA-2569057
3301	http://purl.obolibrary.org/obo/go.owl#Pathway_R-HSA-2562578
3302	http://purl.obolibrary.org/obo/go.owl#Reaction_R-HSA-6795473
3303	http://purl.obolibrary.org/obo/go.owl#Reaction_R-HSA-560510
3304	http://purl.obolibrary.org/obo/go.owl#Reaction_R-HSA-9761844
3305	http://purl.obolibrary.org/obo/go.owl#Pathway_R-HSA-9818025
3306	http://purl.obolibrary.org/obo/go.owl#Protein_MADD
3307	http://purl.obolibrary.org/obo/go.owl#Reaction_R-HSA-451634
3308	http://purl.obolibrary.org/obo/go.owl#Reaction_R-HSA-9670431
3309	http://purl.obolibrary.org/obo/go.owl#Reaction_R-HSA-199583
3310	http://purl.obolibrary.org/obo/go.owl#Pathway_R-HSA-9664407
3311	http://purl.obolibrary.org/obo/go.owl#Reaction_R-HSA-5419271
3312	http://purl.obolibrary.org/obo/go.owl#Reaction_R-HSA-5692550
3313	http://purl.obolibrary.org/obo/go.owl#Pathway_R-HSA-5357905
3314	http://purl.obolibrary.org/obo/go.owl#Reaction_R-HSA-177931
3315	http://purl.obolibrary.org/obo/go.owl#Reaction_R-HSA-9737710
3316	http://purl.obolibrary.org/obo/go.owl#Reaction_R-HSA-2220979
3317	http://purl.obolibrary.org/obo/go.owl#Pathway_R-HSA-2644606
3318	http://purl.obolibrary.org/obo/go.owl#Pathway_R-HSA-72086
3319	http://purl.obolibrary.org/obo/go.owl#Reaction_R-HSA-9665408
3320	http://purl.obolibrary.org/obo/go.owl#Reaction_R-HSA-398185
3321	http://purl.obolibrary.org/obo/go.owl#Reaction_R-HSA-166038
3322	http://purl.obolibrary.org/obo/go.owl#Protein_CNGB1
3323	http://purl.obolibrary.org/obo/go.owl#Protein_CCDC15
3324	http://purl.obolibrary.org/obo/go.owl#Reaction_R-HSA-9843116
3325	http://purl.obolibrary.org/obo/go.owl#Reaction_R-HSA-5625784
3326	http://purl.obolibrary.org/obo/go.owl#Protein_MTR
3327	http://purl.obolibrary.org/obo/go.owl#Reaction_R-HSA-3321918
3328	http://purl.obolibrary.org/obo/go.owl#Protein_UTY
3329	http://purl.obolibrary.org/obo/go.owl#Pathway_R-HSA-9686347
3330	http://purl.obolibrary.org/obo/go.owl#Protein_RIOX2
3331	http://purl.obolibrary.org/obo/GO_0032984_instance
3332	http://purl.obolibrary.org/obo/go.owl#Pathway_R-HSA-9026519
3333	http://purl.obolibrary.org/obo/go.owl#Reaction_R-HSA-9705145
3334	http://purl.obolibrary.org/obo/go.owl#Pathway_R-HSA-5617472
3335	http://purl.obolibrary.org/obo/go.owl#Protein_RCN2
3336	http://purl.obolibrary.org/obo/go.owl#Reaction_R-HSA-191825
3337	http://purl.obolibrary.org/obo/go.owl#Protein_NDUFV3
3338	http://purl.obolibrary.org/obo/go.owl#Reaction_R-HSA-9759154
3339	http://purl.obolibrary.org/obo/go.owl#Pathway_R-HSA-112412
3340	http://purl.obolibrary.org/obo/go.owl#Reaction_R-HSA-177945
3341	http://purl.obolibrary.org/obo/go.owl#Reaction_R-HSA-391157
3342	http://purl.obolibrary.org/obo/go.owl#Reaction_R-HSA-3928625
3343	http://purl.obolibrary.org/obo/go.owl#Reaction_R-HSA-9956308
3344	http://purl.obolibrary.org/obo/go.owl#Pathway_R-HSA-1483191
3345	http://purl.obolibrary.org/obo/go.owl#Protein_NT5DC1
3346	http://purl.obolibrary.org/obo/go.owl#Reaction_R-HSA-70482
3347	http://purl.obolibrary.org/obo/go.owl#Pathway_R-HSA-70263
3348	http://purl.obolibrary.org/obo/go.owl#Reaction_R-HSA-9668419
3349	http://purl.obolibrary.org/obo/go.owl#Reaction_R-HSA-5668414
3350	http://purl.obolibrary.org/obo/go.owl#Reaction_R-HSA-750988
3351	http://purl.obolibrary.org/obo/go.owl#Pathway_R-HSA-418597
3352	http://purl.obolibrary.org/obo/go.owl#Reaction_R-HSA-5682629
3353	http://purl.obolibrary.org/obo/go.owl#Reaction_R-HSA-373716
3354	http://purl.obolibrary.org/obo/go.owl#Reaction_R-HSA-2243942
3355	http://purl.obolibrary.org/obo/go.owl#Pathway_R-HSA-5627117
3356	http://purl.obolibrary.org/obo/go.owl#Reaction_R-HSA-174124
3357	http://purl.obolibrary.org/obo/go.owl#Reaction_R-HSA-8938073
3358	http://purl.obolibrary.org/obo/go.owl#Reaction_R-HSA-8878143
3359	http://purl.obolibrary.org/obo/go.owl#Reaction_R-HSA-5624492
3360	http://purl.obolibrary.org/obo/go.owl#Reaction_R-HSA-9817400
3361	http://purl.obolibrary.org/obo/go.owl#Reaction_R-HSA-76576
3362	http://purl.obolibrary.org/obo/go.owl#Pathway_R-HSA-73776
3363	http://purl.obolibrary.org/obo/go.owl#Reaction_R-HSA-8987097
3364	http://purl.obolibrary.org/obo/GO_0006368_instance
3365	http://purl.obolibrary.org/obo/go.owl#Reaction_R-HSA-1362261
3366	http://purl.obolibrary.org/obo/go.owl#Reaction_R-HSA-5661117
3367	http://purl.obolibrary.org/obo/go.owl#Reaction_R-HSA-9836515
3368	http://purl.obolibrary.org/obo/go.owl#Reaction_R-HSA-927813
3369	http://purl.obolibrary.org/obo/go.owl#Reaction_R-HSA-3000348
3370	http://purl.obolibrary.org/obo/go.owl#Reaction_R-HSA-452100
3371	http://purl.obolibrary.org/obo/go.owl#Reaction_R-HSA-909725
3372	http://purl.obolibrary.org/obo/go.owl#Reaction_R-HSA-9009371
3373	http://purl.obolibrary.org/obo/go.owl#Reaction_R-HSA-9861469
3374	http://purl.obolibrary.org/obo/go.owl#Pathway_R-HSA-9860927
3375	http://purl.obolibrary.org/obo/go.owl#Reaction_R-HSA-6802924
3376	http://purl.obolibrary.org/obo/go.owl#Pathway_R-HSA-9649948
3377	http://purl.obolibrary.org/obo/go.owl#Reaction_R-HSA-380303
3378	http://purl.obolibrary.org/obo/go.owl#Pathway_R-HSA-380284
3379	http://purl.obolibrary.org/obo/go.owl#Pathway_R-HSA-3928662
3380	http://purl.obolibrary.org/obo/go.owl#Reaction_R-HSA-205039
3381	http://purl.obolibrary.org/obo/go.owl#Reaction_R-HSA-170796
3382	http://purl.obolibrary.org/obo/go.owl#Pathway_R-HSA-9820952
3383	http://purl.obolibrary.org/obo/go.owl#Pathway_R-HSA-381183
3384	http://purl.obolibrary.org/obo/go.owl#Reaction_R-HSA-1799326
3385	http://purl.obolibrary.org/obo/go.owl#Reaction_R-HSA-8948569
3386	http://purl.obolibrary.org/obo/go.owl#Pathway_R-HSA-6807070
3387	http://purl.obolibrary.org/obo/go.owl#Reaction_R-HSA-373739
3388	http://purl.obolibrary.org/obo/go.owl#Reaction_R-HSA-429698
3389	http://purl.obolibrary.org/obo/go.owl#Reaction_R-HSA-9625520
3390	http://purl.obolibrary.org/obo/go.owl#Reaction_R-HSA-9856211
3391	http://purl.obolibrary.org/obo/go.owl#Pathway_R-HSA-450294
3392	http://purl.obolibrary.org/obo/go.owl#Reaction_R-HSA-8878023
3393	http://purl.obolibrary.org/obo/go.owl#Reaction_R-HSA-8952226
3394	http://purl.obolibrary.org/obo/go.owl#Protein_MRPL21
3395	http://purl.obolibrary.org/obo/go.owl#Reaction_R-HSA-8864466
3396	http://purl.obolibrary.org/obo/go.owl#Protein_LIG4
3397	http://purl.obolibrary.org/obo/go.owl#Reaction_R-HSA-1839095
3398	http://purl.obolibrary.org/obo/go.owl#Reaction_R-HSA-9009452
3399	http://purl.obolibrary.org/obo/go.owl#Reaction_R-HSA-8955241
3400	http://purl.obolibrary.org/obo/go.owl#Pathway_R-HSA-8951664
3401	http://purl.obolibrary.org/obo/go.owl#Reaction_R-HSA-2559414
3402	http://purl.obolibrary.org/obo/go.owl#Reaction_R-HSA-6802941
3403	http://purl.obolibrary.org/obo/go.owl#Reaction_R-HSA-8950522
3404	http://purl.obolibrary.org/obo/go.owl#Reaction_R-HSA-9013143
3405	http://purl.obolibrary.org/obo/go.owl#Protein_ANXA4
3406	http://purl.obolibrary.org/obo/go.owl#Reaction_R-HSA-75090
3407	http://purl.obolibrary.org/obo/go.owl#Pathway_R-HSA-77042
3408	http://purl.obolibrary.org/obo/go.owl#Reaction_R-HSA-9665232
3409	http://purl.obolibrary.org/obo/go.owl#Pathway_R-HSA-9665233
3410	http://purl.obolibrary.org/obo/go.owl#Reaction_R-HSA-975122
3411	http://purl.obolibrary.org/obo/go.owl#Reaction_R-HSA-69144
3412	http://purl.obolibrary.org/obo/go.owl#Reaction_R-HSA-180573
3413	http://purl.obolibrary.org/obo/go.owl#Reaction_R-HSA-2730856
3414	http://purl.obolibrary.org/obo/go.owl#Reaction_R-HSA-3785711
3415	http://purl.obolibrary.org/obo/go.owl#Pathway_R-HSA-2559586
3416	http://purl.obolibrary.org/obo/go.owl#Pathway_R-HSA-1236973
3417	http://purl.obolibrary.org/obo/go.owl#Reaction_R-HSA-9604831
3418	http://purl.obolibrary.org/obo/go.owl#Reaction_R-HSA-446221
3419	http://purl.obolibrary.org/obo/go.owl#Reaction_R-HSA-1638803
3420	http://purl.obolibrary.org/obo/go.owl#Pathway_R-HSA-9954709
3421	http://purl.obolibrary.org/obo/GO_0002683_instance
3422	http://purl.obolibrary.org/obo/go.owl#Reaction_R-HSA-9736970
3423	http://purl.obolibrary.org/obo/go.owl#Reaction_R-HSA-9610408
3424	http://purl.obolibrary.org/obo/go.owl#Reaction_R-HSA-9836159
3425	http://purl.obolibrary.org/obo/go.owl#Reaction_R-HSA-5696670
3426	http://purl.obolibrary.org/obo/GO_1901981_instance
3427	http://purl.obolibrary.org/obo/go.owl#Pathway_R-HSA-2022377
3428	http://purl.obolibrary.org/obo/go.owl#Reaction_R-HSA-8951766
3429	http://purl.obolibrary.org/obo/go.owl#Reaction_R-HSA-9604499
3430	http://purl.obolibrary.org/obo/go.owl#Pathway_R-HSA-9818564
3431	http://purl.obolibrary.org/obo/go.owl#Reaction_R-HSA-9029158
3432	http://purl.obolibrary.org/obo/go.owl#Reaction_R-HSA-174227
3433	http://purl.obolibrary.org/obo/go.owl#Reaction_R-HSA-6811454
3434	http://purl.obolibrary.org/obo/go.owl#Protein_GOLM2
3435	http://purl.obolibrary.org/obo/go.owl#Pathway_R-HSA-9634597
3436	http://purl.obolibrary.org/obo/go.owl#Reaction_R-HSA-5684250
3437	http://purl.obolibrary.org/obo/go.owl#Pathway_R-HSA-3299685
3438	http://purl.obolibrary.org/obo/go.owl#Pathway_R-HSA-165158
3439	http://purl.obolibrary.org/obo/go.owl#Reaction_R-HSA-388809
3440	http://purl.obolibrary.org/obo/go.owl#Reaction_R-HSA-77592
3441	http://purl.obolibrary.org/obo/go.owl#Reaction_R-HSA-5624494
3442	http://purl.obolibrary.org/obo/go.owl#Pathway_R-HSA-5621575
3443	http://purl.obolibrary.org/obo/go.owl#Protein_ISOC1
3444	http://purl.obolibrary.org/obo/go.owl#Reaction_R-HSA-507937
3445	http://purl.obolibrary.org/obo/go.owl#Pathway_R-HSA-164843
3446	http://purl.obolibrary.org/obo/go.owl#Pathway_R-HSA-975956
3447	http://purl.obolibrary.org/obo/go.owl#Reaction_R-HSA-388831
3448	http://purl.obolibrary.org/obo/go.owl#Pathway_R-HSA-192823
3449	http://purl.obolibrary.org/obo/go.owl#Reaction_R-HSA-216061
3450	http://purl.obolibrary.org/obo/go.owl#Protein_GLT8D1
3451	http://purl.obolibrary.org/obo/GO_0042953_instance
3452	http://purl.obolibrary.org/obo/go.owl#Reaction_R-HSA-8878243
3453	http://purl.obolibrary.org/obo/go.owl#Pathway_R-HSA-5686938
3454	http://purl.obolibrary.org/obo/go.owl#Reaction_R-HSA-5654426
3455	http://purl.obolibrary.org/obo/go.owl#Reaction_R-HSA-9823959
3456	http://purl.obolibrary.org/obo/go.owl#Pathway_R-HSA-9823730
3457	http://purl.obolibrary.org/obo/go.owl#Reaction_R-HSA-6790022
3458	http://purl.obolibrary.org/obo/go.owl#Pathway_R-HSA-2559580
3459	http://purl.obolibrary.org/obo/go.owl#Reaction_R-HSA-6781840
3460	http://purl.obolibrary.org/obo/go.owl#Pathway_R-HSA-68949
3461	http://purl.obolibrary.org/obo/go.owl#Reaction_R-HSA-2672196
3462	http://purl.obolibrary.org/obo/go.owl#Pathway_R-HSA-5668599
3463	http://purl.obolibrary.org/obo/go.owl#Reaction_R-HSA-8876497
3464	http://purl.obolibrary.org/obo/go.owl#Pathway_R-HSA-9824439
3465	http://purl.obolibrary.org/obo/go.owl#Reaction_R-HSA-5623632
3466	http://purl.obolibrary.org/obo/go.owl#Reaction_R-HSA-5218847
3467	http://purl.obolibrary.org/obo/go.owl#Reaction_R-HSA-8981637
3468	http://purl.obolibrary.org/obo/go.owl#Pathway_R-HSA-8980692
3469	http://purl.obolibrary.org/obo/go.owl#Reaction_R-HSA-5651992
3470	http://purl.obolibrary.org/obo/go.owl#Reaction_R-HSA-6811433
3471	http://purl.obolibrary.org/obo/go.owl#Reaction_R-HSA-5661474
3472	http://purl.obolibrary.org/obo/go.owl#Reaction_R-HSA-392300
3473	http://purl.obolibrary.org/obo/go.owl#Reaction_R-HSA-9707690
3474	http://purl.obolibrary.org/obo/go.owl#Pathway_R-HSA-2660826
3475	http://purl.obolibrary.org/obo/go.owl#Protein_PARP6
3476	http://purl.obolibrary.org/obo/go.owl#Protein_MTFP1
3477	http://purl.obolibrary.org/obo/go.owl#Reaction_R-HSA-1169404
3478	http://purl.obolibrary.org/obo/go.owl#Pathway_R-HSA-1169410
3479	http://purl.obolibrary.org/obo/go.owl#Protein_CD22
3480	http://purl.obolibrary.org/obo/go.owl#Pathway_R-HSA-5625970
3481	http://purl.obolibrary.org/obo/go.owl#Reaction_R-HSA-72631
3482	http://purl.obolibrary.org/obo/go.owl#Reaction_R-HSA-9820566
3483	http://purl.obolibrary.org/obo/go.owl#Reaction_R-HSA-419981
3484	http://purl.obolibrary.org/obo/go.owl#Pathway_R-HSA-421270
3485	http://purl.obolibrary.org/obo/go.owl#Pathway_R-HSA-877312
3486	http://purl.obolibrary.org/obo/go.owl#Reaction_R-HSA-5682012
3487	http://purl.obolibrary.org/obo/go.owl#Reaction_R-HSA-2422927
3488	http://purl.obolibrary.org/obo/go.owl#Reaction_R-HSA-532603
3489	http://purl.obolibrary.org/obo/go.owl#Reaction_R-HSA-111955
3490	http://purl.obolibrary.org/obo/go.owl#Reaction_R-HSA-917700
3491	http://purl.obolibrary.org/obo/go.owl#Pathway_R-HSA-201451
3492	http://purl.obolibrary.org/obo/go.owl#Pathway_R-HSA-9006936
3493	http://purl.obolibrary.org/obo/go.owl#Reaction_R-HSA-8865626
3494	http://purl.obolibrary.org/obo/go.owl#Reaction_R-HSA-6802943
3495	http://purl.obolibrary.org/obo/go.owl#Reaction_R-HSA-5685366
3496	http://purl.obolibrary.org/obo/GO_0030496_instance
3497	http://purl.obolibrary.org/obo/go.owl#Reaction_R-HSA-3772430
3498	http://purl.obolibrary.org/obo/go.owl#Pathway_R-HSA-3769402
3499	http://purl.obolibrary.org/obo/go.owl#Reaction_R-HSA-6798745
3500	http://purl.obolibrary.org/obo/go.owl#Reaction_R-HSA-9762096
3501	http://purl.obolibrary.org/obo/go.owl#Pathway_R-HSA-9705683
3502	http://purl.obolibrary.org/obo/go.owl#Reaction_R-HSA-6786854
3503	http://purl.obolibrary.org/obo/go.owl#Reaction_R-HSA-9634433
3504	http://purl.obolibrary.org/obo/go.owl#Reaction_R-HSA-9705320
3505	http://purl.obolibrary.org/obo/go.owl#Reaction_R-HSA-8983835
3506	http://purl.obolibrary.org/obo/go.owl#Protein_GAP43
3507	http://purl.obolibrary.org/obo/go.owl#Reaction_R-HSA-173481
3508	http://purl.obolibrary.org/obo/go.owl#Pathway_R-HSA-9709603
3509	http://purl.obolibrary.org/obo/go.owl#Pathway_R-HSA-9701190
3510	http://purl.obolibrary.org/obo/go.owl#Reaction_R-HSA-5690565
3511	http://purl.obolibrary.org/obo/go.owl#Reaction_R-HSA-8877612
3512	http://purl.obolibrary.org/obo/go.owl#Pathway_R-HSA-72187
3513	http://purl.obolibrary.org/obo/go.owl#Reaction_R-HSA-5672972
3514	http://purl.obolibrary.org/obo/go.owl#Reaction_R-HSA-74031
3515	http://purl.obolibrary.org/obo/go.owl#Reaction_R-HSA-9694656
3516	http://purl.obolibrary.org/obo/go.owl#Pathway_R-HSA-2426168
3517	http://purl.obolibrary.org/obo/go.owl#Reaction_R-HSA-8936616
3518	http://purl.obolibrary.org/obo/go.owl#Pathway_R-HSA-9633012
3519	http://purl.obolibrary.org/obo/go.owl#Reaction_R-HSA-3209114
3520	http://purl.obolibrary.org/obo/go.owl#Protein_ARL4A
3521	http://purl.obolibrary.org/obo/GO_0090575_instance
3522	http://purl.obolibrary.org/obo/go.owl#Reaction_R-HSA-8856813
3523	http://purl.obolibrary.org/obo/go.owl#Reaction_R-HSA-112381
3524	http://purl.obolibrary.org/obo/go.owl#Pathway_R-HSA-167044
3525	http://purl.obolibrary.org/obo/go.owl#Pathway_R-HSA-75153
3526	http://purl.obolibrary.org/obo/go.owl#Reaction_R-HSA-75096
3527	http://purl.obolibrary.org/obo/go.owl#Protein_SLC1A4
3528	http://purl.obolibrary.org/obo/go.owl#Reaction_R-HSA-9835949
3529	http://purl.obolibrary.org/obo/go.owl#Reaction_R-HSA-5623524
3530	http://purl.obolibrary.org/obo/go.owl#Reaction_R-HSA-1227670
3531	http://purl.obolibrary.org/obo/go.owl#Reaction_R-HSA-1363274
3532	http://purl.obolibrary.org/obo/go.owl#Reaction_R-HSA-2316347
3533	http://purl.obolibrary.org/obo/go.owl#Pathway_R-HSA-8983432
3534	http://purl.obolibrary.org/obo/go.owl#Reaction_R-HSA-9615490
3535	http://purl.obolibrary.org/obo/go.owl#Reaction_R-HSA-8847635
3536	http://purl.obolibrary.org/obo/go.owl#Reaction_R-HSA-1028816
3537	http://purl.obolibrary.org/obo/go.owl#Reaction_R-HSA-5693620
3538	http://purl.obolibrary.org/obo/go.owl#Reaction_R-HSA-4717461
3539	http://purl.obolibrary.org/obo/go.owl#Reaction_R-HSA-3247839
3540	http://purl.obolibrary.org/obo/go.owl#Reaction_R-HSA-9817397
3541	http://purl.obolibrary.org/obo/go.owl#Pathway_R-HSA-75893
3542	http://purl.obolibrary.org/obo/go.owl#Reaction_R-HSA-5635868
3543	http://purl.obolibrary.org/obo/go.owl#Reaction_R-HSA-3928577
3544	http://purl.obolibrary.org/obo/go.owl#Reaction_R-HSA-8951499
3545	http://purl.obolibrary.org/obo/go.owl#Reaction_R-HSA-113407
3546	http://purl.obolibrary.org/obo/go.owl#Reaction_R-HSA-9934751
3547	http://purl.obolibrary.org/obo/go.owl#Pathway_R-HSA-9766229
3548	http://purl.obolibrary.org/obo/go.owl#Reaction_R-HSA-450358
3549	http://purl.obolibrary.org/obo/go.owl#Pathway_R-HSA-5358747
3550	http://purl.obolibrary.org/obo/go.owl#Reaction_R-HSA-5609665
3551	http://purl.obolibrary.org/obo/go.owl#Pathway_R-HSA-9032759
3552	http://purl.obolibrary.org/obo/go.owl#Reaction_R-HSA-5362448
3553	http://purl.obolibrary.org/obo/go.owl#Reaction_R-HSA-9934486
3554	http://purl.obolibrary.org/obo/go.owl#Reaction_R-HSA-168951
3555	http://purl.obolibrary.org/obo/go.owl#Reaction_R-HSA-2396594
3556	http://purl.obolibrary.org/obo/GO_0140297_instance
3557	http://purl.obolibrary.org/obo/go.owl#Reaction_R-HSA-9933237
3558	http://purl.obolibrary.org/obo/go.owl#Reaction_R-HSA-9013963
3559	http://purl.obolibrary.org/obo/go.owl#Reaction_R-HSA-9726509
3560	http://purl.obolibrary.org/obo/go.owl#Pathway_R-HSA-3371497
3561	http://purl.obolibrary.org/obo/go.owl#Reaction_R-HSA-9630923
3562	http://purl.obolibrary.org/obo/go.owl#Reaction_R-HSA-5693593
3563	http://purl.obolibrary.org/obo/go.owl#Pathway_R-HSA-109704
3564	http://purl.obolibrary.org/obo/go.owl#Protein_THOC6
3565	http://purl.obolibrary.org/obo/go.owl#Reaction_R-HSA-9703436
3566	http://purl.obolibrary.org/obo/go.owl#Pathway_R-HSA-9703648
3567	http://purl.obolibrary.org/obo/go.owl#Reaction_R-HSA-2974731
3568	http://purl.obolibrary.org/obo/go.owl#Pathway_R-HSA-2979096
3569	http://purl.obolibrary.org/obo/GO_0009894_instance
3570	http://purl.obolibrary.org/obo/go.owl#Pathway_R-HSA-9927020
3571	http://purl.obolibrary.org/obo/go.owl#Reaction_R-NUL-997411
3572	http://purl.obolibrary.org/obo/go.owl#Pathway_R-HSA-419037
3573	http://purl.obolibrary.org/obo/GO_0000281_instance
3574	http://purl.obolibrary.org/obo/go.owl#Reaction_R-HSA-2467811
3575	http://purl.obolibrary.org/obo/go.owl#Reaction_R-HSA-8855237
3576	http://purl.obolibrary.org/obo/go.owl#Reaction_R-HSA-560472
3577	http://purl.obolibrary.org/obo/go.owl#Reaction_R-HSA-8876240
3578	http://purl.obolibrary.org/obo/go.owl#Reaction_R-HSA-389954
3579	http://purl.obolibrary.org/obo/go.owl#Reaction_R-HSA-2213244
3580	http://purl.obolibrary.org/obo/go.owl#Pathway_R-HSA-2132295
3581	http://purl.obolibrary.org/obo/go.owl#Protein_PDIA4
3582	http://purl.obolibrary.org/obo/go.owl#Reaction_R-HSA-9012315
3583	http://purl.obolibrary.org/obo/go.owl#Reaction_R-HSA-6788392
3584	http://purl.obolibrary.org/obo/go.owl#Pathway_R-HSA-6783310
3585	http://purl.obolibrary.org/obo/go.owl#Reaction_R-HSA-8867344
3586	http://purl.obolibrary.org/obo/go.owl#Pathway_R-HSA-169911
3587	http://purl.obolibrary.org/obo/go.owl#Reaction_R-HSA-9817575
3588	http://purl.obolibrary.org/obo/go.owl#Pathway_R-HSA-264876
3589	http://purl.obolibrary.org/obo/go.owl#Reaction_R-HSA-4085350
3590	http://purl.obolibrary.org/obo/go.owl#Reaction_R-HSA-9615570
3591	http://purl.obolibrary.org/obo/go.owl#Reaction_R-HSA-480378
3592	http://purl.obolibrary.org/obo/go.owl#Reaction_R-HSA-5671970
3593	http://purl.obolibrary.org/obo/go.owl#Pathway_R-HSA-5625900
3594	http://purl.obolibrary.org/obo/go.owl#Reaction_R-HSA-9698016
3595	http://purl.obolibrary.org/obo/GO_0008150_instance
3596	http://purl.obolibrary.org/obo/go.owl#Protein_TSPAN18
3597	http://purl.obolibrary.org/obo/go.owl#Reaction_R-HSA-997326
3598	http://purl.obolibrary.org/obo/go.owl#Reaction_R-HSA-375140
3599	http://purl.obolibrary.org/obo/go.owl#Pathway_R-HSA-175567
3600	http://purl.obolibrary.org/obo/go.owl#Reaction_R-HSA-9749351
3601	http://purl.obolibrary.org/obo/go.owl#Reaction_R-HSA-418850
3602	http://purl.obolibrary.org/obo/go.owl#Reaction_R-HSA-5387392
3603	http://purl.obolibrary.org/obo/go.owl#Reaction_R-HSA-3928633
3604	http://purl.obolibrary.org/obo/go.owl#Reaction_R-HSA-8944632
3605	http://purl.obolibrary.org/obo/go.owl#Pathway_R-HSA-8943723
3606	http://purl.obolibrary.org/obo/go.owl#Reaction_R-HSA-167076
3607	http://purl.obolibrary.org/obo/go.owl#Reaction_R-HSA-9014610
3608	http://purl.obolibrary.org/obo/go.owl#Reaction_R-HSA-1799332
3609	http://purl.obolibrary.org/obo/go.owl#Protein_SP4
3610	http://purl.obolibrary.org/obo/go.owl#Reaction_R-HSA-8964619
3611	http://purl.obolibrary.org/obo/go.owl#Pathway_R-HSA-5689877
3612	http://purl.obolibrary.org/obo/go.owl#Pathway_R-HSA-5688426
3613	http://purl.obolibrary.org/obo/go.owl#Pathway_R-HSA-9018682
3614	http://purl.obolibrary.org/obo/go.owl#Reaction_R-HSA-9648114
3615	http://purl.obolibrary.org/obo/go.owl#Reaction_R-HSA-168896
3616	http://purl.obolibrary.org/obo/go.owl#Reaction_R-HSA-2424484
3617	http://purl.obolibrary.org/obo/go.owl#Reaction_R-HSA-9749098
3618	http://purl.obolibrary.org/obo/go.owl#Reaction_R-HSA-9935209
3619	http://purl.obolibrary.org/obo/go.owl#Reaction_R-HSA-109638
3620	http://purl.obolibrary.org/obo/go.owl#Reaction_R-HSA-199558
3621	http://purl.obolibrary.org/obo/go.owl#Reaction_R-HSA-8866857
3622	http://purl.obolibrary.org/obo/go.owl#Pathway_R-HSA-5678895
3623	http://purl.obolibrary.org/obo/go.owl#Reaction_R-HSA-8864029
3624	http://purl.obolibrary.org/obo/go.owl#Reaction_R-HSA-8937118
3625	http://purl.obolibrary.org/obo/go.owl#Reaction_R-HSA-3451147
3626	http://purl.obolibrary.org/obo/go.owl#Reaction_R-HSA-6782943
3627	http://purl.obolibrary.org/obo/go.owl#Reaction_R-HSA-5693574
3628	http://purl.obolibrary.org/obo/go.owl#Reaction_R-HSA-4086216
3629	http://purl.obolibrary.org/obo/go.owl#Reaction_R-HSA-9793921
3630	http://purl.obolibrary.org/obo/go.owl#Pathway_R-HSA-6802953
3631	http://purl.obolibrary.org/obo/go.owl#Pathway_R-HSA-4085377
3632	http://purl.obolibrary.org/obo/go.owl#Protein_RALGPS2
3633	http://purl.obolibrary.org/obo/go.owl#Reaction_R-HSA-8858500
3634	http://purl.obolibrary.org/obo/go.owl#Reaction_R-HSA-4396379
3635	http://purl.obolibrary.org/obo/GO_0006325_instance
3636	http://purl.obolibrary.org/obo/GO_0050684_instance
3637	http://purl.obolibrary.org/obo/go.owl#Reaction_R-HSA-6782211
3638	http://purl.obolibrary.org/obo/go.owl#Pathway_R-HSA-1250342
3639	http://purl.obolibrary.org/obo/go.owl#Reaction_R-HSA-9859148
3640	http://purl.obolibrary.org/obo/go.owl#Reaction_R-HSA-5687360
3641	http://purl.obolibrary.org/obo/go.owl#Reaction_R-HSA-9013111
3642	http://purl.obolibrary.org/obo/go.owl#Reaction_R-HSA-997309
3643	http://purl.obolibrary.org/obo/go.owl#Reaction_R-HSA-9712083
3644	http://purl.obolibrary.org/obo/go.owl#Pathway_R-HSA-4090294
3645	http://purl.obolibrary.org/obo/go.owl#Reaction_R-HSA-5687109
3646	http://purl.obolibrary.org/obo/go.owl#Reaction_R-HSA-1912367
3647	http://purl.obolibrary.org/obo/go.owl#Reaction_R-HSA-4088299
3648	http://purl.obolibrary.org/obo/go.owl#Pathway_R-HSA-75892
3649	http://purl.obolibrary.org/obo/go.owl#Reaction_R-HSA-9769347
3650	http://purl.obolibrary.org/obo/go.owl#Pathway_R-HSA-9841251
3651	http://purl.obolibrary.org/obo/GO_0080135_instance
3652	http://purl.obolibrary.org/obo/go.owl#Reaction_R-HSA-3769383
3653	http://purl.obolibrary.org/obo/GO_0030135_instance
3654	http://purl.obolibrary.org/obo/go.owl#Reaction_R-HSA-5654729
3655	http://purl.obolibrary.org/obo/go.owl#Reaction_R-HSA-429815
3656	http://purl.obolibrary.org/obo/go.owl#Reaction_R-HSA-170116
3657	http://purl.obolibrary.org/obo/go.owl#Protein_PLEKHA3
3658	http://purl.obolibrary.org/obo/go.owl#Pathway_R-HSA-2500257
3659	http://purl.obolibrary.org/obo/GO_0016032_instance
3660	http://purl.obolibrary.org/obo/go.owl#Reaction_R-HSA-6805620
3661	http://purl.obolibrary.org/obo/go.owl#Reaction_R-HSA-9632868
3662	http://purl.obolibrary.org/obo/go.owl#Pathway_R-HSA-9634638
3663	http://purl.obolibrary.org/obo/go.owl#Reaction_R-HSA-112430
3664	http://purl.obolibrary.org/obo/go.owl#Reaction_R-HSA-9759209
3665	http://purl.obolibrary.org/obo/go.owl#Reaction_R-HSA-139920
3666	http://purl.obolibrary.org/obo/go.owl#Reaction_R-HSA-9014449
3667	http://purl.obolibrary.org/obo/go.owl#Protein_NCDN
3668	http://purl.obolibrary.org/obo/go.owl#Reaction_R-HSA-9909374
3669	http://purl.obolibrary.org/obo/go.owl#Pathway_R-HSA-450302
3670	http://purl.obolibrary.org/obo/go.owl#Protein_SETBP1
3671	http://purl.obolibrary.org/obo/go.owl#Pathway_R-HSA-977606
3672	http://purl.obolibrary.org/obo/go.owl#Reaction_R-HSA-4396347
3673	http://purl.obolibrary.org/obo/go.owl#Reaction_R-HSA-380272
3674	http://purl.obolibrary.org/obo/go.owl#Pathway_R-HSA-453274
3675	http://purl.obolibrary.org/obo/go.owl#Pathway_R-HSA-9031628
3676	http://purl.obolibrary.org/obo/go.owl#Protein_REEP4
3677	http://purl.obolibrary.org/obo/go.owl#Pathway_R-HSA-9912633
3678	http://purl.obolibrary.org/obo/go.owl#Reaction_R-HSA-9859223
3679	http://purl.obolibrary.org/obo/go.owl#Pathway_R-HSA-351202
3680	http://purl.obolibrary.org/obo/go.owl#Reaction_R-HSA-8952232
3681	http://purl.obolibrary.org/obo/go.owl#Pathway_R-HSA-163615
3682	http://purl.obolibrary.org/obo/GO_0072657_instance
3683	http://purl.obolibrary.org/obo/go.owl#Reaction_R-HSA-75850
3684	http://purl.obolibrary.org/obo/go.owl#Pathway_R-HSA-76042
3685	http://purl.obolibrary.org/obo/go.owl#Reaction_R-HSA-8939667
3686	http://purl.obolibrary.org/obo/go.owl#Reaction_R-HSA-3296126
3687	http://purl.obolibrary.org/obo/go.owl#Reaction_R-HSA-9709406
3688	http://purl.obolibrary.org/obo/go.owl#Reaction_R-HSA-8877308
3689	http://purl.obolibrary.org/obo/go.owl#Reaction_R-HSA-4615872
3690	http://purl.obolibrary.org/obo/go.owl#Protein_OR10Q1
3691	http://purl.obolibrary.org/obo/go.owl#Pathway_R-HSA-9678108
3692	http://purl.obolibrary.org/obo/go.owl#Reaction_R-HSA-163096
3693	http://purl.obolibrary.org/obo/go.owl#Reaction_R-HSA-74737
3694	http://purl.obolibrary.org/obo/go.owl#Reaction_R-HSA-9823989
3695	http://purl.obolibrary.org/obo/go.owl#Pathway_R-HSA-9637628
3696	http://purl.obolibrary.org/obo/go.owl#Reaction_R-HSA-9686969
3697	http://purl.obolibrary.org/obo/go.owl#Reaction_R-HSA-5623667
3698	http://purl.obolibrary.org/obo/go.owl#Reaction_R-HSA-8867876
3699	http://purl.obolibrary.org/obo/go.owl#Pathway_R-HSA-1482801
3700	http://purl.obolibrary.org/obo/go.owl#Reaction_R-HSA-9835940
3701	http://purl.obolibrary.org/obo/go.owl#Reaction_R-HSA-169921
3702	http://purl.obolibrary.org/obo/go.owl#Reaction_R-HSA-2187293
3703	http://purl.obolibrary.org/obo/go.owl#Pathway_R-HSA-5362517
3704	http://purl.obolibrary.org/obo/go.owl#Pathway_R-HSA-2894862
3705	http://purl.obolibrary.org/obo/go.owl#Reaction_R-HSA-9604829
3706	http://purl.obolibrary.org/obo/go.owl#Reaction_R-HSA-8876258
3707	http://purl.obolibrary.org/obo/go.owl#Reaction_R-HSA-8987230
3708	http://purl.obolibrary.org/obo/go.owl#Reaction_R-HSA-176700
3709	http://purl.obolibrary.org/obo/go.owl#Pathway_R-HSA-171306
3710	http://purl.obolibrary.org/obo/go.owl#Protein_PIMREG
3711	http://purl.obolibrary.org/obo/go.owl#Reaction_R-HSA-77584
3712	http://purl.obolibrary.org/obo/go.owl#Reaction_R-HSA-4088305
3713	http://purl.obolibrary.org/obo/go.owl#Pathway_R-HSA-156711
3714	http://purl.obolibrary.org/obo/go.owl#Reaction_R-HSA-937059
3715	http://purl.obolibrary.org/obo/go.owl#Reaction_R-HSA-6814554
3716	http://purl.obolibrary.org/obo/GO_0010008_instance
3717	http://purl.obolibrary.org/obo/go.owl#Reaction_R-HSA-2186643
3718	http://purl.obolibrary.org/obo/go.owl#Reaction_R-HSA-933537
3719	http://purl.obolibrary.org/obo/go.owl#Pathway_R-HSA-168928
3720	http://purl.obolibrary.org/obo/go.owl#Pathway_R-HSA-9705462
3721	http://purl.obolibrary.org/obo/go.owl#Pathway_R-HSA-156902
3722	http://purl.obolibrary.org/obo/go.owl#Reaction_R-HSA-9670412
3723	http://purl.obolibrary.org/obo/go.owl#Reaction_R-HSA-72635
3724	http://purl.obolibrary.org/obo/go.owl#Reaction_R-HSA-6803836
3725	http://purl.obolibrary.org/obo/go.owl#Reaction_R-HSA-3295579
3726	http://purl.obolibrary.org/obo/go.owl#Reaction_R-HSA-4570528
3727	http://purl.obolibrary.org/obo/go.owl#Reaction_R-HSA-9692129
3728	http://purl.obolibrary.org/obo/go.owl#Pathway_R-HSA-2559582
3729	http://purl.obolibrary.org/obo/go.owl#Reaction_R-HSA-9624800
3730	http://purl.obolibrary.org/obo/go.owl#Pathway_R-HSA-2995383
3731	http://purl.obolibrary.org/obo/GO_0006914_instance
3732	http://purl.obolibrary.org/obo/go.owl#Protein_PDE1B
3733	http://purl.obolibrary.org/obo/go.owl#Reaction_R-HSA-111956
3734	http://purl.obolibrary.org/obo/go.owl#Pathway_R-HSA-5368286
3735	http://purl.obolibrary.org/obo/go.owl#Reaction_R-HSA-5682377
3736	http://purl.obolibrary.org/obo/go.owl#Reaction_R-HSA-947591
3737	http://purl.obolibrary.org/obo/go.owl#Reaction_R-HSA-9912751
3738	http://purl.obolibrary.org/obo/go.owl#Reaction_R-HSA-912408
3739	http://purl.obolibrary.org/obo/go.owl#Reaction_R-HSA-2671839
3740	http://purl.obolibrary.org/obo/go.owl#Pathway_R-HSA-202433
3741	http://purl.obolibrary.org/obo/go.owl#Reaction_R-HSA-5684043
3742	http://purl.obolibrary.org/obo/go.owl#Pathway_R-HSA-9013957
3743	http://purl.obolibrary.org/obo/go.owl#Pathway_R-HSA-3214841
3744	http://purl.obolibrary.org/obo/go.owl#Reaction_R-HSA-5686440
3745	http://purl.obolibrary.org/obo/go.owl#Pathway_R-HSA-1461957
3746	http://purl.obolibrary.org/obo/go.owl#Pathway_R-HSA-1461973
3747	http://purl.obolibrary.org/obo/go.owl#Reaction_R-HSA-9675026
3748	http://purl.obolibrary.org/obo/go.owl#Reaction_R-HSA-201630
3749	http://purl.obolibrary.org/obo/GO_0016050_instance
3750	http://purl.obolibrary.org/obo/go.owl#Reaction_R-HSA-975139
3751	http://purl.obolibrary.org/obo/go.owl#Reaction_R-HSA-9934411
3752	http://purl.obolibrary.org/obo/go.owl#Pathway_R-HSA-4411364
3753	http://purl.obolibrary.org/obo/go.owl#Reaction_R-HSA-8950453
3754	http://purl.obolibrary.org/obo/go.owl#Pathway_R-HSA-6794361
3755	http://purl.obolibrary.org/obo/go.owl#Reaction_R-HSA-8985973
3756	http://purl.obolibrary.org/obo/go.owl#Protein_MRPS25
3757	http://purl.obolibrary.org/obo/go.owl#Pathway_R-HSA-975144
3758	http://purl.obolibrary.org/obo/go.owl#Reaction_R-HSA-9654521
3759	http://purl.obolibrary.org/obo/go.owl#Reaction_R-HSA-203565
3760	http://purl.obolibrary.org/obo/go.owl#Reaction_R-HSA-934559
3761	http://purl.obolibrary.org/obo/go.owl#Reaction_R-HSA-8867754
3762	http://purl.obolibrary.org/obo/go.owl#Reaction_R-HSA-2400009
3763	http://purl.obolibrary.org/obo/go.owl#Pathway_R-HSA-9824272
3764	http://purl.obolibrary.org/obo/go.owl#Reaction_R-HSA-167128
3765	http://purl.obolibrary.org/obo/go.owl#Reaction_R-HSA-1839031
3766	http://purl.obolibrary.org/obo/go.owl#Pathway_R-HSA-1839124
3767	http://purl.obolibrary.org/obo/go.owl#Pathway_R-HSA-2514853
3768	http://purl.obolibrary.org/obo/GO_0061659_instance
3769	http://purl.obolibrary.org/obo/GO_0007346_instance
3770	http://purl.obolibrary.org/obo/go.owl#Reaction_R-HSA-9621073
3771	http://purl.obolibrary.org/obo/go.owl#Reaction_R-HSA-3134901
3772	http://purl.obolibrary.org/obo/go.owl#Pathway_R-HSA-3928664
3773	http://purl.obolibrary.org/obo/go.owl#Reaction_R-HSA-9629373
3774	http://purl.obolibrary.org/obo/go.owl#Reaction_R-HSA-8964561
3775	http://purl.obolibrary.org/obo/go.owl#Reaction_R-HSA-909722
3776	http://purl.obolibrary.org/obo/go.owl#Reaction_R-HSA-8944650
3777	http://purl.obolibrary.org/obo/go.owl#Reaction_R-HSA-9634702
3778	http://purl.obolibrary.org/obo/go.owl#Reaction_R-HSA-870477
3779	http://purl.obolibrary.org/obo/go.owl#Pathway_R-HSA-429914
3780	http://purl.obolibrary.org/obo/go.owl#Reaction_R-HSA-380780
3781	http://purl.obolibrary.org/obo/go.owl#Reaction_R-HSA-1112602
3782	http://purl.obolibrary.org/obo/go.owl#Reaction_R-HSA-9665405
3783	http://purl.obolibrary.org/obo/go.owl#Reaction_R-HSA-8948524
3784	http://purl.obolibrary.org/obo/go.owl#Reaction_R-HSA-2294574
3785	http://purl.obolibrary.org/obo/go.owl#Reaction_R-HSA-451561
3786	http://purl.obolibrary.org/obo/go.owl#Reaction_R-HSA-9858645
3787	http://purl.obolibrary.org/obo/go.owl#Reaction_R-HSA-5334164
3788	http://purl.obolibrary.org/obo/go.owl#Pathway_R-HSA-73856
3789	http://purl.obolibrary.org/obo/GO_0000776_instance
3790	http://purl.obolibrary.org/obo/go.owl#Reaction_R-HSA-141691
3791	http://purl.obolibrary.org/obo/go.owl#Reaction_R-HSA-9853499
3792	http://purl.obolibrary.org/obo/go.owl#Reaction_R-HSA-399933
3793	http://purl.obolibrary.org/obo/go.owl#Reaction_R-HSA-2559439
3794	http://purl.obolibrary.org/obo/go.owl#Reaction_R-HSA-177491
3795	http://purl.obolibrary.org/obo/go.owl#Pathway_R-HSA-5467340
3796	http://purl.obolibrary.org/obo/go.owl#Reaction_R-HSA-9670414
3797	http://purl.obolibrary.org/obo/go.owl#Reaction_R-HSA-2424487
3798	http://purl.obolibrary.org/obo/go.owl#Pathway_R-HSA-69618
3799	http://purl.obolibrary.org/obo/go.owl#Reaction_R-HSA-8936979
3800	http://purl.obolibrary.org/obo/go.owl#Reaction_R-HSA-9665009
3801	http://purl.obolibrary.org/obo/go.owl#Reaction_R-HSA-9857682
3802	http://purl.obolibrary.org/obo/go.owl#Reaction_R-HSA-432712
3803	http://purl.obolibrary.org/obo/go.owl#Pathway_R-HSA-9820960
3804	http://purl.obolibrary.org/obo/go.owl#Reaction_R-HSA-2730889
3805	http://purl.obolibrary.org/obo/go.owl#Pathway_R-HSA-6784531
3806	http://purl.obolibrary.org/obo/go.owl#Reaction_R-HSA-382096
3807	http://purl.obolibrary.org/obo/go.owl#Reaction_R-HSA-9931314
3808	http://purl.obolibrary.org/obo/go.owl#Pathway_R-HSA-9931269
3809	http://purl.obolibrary.org/obo/go.owl#Reaction_R-HSA-6804193
3810	http://purl.obolibrary.org/obo/go.owl#Reaction_R-HSA-9618004
3811	http://purl.obolibrary.org/obo/go.owl#Reaction_R-HSA-6802935
3812	http://purl.obolibrary.org/obo/go.owl#Pathway_R-HSA-6802952
3813	http://purl.obolibrary.org/obo/go.owl#Pathway_R-HSA-68884
3814	http://purl.obolibrary.org/obo/go.owl#Reaction_R-HSA-9725030
3815	http://purl.obolibrary.org/obo/go.owl#Reaction_R-HSA-5676596
3816	http://purl.obolibrary.org/obo/go.owl#Reaction_R-HSA-6788623
3817	http://purl.obolibrary.org/obo/go.owl#Reaction_R-HSA-6811428
3818	http://purl.obolibrary.org/obo/go.owl#Pathway_R-HSA-6811440
3819	http://purl.obolibrary.org/obo/go.owl#Reaction_R-HSA-9665699
3820	http://purl.obolibrary.org/obo/go.owl#Protein_OPN3
3821	http://purl.obolibrary.org/obo/go.owl#Reaction_R-HSA-8982640
3822	http://purl.obolibrary.org/obo/go.owl#Reaction_R-HSA-5607726
3823	http://purl.obolibrary.org/obo/go.owl#Reaction_R-HSA-203070
3824	http://purl.obolibrary.org/obo/go.owl#Pathway_R-HSA-9675136
3825	http://purl.obolibrary.org/obo/go.owl#Reaction_R-HSA-180630
3826	http://purl.obolibrary.org/obo/go.owl#Reaction_R-HSA-8950441
3827	http://purl.obolibrary.org/obo/go.owl#Reaction_R-HSA-8856951
3828	http://purl.obolibrary.org/obo/go.owl#Reaction_R-HSA-9011975
3829	http://purl.obolibrary.org/obo/go.owl#Reaction_R-HSA-2671872
3830	http://purl.obolibrary.org/obo/go.owl#Reaction_R-HSA-2160932
3831	http://purl.obolibrary.org/obo/go.owl#Reaction_R-HSA-9032751
3832	http://purl.obolibrary.org/obo/go.owl#Reaction_R-HSA-2262775
3833	http://purl.obolibrary.org/obo/go.owl#Reaction_R-HSA-182243
3834	http://purl.obolibrary.org/obo/go.owl#Pathway_R-HSA-162909
3835	http://purl.obolibrary.org/obo/go.owl#Reaction_R-HSA-112271
3836	http://purl.obolibrary.org/obo/go.owl#Reaction_R-HSA-111264
3837	http://purl.obolibrary.org/obo/go.owl#Pathway_R-HSA-9704331
3838	http://purl.obolibrary.org/obo/go.owl#Pathway_R-HSA-8854050
3839	http://purl.obolibrary.org/obo/go.owl#Reaction_R-HSA-174070
3840	http://purl.obolibrary.org/obo/go.owl#Reaction_R-HSA-389964
3841	http://purl.obolibrary.org/obo/go.owl#Pathway_R-HSA-389977
3842	http://purl.obolibrary.org/obo/go.owl#Protein_DRC7
3843	http://purl.obolibrary.org/obo/go.owl#Reaction_R-HSA-8865237
3844	http://purl.obolibrary.org/obo/go.owl#Reaction_R-HSA-430180
3845	http://purl.obolibrary.org/obo/GO_1902533_instance
3846	http://purl.obolibrary.org/obo/go.owl#Reaction_R-HSA-182286
3847	http://purl.obolibrary.org/obo/go.owl#Pathway_R-HSA-8852135
3848	http://purl.obolibrary.org/obo/go.owl#Reaction_R-HSA-399941
3849	http://purl.obolibrary.org/obo/go.owl#Pathway_R-HSA-373755
3850	http://purl.obolibrary.org/obo/go.owl#Reaction_R-HSA-6802914
3851	http://purl.obolibrary.org/obo/go.owl#Protein_PLAGL1
3852	http://purl.obolibrary.org/obo/go.owl#Reaction_R-HSA-1433428
3853	http://purl.obolibrary.org/obo/go.owl#Protein_EFHC2
3854	http://purl.obolibrary.org/obo/go.owl#Reaction_R-HSA-1839094
3855	http://purl.obolibrary.org/obo/go.owl#Reaction_R-HSA-9818954
3856	http://purl.obolibrary.org/obo/go.owl#Reaction_R-HSA-2220964
3857	http://purl.obolibrary.org/obo/go.owl#Reaction_R-HSA-8983374
3858	http://purl.obolibrary.org/obo/go.owl#Reaction_R-HSA-9018815
3859	http://purl.obolibrary.org/obo/go.owl#Reaction_R-HSA-6782416
3860	http://purl.obolibrary.org/obo/go.owl#Pathway_R-HSA-6782315
3861	http://purl.obolibrary.org/obo/go.owl#Reaction_R-HSA-9754191
3862	http://purl.obolibrary.org/obo/go.owl#Reaction_R-HSA-5655733
3863	http://purl.obolibrary.org/obo/go.owl#Pathway_R-HSA-5619049
3864	http://purl.obolibrary.org/obo/go.owl#Reaction_R-HSA-9629004
3865	http://purl.obolibrary.org/obo/go.owl#Pathway_R-HSA-159231
3866	http://purl.obolibrary.org/obo/go.owl#Pathway_R-HSA-204174
3867	http://purl.obolibrary.org/obo/go.owl#Reaction_R-HSA-9757954
3868	http://purl.obolibrary.org/obo/go.owl#Reaction_R-HSA-2395328
3869	http://purl.obolibrary.org/obo/go.owl#Reaction_R-HSA-8870332
3870	http://purl.obolibrary.org/obo/go.owl#Pathway_R-HSA-1660499
3871	http://purl.obolibrary.org/obo/go.owl#Reaction_R-HSA-2029449
3872	http://purl.obolibrary.org/obo/go.owl#Pathway_R-HSA-9692913
3873	http://purl.obolibrary.org/obo/go.owl#Reaction_R-HSA-198270
3874	http://purl.obolibrary.org/obo/go.owl#Pathway_R-HSA-4420097
3875	http://purl.obolibrary.org/obo/go.owl#Reaction_R-HSA-5656158
3876	http://purl.obolibrary.org/obo/go.owl#Reaction_R-HSA-2318373
3877	http://purl.obolibrary.org/obo/go.owl#Reaction_R-HSA-9733216
3878	http://purl.obolibrary.org/obo/go.owl#Pathway_R-HSA-2173796
3879	http://purl.obolibrary.org/obo/go.owl#Pathway_R-HSA-1912420
3880	http://purl.obolibrary.org/obo/go.owl#Reaction_R-HSA-9932512
3881	http://purl.obolibrary.org/obo/go.owl#Reaction_R-HSA-9013979
3882	http://purl.obolibrary.org/obo/go.owl#Reaction_R-HSA-198613
3883	http://purl.obolibrary.org/obo/go.owl#Reaction_R-HSA-5694418
3884	http://purl.obolibrary.org/obo/go.owl#Reaction_R-HSA-1222516
3885	http://purl.obolibrary.org/obo/go.owl#Reaction_R-HSA-163810
3886	http://purl.obolibrary.org/obo/go.owl#Reaction_R-HSA-6810376
3887	http://purl.obolibrary.org/obo/go.owl#Reaction_R-HSA-3301237
3888	http://purl.obolibrary.org/obo/go.owl#Pathway_R-HSA-9704646
3889	http://purl.obolibrary.org/obo/go.owl#Pathway_R-HSA-167287
3890	http://purl.obolibrary.org/obo/go.owl#Reaction_R-HSA-9657599
3891	http://purl.obolibrary.org/obo/go.owl#Reaction_R-HSA-8863858
3892	http://purl.obolibrary.org/obo/go.owl#Reaction_R-HSA-4570467
3893	http://purl.obolibrary.org/obo/GO_0005575_instance
3894	http://purl.obolibrary.org/obo/go.owl#Reaction_R-HSA-389976
3895	http://purl.obolibrary.org/obo/go.owl#Reaction_R-HSA-8956099
3896	http://purl.obolibrary.org/obo/go.owl#Reaction_R-HSA-9954730
3897	http://purl.obolibrary.org/obo/go.owl#Reaction_R-HSA-5618080
3898	http://purl.obolibrary.org/obo/go.owl#Reaction_R-HSA-8942099
3899	http://purl.obolibrary.org/obo/go.owl#Reaction_R-HSA-8876837
3900	http://purl.obolibrary.org/obo/go.owl#Pathway_R-HSA-5676590
3901	http://purl.obolibrary.org/obo/go.owl#Reaction_R-HSA-374214
3902	http://purl.obolibrary.org/obo/GO_0005874_instance
3903	http://purl.obolibrary.org/obo/go.owl#Reaction_R-HSA-9018766
3904	http://purl.obolibrary.org/obo/go.owl#Reaction_R-HSA-1981104
3905	http://purl.obolibrary.org/obo/go.owl#Reaction_R-HSA-8964580
3906	http://purl.obolibrary.org/obo/go.owl#Reaction_R-HSA-6809309
3907	http://purl.obolibrary.org/obo/go.owl#Reaction_R-HSA-9836383
3908	http://purl.obolibrary.org/obo/go.owl#Reaction_R-HSA-77071
3909	http://purl.obolibrary.org/obo/go.owl#Reaction_R-HSA-4551451
3910	http://purl.obolibrary.org/obo/go.owl#Reaction_R-HSA-688985
3911	http://purl.obolibrary.org/obo/go.owl#Pathway_R-HSA-937039
3912	http://purl.obolibrary.org/obo/go.owl#Reaction_R-HSA-9909602
3913	http://purl.obolibrary.org/obo/go.owl#Reaction_R-HSA-5674385
3914	http://purl.obolibrary.org/obo/go.owl#Reaction_R-HSA-8983378
3915	http://purl.obolibrary.org/obo/go.owl#Reaction_R-HSA-1592235
3916	http://purl.obolibrary.org/obo/go.owl#Reaction_R-HSA-1236954
3917	http://purl.obolibrary.org/obo/go.owl#Reaction_R-HSA-6798751
3918	http://purl.obolibrary.org/obo/go.owl#Reaction_R-HSA-9825782
3919	http://purl.obolibrary.org/obo/go.owl#Pathway_R-HSA-5627123
3920	http://purl.obolibrary.org/obo/go.owl#Pathway_R-HSA-3108214
3921	http://purl.obolibrary.org/obo/go.owl#Reaction_R-HSA-380455
3922	http://purl.obolibrary.org/obo/go.owl#Reaction_R-HSA-5637686
3923	http://purl.obolibrary.org/obo/go.owl#Reaction_R-HSA-68940
3924	http://purl.obolibrary.org/obo/go.owl#Pathway_R-HSA-174048
3925	http://purl.obolibrary.org/obo/go.owl#Reaction_R-HSA-141409
3926	http://purl.obolibrary.org/obo/go.owl#Reaction_R-HSA-450346
3927	http://purl.obolibrary.org/obo/go.owl#Reaction_R-HSA-2029473
3928	http://purl.obolibrary.org/obo/go.owl#Pathway_R-HSA-74751
3929	http://purl.obolibrary.org/obo/go.owl#Reaction_R-HSA-9011961
3930	http://purl.obolibrary.org/obo/go.owl#Reaction_R-HSA-8953946
3931	http://purl.obolibrary.org/obo/go.owl#Pathway_R-HSA-8865999
3932	http://purl.obolibrary.org/obo/go.owl#Reaction_R-HSA-448957
3933	http://purl.obolibrary.org/obo/go.owl#Reaction_R-HSA-9865663
3934	http://purl.obolibrary.org/obo/go.owl#Pathway_R-HSA-447043
3935	http://purl.obolibrary.org/obo/go.owl#Pathway_R-HSA-3214815
3936	http://purl.obolibrary.org/obo/go.owl#Reaction_R-HSA-9612534
3937	http://purl.obolibrary.org/obo/go.owl#Reaction_R-HSA-9948301
3938	http://purl.obolibrary.org/obo/go.owl#Reaction_R-HSA-350186
3939	http://purl.obolibrary.org/obo/go.owl#Reaction_R-HSA-6800490
3940	http://purl.obolibrary.org/obo/go.owl#Reaction_R-HSA-2046083
3941	http://purl.obolibrary.org/obo/go.owl#Reaction_R-HSA-9859206
3942	http://purl.obolibrary.org/obo/go.owl#Reaction_R-HSA-9008877
3943	http://purl.obolibrary.org/obo/go.owl#Reaction_R-HSA-389550
3944	http://purl.obolibrary.org/obo/go.owl#Protein_FAM156B
3945	http://purl.obolibrary.org/obo/go.owl#Reaction_R-HSA-8953461
3946	http://purl.obolibrary.org/obo/go.owl#Pathway_R-HSA-8949664
3947	http://purl.obolibrary.org/obo/go.owl#Pathway_R-HSA-9845323
3948	http://purl.obolibrary.org/obo/go.owl#Pathway_R-HSA-2468052
3949	http://purl.obolibrary.org/obo/go.owl#Reaction_R-HSA-5138433
3950	http://purl.obolibrary.org/obo/go.owl#Reaction_R-HSA-560517
3951	http://purl.obolibrary.org/obo/go.owl#Pathway_R-HSA-9027284
3952	http://purl.obolibrary.org/obo/go.owl#Reaction_R-HSA-166284
3953	http://purl.obolibrary.org/obo/go.owl#Reaction_R-HSA-5362500
3954	http://purl.obolibrary.org/obo/go.owl#Reaction_R-HSA-8868658
3955	http://purl.obolibrary.org/obo/go.owl#Pathway_R-HSA-156581
3956	http://purl.obolibrary.org/obo/go.owl#Pathway_R-HSA-389661
3957	http://purl.obolibrary.org/obo/go.owl#Pathway_R-HSA-416700
3958	http://purl.obolibrary.org/obo/go.owl#Reaction_R-HSA-6785565
3959	http://purl.obolibrary.org/obo/go.owl#Pathway_R-HSA-5083635
3960	http://purl.obolibrary.org/obo/go.owl#Reaction_R-HSA-9612085
3961	http://purl.obolibrary.org/obo/go.owl#Reaction_R-HSA-9028505
3962	http://purl.obolibrary.org/obo/go.owl#Reaction_R-HSA-109858
3963	http://purl.obolibrary.org/obo/go.owl#Reaction_R-NUL-9932082
3964	http://purl.obolibrary.org/obo/go.owl#Reaction_R-HSA-8852134
3965	http://purl.obolibrary.org/obo/go.owl#Reaction_R-HSA-72647
3966	http://purl.obolibrary.org/obo/go.owl#Reaction_R-HSA-9018824
3967	http://purl.obolibrary.org/obo/go.owl#Reaction_R-HSA-392212
3968	http://purl.obolibrary.org/obo/go.owl#Reaction_R-HSA-72671
3969	http://purl.obolibrary.org/obo/go.owl#Reaction_R-HSA-2671855
3970	http://purl.obolibrary.org/obo/go.owl#Pathway_R-HSA-2586552
3971	http://purl.obolibrary.org/obo/go.owl#Pathway_R-HSA-429947
3972	http://purl.obolibrary.org/obo/go.owl#Reaction_R-HSA-9610942
3973	http://purl.obolibrary.org/obo/go.owl#Reaction_R-HSA-1974676
3974	http://purl.obolibrary.org/obo/go.owl#Reaction_R-HSA-2186747
3975	http://purl.obolibrary.org/obo/go.owl#Reaction_R-HSA-2408525
3976	http://purl.obolibrary.org/obo/go.owl#Pathway_R-HSA-173599
3977	http://purl.obolibrary.org/obo/go.owl#Reaction_R-HSA-6791222
3978	http://purl.obolibrary.org/obo/go.owl#Pathway_R-HSA-373760
3979	http://purl.obolibrary.org/obo/go.owl#Reaction_R-HSA-2172678
3980	http://purl.obolibrary.org/obo/go.owl#Reaction_R-HSA-202168
3981	http://purl.obolibrary.org/obo/go.owl#Reaction_R-HSA-174144
3982	http://purl.obolibrary.org/obo/go.owl#Reaction_R-HSA-5694439
3983	http://purl.obolibrary.org/obo/go.owl#Reaction_R-HSA-204981
3984	http://purl.obolibrary.org/obo/go.owl#Pathway_R-HSA-205025
3985	http://purl.obolibrary.org/obo/go.owl#Reaction_R-HSA-9032601
3986	http://purl.obolibrary.org/obo/go.owl#Reaction_R-HSA-9752950
3987	http://purl.obolibrary.org/obo/go.owl#Pathway_R-HSA-381753
3988	http://purl.obolibrary.org/obo/go.owl#Reaction_R-HSA-2430535
3989	http://purl.obolibrary.org/obo/go.owl#Reaction_R-HSA-6798739
3990	http://purl.obolibrary.org/obo/go.owl#Protein_PSEN2
3991	http://purl.obolibrary.org/obo/go.owl#Reaction_R-HSA-1112538
3992	http://purl.obolibrary.org/obo/go.owl#Reaction_R-HSA-209760
3993	http://purl.obolibrary.org/obo/go.owl#Reaction_R-HSA-77077
3994	http://purl.obolibrary.org/obo/go.owl#Pathway_R-HSA-174362
3995	http://purl.obolibrary.org/obo/go.owl#Reaction_R-HSA-399942
3996	http://purl.obolibrary.org/obo/go.owl#Reaction_R-HSA-6797616
3997	http://purl.obolibrary.org/obo/go.owl#Protein_MICALL1
3998	http://purl.obolibrary.org/obo/go.owl#Reaction_R-HSA-141671
3999	http://purl.obolibrary.org/obo/go.owl#Reaction_R-HSA-5623521
4000	http://purl.obolibrary.org/obo/go.owl#Reaction_R-HSA-2730860
4001	http://purl.obolibrary.org/obo/go.owl#Pathway_R-HSA-9668328
4002	http://purl.obolibrary.org/obo/go.owl#Reaction_R-HSA-9014296
4003	http://purl.obolibrary.org/obo/go.owl#Reaction_R-HSA-75082
4004	http://purl.obolibrary.org/obo/go.owl#Pathway_R-HSA-198753
4005	http://purl.obolibrary.org/obo/go.owl#Reaction_R-HSA-4719447
4006	http://purl.obolibrary.org/obo/go.owl#Reaction_R-HSA-9018758
4007	http://purl.obolibrary.org/obo/go.owl#Reaction_R-HSA-9640175
4008	http://purl.obolibrary.org/obo/go.owl#Reaction_R-HSA-9857673
4009	http://purl.obolibrary.org/obo/go.owl#Pathway_R-HSA-9856532
4010	http://purl.obolibrary.org/obo/go.owl#Pathway_R-HSA-9013420
4011	http://purl.obolibrary.org/obo/go.owl#Pathway_R-HSA-3371511
4012	http://purl.obolibrary.org/obo/go.owl#Reaction_R-HSA-9686521
4013	http://purl.obolibrary.org/obo/go.owl#Reaction_R-HSA-211715
4014	http://purl.obolibrary.org/obo/go.owl#Reaction_R-HSA-167085
4015	http://purl.obolibrary.org/obo/go.owl#Reaction_R-HSA-8870499
4016	http://purl.obolibrary.org/obo/go.owl#Reaction_R-HSA-2176475
4017	http://purl.obolibrary.org/obo/go.owl#Protein_TAF1D
4018	http://purl.obolibrary.org/obo/go.owl#Reaction_R-HSA-389961
4019	http://purl.obolibrary.org/obo/go.owl#Reaction_R-HSA-9842833
4020	http://purl.obolibrary.org/obo/go.owl#Reaction_R-HSA-5654586
4021	http://purl.obolibrary.org/obo/go.owl#Reaction_R-HSA-6782204
4022	http://purl.obolibrary.org/obo/go.owl#Pathway_R-HSA-168325
4023	http://purl.obolibrary.org/obo/go.owl#Reaction_R-HSA-8932400
4024	http://purl.obolibrary.org/obo/go.owl#Pathway_R-HSA-9008059
4025	http://purl.obolibrary.org/obo/go.owl#Pathway_R-HSA-9820841
4026	http://purl.obolibrary.org/obo/go.owl#Protein_CYB5D1
4027	http://purl.obolibrary.org/obo/go.owl#Reaction_R-HSA-418163
4028	http://purl.obolibrary.org/obo/go.owl#Pathway_R-HSA-9840309
4029	http://purl.obolibrary.org/obo/go.owl#Reaction_R-HSA-2214330
4030	http://purl.obolibrary.org/obo/go.owl#Reaction_R-HSA-5218905
4031	http://purl.obolibrary.org/obo/go.owl#Pathway_R-HSA-5213460
4032	http://purl.obolibrary.org/obo/go.owl#Reaction_R-HSA-9022186
4033	http://purl.obolibrary.org/obo/go.owl#Reaction_R-HSA-8867047
4034	http://purl.obolibrary.org/obo/go.owl#Pathway_R-HSA-75815
4035	http://purl.obolibrary.org/obo/go.owl#Reaction_R-HSA-199959
4036	http://purl.obolibrary.org/obo/go.owl#Reaction_R-HSA-2395439
4037	http://purl.obolibrary.org/obo/go.owl#Reaction_R-HSA-9844598
4038	http://purl.obolibrary.org/obo/go.owl#Reaction_R-HSA-5625959
4039	http://purl.obolibrary.org/obo/go.owl#Reaction_R-HSA-983157
4040	http://purl.obolibrary.org/obo/go.owl#Reaction_R-HSA-110307
4041	http://purl.obolibrary.org/obo/go.owl#Pathway_R-HSA-167169
4042	http://purl.obolibrary.org/obo/go.owl#Reaction_R-HSA-8944599
4043	http://purl.obolibrary.org/obo/go.owl#Reaction_R-HSA-5334179
4044	http://purl.obolibrary.org/obo/go.owl#Pathway_R-HSA-5334118
4045	http://purl.obolibrary.org/obo/go.owl#Reaction_R-HSA-168166
4046	http://purl.obolibrary.org/obo/go.owl#Reaction_R-HSA-264458
4047	http://purl.obolibrary.org/obo/go.owl#Pathway_R-HSA-349425
4048	http://purl.obolibrary.org/obo/go.owl#Reaction_R-HSA-2429719
4049	http://purl.obolibrary.org/obo/go.owl#Pathway_R-HSA-2299718
4050	http://purl.obolibrary.org/obo/go.owl#Reaction_R-HSA-937029
4051	http://purl.obolibrary.org/obo/go.owl#Reaction_R-HSA-9932344
4052	http://purl.obolibrary.org/obo/go.owl#Reaction_R-HSA-421833
4053	http://purl.obolibrary.org/obo/go.owl#Reaction_R-HSA-177935
4054	http://purl.obolibrary.org/obo/go.owl#Pathway_R-HSA-180292
4055	http://purl.obolibrary.org/obo/go.owl#Reaction_R-HSA-72676
4056	http://purl.obolibrary.org/obo/go.owl#Reaction_R-HSA-2245218
4057	http://purl.obolibrary.org/obo/go.owl#Reaction_R-HSA-8854044
4058	http://purl.obolibrary.org/obo/go.owl#Reaction_R-HSA-9698000
4059	http://purl.obolibrary.org/obo/go.owl#Pathway_R-HSA-901032
4060	http://purl.obolibrary.org/obo/go.owl#Pathway_R-HSA-9930044
4061	http://purl.obolibrary.org/obo/go.owl#Reaction_R-HSA-5218827
4062	http://purl.obolibrary.org/obo/go.owl#Reaction_R-HSA-1791066
4063	http://purl.obolibrary.org/obo/go.owl#Reaction_R-HSA-216040
4064	http://purl.obolibrary.org/obo/go.owl#Reaction_R-HSA-9024361
4065	http://purl.obolibrary.org/obo/go.owl#Reaction_R-HSA-5686469
4066	http://purl.obolibrary.org/obo/go.owl#Reaction_R-HSA-8950183
4067	http://purl.obolibrary.org/obo/go.owl#Pathway_R-HSA-9020933
4068	http://purl.obolibrary.org/obo/go.owl#Reaction_R-HSA-72622
4069	http://purl.obolibrary.org/obo/go.owl#Reaction_R-HSA-167235
4070	http://purl.obolibrary.org/obo/go.owl#Protein_FGF13
4071	http://purl.obolibrary.org/obo/go.owl#Reaction_R-HSA-164943
4072	http://purl.obolibrary.org/obo/go.owl#Reaction_R-HSA-9824268
4073	http://purl.obolibrary.org/obo/go.owl#Reaction_R-HSA-8944362
4074	http://purl.obolibrary.org/obo/go.owl#Reaction_R-HSA-1981120
4075	http://purl.obolibrary.org/obo/go.owl#Reaction_R-HSA-1368140
4076	http://purl.obolibrary.org/obo/go.owl#Pathway_R-HSA-159236
4077	http://purl.obolibrary.org/obo/go.owl#Reaction_R-HSA-9729330
4078	http://purl.obolibrary.org/obo/go.owl#Reaction_R-HSA-434990
4079	http://purl.obolibrary.org/obo/go.owl#Pathway_R-HSA-418555
4080	http://purl.obolibrary.org/obo/go.owl#Reaction_R-HSA-9858589
4081	http://purl.obolibrary.org/obo/go.owl#Reaction_R-HSA-432143
4082	http://purl.obolibrary.org/obo/go.owl#Reaction_R-HSA-8948536
4083	http://purl.obolibrary.org/obo/go.owl#Reaction_R-HSA-2424480
4084	http://purl.obolibrary.org/obo/go.owl#Reaction_R-HSA-2317314
4085	http://purl.obolibrary.org/obo/go.owl#Reaction_R-HSA-68946
4086	http://purl.obolibrary.org/obo/go.owl#Reaction_R-HSA-73758
4087	http://purl.obolibrary.org/obo/go.owl#Pathway_R-HSA-73864
4088	http://purl.obolibrary.org/obo/go.owl#Reaction_R-HSA-9824579
4089	http://purl.obolibrary.org/obo/go.owl#Reaction_R-HSA-6807077
4090	http://purl.obolibrary.org/obo/go.owl#Pathway_R-HSA-918233
4091	http://purl.obolibrary.org/obo/go.owl#Pathway_R-HSA-194441
4092	http://purl.obolibrary.org/obo/go.owl#Reaction_R-HSA-4332359
4093	http://purl.obolibrary.org/obo/go.owl#Reaction_R-HSA-9861667
4094	http://purl.obolibrary.org/obo/go.owl#Reaction_R-HSA-195275
4095	http://purl.obolibrary.org/obo/go.owl#Pathway_R-HSA-195253
4096	http://purl.obolibrary.org/obo/go.owl#Reaction_R-HSA-445089
4097	http://purl.obolibrary.org/obo/go.owl#Reaction_R-HSA-9607301
4098	http://purl.obolibrary.org/obo/go.owl#Reaction_R-HSA-9770132
4099	http://purl.obolibrary.org/obo/go.owl#Pathway_R-HSA-8939246
4100	http://purl.obolibrary.org/obo/go.owl#Reaction_R-HSA-983709
4101	http://purl.obolibrary.org/obo/go.owl#Reaction_R-HSA-9766062
4102	http://purl.obolibrary.org/obo/go.owl#Reaction_R-HSA-418309
4103	http://purl.obolibrary.org/obo/go.owl#Reaction_R-HSA-5625717
4104	http://purl.obolibrary.org/obo/go.owl#Reaction_R-HSA-4396402
4105	http://purl.obolibrary.org/obo/go.owl#Reaction_R-HSA-8849900
4106	http://purl.obolibrary.org/obo/go.owl#Pathway_R-HSA-9844594
4107	http://purl.obolibrary.org/obo/go.owl#Reaction_R-HSA-167481
4108	http://purl.obolibrary.org/obo/go.owl#Reaction_R-HSA-203973
4109	http://purl.obolibrary.org/obo/go.owl#Reaction_R-HSA-8850326
4110	http://purl.obolibrary.org/obo/GO_0044872_instance
4111	http://purl.obolibrary.org/obo/go.owl#Reaction_R-HSA-2106591
4112	http://purl.obolibrary.org/obo/go.owl#Reaction_R-HSA-1299476
4113	http://purl.obolibrary.org/obo/go.owl#Reaction_R-HSA-113429
4114	http://purl.obolibrary.org/obo/go.owl#Reaction_R-HSA-5389848
4115	http://purl.obolibrary.org/obo/go.owl#Reaction_R-HSA-6804485
4116	http://purl.obolibrary.org/obo/go.owl#Reaction_R-HSA-381706
4117	http://purl.obolibrary.org/obo/go.owl#Reaction_R-HSA-9770847
4118	http://purl.obolibrary.org/obo/go.owl#Reaction_R-NUL-1676051
4119	http://purl.obolibrary.org/obo/go.owl#Reaction_R-HSA-5675194
4120	http://purl.obolibrary.org/obo/go.owl#Pathway_R-HSA-9645460
4121	http://purl.obolibrary.org/obo/go.owl#Reaction_R-HSA-8867044
4122	http://purl.obolibrary.org/obo/go.owl#Reaction_R-HSA-167433
4123	http://purl.obolibrary.org/obo/go.owl#Reaction_R-HSA-8877922
4124	http://purl.obolibrary.org/obo/go.owl#Reaction_R-HSA-9748999
4125	http://purl.obolibrary.org/obo/go.owl#Pathway_R-HSA-1236394
4126	http://purl.obolibrary.org/obo/go.owl#Reaction_R-HSA-1250315
4127	http://purl.obolibrary.org/obo/go.owl#Reaction_R-HSA-936462
4128	http://purl.obolibrary.org/obo/go.owl#Reaction_R-HSA-5655835
4129	http://purl.obolibrary.org/obo/go.owl#Pathway_R-HSA-5655862
4130	http://purl.obolibrary.org/obo/go.owl#Pathway_R-HSA-448706
4131	http://purl.obolibrary.org/obo/go.owl#Reaction_R-HSA-3928595
4132	http://purl.obolibrary.org/obo/go.owl#Protein_CCDC126
4133	http://purl.obolibrary.org/obo/go.owl#Reaction_R-HSA-5659781
4134	http://purl.obolibrary.org/obo/go.owl#Reaction_R-HSA-1964505
4135	http://purl.obolibrary.org/obo/go.owl#Pathway_R-HSA-913709
4136	http://purl.obolibrary.org/obo/go.owl#Pathway_R-HSA-1614635
4137	http://purl.obolibrary.org/obo/go.owl#Reaction_R-HSA-9659380
4138	http://purl.obolibrary.org/obo/go.owl#Reaction_R-NUL-9604300
4139	http://purl.obolibrary.org/obo/go.owl#Reaction_R-HSA-389978
4140	http://purl.obolibrary.org/obo/go.owl#Pathway_R-HSA-9793380
4141	http://purl.obolibrary.org/obo/go.owl#Reaction_R-HSA-5637764
4142	http://purl.obolibrary.org/obo/go.owl#Pathway_R-HSA-5637810
4143	http://purl.obolibrary.org/obo/go.owl#Reaction_R-HSA-8986939
4144	http://purl.obolibrary.org/obo/go.owl#Reaction_R-NUL-9913739
4145	http://purl.obolibrary.org/obo/go.owl#Reaction_R-HSA-429978
4146	http://purl.obolibrary.org/obo/go.owl#Reaction_R-HSA-9794542
4147	http://purl.obolibrary.org/obo/go.owl#Reaction_R-HSA-5693108
4148	http://purl.obolibrary.org/obo/go.owl#Pathway_R-HSA-9706374
4149	http://purl.obolibrary.org/obo/go.owl#Pathway_R-HSA-381771
4150	http://purl.obolibrary.org/obo/go.owl#Reaction_R-HSA-9909646
4151	http://purl.obolibrary.org/obo/go.owl#Reaction_R-HSA-2484965
4152	http://purl.obolibrary.org/obo/go.owl#Reaction_R-HSA-167117
4153	http://purl.obolibrary.org/obo/go.owl#Pathway_R-HSA-8964315
4154	http://purl.obolibrary.org/obo/go.owl#Reaction_R-HSA-8948651
4155	http://purl.obolibrary.org/obo/go.owl#Reaction_R-HSA-1433456
4156	http://purl.obolibrary.org/obo/go.owl#Reaction_R-HSA-8870466
4157	http://purl.obolibrary.org/obo/go.owl#Reaction_R-HSA-9614367
4158	http://purl.obolibrary.org/obo/go.owl#Reaction_R-HSA-69600
4159	http://purl.obolibrary.org/obo/go.owl#Reaction_R-HSA-927836
4160	http://purl.obolibrary.org/obo/go.owl#Pathway_R-HSA-927802
4161	http://purl.obolibrary.org/obo/go.owl#Reaction_R-NUL-212917
4162	http://purl.obolibrary.org/obo/go.owl#Pathway_R-HSA-5607761
4163	http://purl.obolibrary.org/obo/go.owl#Reaction_R-HSA-5665608
4164	http://purl.obolibrary.org/obo/go.owl#Reaction_R-HSA-1295634
4165	http://purl.obolibrary.org/obo/go.owl#Reaction_R-HSA-9014424
4166	http://purl.obolibrary.org/obo/go.owl#Reaction_R-HSA-1168636
4167	http://purl.obolibrary.org/obo/go.owl#Reaction_R-HSA-9670428
4168	http://purl.obolibrary.org/obo/go.owl#Reaction_R-HSA-3928576
4169	http://purl.obolibrary.org/obo/go.owl#Pathway_R-HSA-2682334
4170	http://purl.obolibrary.org/obo/go.owl#Reaction_R-HSA-111912
4171	http://purl.obolibrary.org/obo/go.owl#Reaction_R-HSA-390459
4172	http://purl.obolibrary.org/obo/go.owl#Pathway_R-HSA-390450
4173	http://purl.obolibrary.org/obo/go.owl#Reaction_R-HSA-5228508
4174	http://purl.obolibrary.org/obo/GO_0030029_instance
4175	http://purl.obolibrary.org/obo/go.owl#Reaction_R-HSA-9860168
4176	http://purl.obolibrary.org/obo/go.owl#Protein_ARHGAP12
4177	http://purl.obolibrary.org/obo/go.owl#Reaction_R-HSA-9018794
4178	http://purl.obolibrary.org/obo/go.owl#Reaction_R-HSA-109864
4179	http://purl.obolibrary.org/obo/go.owl#Pathway_R-HSA-170822
4180	http://purl.obolibrary.org/obo/go.owl#Reaction_R-HSA-2514854
4181	http://purl.obolibrary.org/obo/go.owl#Reaction_R-HSA-68916
4182	http://purl.obolibrary.org/obo/go.owl#Reaction_R-HSA-9906017
4183	http://purl.obolibrary.org/obo/go.owl#Reaction_R-HSA-5625848
4184	http://purl.obolibrary.org/obo/go.owl#Pathway_R-HSA-5625886
4185	http://purl.obolibrary.org/obo/go.owl#Reaction_R-HSA-9664950
4186	http://purl.obolibrary.org/obo/go.owl#Reaction_R-HSA-74740
4187	http://purl.obolibrary.org/obo/go.owl#Reaction_R-HSA-5252001
4188	http://purl.obolibrary.org/obo/go.owl#Reaction_R-HSA-879925
4189	http://purl.obolibrary.org/obo/go.owl#Reaction_R-HSA-5668984
4190	http://purl.obolibrary.org/obo/go.owl#Reaction_R-HSA-749453
4191	http://purl.obolibrary.org/obo/go.owl#Pathway_R-HSA-5362768
4192	http://purl.obolibrary.org/obo/go.owl#Reaction_R-HSA-211247
4193	http://purl.obolibrary.org/obo/go.owl#Reaction_R-HSA-192627
4194	http://purl.obolibrary.org/obo/go.owl#Reaction_R-HSA-8939335
4195	http://purl.obolibrary.org/obo/go.owl#Pathway_R-HSA-8866654
4196	http://purl.obolibrary.org/obo/go.owl#Reaction_R-HSA-9610154
4197	http://purl.obolibrary.org/obo/go.owl#Reaction_R-HSA-2029467
4198	http://purl.obolibrary.org/obo/go.owl#Pathway_R-HSA-2029480
4199	http://purl.obolibrary.org/obo/go.owl#Reaction_R-HSA-9706340
4200	http://purl.obolibrary.org/obo/go.owl#Pathway_R-HSA-9607240
4201	http://purl.obolibrary.org/obo/go.owl#Reaction_R-HSA-5218819
4202	http://purl.obolibrary.org/obo/go.owl#Reaction_R-HSA-4570485
4203	http://purl.obolibrary.org/obo/go.owl#Pathway_R-HSA-4551638
4204	http://purl.obolibrary.org/obo/go.owl#Reaction_R-HSA-9665415
4205	http://purl.obolibrary.org/obo/go.owl#Reaction_R-HSA-450431
4206	http://purl.obolibrary.org/obo/go.owl#Reaction_R-HSA-9732753
4207	http://purl.obolibrary.org/obo/go.owl#Protein_RABIF
4208	http://purl.obolibrary.org/obo/go.owl#Reaction_R-HSA-5419264
4209	http://purl.obolibrary.org/obo/go.owl#Reaction_R-HSA-9773218
4210	http://purl.obolibrary.org/obo/go.owl#Reaction_R-HSA-9023132
4211	http://purl.obolibrary.org/obo/go.owl#Pathway_R-HSA-5218900
4212	http://purl.obolibrary.org/obo/go.owl#Reaction_R-HSA-8939852
4213	http://purl.obolibrary.org/obo/go.owl#Reaction_R-HSA-6791227
4214	http://purl.obolibrary.org/obo/go.owl#Reaction_R-HSA-211712
4215	http://purl.obolibrary.org/obo/go.owl#Reaction_R-HSA-9034862
4216	http://purl.obolibrary.org/obo/go.owl#Reaction_R-HSA-9617848
4217	http://purl.obolibrary.org/obo/go.owl#Reaction_R-HSA-9701003
4218	http://purl.obolibrary.org/obo/go.owl#Reaction_R-HSA-8852133
4219	http://purl.obolibrary.org/obo/go.owl#Pathway_R-HSA-112399
4220	http://purl.obolibrary.org/obo/go.owl#Reaction_R-HSA-3247493
4221	http://purl.obolibrary.org/obo/go.owl#Reaction_R-HSA-9664278
4222	http://purl.obolibrary.org/obo/go.owl#Reaction_R-HSA-2993784
4223	http://purl.obolibrary.org/obo/go.owl#Reaction_R-HSA-5655760
4224	http://purl.obolibrary.org/obo/go.owl#Reaction_R-HSA-3364026
4225	http://purl.obolibrary.org/obo/go.owl#Reaction_R-HSA-202394
4226	http://purl.obolibrary.org/obo/go.owl#Reaction_R-HSA-5578966
4227	http://purl.obolibrary.org/obo/go.owl#Reaction_R-HSA-5694417
4228	http://purl.obolibrary.org/obo/go.owl#Reaction_R-HSA-177924
4229	http://purl.obolibrary.org/obo/go.owl#Pathway_R-HSA-3858494
4230	http://purl.obolibrary.org/obo/go.owl#Pathway_R-HSA-75876
4231	http://purl.obolibrary.org/obo/go.owl#Reaction_R-HSA-111804
4232	http://purl.obolibrary.org/obo/go.owl#Reaction_R-HSA-909552
4233	http://purl.obolibrary.org/obo/go.owl#Reaction_R-HSA-8854905
4234	http://purl.obolibrary.org/obo/go.owl#Reaction_R-HSA-9760094
4235	http://purl.obolibrary.org/obo/go.owl#Reaction_R-HSA-9823958
4236	http://purl.obolibrary.org/obo/go.owl#Reaction_R-HSA-5333658
4237	http://purl.obolibrary.org/obo/go.owl#Reaction_R-HSA-2029457
4238	http://purl.obolibrary.org/obo/go.owl#Reaction_R-HSA-6781779
4239	http://purl.obolibrary.org/obo/go.owl#Reaction_R-HSA-186785
4240	http://purl.obolibrary.org/obo/go.owl#Reaction_R-HSA-2294580
4241	http://purl.obolibrary.org/obo/go.owl#Pathway_R-HSA-111995
4242	http://purl.obolibrary.org/obo/go.owl#Reaction_R-HSA-8935730
4243	http://purl.obolibrary.org/obo/go.owl#Reaction_R-HSA-8868236
4244	http://purl.obolibrary.org/obo/GO_0009060_instance
4245	http://purl.obolibrary.org/obo/go.owl#Reaction_R-HSA-5334152
4246	http://purl.obolibrary.org/obo/go.owl#Pathway_R-HSA-9856649
4247	http://purl.obolibrary.org/obo/go.owl#Reaction_R-HSA-164515
4248	http://purl.obolibrary.org/obo/go.owl#Pathway_R-HSA-77288
4249	http://purl.obolibrary.org/obo/go.owl#Reaction_R-HSA-73739
4250	http://purl.obolibrary.org/obo/GO_0000910_instance
4251	http://purl.obolibrary.org/obo/go.owl#Reaction_R-HSA-5682863
4252	http://purl.obolibrary.org/obo/go.owl#Reaction_R-HSA-9023846
4253	http://purl.obolibrary.org/obo/go.owl#Reaction_R-HSA-382553
4254	http://purl.obolibrary.org/obo/go.owl#Reaction_R-HSA-73946
4255	http://purl.obolibrary.org/obo/go.owl#Pathway_R-HSA-180746
4256	http://purl.obolibrary.org/obo/go.owl#Reaction_R-HSA-2029466
4257	http://purl.obolibrary.org/obo/go.owl#Pathway_R-HSA-5696398
4258	http://purl.obolibrary.org/obo/go.owl#Reaction_R-HSA-9830710
4259	http://purl.obolibrary.org/obo/go.owl#Pathway_R-HSA-9013973
4260	http://purl.obolibrary.org/obo/go.owl#Reaction_R-HSA-5213466
4261	http://purl.obolibrary.org/obo/go.owl#Reaction_R-HSA-9703435
4262	http://purl.obolibrary.org/obo/go.owl#Reaction_R-HSA-1861595
4263	http://purl.obolibrary.org/obo/go.owl#Reaction_R-HSA-6789072
4264	http://purl.obolibrary.org/obo/go.owl#Reaction_R-HSA-9681616
4265	http://purl.obolibrary.org/obo/go.owl#Reaction_R-HSA-183052
4266	http://purl.obolibrary.org/obo/go.owl#Reaction_R-HSA-9834070
4267	http://purl.obolibrary.org/obo/go.owl#Reaction_R-HSA-2025890
4268	http://purl.obolibrary.org/obo/go.owl#Reaction_R-HSA-8983379
4269	http://purl.obolibrary.org/obo/go.owl#Pathway_R-HSA-964739
4270	http://purl.obolibrary.org/obo/go.owl#Reaction_R-HSA-5159245
4271	http://purl.obolibrary.org/obo/go.owl#Pathway_R-HSA-5674135
4272	http://purl.obolibrary.org/obo/go.owl#Reaction_R-HSA-6802834
4273	http://purl.obolibrary.org/obo/go.owl#Pathway_R-HSA-9753512
4274	http://purl.obolibrary.org/obo/go.owl#Reaction_R-HSA-9854415
4275	http://purl.obolibrary.org/obo/go.owl#Reaction_R-HSA-927789
4276	http://purl.obolibrary.org/obo/go.owl#Pathway_R-HSA-9013507
4277	http://purl.obolibrary.org/obo/go.owl#Pathway_R-HSA-1266695
4278	http://purl.obolibrary.org/obo/go.owl#Reaction_R-HSA-6786096
4279	http://purl.obolibrary.org/obo/go.owl#Reaction_R-HSA-5654406
4280	http://purl.obolibrary.org/obo/go.owl#Reaction_R-HSA-4085994
4281	http://purl.obolibrary.org/obo/go.owl#Pathway_R-HSA-4086398
4282	http://purl.obolibrary.org/obo/go.owl#Reaction_R-HSA-166363
4283	http://purl.obolibrary.org/obo/go.owl#Reaction_R-HSA-9686920
4284	http://purl.obolibrary.org/obo/go.owl#Reaction_R-HSA-2730870
4285	http://purl.obolibrary.org/obo/go.owl#Pathway_R-HSA-2730905
4286	http://purl.obolibrary.org/obo/go.owl#Reaction_R-HSA-6811508
4287	http://purl.obolibrary.org/obo/go.owl#Reaction_R-HSA-8952289
4288	http://purl.obolibrary.org/obo/go.owl#Reaction_R-HSA-9833674
4289	http://purl.obolibrary.org/obo/go.owl#Pathway_R-HSA-9762292
4290	http://purl.obolibrary.org/obo/go.owl#Reaction_R-HSA-9768614
4291	http://purl.obolibrary.org/obo/go.owl#Reaction_R-HSA-5674496
4292	http://purl.obolibrary.org/obo/go.owl#Reaction_R-HSA-9645406
4293	http://purl.obolibrary.org/obo/go.owl#Reaction_R-HSA-933539
4294	http://purl.obolibrary.org/obo/go.owl#Reaction_R-HSA-446198
4295	http://purl.obolibrary.org/obo/go.owl#Reaction_R-HSA-2309779
4296	http://purl.obolibrary.org/obo/go.owl#Reaction_R-HSA-5626223
4297	http://purl.obolibrary.org/obo/go.owl#Protein_SLC25A36
4298	http://purl.obolibrary.org/obo/go.owl#Pathway_R-HSA-8874211
4299	http://purl.obolibrary.org/obo/go.owl#Reaction_R-HSA-8964531
4300	http://purl.obolibrary.org/obo/go.owl#Reaction_R-HSA-9013144
4301	http://purl.obolibrary.org/obo/go.owl#Reaction_R-HSA-2562541
4302	http://purl.obolibrary.org/obo/go.owl#Reaction_R-HSA-167111
4303	http://purl.obolibrary.org/obo/go.owl#Pathway_R-HSA-400206
4304	http://purl.obolibrary.org/obo/go.owl#Reaction_R-HSA-9929486
4305	http://purl.obolibrary.org/obo/go.owl#Pathway_R-HSA-9929491
4306	http://purl.obolibrary.org/obo/go.owl#Reaction_R-HSA-2029456
4307	http://purl.obolibrary.org/obo/go.owl#Reaction_R-HSA-191737
4308	http://purl.obolibrary.org/obo/go.owl#Pathway_R-HSA-427413
4309	http://purl.obolibrary.org/obo/go.owl#Reaction_R-HSA-183058
4310	http://purl.obolibrary.org/obo/go.owl#Protein_ZSWIM3
4311	http://purl.obolibrary.org/obo/go.owl#Pathway_R-HSA-164952
4312	http://purl.obolibrary.org/obo/go.owl#Pathway_R-HSA-5419276
4313	http://purl.obolibrary.org/obo/go.owl#Reaction_R-HSA-9009362
4314	http://purl.obolibrary.org/obo/go.owl#Reaction_R-HSA-77594
4315	http://purl.obolibrary.org/obo/go.owl#Reaction_R-HSA-4088309
4316	http://purl.obolibrary.org/obo/go.owl#Reaction_R-HSA-187949
4317	http://purl.obolibrary.org/obo/go.owl#Reaction_R-HSA-2730871
4318	http://purl.obolibrary.org/obo/go.owl#Reaction_R-HSA-9698033
4319	http://purl.obolibrary.org/obo/go.owl#Reaction_R-HSA-927889
4320	http://purl.obolibrary.org/obo/go.owl#Reaction_R-HSA-5419273
4321	http://purl.obolibrary.org/obo/go.owl#Reaction_R-HSA-9818937
4322	http://purl.obolibrary.org/obo/go.owl#Reaction_R-HSA-9729725
4323	http://purl.obolibrary.org/obo/go.owl#Reaction_R-HSA-1449574
4324	http://purl.obolibrary.org/obo/go.owl#Reaction_R-HSA-3108209
4325	http://purl.obolibrary.org/obo/go.owl#Protein_DOP1B
4326	http://purl.obolibrary.org/obo/go.owl#Reaction_R-HSA-9793375
4327	http://purl.obolibrary.org/obo/go.owl#Reaction_R-HSA-9697747
4328	http://purl.obolibrary.org/obo/go.owl#Reaction_R-HSA-1168374
4329	http://purl.obolibrary.org/obo/go.owl#Pathway_R-HSA-9764561
4330	http://purl.obolibrary.org/obo/go.owl#Reaction_R-HSA-9856486
4331	http://purl.obolibrary.org/obo/go.owl#Reaction_R-HSA-399928
4332	http://purl.obolibrary.org/obo/go.owl#Reaction_R-HSA-452102
4333	http://purl.obolibrary.org/obo/go.owl#Pathway_R-HSA-2995410
4334	http://purl.obolibrary.org/obo/go.owl#Reaction_R-HSA-9835358
4335	http://purl.obolibrary.org/obo/go.owl#Reaction_R-HSA-389540
4336	http://purl.obolibrary.org/obo/go.owl#Reaction_R-HSA-9629591
4337	http://purl.obolibrary.org/obo/go.owl#Reaction_R-HSA-9954728
4338	http://purl.obolibrary.org/obo/go.owl#Reaction_R-HSA-442586
4339	http://purl.obolibrary.org/obo/go.owl#Reaction_R-HSA-4551616
4340	http://purl.obolibrary.org/obo/go.owl#Reaction_R-HSA-9610152
4341	http://purl.obolibrary.org/obo/go.owl#Pathway_R-HSA-166208
4342	http://purl.obolibrary.org/obo/go.owl#Reaction_R-HSA-2586559
4343	http://purl.obolibrary.org/obo/go.owl#Reaction_R-HSA-9865228
4344	http://purl.obolibrary.org/obo/go.owl#Reaction_R-HSA-9668415
4345	http://purl.obolibrary.org/obo/GO_0006997_instance
4346	http://purl.obolibrary.org/obo/go.owl#Reaction_R-HSA-400143
4347	http://purl.obolibrary.org/obo/go.owl#Pathway_R-HSA-1855229
4348	http://purl.obolibrary.org/obo/go.owl#Reaction_R-HSA-6798268
4349	http://purl.obolibrary.org/obo/go.owl#Reaction_R-HSA-9822437
4350	http://purl.obolibrary.org/obo/go.owl#Reaction_R-HSA-9729307
4351	http://purl.obolibrary.org/obo/go.owl#Pathway_R-HSA-9609646
4352	http://purl.obolibrary.org/obo/go.owl#Reaction_R-HSA-8876255
4353	http://purl.obolibrary.org/obo/go.owl#Reaction_R-HSA-9839064
4354	http://purl.obolibrary.org/obo/go.owl#Reaction_R-HSA-9712085
4355	http://purl.obolibrary.org/obo/go.owl#Pathway_R-HSA-5621480
4356	http://purl.obolibrary.org/obo/go.owl#Pathway_R-HSA-381038
4357	http://purl.obolibrary.org/obo/go.owl#Reaction_R-HSA-163568
4358	http://purl.obolibrary.org/obo/go.owl#Reaction_R-HSA-5389842
4359	http://purl.obolibrary.org/obo/go.owl#Protein_C21orf91
4360	http://purl.obolibrary.org/obo/GO_0010389_instance
4361	http://purl.obolibrary.org/obo/go.owl#Reaction_R-HSA-1234166
4362	http://purl.obolibrary.org/obo/go.owl#Reaction_R-HSA-8868230
4363	http://purl.obolibrary.org/obo/go.owl#Reaction_R-HSA-2318752
4364	http://purl.obolibrary.org/obo/go.owl#Reaction_R-HSA-8964471
4365	http://purl.obolibrary.org/obo/go.owl#Reaction_R-HSA-443779
4366	http://purl.obolibrary.org/obo/go.owl#Pathway_R-HSA-430039
4367	http://purl.obolibrary.org/obo/go.owl#Reaction_R-HSA-975097
4368	http://purl.obolibrary.org/obo/go.owl#Reaction_R-HSA-9909611
4369	http://purl.obolibrary.org/obo/go.owl#Reaction_R-HSA-5694445
4370	http://purl.obolibrary.org/obo/go.owl#Pathway_R-HSA-9635465
4371	http://purl.obolibrary.org/obo/go.owl#Reaction_R-HSA-177671
4372	http://purl.obolibrary.org/obo/go.owl#Reaction_R-HSA-6802927
4373	http://purl.obolibrary.org/obo/go.owl#Reaction_R-HSA-9707051
4374	http://purl.obolibrary.org/obo/go.owl#Pathway_R-HSA-9665249
4375	http://purl.obolibrary.org/obo/go.owl#Reaction_R-HSA-167191
4376	http://purl.obolibrary.org/obo/go.owl#Reaction_R-HSA-5654669
4377	http://purl.obolibrary.org/obo/go.owl#Reaction_R-HSA-191830
4378	http://purl.obolibrary.org/obo/go.owl#Reaction_R-HSA-450827
4379	http://purl.obolibrary.org/obo/go.owl#Reaction_R-HSA-3700984
4380	http://purl.obolibrary.org/obo/go.owl#Reaction_R-HSA-110311
4381	http://purl.obolibrary.org/obo/go.owl#Reaction_R-HSA-5626507
4382	http://purl.obolibrary.org/obo/go.owl#Reaction_R-HSA-8854071
4383	http://purl.obolibrary.org/obo/go.owl#Reaction_R-HSA-5626469
4384	http://purl.obolibrary.org/obo/go.owl#Reaction_R-HSA-5656148
4385	http://purl.obolibrary.org/obo/go.owl#Pathway_R-HSA-5656121
4386	http://purl.obolibrary.org/obo/go.owl#Reaction_R-HSA-5687094
4387	http://purl.obolibrary.org/obo/go.owl#Pathway_R-HSA-9833576
4388	http://purl.obolibrary.org/obo/go.owl#Pathway_R-HSA-163680
4389	http://purl.obolibrary.org/obo/go.owl#Reaction_R-HSA-2031355
4390	http://purl.obolibrary.org/obo/go.owl#Reaction_R-HSA-9866162
4391	http://purl.obolibrary.org/obo/go.owl#Pathway_R-HSA-75035
4392	http://purl.obolibrary.org/obo/go.owl#Reaction_R-HSA-9630967
4393	http://purl.obolibrary.org/obo/go.owl#Pathway_R-HSA-9629569
4394	http://purl.obolibrary.org/obo/go.owl#Reaction_R-HSA-1248694
4395	http://purl.obolibrary.org/obo/go.owl#Pathway_R-HSA-9759194
4396	http://purl.obolibrary.org/obo/go.owl#Pathway_R-HSA-1963640
4397	http://purl.obolibrary.org/obo/go.owl#Reaction_R-HSA-141431
4398	http://purl.obolibrary.org/obo/go.owl#Reaction_R-HSA-1839112
4399	http://purl.obolibrary.org/obo/go.owl#Reaction_R-HSA-74994
4400	http://purl.obolibrary.org/obo/go.owl#Reaction_R-HSA-1250463
4401	http://purl.obolibrary.org/obo/go.owl#Protein_THAP1
4402	http://purl.obolibrary.org/obo/go.owl#Reaction_R-HSA-392835
4403	http://purl.obolibrary.org/obo/go.owl#Reaction_R-HSA-6799350
4404	http://purl.obolibrary.org/obo/go.owl#Reaction_R-HSA-1592240
4405	http://purl.obolibrary.org/obo/go.owl#Reaction_R-HSA-4720446
4406	http://purl.obolibrary.org/obo/go.owl#Reaction_R-HSA-9013437
4407	http://purl.obolibrary.org/obo/go.owl#Pathway_R-HSA-5620916
4408	http://purl.obolibrary.org/obo/go.owl#Reaction_R-HSA-109639
4409	http://purl.obolibrary.org/obo/go.owl#Reaction_R-HSA-8853419
4410	http://purl.obolibrary.org/obo/go.owl#Reaction_R-HSA-202718
4411	http://purl.obolibrary.org/obo/go.owl#Reaction_R-HSA-9844425
4412	http://purl.obolibrary.org/obo/go.owl#Pathway_R-HSA-140837
4413	http://purl.obolibrary.org/obo/go.owl#Reaction_R-HSA-6802908
4414	http://purl.obolibrary.org/obo/go.owl#Reaction_R-HSA-8944457
4415	http://purl.obolibrary.org/obo/go.owl#Pathway_R-HSA-196843
4416	http://purl.obolibrary.org/obo/go.owl#Pathway_R-HSA-8866910
4417	http://purl.obolibrary.org/obo/go.owl#Reaction_R-HSA-6798317
4418	http://purl.obolibrary.org/obo/go.owl#Reaction_R-HSA-1483186
4419	http://purl.obolibrary.org/obo/go.owl#Reaction_R-HSA-5665871
4420	http://purl.obolibrary.org/obo/go.owl#Reaction_R-HSA-389532
4421	http://purl.obolibrary.org/obo/go.owl#Reaction_R-HSA-9646390
4422	http://purl.obolibrary.org/obo/go.owl#Pathway_R-HSA-9646399
4423	http://purl.obolibrary.org/obo/go.owl#Reaction_R-HSA-8863895
4424	http://purl.obolibrary.org/obo/go.owl#Reaction_R-HSA-5683077
4425	http://purl.obolibrary.org/obo/go.owl#Pathway_R-HSA-5654710
4426	http://purl.obolibrary.org/obo/go.owl#Reaction_R-HSA-2730861
4427	http://purl.obolibrary.org/obo/go.owl#Pathway_R-HSA-187577
4428	http://purl.obolibrary.org/obo/GO_0007015_instance
4429	http://purl.obolibrary.org/obo/go.owl#Reaction_R-HSA-77299
4430	http://purl.obolibrary.org/obo/go.owl#Reaction_R-HSA-1168637
4431	http://purl.obolibrary.org/obo/go.owl#Reaction_R-HSA-5654989
4432	http://purl.obolibrary.org/obo/go.owl#Reaction_R-HSA-9770236
4433	http://purl.obolibrary.org/obo/go.owl#Pathway_R-HSA-5685942
4434	http://purl.obolibrary.org/obo/go.owl#Reaction_R-HSA-2529020
4435	http://purl.obolibrary.org/obo/go.owl#Reaction_R-HSA-5218829
4436	http://purl.obolibrary.org/obo/go.owl#Reaction_R-HSA-9749350
4437	http://purl.obolibrary.org/obo/go.owl#Reaction_R-HSA-9674808
4438	http://purl.obolibrary.org/obo/go.owl#Reaction_R-HSA-8934465
4439	http://purl.obolibrary.org/obo/go.owl#Pathway_R-HSA-1250196
4440	http://purl.obolibrary.org/obo/GO_1903311_instance
4441	http://purl.obolibrary.org/obo/go.owl#Reaction_R-HSA-9843993
4442	http://purl.obolibrary.org/obo/go.owl#Pathway_R-HSA-9843970
4443	http://purl.obolibrary.org/obo/go.owl#Reaction_R-HSA-9731031
4444	http://purl.obolibrary.org/obo/go.owl#Pathway_R-HSA-8963889
4445	http://purl.obolibrary.org/obo/go.owl#Pathway_R-HSA-5250981
4446	http://purl.obolibrary.org/obo/go.owl#Pathway_R-HSA-9665245
4447	http://purl.obolibrary.org/obo/go.owl#Reaction_R-HSA-9843117
4448	http://purl.obolibrary.org/obo/go.owl#Reaction_R-HSA-77591
4449	http://purl.obolibrary.org/obo/go.owl#Pathway_R-HSA-77595
4450	http://purl.obolibrary.org/obo/GO_0000228_instance
4451	http://purl.obolibrary.org/obo/go.owl#Pathway_R-HSA-9842663
4452	http://purl.obolibrary.org/obo/go.owl#Reaction_R-HSA-5333615
4453	http://purl.obolibrary.org/obo/go.owl#Reaction_R-HSA-5676593
4454	http://purl.obolibrary.org/obo/go.owl#Pathway_R-HSA-420092
4455	http://purl.obolibrary.org/obo/go.owl#Pathway_R-HSA-168275
4456	http://purl.obolibrary.org/obo/go.owl#Protein_COMTD1
4457	http://purl.obolibrary.org/obo/go.owl#Reaction_R-HSA-9606160
4458	http://purl.obolibrary.org/obo/go.owl#Reaction_R-HSA-184269
4459	http://purl.obolibrary.org/obo/go.owl#Reaction_R-HSA-5218814
4460	http://purl.obolibrary.org/obo/go.owl#Reaction_R-HSA-1236398
4461	http://purl.obolibrary.org/obo/go.owl#Reaction_R-HSA-6811418
4462	http://purl.obolibrary.org/obo/go.owl#Pathway_R-HSA-5620920
4463	http://purl.obolibrary.org/obo/go.owl#Reaction_R-HSA-174088
4464	http://purl.obolibrary.org/obo/go.owl#Pathway_R-HSA-140534
4465	http://purl.obolibrary.org/obo/go.owl#Reaction_R-HSA-68954
4466	http://purl.obolibrary.org/obo/go.owl#Reaction_R-HSA-3965441
4467	http://purl.obolibrary.org/obo/go.owl#Reaction_R-HSA-3364042
4468	http://purl.obolibrary.org/obo/go.owl#Reaction_R-HSA-5250947
4469	http://purl.obolibrary.org/obo/go.owl#Reaction_R-HSA-4090408
4470	http://purl.obolibrary.org/obo/go.owl#Pathway_R-HSA-6811558
4471	http://purl.obolibrary.org/obo/go.owl#Reaction_R-HSA-9925320
4472	http://purl.obolibrary.org/obo/go.owl#Reaction_R-HSA-9865511
4473	http://purl.obolibrary.org/obo/go.owl#Reaction_R-HSA-9672770
4474	http://purl.obolibrary.org/obo/go.owl#Reaction_R-HSA-9672170
4475	http://purl.obolibrary.org/obo/go.owl#Reaction_R-HSA-8954179
4476	http://purl.obolibrary.org/obo/go.owl#Reaction_R-HSA-141159
4477	http://purl.obolibrary.org/obo/go.owl#Reaction_R-HSA-9823934
4478	http://purl.obolibrary.org/obo/go.owl#Reaction_R-HSA-9835944
4479	http://purl.obolibrary.org/obo/go.owl#Reaction_R-HSA-163090
4480	http://purl.obolibrary.org/obo/go.owl#Reaction_R-HSA-8875661
4481	http://purl.obolibrary.org/obo/go.owl#Pathway_R-HSA-3928665
4482	http://purl.obolibrary.org/obo/go.owl#Reaction_R-HSA-2220957
4483	http://purl.obolibrary.org/obo/go.owl#Reaction_R-HSA-9701556
4484	http://purl.obolibrary.org/obo/go.owl#Reaction_R-HSA-164832
4485	http://purl.obolibrary.org/obo/go.owl#Reaction_R-HSA-5665999
4486	http://purl.obolibrary.org/obo/go.owl#Reaction_R-HSA-77083
4487	http://purl.obolibrary.org/obo/go.owl#Reaction_R-HSA-9705323
4488	http://purl.obolibrary.org/obo/go.owl#Reaction_R-HSA-68919
4489	http://purl.obolibrary.org/obo/go.owl#Reaction_R-HSA-9937394
4490	http://purl.obolibrary.org/obo/go.owl#Reaction_R-HSA-9657608
4491	http://purl.obolibrary.org/obo/go.owl#Reaction_R-HSA-5654612
4492	http://purl.obolibrary.org/obo/go.owl#Reaction_R-HSA-157629
4493	http://purl.obolibrary.org/obo/go.owl#Reaction_R-HSA-2076220
4494	http://purl.obolibrary.org/obo/go.owl#Reaction_R-HSA-6785165
4495	http://purl.obolibrary.org/obo/go.owl#Reaction_R-HSA-2545253
4496	http://purl.obolibrary.org/obo/go.owl#Pathway_R-HSA-9833109
4497	http://purl.obolibrary.org/obo/go.owl#Reaction_R-HSA-1980109
4498	http://purl.obolibrary.org/obo/go.owl#Reaction_R-HSA-9017817
4499	http://purl.obolibrary.org/obo/go.owl#Reaction_R-HSA-432237
4500	http://purl.obolibrary.org/obo/go.owl#Reaction_R-HSA-5389857
4501	http://purl.obolibrary.org/obo/go.owl#Reaction_R-HSA-211731
4502	http://purl.obolibrary.org/obo/go.owl#Pathway_R-HSA-9824594
4503	http://purl.obolibrary.org/obo/go.owl#Reaction_R-HSA-2029271
4504	http://purl.obolibrary.org/obo/go.owl#Reaction_R-HSA-9727919
4505	http://purl.obolibrary.org/obo/go.owl#Reaction_R-HSA-5610754
4506	http://purl.obolibrary.org/obo/go.owl#Pathway_R-HSA-5610785
4507	http://purl.obolibrary.org/obo/go.owl#Pathway_R-HSA-392451
4508	http://purl.obolibrary.org/obo/go.owl#Reaction_R-HSA-5694527
4509	http://purl.obolibrary.org/obo/go.owl#Reaction_R-HSA-1368889
4510	http://purl.obolibrary.org/obo/go.owl#Reaction_R-HSA-8980691
4511	http://purl.obolibrary.org/obo/go.owl#Reaction_R-HSA-2046093
4512	http://purl.obolibrary.org/obo/go.owl#Pathway_R-HSA-2046105
4513	http://purl.obolibrary.org/obo/go.owl#Reaction_R-HSA-727819
4514	http://purl.obolibrary.org/obo/go.owl#Pathway_R-HSA-9020702
4515	http://purl.obolibrary.org/obo/go.owl#Reaction_R-HSA-1253321
4516	http://purl.obolibrary.org/obo/go.owl#Reaction_R-HSA-5672965
4517	http://purl.obolibrary.org/obo/go.owl#Reaction_R-HSA-176101
4518	http://purl.obolibrary.org/obo/go.owl#Reaction_R-HSA-8987033
4519	http://purl.obolibrary.org/obo/go.owl#Reaction_R-HSA-9833672
4520	http://purl.obolibrary.org/obo/go.owl#Reaction_R-HSA-174132
4521	http://purl.obolibrary.org/obo/go.owl#Reaction_R-HSA-9036308
4522	http://purl.obolibrary.org/obo/go.owl#Reaction_R-HSA-1963586
4523	http://purl.obolibrary.org/obo/go.owl#Reaction_R-HSA-187575
4524	http://purl.obolibrary.org/obo/go.owl#Reaction_R-HSA-372697
4525	http://purl.obolibrary.org/obo/go.owl#Reaction_R-HSA-9823939
4526	http://purl.obolibrary.org/obo/go.owl#Pathway_R-HSA-9824878
4527	http://purl.obolibrary.org/obo/go.owl#Reaction_R-HSA-8983394
4528	http://purl.obolibrary.org/obo/go.owl#Reaction_R-HSA-6785636
4529	http://purl.obolibrary.org/obo/go.owl#Pathway_R-HSA-6785631
4530	http://purl.obolibrary.org/obo/go.owl#Pathway_R-HSA-9683610
4531	http://purl.obolibrary.org/obo/go.owl#Reaction_R-HSA-174456
4532	http://purl.obolibrary.org/obo/go.owl#Pathway_R-HSA-174417
4533	http://purl.obolibrary.org/obo/go.owl#Reaction_R-HSA-9014467
4534	http://purl.obolibrary.org/obo/go.owl#Reaction_R-HSA-5333051
4535	http://purl.obolibrary.org/obo/go.owl#Reaction_R-HSA-265295
4536	http://purl.obolibrary.org/obo/go.owl#Pathway_R-HSA-111932
4537	http://purl.obolibrary.org/obo/go.owl#Reaction_R-HSA-9851534
4538	http://purl.obolibrary.org/obo/go.owl#Reaction_R-HSA-4341016
4539	http://purl.obolibrary.org/obo/go.owl#Reaction_R-HSA-5625426
4540	http://purl.obolibrary.org/obo/go.owl#Pathway_R-HSA-5620924
4541	http://purl.obolibrary.org/obo/go.owl#Reaction_R-HSA-1810457
4542	http://purl.obolibrary.org/obo/go.owl#Reaction_R-HSA-9908026
4543	http://purl.obolibrary.org/obo/go.owl#Reaction_R-HSA-9007640
4544	http://purl.obolibrary.org/obo/go.owl#Reaction_R-HSA-9906042
4545	http://purl.obolibrary.org/obo/go.owl#Reaction_R-HSA-168910
4546	http://purl.obolibrary.org/obo/go.owl#Reaction_R-HSA-2262777
4547	http://purl.obolibrary.org/obo/go.owl#Pathway_R-HSA-9705671
4548	http://purl.obolibrary.org/obo/go.owl#Reaction_R-HSA-9908780
4549	http://purl.obolibrary.org/obo/go.owl#Reaction_R-HSA-508369
4550	http://purl.obolibrary.org/obo/go.owl#Pathway_R-HSA-5626467
4551	http://purl.obolibrary.org/obo/go.owl#Reaction_R-HSA-2179276
4552	http://purl.obolibrary.org/obo/go.owl#Reaction_R-HSA-1237119
4553	http://purl.obolibrary.org/obo/go.owl#Reaction_R-HSA-4719375
4554	http://purl.obolibrary.org/obo/go.owl#Reaction_R-HSA-1655825
4555	http://purl.obolibrary.org/obo/go.owl#Reaction_R-HSA-9859196
4556	http://purl.obolibrary.org/obo/go.owl#Reaction_R-HSA-9858646
4557	http://purl.obolibrary.org/obo/go.owl#Reaction_R-HSA-166091
4558	http://purl.obolibrary.org/obo/go.owl#Reaction_R-HSA-5617661
4559	http://purl.obolibrary.org/obo/go.owl#Reaction_R-HSA-9770129
4560	http://purl.obolibrary.org/obo/go.owl#Reaction_R-HSA-9762097
4561	http://purl.obolibrary.org/obo/go.owl#Reaction_R-HSA-445079
4562	http://purl.obolibrary.org/obo/go.owl#Reaction_R-HSA-9816148
4563	http://purl.obolibrary.org/obo/go.owl#Pathway_R-HSA-9764562
4564	http://purl.obolibrary.org/obo/go.owl#Reaction_R-HSA-9821476
4565	http://purl.obolibrary.org/obo/go.owl#Reaction_R-HSA-4088141
4566	http://purl.obolibrary.org/obo/go.owl#Reaction_R-HSA-5625870
4567	http://purl.obolibrary.org/obo/go.owl#Reaction_R-HSA-1855162
4568	http://purl.obolibrary.org/obo/go.owl#Reaction_R-HSA-201640
4569	http://purl.obolibrary.org/obo/go.owl#Reaction_R-HSA-9665278
4570	http://purl.obolibrary.org/obo/go.owl#Reaction_R-HSA-5693536
4571	http://purl.obolibrary.org/obo/go.owl#Pathway_R-HSA-182218
4572	http://purl.obolibrary.org/obo/go.owl#Reaction_R-HSA-9835189
4573	http://purl.obolibrary.org/obo/go.owl#Reaction_R-HSA-2473152
4574	http://purl.obolibrary.org/obo/go.owl#Pathway_R-HSA-9694631
4575	http://purl.obolibrary.org/obo/go.owl#Pathway_R-HSA-72706
4576	http://purl.obolibrary.org/obo/go.owl#Reaction_R-HSA-4086223
4577	http://purl.obolibrary.org/obo/go.owl#Reaction_R-HSA-5651809
4578	http://purl.obolibrary.org/obo/go.owl#Pathway_R-HSA-5651801
4579	http://purl.obolibrary.org/obo/go.owl#Reaction_R-HSA-6811415
4580	http://purl.obolibrary.org/obo/go.owl#Reaction_R-HSA-2162227
4581	http://purl.obolibrary.org/obo/go.owl#Pathway_R-HSA-5654704
4582	http://purl.obolibrary.org/obo/go.owl#Reaction_R-HSA-77081
4583	http://purl.obolibrary.org/obo/go.owl#Pathway_R-HSA-9759811
4584	http://purl.obolibrary.org/obo/go.owl#Reaction_R-HSA-5675198
4585	http://purl.obolibrary.org/obo/go.owl#Reaction_R-HSA-9865449
4586	http://purl.obolibrary.org/obo/go.owl#Reaction_R-HSA-9834807
4587	http://purl.obolibrary.org/obo/go.owl#Reaction_R-HSA-174119
4588	http://purl.obolibrary.org/obo/go.owl#Reaction_R-HSA-4546386
4589	http://purl.obolibrary.org/obo/go.owl#Reaction_R-HSA-9665404
4590	http://purl.obolibrary.org/obo/go.owl#Reaction_R-HSA-167072
4591	http://purl.obolibrary.org/obo/go.owl#Reaction_R-HSA-203977
4592	http://purl.obolibrary.org/obo/go.owl#Reaction_R-HSA-202222
4593	http://purl.obolibrary.org/obo/go.owl#Reaction_R-HSA-9614562
4594	http://purl.obolibrary.org/obo/go.owl#Protein_TMCC1
4595	http://purl.obolibrary.org/obo/go.owl#Pathway_R-HSA-8866423
4596	http://purl.obolibrary.org/obo/go.owl#Reaction_R-HSA-9652277
4597	http://purl.obolibrary.org/obo/go.owl#Reaction_R-HSA-9729318
4598	http://purl.obolibrary.org/obo/go.owl#Reaction_R-HSA-6806877
4599	http://purl.obolibrary.org/obo/go.owl#Reaction_R-HSA-9672162
4600	http://purl.obolibrary.org/obo/go.owl#Reaction_R-HSA-917841
4601	http://purl.obolibrary.org/obo/go.owl#Reaction_R-HSA-1839110
4602	http://purl.obolibrary.org/obo/go.owl#Reaction_R-HSA-8938371
4603	http://purl.obolibrary.org/obo/GO_0071013_instance
4604	http://purl.obolibrary.org/obo/go.owl#Reaction_R-HSA-9934294
4605	http://purl.obolibrary.org/obo/go.owl#Reaction_R-HSA-9712084
4606	http://purl.obolibrary.org/obo/go.owl#Pathway_R-HSA-5368287
4607	http://purl.obolibrary.org/obo/go.owl#Reaction_R-HSA-9912527
4608	http://purl.obolibrary.org/obo/go.owl#Pathway_R-HSA-9029558
4609	http://purl.obolibrary.org/obo/go.owl#Reaction_R-HSA-5228840
4610	http://purl.obolibrary.org/obo/go.owl#Pathway_R-HSA-5602636
4611	http://purl.obolibrary.org/obo/go.owl#Reaction_R-HSA-174448
4612	http://purl.obolibrary.org/obo/go.owl#Reaction_R-HSA-9764932
4613	http://purl.obolibrary.org/obo/go.owl#Pathway_R-HSA-8941856
4614	http://purl.obolibrary.org/obo/go.owl#Reaction_R-HSA-1250462
4615	http://purl.obolibrary.org/obo/go.owl#Reaction_R-HSA-5692749
4616	http://purl.obolibrary.org/obo/go.owl#Reaction_R-HSA-5654646
4617	http://purl.obolibrary.org/obo/go.owl#Reaction_R-HSA-388830
4618	http://purl.obolibrary.org/obo/go.owl#Pathway_R-HSA-9927354
4619	http://purl.obolibrary.org/obo/go.owl#Protein_TRPA1
4620	http://purl.obolibrary.org/obo/go.owl#Reaction_R-HSA-111237
4621	http://purl.obolibrary.org/obo/go.owl#Reaction_R-HSA-8866856
4622	http://purl.obolibrary.org/obo/go.owl#Reaction_R-HSA-9765973
4623	http://purl.obolibrary.org/obo/go.owl#Reaction_R-HSA-9674127
4624	http://purl.obolibrary.org/obo/GO_0070822_instance
4625	http://purl.obolibrary.org/obo/go.owl#Reaction_R-HSA-749454
4626	http://purl.obolibrary.org/obo/go.owl#Protein_MPI
4627	http://purl.obolibrary.org/obo/go.owl#Reaction_R-HSA-5655245
4628	http://purl.obolibrary.org/obo/go.owl#Reaction_R-HSA-9839016
4629	http://purl.obolibrary.org/obo/go.owl#Reaction_R-HSA-9027274
4630	http://purl.obolibrary.org/obo/go.owl#Pathway_R-HSA-1296041
4631	http://purl.obolibrary.org/obo/go.owl#Reaction_R-HSA-9036070
4632	http://purl.obolibrary.org/obo/go.owl#Reaction_R-HSA-2025882
4633	http://purl.obolibrary.org/obo/go.owl#Reaction_R-HSA-9762100
4634	http://purl.obolibrary.org/obo/go.owl#Reaction_R-HSA-6803838
4635	http://purl.obolibrary.org/obo/go.owl#Reaction_R-HSA-8867613
4636	http://purl.obolibrary.org/obo/go.owl#Pathway_R-HSA-432720
4637	http://purl.obolibrary.org/obo/go.owl#Reaction_R-HSA-5627775
4638	http://purl.obolibrary.org/obo/go.owl#Reaction_R-HSA-9032582
4639	http://purl.obolibrary.org/obo/go.owl#Reaction_R-HSA-419087
4640	http://purl.obolibrary.org/obo/go.owl#Reaction_R-HSA-212380
4641	http://purl.obolibrary.org/obo/go.owl#Reaction_R-HSA-8951490
4642	http://purl.obolibrary.org/obo/go.owl#Reaction_R-HSA-9908777
4643	http://purl.obolibrary.org/obo/go.owl#Pathway_R-HSA-8854691
4644	http://purl.obolibrary.org/obo/go.owl#Reaction_R-HSA-9765960
4645	http://purl.obolibrary.org/obo/go.owl#Pathway_R-HSA-447041
4646	http://purl.obolibrary.org/obo/go.owl#Reaction_R-HSA-167197
4647	http://purl.obolibrary.org/obo/go.owl#Reaction_R-HSA-9729232
4648	http://purl.obolibrary.org/obo/go.owl#Reaction_R-HSA-1839100
4649	http://purl.obolibrary.org/obo/go.owl#Reaction_R-HSA-3247836
4650	http://purl.obolibrary.org/obo/go.owl#Reaction_R-HSA-5655323
4651	http://purl.obolibrary.org/obo/go.owl#Reaction_R-HSA-977602
4652	http://purl.obolibrary.org/obo/go.owl#Reaction_R-HSA-211583
4653	http://purl.obolibrary.org/obo/go.owl#Reaction_R-HSA-9708557
4654	http://purl.obolibrary.org/obo/go.owl#Reaction_R-HSA-373734
4655	http://purl.obolibrary.org/obo/go.owl#Pathway_R-HSA-9696264
4656	http://purl.obolibrary.org/obo/go.owl#Reaction_R-HSA-2468293
4657	http://purl.obolibrary.org/obo/go.owl#Reaction_R-HSA-9606151
4658	http://purl.obolibrary.org/obo/go.owl#Protein_GPT2
4659	http://purl.obolibrary.org/obo/go.owl#Reaction_R-HSA-507775
4660	http://purl.obolibrary.org/obo/go.owl#Reaction_R-HSA-167153
4661	http://purl.obolibrary.org/obo/go.owl#Reaction_R-HSA-548800
4662	http://purl.obolibrary.org/obo/go.owl#Reaction_R-HSA-8870469
4663	http://purl.obolibrary.org/obo/go.owl#Reaction_R-HSA-9011950
4664	http://purl.obolibrary.org/obo/go.owl#Reaction_R-HSA-2730842
4665	http://purl.obolibrary.org/obo/go.owl#Pathway_R-HSA-844456
4666	http://purl.obolibrary.org/obo/go.owl#Reaction_R-HSA-182171
4667	http://purl.obolibrary.org/obo/go.owl#Reaction_R-HSA-1250195
4668	http://purl.obolibrary.org/obo/go.owl#Reaction_R-HSA-8851919
4669	http://purl.obolibrary.org/obo/go.owl#Pathway_R-HSA-5690714
4670	http://purl.obolibrary.org/obo/go.owl#Reaction_R-HSA-9914537
4671	http://purl.obolibrary.org/obo/go.owl#Reaction_R-HSA-5692775
4672	http://purl.obolibrary.org/obo/go.owl#Reaction_R-HSA-8943780
4673	http://purl.obolibrary.org/obo/go.owl#Reaction_R-HSA-114542
4674	http://purl.obolibrary.org/obo/go.owl#Reaction_R-HSA-6811423
4675	http://purl.obolibrary.org/obo/go.owl#Reaction_R-HSA-8986083
4676	http://purl.obolibrary.org/obo/go.owl#Reaction_R-HSA-936952
4677	http://purl.obolibrary.org/obo/go.owl#Reaction_R-HSA-381612
4678	http://purl.obolibrary.org/obo/go.owl#Pathway_R-HSA-933541
4679	http://purl.obolibrary.org/obo/go.owl#Reaction_R-HSA-6798749
4680	http://purl.obolibrary.org/obo/go.owl#Pathway_R-HSA-6785807
4681	http://purl.obolibrary.org/obo/go.owl#Pathway_R-HSA-199977
4682	http://purl.obolibrary.org/obo/GO_0090148_instance
4683	http://purl.obolibrary.org/obo/go.owl#Reaction_R-HSA-8953430
4684	http://purl.obolibrary.org/obo/go.owl#Pathway_R-HSA-141444
4685	http://purl.obolibrary.org/obo/go.owl#Reaction_R-HSA-6797712
4686	http://purl.obolibrary.org/obo/go.owl#Reaction_R-HSA-9676268
4687	http://purl.obolibrary.org/obo/go.owl#Reaction_R-HSA-8948641
4688	http://purl.obolibrary.org/obo/go.owl#Reaction_R-HSA-5693539
4689	http://purl.obolibrary.org/obo/go.owl#Pathway_R-HSA-167158
4690	http://purl.obolibrary.org/obo/go.owl#Reaction_R-HSA-6803523
4691	http://purl.obolibrary.org/obo/go.owl#Reaction_R-HSA-9836606
4692	http://purl.obolibrary.org/obo/go.owl#Reaction_R-HSA-1655849
4693	http://purl.obolibrary.org/obo/go.owl#Reaction_R-HSA-9604480
4694	http://purl.obolibrary.org/obo/go.owl#Reaction_R-HSA-1504193
4695	http://purl.obolibrary.org/obo/go.owl#Reaction_R-HSA-5607741
4696	http://purl.obolibrary.org/obo/go.owl#Reaction_R-HSA-2172183
4697	http://purl.obolibrary.org/obo/go.owl#Reaction_R-HSA-9656211
4698	http://purl.obolibrary.org/obo/go.owl#Reaction_R-HSA-109702
4699	http://purl.obolibrary.org/obo/go.owl#Reaction_R-HSA-3900070
4700	http://purl.obolibrary.org/obo/go.owl#Reaction_R-HSA-9821475
4701	http://purl.obolibrary.org/obo/go.owl#Reaction_R-HSA-201790
4702	http://purl.obolibrary.org/obo/go.owl#Reaction_R-HSA-4411383
4703	http://purl.obolibrary.org/obo/go.owl#Reaction_R-HSA-4568846
4704	http://purl.obolibrary.org/obo/go.owl#Reaction_R-HSA-9838289
4705	http://purl.obolibrary.org/obo/go.owl#Reaction_R-HSA-4396393
4706	http://purl.obolibrary.org/obo/go.owl#Reaction_R-HSA-2187303
4707	http://purl.obolibrary.org/obo/go.owl#Reaction_R-HSA-450387
4708	http://purl.obolibrary.org/obo/go.owl#Reaction_R-HSA-112396
4709	http://purl.obolibrary.org/obo/go.owl#Pathway_R-HSA-9634285
4710	http://purl.obolibrary.org/obo/go.owl#Reaction_R-HSA-8932980
4711	http://purl.obolibrary.org/obo/go.owl#Reaction_R-HSA-75081
4712	http://purl.obolibrary.org/obo/go.owl#Pathway_R-HSA-77387
4713	http://purl.obolibrary.org/obo/go.owl#Pathway_R-HSA-167152
4714	http://purl.obolibrary.org/obo/go.owl#Reaction_R-HSA-914008
4715	http://purl.obolibrary.org/obo/go.owl#Reaction_R-HSA-2134532
4716	http://purl.obolibrary.org/obo/go.owl#Reaction_R-HSA-5602606
4717	http://purl.obolibrary.org/obo/go.owl#Reaction_R-HSA-8868071
4718	http://purl.obolibrary.org/obo/go.owl#Reaction_R-HSA-901047
4719	http://purl.obolibrary.org/obo/go.owl#Reaction_R-HSA-5686657
4720	http://purl.obolibrary.org/obo/go.owl#Reaction_R-HSA-9844015
4721	http://purl.obolibrary.org/obo/go.owl#Reaction_R-HSA-5668932
4722	http://purl.obolibrary.org/obo/go.owl#Reaction_R-HSA-5144542
4723	http://purl.obolibrary.org/obo/go.owl#Reaction_R-HSA-8866279
4724	http://purl.obolibrary.org/obo/go.owl#Reaction_R-HSA-927832
4725	http://purl.obolibrary.org/obo/go.owl#Protein_THAP6
4726	http://purl.obolibrary.org/obo/go.owl#Reaction_R-HSA-5660514
4727	http://purl.obolibrary.org/obo/go.owl#Reaction_R-HSA-5617642
4728	http://purl.obolibrary.org/obo/GO_0034097_instance
4729	http://purl.obolibrary.org/obo/go.owl#Reaction_R-HSA-8852354
4730	http://purl.obolibrary.org/obo/go.owl#Pathway_R-HSA-9842640
4731	http://purl.obolibrary.org/obo/go.owl#Reaction_R-HSA-9618021
4732	http://purl.obolibrary.org/obo/go.owl#Reaction_R-HSA-8866105
4733	http://purl.obolibrary.org/obo/go.owl#Pathway_R-HSA-8955332
4734	http://purl.obolibrary.org/obo/go.owl#Reaction_R-HSA-3968362
4735	http://purl.obolibrary.org/obo/go.owl#Reaction_R-HSA-75125
4736	http://purl.obolibrary.org/obo/go.owl#Reaction_R-HSA-174451
4737	http://purl.obolibrary.org/obo/go.owl#Reaction_R-HSA-8852337
4738	http://purl.obolibrary.org/obo/go.owl#Reaction_R-HSA-418576
4739	http://purl.obolibrary.org/obo/go.owl#Pathway_R-HSA-418592
4740	http://purl.obolibrary.org/obo/go.owl#Reaction_R-HSA-9013024
4741	http://purl.obolibrary.org/obo/go.owl#Pathway_R-HSA-1912408
4742	http://purl.obolibrary.org/obo/go.owl#Reaction_R-HSA-3000434
4743	http://purl.obolibrary.org/obo/go.owl#Pathway_R-HSA-3232142
4744	http://purl.obolibrary.org/obo/go.owl#Pathway_R-HSA-73817
4745	http://purl.obolibrary.org/obo/go.owl#Pathway_R-HSA-9818027
4746	http://purl.obolibrary.org/obo/go.owl#Reaction_R-HSA-419083
4747	http://purl.obolibrary.org/obo/go.owl#Reaction_R-HSA-5687758
4748	http://purl.obolibrary.org/obo/go.owl#Pathway_R-HSA-174437
4749	http://purl.obolibrary.org/obo/go.owl#Pathway_R-HSA-174414
4750	http://purl.obolibrary.org/obo/go.owl#Reaction_R-HSA-112054
4751	http://purl.obolibrary.org/obo/go.owl#Pathway_R-HSA-749476
4752	http://purl.obolibrary.org/obo/go.owl#Reaction_R-HSA-8985966
4753	http://purl.obolibrary.org/obo/go.owl#Reaction_R-HSA-1484099
4754	http://purl.obolibrary.org/obo/go.owl#Reaction_R-HSA-9770141
4755	http://purl.obolibrary.org/obo/go.owl#Reaction_R-HSA-139897
4756	http://purl.obolibrary.org/obo/GO_0055085_instance
4757	http://purl.obolibrary.org/obo/go.owl#Pathway_R-HSA-9861559
4758	http://purl.obolibrary.org/obo/go.owl#Reaction_R-HSA-909718
4759	http://purl.obolibrary.org/obo/go.owl#Reaction_R-HSA-72673
4760	http://purl.obolibrary.org/obo/go.owl#Reaction_R-HSA-8938887
4761	http://purl.obolibrary.org/obo/go.owl#Reaction_R-HSA-9749197
4762	http://purl.obolibrary.org/obo/go.owl#Pathway_R-HSA-73779
4763	http://purl.obolibrary.org/obo/go.owl#Reaction_R-HSA-5617452
4764	http://purl.obolibrary.org/obo/go.owl#Reaction_R-HSA-163217
4765	http://purl.obolibrary.org/obo/go.owl#Reaction_R-HSA-5617454
4766	http://purl.obolibrary.org/obo/go.owl#Reaction_R-HSA-9664855
4767	http://purl.obolibrary.org/obo/go.owl#Reaction_R-HSA-9908186
4768	http://purl.obolibrary.org/obo/go.owl#Reaction_R-HSA-5663127
4769	http://purl.obolibrary.org/obo/go.owl#Protein_IER3IP1
4770	http://purl.obolibrary.org/obo/go.owl#Pathway_R-HSA-196757
4771	http://purl.obolibrary.org/obo/go.owl#Reaction_R-HSA-8983298
4772	http://purl.obolibrary.org/obo/go.owl#Reaction_R-HSA-9634669
4773	http://purl.obolibrary.org/obo/go.owl#Reaction_R-HSA-4546387
4774	http://purl.obolibrary.org/obo/go.owl#Reaction_R-HSA-193641
4775	http://purl.obolibrary.org/obo/go.owl#Pathway_R-HSA-209543
4776	http://purl.obolibrary.org/obo/go.owl#Reaction_R-HSA-9634391
4777	http://purl.obolibrary.org/obo/go.owl#Reaction_R-HSA-3782655
4778	http://purl.obolibrary.org/obo/go.owl#Reaction_R-HSA-5687115
4779	http://purl.obolibrary.org/obo/go.owl#Reaction_R-HSA-156823
4780	http://purl.obolibrary.org/obo/go.owl#Reaction_R-HSA-167130
4781	http://purl.obolibrary.org/obo/go.owl#Reaction_R-HSA-209061
4782	http://purl.obolibrary.org/obo/go.owl#Reaction_R-HSA-1855220
4783	http://purl.obolibrary.org/obo/go.owl#Reaction_R-HSA-9955731
4784	http://purl.obolibrary.org/obo/go.owl#Reaction_R-HSA-8936731
4785	http://purl.obolibrary.org/obo/go.owl#Pathway_R-HSA-6802955
4786	http://purl.obolibrary.org/obo/go.owl#Reaction_R-HSA-196017
4787	http://purl.obolibrary.org/obo/go.owl#Reaction_R-HSA-6790036
4788	http://purl.obolibrary.org/obo/go.owl#Reaction_R-HSA-6788346
4789	http://purl.obolibrary.org/obo/go.owl#Reaction_R-HSA-381309
4790	http://purl.obolibrary.org/obo/go.owl#Reaction_R-HSA-606289
4791	http://purl.obolibrary.org/obo/go.owl#Reaction_R-HSA-9935282
4792	http://purl.obolibrary.org/obo/go.owl#Reaction_R-HSA-3788748
4793	http://purl.obolibrary.org/obo/go.owl#Pathway_R-HSA-2142789
4794	http://purl.obolibrary.org/obo/go.owl#Reaction_R-HSA-9676257
4795	http://purl.obolibrary.org/obo/go.owl#Pathway_R-HSA-8939236
4796	http://purl.obolibrary.org/obo/go.owl#Reaction_R-HSA-2161620
4797	http://purl.obolibrary.org/obo/go.owl#Reaction_R-HSA-6810159
4798	http://purl.obolibrary.org/obo/go.owl#Reaction_R-HSA-8955289
4799	http://purl.obolibrary.org/obo/go.owl#Reaction_R-HSA-9623341
4800	http://purl.obolibrary.org/obo/go.owl#Reaction_R-HSA-8851900
4801	http://purl.obolibrary.org/obo/go.owl#Reaction_R-HSA-9674816
4802	http://purl.obolibrary.org/obo/go.owl#Reaction_R-HSA-8944104
4803	http://purl.obolibrary.org/obo/go.owl#Reaction_R-HSA-113409
4804	http://purl.obolibrary.org/obo/go.owl#Reaction_R-HSA-8849882
4805	http://purl.obolibrary.org/obo/go.owl#Reaction_R-HSA-399952
4806	http://purl.obolibrary.org/obo/go.owl#Reaction_R-HSA-3000449
4807	http://purl.obolibrary.org/obo/go.owl#Reaction_R-HSA-390470
4808	http://purl.obolibrary.org/obo/go.owl#Pathway_R-HSA-390471
4809	http://purl.obolibrary.org/obo/go.owl#Reaction_R-HSA-9674093
4810	http://purl.obolibrary.org/obo/go.owl#Reaction_R-HSA-164521
4811	http://purl.obolibrary.org/obo/go.owl#Reaction_R-HSA-8852127
4812	http://purl.obolibrary.org/obo/go.owl#Reaction_R-HSA-8948582
4813	http://purl.obolibrary.org/obo/go.owl#Reaction_R-HSA-1855188
4814	http://purl.obolibrary.org/obo/go.owl#Reaction_R-HSA-9016526
4815	http://purl.obolibrary.org/obo/go.owl#Pathway_R-HSA-8939902
4816	http://purl.obolibrary.org/obo/go.owl#Reaction_R-HSA-182263
4817	http://purl.obolibrary.org/obo/go.owl#Reaction_R-HSA-174425
4818	http://purl.obolibrary.org/obo/go.owl#Reaction_R-HSA-4755419
4819	http://purl.obolibrary.org/obo/GO_0032153_instance
4820	http://purl.obolibrary.org/obo/go.owl#Reaction_R-HSA-9624272
4821	http://purl.obolibrary.org/obo/go.owl#Reaction_R-HSA-9796342
4822	http://purl.obolibrary.org/obo/go.owl#Reaction_R-HSA-1675866
4823	http://purl.obolibrary.org/obo/go.owl#Reaction_R-HSA-8876188
4824	http://purl.obolibrary.org/obo/go.owl#Reaction_R-HSA-205286
4825	http://purl.obolibrary.org/obo/go.owl#Reaction_R-HSA-8877451
4826	http://purl.obolibrary.org/obo/go.owl#Reaction_R-HSA-5681987
4827	http://purl.obolibrary.org/obo/go.owl#Reaction_R-HSA-9008326
4828	http://purl.obolibrary.org/obo/go.owl#Reaction_R-HSA-1169307
4829	http://purl.obolibrary.org/obo/go.owl#Pathway_R-HSA-9735871
4830	http://purl.obolibrary.org/obo/go.owl#Reaction_R-HSA-74986
4831	http://purl.obolibrary.org/obo/go.owl#Reaction_R-HSA-5654614
4832	http://purl.obolibrary.org/obo/GO_0050657_instance
4833	http://purl.obolibrary.org/obo/go.owl#Pathway_R-HSA-163359
4834	http://purl.obolibrary.org/obo/go.owl#Pathway_R-HSA-9013408
4835	http://purl.obolibrary.org/obo/go.owl#Reaction_R-HSA-4551679
4836	http://purl.obolibrary.org/obo/go.owl#Pathway_R-HSA-69052
4837	http://purl.obolibrary.org/obo/go.owl#Pathway_R-HSA-9861718
4838	http://purl.obolibrary.org/obo/go.owl#Reaction_R-HSA-199910
4839	http://purl.obolibrary.org/obo/go.owl#Reaction_R-HSA-2730872
4840	http://purl.obolibrary.org/obo/go.owl#Pathway_R-HSA-2871809
4841	http://purl.obolibrary.org/obo/go.owl#Reaction_R-HSA-9009065
4842	http://purl.obolibrary.org/obo/go.owl#Pathway_R-HSA-5603029
4843	http://purl.obolibrary.org/obo/go.owl#Reaction_R-HSA-8867041
4844	http://purl.obolibrary.org/obo/go.owl#Reaction_R-HSA-9007447
4845	http://purl.obolibrary.org/obo/go.owl#Reaction_R-HSA-1433418
4846	http://purl.obolibrary.org/obo/go.owl#Pathway_R-HSA-2046106
4847	http://purl.obolibrary.org/obo/go.owl#Reaction_R-HSA-983425
4848	http://purl.obolibrary.org/obo/go.owl#Reaction_R-HSA-187574
4849	http://purl.obolibrary.org/obo/go.owl#Reaction_R-HSA-5218804
4850	http://purl.obolibrary.org/obo/go.owl#Reaction_R-HSA-9021183
4851	http://purl.obolibrary.org/obo/go.owl#Reaction_R-HSA-1592249
4852	http://purl.obolibrary.org/obo/go.owl#Reaction_R-HSA-77614
4853	http://purl.obolibrary.org/obo/go.owl#Reaction_R-HSA-9839025
4854	http://purl.obolibrary.org/obo/go.owl#Reaction_R-HSA-5685156
4855	http://purl.obolibrary.org/obo/go.owl#Pathway_R-HSA-3322077
4856	http://purl.obolibrary.org/obo/go.owl#Reaction_R-HSA-9634418
4857	http://purl.obolibrary.org/obo/go.owl#Reaction_R-HSA-5623508
4858	http://purl.obolibrary.org/obo/go.owl#Reaction_R-HSA-9664879
4859	http://purl.obolibrary.org/obo/go.owl#Reaction_R-HSA-9676264
4860	http://purl.obolibrary.org/obo/go.owl#Reaction_R-HSA-430190
4861	http://purl.obolibrary.org/obo/go.owl#Reaction_R-HSA-2730840
4862	http://purl.obolibrary.org/obo/go.owl#Reaction_R-HSA-9036301
4863	http://purl.obolibrary.org/obo/go.owl#Reaction_R-HSA-9934023
4864	http://purl.obolibrary.org/obo/go.owl#Pathway_R-HSA-9828806
4865	http://purl.obolibrary.org/obo/go.owl#Reaction_R-HSA-167181
4866	http://purl.obolibrary.org/obo/go.owl#Reaction_R-HSA-9011313
4867	http://purl.obolibrary.org/obo/go.owl#Reaction_R-HSA-8855648
4868	http://purl.obolibrary.org/obo/go.owl#Reaction_R-HSA-158484
4869	http://purl.obolibrary.org/obo/go.owl#Reaction_R-HSA-382053
4870	http://purl.obolibrary.org/obo/go.owl#Reaction_R-HSA-9008076
4871	http://purl.obolibrary.org/obo/go.owl#Pathway_R-HSA-380108
4872	http://purl.obolibrary.org/obo/go.owl#Reaction_R-HSA-8852132
4873	http://purl.obolibrary.org/obo/go.owl#Reaction_R-HSA-400097
4874	http://purl.obolibrary.org/obo/go.owl#Reaction_R-HSA-8982026
4875	http://purl.obolibrary.org/obo/go.owl#Pathway_R-HSA-5693616
4876	http://purl.obolibrary.org/obo/go.owl#Reaction_R-HSA-9772351
4877	http://purl.obolibrary.org/obo/go.owl#Reaction_R-HSA-1855169
4878	http://purl.obolibrary.org/obo/go.owl#Pathway_R-HSA-1855204
4879	http://purl.obolibrary.org/obo/go.owl#Reaction_R-HSA-2314566
4880	http://purl.obolibrary.org/obo/go.owl#Reaction_R-HSA-9018787
4881	http://purl.obolibrary.org/obo/go.owl#Reaction_R-HSA-427404
4882	http://purl.obolibrary.org/obo/go.owl#Reaction_R-HSA-9013004
4883	http://purl.obolibrary.org/obo/go.owl#Pathway_R-HSA-9768919
4884	http://purl.obolibrary.org/obo/go.owl#Reaction_R-HSA-3204318
4885	http://purl.obolibrary.org/obo/go.owl#Reaction_R-HSA-3782535
4886	http://purl.obolibrary.org/obo/go.owl#Pathway_R-HSA-9694676
4887	http://purl.obolibrary.org/obo/go.owl#Reaction_R-HSA-5618098
4888	http://purl.obolibrary.org/obo/go.owl#Pathway_R-HSA-9609690
4889	http://purl.obolibrary.org/obo/go.owl#Reaction_R-HSA-4551683
4890	http://purl.obolibrary.org/obo/go.owl#Reaction_R-HSA-2408544
4891	http://purl.obolibrary.org/obo/go.owl#Pathway_R-HSA-9927426
4892	http://purl.obolibrary.org/obo/go.owl#Reaction_R-HSA-380316
4893	http://purl.obolibrary.org/obo/go.owl#Pathway_R-HSA-9034864
4894	http://purl.obolibrary.org/obo/go.owl#Reaction_R-HSA-2314569
4895	http://purl.obolibrary.org/obo/go.owl#Reaction_R-HSA-1549564
4896	http://purl.obolibrary.org/obo/go.owl#Reaction_R-HSA-174255
4897	http://purl.obolibrary.org/obo/go.owl#Reaction_R-HSA-165692
4898	http://purl.obolibrary.org/obo/go.owl#Reaction_R-HSA-6786058
4899	http://purl.obolibrary.org/obo/go.owl#Reaction_R-HSA-9703439
4900	http://purl.obolibrary.org/obo/go.owl#Reaction_R-HSA-909726
4901	http://purl.obolibrary.org/obo/go.owl#Pathway_R-HSA-909733
4902	http://purl.obolibrary.org/obo/go.owl#Reaction_R-HSA-8866542
4903	http://purl.obolibrary.org/obo/go.owl#Reaction_R-HSA-9937535
4904	http://purl.obolibrary.org/obo/go.owl#Pathway_R-HSA-9937008
4905	http://purl.obolibrary.org/obo/go.owl#Pathway_R-HSA-5658442
4906	http://purl.obolibrary.org/obo/go.owl#Reaction_R-HSA-9610954
4907	http://purl.obolibrary.org/obo/go.owl#Pathway_R-HSA-5689603
4908	http://purl.obolibrary.org/obo/go.owl#Reaction_R-HSA-167282
4909	http://purl.obolibrary.org/obo/go.owl#Reaction_R-HSA-3788745
4910	http://purl.obolibrary.org/obo/go.owl#Reaction_R-HSA-76031
4911	http://purl.obolibrary.org/obo/go.owl#Reaction_R-HSA-5389849
4912	http://purl.obolibrary.org/obo/go.owl#Reaction_R-HSA-392263
4913	http://purl.obolibrary.org/obo/go.owl#Reaction_R-HSA-1980047
4914	http://purl.obolibrary.org/obo/go.owl#Reaction_R-HSA-8948027
4915	http://purl.obolibrary.org/obo/go.owl#Reaction_R-HSA-1855161
4916	http://purl.obolibrary.org/obo/go.owl#Reaction_R-HSA-3662335
4917	http://purl.obolibrary.org/obo/go.owl#Reaction_R-NUL-4568946
4918	http://purl.obolibrary.org/obo/go.owl#Reaction_R-HSA-8943007
4919	http://purl.obolibrary.org/obo/go.owl#Reaction_R-HSA-377644
4920	http://purl.obolibrary.org/obo/go.owl#Reaction_R-HSA-9668389
4921	http://purl.obolibrary.org/obo/go.owl#Reaction_R-HSA-112385
4922	http://purl.obolibrary.org/obo/go.owl#Reaction_R-HSA-5654714
4923	http://purl.obolibrary.org/obo/go.owl#Reaction_R-HSA-9843115
4924	http://purl.obolibrary.org/obo/go.owl#Reaction_R-HSA-5653780
4925	http://purl.obolibrary.org/obo/go.owl#Reaction_R-HSA-8850560
4926	http://purl.obolibrary.org/obo/go.owl#Reaction_R-HSA-975106
4927	http://purl.obolibrary.org/obo/go.owl#Reaction_R-HSA-199202
4928	http://purl.obolibrary.org/obo/go.owl#Reaction_R-HSA-202307
4929	http://purl.obolibrary.org/obo/go.owl#Reaction_R-HSA-8865498
4930	http://purl.obolibrary.org/obo/go.owl#Reaction_R-HSA-159046
4931	http://purl.obolibrary.org/obo/go.owl#Reaction_R-HSA-167477
4932	http://purl.obolibrary.org/obo/go.owl#Reaction_R-HSA-5665686
4933	http://purl.obolibrary.org/obo/go.owl#Reaction_R-HSA-9625693
4934	http://purl.obolibrary.org/obo/go.owl#Reaction_R-HSA-9033520
4935	http://purl.obolibrary.org/obo/go.owl#Reaction_R-HSA-9761452
4936	http://purl.obolibrary.org/obo/go.owl#Reaction_R-HSA-5690997
4937	http://purl.obolibrary.org/obo/go.owl#Reaction_R-HSA-174786
4938	http://purl.obolibrary.org/obo/go.owl#Reaction_R-HSA-5252041
4939	http://purl.obolibrary.org/obo/go.owl#Reaction_R-HSA-9605060
4940	http://purl.obolibrary.org/obo/go.owl#Reaction_R-HSA-8944454
4941	http://purl.obolibrary.org/obo/go.owl#Reaction_R-HSA-8854612
4942	http://purl.obolibrary.org/obo/go.owl#Pathway_R-HSA-8854214
4943	http://purl.obolibrary.org/obo/go.owl#Pathway_R-HSA-2032785
4944	http://purl.obolibrary.org/obo/go.owl#Reaction_R-HSA-6788628
4945	http://purl.obolibrary.org/obo/go.owl#Reaction_R-HSA-9833777
4946	http://purl.obolibrary.org/obo/go.owl#Pathway_R-HSA-70171
4947	http://purl.obolibrary.org/obo/go.owl#Reaction_R-HSA-9033509
4948	http://purl.obolibrary.org/obo/go.owl#Reaction_R-HSA-168140
4949	http://purl.obolibrary.org/obo/go.owl#Pathway_R-HSA-1810476
4950	http://purl.obolibrary.org/obo/go.owl#Reaction_R-HSA-9933575
4951	http://purl.obolibrary.org/obo/go.owl#Reaction_R-HSA-72185
4952	http://purl.obolibrary.org/obo/go.owl#Reaction_R-HSA-873921
4953	http://purl.obolibrary.org/obo/go.owl#Pathway_R-HSA-997272
4954	http://purl.obolibrary.org/obo/go.owl#Pathway_R-HSA-3134963
4955	http://purl.obolibrary.org/obo/go.owl#Pathway_R-HSA-9692916
4956	http://purl.obolibrary.org/obo/go.owl#Reaction_R-HSA-1306957
4957	http://purl.obolibrary.org/obo/go.owl#Reaction_R-HSA-379048
4958	http://purl.obolibrary.org/obo/go.owl#Reaction_R-HSA-2028651
4959	http://purl.obolibrary.org/obo/go.owl#Reaction_R-HSA-6794352
4960	http://purl.obolibrary.org/obo/go.owl#Reaction_R-HSA-9929352
4961	http://purl.obolibrary.org/obo/go.owl#Pathway_R-HSA-1538133
4962	http://purl.obolibrary.org/obo/go.owl#Pathway_R-HSA-9027276
4963	http://purl.obolibrary.org/obo/go.owl#Reaction_R-HSA-2197690
4964	http://purl.obolibrary.org/obo/go.owl#Pathway_R-HSA-5663213
4965	http://purl.obolibrary.org/obo/go.owl#Reaction_R-HSA-2029268
4966	http://purl.obolibrary.org/obo/go.owl#Reaction_R-HSA-6792863
4967	http://purl.obolibrary.org/obo/go.owl#Reaction_R-HSA-77587
4968	http://purl.obolibrary.org/obo/go.owl#Reaction_R-HSA-1168638
4969	http://purl.obolibrary.org/obo/go.owl#Reaction_R-HSA-5685994
4970	http://purl.obolibrary.org/obo/go.owl#Reaction_R-HSA-5693589
4971	http://purl.obolibrary.org/obo/go.owl#Pathway_R-HSA-9022927
4972	http://purl.obolibrary.org/obo/go.owl#Reaction_R-HSA-8865276
4973	http://purl.obolibrary.org/obo/go.owl#Reaction_R-HSA-9036046
4974	http://purl.obolibrary.org/obo/go.owl#Pathway_R-HSA-2206296
4975	http://purl.obolibrary.org/obo/go.owl#Reaction_R-HSA-8983335
4976	http://purl.obolibrary.org/obo/go.owl#Reaction_R-HSA-167090
4977	http://purl.obolibrary.org/obo/go.owl#Reaction_R-HSA-9844600
4978	http://purl.obolibrary.org/obo/go.owl#Reaction_R-HSA-9618486
4979	http://purl.obolibrary.org/obo/go.owl#Reaction_R-HSA-3928614
4980	http://purl.obolibrary.org/obo/go.owl#Pathway_R-HSA-176187
4981	http://purl.obolibrary.org/obo/go.owl#Pathway_R-HSA-937041
4982	http://purl.obolibrary.org/obo/go.owl#Reaction_R-HSA-139906
4983	http://purl.obolibrary.org/obo/go.owl#Pathway_R-HSA-109606
4984	http://purl.obolibrary.org/obo/go.owl#Protein_GNMT
4985	http://purl.obolibrary.org/obo/go.owl#Pathway_R-HSA-420029
4986	http://purl.obolibrary.org/obo/go.owl#Reaction_R-HSA-75856
4987	http://purl.obolibrary.org/obo/go.owl#Reaction_R-HSA-9754480
4988	http://purl.obolibrary.org/obo/go.owl#Reaction_R-HSA-8964475
4989	http://purl.obolibrary.org/obo/go.owl#Reaction_R-HSA-5423117
4990	http://purl.obolibrary.org/obo/go.owl#Reaction_R-HSA-4793925
4991	http://purl.obolibrary.org/obo/go.owl#Reaction_R-HSA-380949
4992	http://purl.obolibrary.org/obo/go.owl#Pathway_R-HSA-8856825
4993	http://purl.obolibrary.org/obo/go.owl#Reaction_R-HSA-453111
4994	http://purl.obolibrary.org/obo/go.owl#Reaction_R-HSA-9656214
4995	http://purl.obolibrary.org/obo/go.owl#Reaction_R-HSA-5696813
4996	http://purl.obolibrary.org/obo/go.owl#Reaction_R-HSA-9612514
4997	http://purl.obolibrary.org/obo/go.owl#Reaction_R-HSA-5336417
4998	http://purl.obolibrary.org/obo/go.owl#Reaction_R-HSA-4088306
4999	http://purl.obolibrary.org/obo/go.owl#Pathway_R-HSA-159230
5000	http://purl.obolibrary.org/obo/go.owl#Pathway_R-HSA-9014325
5001	http://purl.obolibrary.org/obo/go.owl#Reaction_R-HSA-5654600
5002	http://purl.obolibrary.org/obo/go.owl#Reaction_R-HSA-1168635
5003	http://purl.obolibrary.org/obo/go.owl#Reaction_R-HSA-379982
5004	http://purl.obolibrary.org/obo/go.owl#Reaction_R-HSA-8862084
5005	http://purl.obolibrary.org/obo/go.owl#Reaction_R-HSA-5687112
5006	http://purl.obolibrary.org/obo/go.owl#Reaction_R-HSA-452097
5007	http://purl.obolibrary.org/obo/go.owl#Protein_TMEM128
5008	http://purl.obolibrary.org/obo/go.owl#Reaction_R-HSA-1250380
5009	http://purl.obolibrary.org/obo/go.owl#Pathway_R-HSA-8875513
5010	http://purl.obolibrary.org/obo/GO_0030832_instance
5011	http://purl.obolibrary.org/obo/go.owl#Reaction_R-HSA-9010074
5012	http://purl.obolibrary.org/obo/go.owl#Reaction_R-NUL-2065178
5013	http://purl.obolibrary.org/obo/go.owl#Reaction_R-HSA-5688797
5014	http://purl.obolibrary.org/obo/go.owl#Pathway_R-HSA-168333
5015	http://purl.obolibrary.org/obo/go.owl#Reaction_R-HSA-8865280
5016	http://purl.obolibrary.org/obo/go.owl#Pathway_R-HSA-8866911
5017	http://purl.obolibrary.org/obo/go.owl#Reaction_R-HSA-9705926
5018	http://purl.obolibrary.org/obo/go.owl#Reaction_R-HSA-9686338
5019	http://purl.obolibrary.org/obo/go.owl#Reaction_R-HSA-9018814
5020	http://purl.obolibrary.org/obo/go.owl#Pathway_R-HSA-4641257
5021	http://purl.obolibrary.org/obo/go.owl#Reaction_R-HSA-1250220
5022	http://purl.obolibrary.org/obo/go.owl#Reaction_R-HSA-983427
5023	http://purl.obolibrary.org/obo/go.owl#Pathway_R-HSA-3214858
5024	http://purl.obolibrary.org/obo/go.owl#Reaction_R-HSA-3371359
5025	http://purl.obolibrary.org/obo/go.owl#Reaction_R-HSA-9609899
5026	http://purl.obolibrary.org/obo/go.owl#Pathway_R-HSA-2024101
5027	http://purl.obolibrary.org/obo/go.owl#Reaction_R-HSA-4088298
5028	http://purl.obolibrary.org/obo/go.owl#Reaction_R-HSA-5674130
5029	http://purl.obolibrary.org/obo/go.owl#Reaction_R-HSA-9664332
5030	http://purl.obolibrary.org/obo/go.owl#Pathway_R-HSA-418217
5031	http://purl.obolibrary.org/obo/go.owl#Reaction_R-HSA-5692437
5032	http://purl.obolibrary.org/obo/go.owl#Reaction_R-HSA-9859172
5033	http://purl.obolibrary.org/obo/go.owl#Reaction_R-HSA-5686315
5034	http://purl.obolibrary.org/obo/go.owl#Reaction_R-HSA-870538
5035	http://purl.obolibrary.org/obo/go.owl#Reaction_R-HSA-3149518
5036	http://purl.obolibrary.org/obo/go.owl#Reaction_R-HSA-174203
5037	http://purl.obolibrary.org/obo/go.owl#Reaction_R-HSA-380508
5038	http://purl.obolibrary.org/obo/go.owl#Reaction_R-HSA-9835121
5039	http://purl.obolibrary.org/obo/go.owl#Reaction_R-HSA-9632906
5040	http://purl.obolibrary.org/obo/go.owl#Reaction_R-HSA-9768782
5041	http://purl.obolibrary.org/obo/go.owl#Pathway_R-HSA-9768778
5042	http://purl.obolibrary.org/obo/go.owl#Reaction_R-HSA-9859188
5043	http://purl.obolibrary.org/obo/go.owl#Reaction_R-HSA-879917
5044	http://purl.obolibrary.org/obo/go.owl#Reaction_R-HSA-9021660
5045	http://purl.obolibrary.org/obo/go.owl#Reaction_R-HSA-8964317
5046	http://purl.obolibrary.org/obo/go.owl#Reaction_R-HSA-9836702
5047	http://purl.obolibrary.org/obo/go.owl#Reaction_R-HSA-204871
5048	http://purl.obolibrary.org/obo/go.owl#Pathway_R-HSA-210993
5049	http://purl.obolibrary.org/obo/go.owl#Reaction_R-HSA-4641345
5050	http://purl.obolibrary.org/obo/go.owl#Reaction_R-HSA-4755478
5051	http://purl.obolibrary.org/obo/go.owl#Reaction_R-HSA-481007
5052	http://purl.obolibrary.org/obo/go.owl#Reaction_R-HSA-432706
5053	http://purl.obolibrary.org/obo/go.owl#Reaction_R-HSA-399935
5054	http://purl.obolibrary.org/obo/go.owl#Reaction_R-HSA-77068
5055	http://purl.obolibrary.org/obo/go.owl#Reaction_R-HSA-68914
5056	http://purl.obolibrary.org/obo/go.owl#Reaction_R-HSA-9725885
5057	http://purl.obolibrary.org/obo/go.owl#Reaction_R-HSA-5679239
5058	http://purl.obolibrary.org/obo/go.owl#Reaction_R-HSA-165708
5059	http://purl.obolibrary.org/obo/go.owl#Protein_THOP1
5060	http://purl.obolibrary.org/obo/go.owl#Pathway_R-HSA-164944
5061	http://purl.obolibrary.org/obo/go.owl#Reaction_R-HSA-5672843
5062	http://purl.obolibrary.org/obo/go.owl#Reaction_R-HSA-5693564
5063	http://purl.obolibrary.org/obo/go.owl#Reaction_R-HSA-9672158
5064	http://purl.obolibrary.org/obo/go.owl#Reaction_R-HSA-983426
5065	http://purl.obolibrary.org/obo/go.owl#Reaction_R-HSA-6814670
5066	http://purl.obolibrary.org/obo/go.owl#Reaction_R-NUL-9908837
5067	http://purl.obolibrary.org/obo/go.owl#Pathway_R-HSA-168273
5068	http://purl.obolibrary.org/obo/go.owl#Reaction_R-HSA-918232
5069	http://purl.obolibrary.org/obo/go.owl#Reaction_R-HSA-397891
5070	http://purl.obolibrary.org/obo/go.owl#Pathway_R-HSA-442755
5071	http://purl.obolibrary.org/obo/go.owl#Reaction_R-HSA-8854981
5072	http://purl.obolibrary.org/obo/go.owl#Pathway_R-HSA-9609523
5073	http://purl.obolibrary.org/obo/go.owl#Reaction_R-HSA-9793444
5074	http://purl.obolibrary.org/obo/go.owl#Reaction_R-HSA-9008015
5075	http://purl.obolibrary.org/obo/go.owl#Reaction_R-HSA-4793947
5076	http://purl.obolibrary.org/obo/go.owl#Reaction_R-HSA-5682896
5077	http://purl.obolibrary.org/obo/go.owl#Pathway_R-HSA-9706019
5078	http://purl.obolibrary.org/obo/go.owl#Pathway_R-HSA-77075
5079	http://purl.obolibrary.org/obo/go.owl#Reaction_R-HSA-9014434
5080	http://purl.obolibrary.org/obo/go.owl#Reaction_R-HSA-6803234
5081	http://purl.obolibrary.org/obo/go.owl#Reaction_R-HSA-6785648
5082	http://purl.obolibrary.org/obo/go.owl#Reaction_R-HSA-9021451
5083	http://purl.obolibrary.org/obo/go.owl#Reaction_R-HSA-9909657
5084	http://purl.obolibrary.org/obo/go.owl#Reaction_R-HSA-417843
5085	http://purl.obolibrary.org/obo/go.owl#Reaction_R-HSA-71775
5086	http://purl.obolibrary.org/obo/go.owl#Reaction_R-HSA-8961665
5087	http://purl.obolibrary.org/obo/go.owl#Reaction_R-HSA-8948583
5088	http://purl.obolibrary.org/obo/go.owl#Reaction_R-HSA-6814676
5089	http://purl.obolibrary.org/obo/go.owl#Reaction_R-HSA-6806831
5090	http://purl.obolibrary.org/obo/go.owl#Reaction_R-HSA-199576
5091	http://purl.obolibrary.org/obo/go.owl#Reaction_R-HSA-1855201
5092	http://purl.obolibrary.org/obo/go.owl#Reaction_R-HSA-389941
5093	http://purl.obolibrary.org/obo/go.owl#Pathway_R-HSA-9927353
5094	http://purl.obolibrary.org/obo/go.owl#Reaction_R-HSA-164056
5095	http://purl.obolibrary.org/obo/go.owl#Pathway_R-HSA-167238
5096	http://purl.obolibrary.org/obo/go.owl#Reaction_R-HSA-174157
5097	http://purl.obolibrary.org/obo/go.owl#Reaction_R-HSA-9851530
5098	http://purl.obolibrary.org/obo/go.owl#Reaction_R-HSA-1562641
5099	http://purl.obolibrary.org/obo/go.owl#Reaction_R-HSA-9911215
5100	http://purl.obolibrary.org/obo/go.owl#Pathway_R-HSA-9937080
5101	http://purl.obolibrary.org/obo/go.owl#Reaction_R-HSA-2130725
5102	http://purl.obolibrary.org/obo/go.owl#Reaction_R-HSA-994038
5103	http://purl.obolibrary.org/obo/go.owl#Reaction_R-HSA-8863914
5104	http://purl.obolibrary.org/obo/go.owl#Reaction_R-HSA-1678650
5105	http://purl.obolibrary.org/obo/go.owl#Pathway_R-HSA-2024096
5106	http://purl.obolibrary.org/obo/go.owl#Reaction_R-HSA-5671737
5107	http://purl.obolibrary.org/obo/go.owl#Reaction_R-HSA-4093329
5108	http://purl.obolibrary.org/obo/go.owl#Reaction_R-HSA-9821366
5109	http://purl.obolibrary.org/obo/go.owl#Reaction_R-HSA-392831
5110	http://purl.obolibrary.org/obo/go.owl#Reaction_R-HSA-9652165
5111	http://purl.obolibrary.org/obo/go.owl#Reaction_R-HSA-5625901
5112	http://purl.obolibrary.org/obo/go.owl#Reaction_R-HSA-5654705
5113	http://purl.obolibrary.org/obo/go.owl#Reaction_R-HSA-9665697
5114	http://purl.obolibrary.org/obo/go.owl#Reaction_R-HSA-5637796
5115	http://purl.obolibrary.org/obo/go.owl#Reaction_R-HSA-870449
5116	http://purl.obolibrary.org/obo/go.owl#Reaction_R-HSA-418874
5117	http://purl.obolibrary.org/obo/go.owl#Reaction_R-HSA-9603445
5118	http://purl.obolibrary.org/obo/go.owl#Reaction_R-HSA-9749471
5119	http://purl.obolibrary.org/obo/go.owl#Reaction_R-HSA-1168894
5120	http://purl.obolibrary.org/obo/go.owl#Reaction_R-HSA-4093336
5121	http://purl.obolibrary.org/obo/go.owl#Reaction_R-HSA-1839065
5122	http://purl.obolibrary.org/obo/go.owl#Reaction_R-HSA-3000399
5123	http://purl.obolibrary.org/obo/go.owl#Reaction_R-HSA-5423653
5124	http://purl.obolibrary.org/obo/go.owl#Pathway_R-HSA-5423646
5125	http://purl.obolibrary.org/obo/go.owl#Reaction_R-HSA-5689630
5126	http://purl.obolibrary.org/obo/go.owl#Reaction_R-HSA-9854146
5127	http://purl.obolibrary.org/obo/go.owl#Reaction_R-HSA-8985950
5128	http://purl.obolibrary.org/obo/go.owl#Reaction_R-HSA-1471322
5129	http://purl.obolibrary.org/obo/go.owl#Reaction_R-HSA-203797
5130	http://purl.obolibrary.org/obo/go.owl#Reaction_R-HSA-9665707
5131	http://purl.obolibrary.org/obo/go.owl#Reaction_R-HSA-917693
5132	http://purl.obolibrary.org/obo/go.owl#Reaction_R-HSA-75097
5133	http://purl.obolibrary.org/obo/go.owl#Reaction_R-HSA-5357860
5134	http://purl.obolibrary.org/obo/go.owl#Pathway_R-HSA-5357956
5135	http://purl.obolibrary.org/obo/go.owl#Reaction_R-HSA-4839638
5136	http://purl.obolibrary.org/obo/go.owl#Reaction_R-HSA-9674542
5137	http://purl.obolibrary.org/obo/go.owl#Reaction_R-HSA-4755411
5138	http://purl.obolibrary.org/obo/go.owl#Reaction_R-HSA-2730841
5139	http://purl.obolibrary.org/obo/go.owl#Reaction_R-HSA-9907980
5140	http://purl.obolibrary.org/obo/go.owl#Pathway_R-HSA-9907900
5141	http://purl.obolibrary.org/obo/go.owl#Reaction_R-HSA-9851147
5142	http://purl.obolibrary.org/obo/go.owl#Pathway_R-HSA-72689
5143	http://purl.obolibrary.org/obo/go.owl#Reaction_R-HSA-353125
5144	http://purl.obolibrary.org/obo/go.owl#Reaction_R-HSA-5684108
5145	http://purl.obolibrary.org/obo/go.owl#Reaction_R-HSA-9694364
5146	http://purl.obolibrary.org/obo/go.owl#Pathway_R-HSA-3065676
5147	http://purl.obolibrary.org/obo/go.owl#Reaction_R-HSA-6803946
5148	http://purl.obolibrary.org/obo/go.owl#Reaction_R-HSA-9619478
5149	http://purl.obolibrary.org/obo/go.owl#Reaction_R-HSA-5610749
5150	http://purl.obolibrary.org/obo/go.owl#Reaction_R-HSA-9610442
5151	http://purl.obolibrary.org/obo/go.owl#Reaction_R-HSA-1980233
5152	http://purl.obolibrary.org/obo/go.owl#Reaction_R-HSA-9844006
5153	http://purl.obolibrary.org/obo/go.owl#Reaction_R-HSA-917730
5154	http://purl.obolibrary.org/obo/go.owl#Pathway_R-HSA-917729
5155	http://purl.obolibrary.org/obo/go.owl#Reaction_R-HSA-9620837
5156	http://purl.obolibrary.org/obo/go.owl#Reaction_R-HSA-3000137
5157	http://purl.obolibrary.org/obo/go.owl#Reaction_R-HSA-174120
5158	http://purl.obolibrary.org/obo/go.owl#Reaction_R-HSA-5685985
5159	http://purl.obolibrary.org/obo/go.owl#Reaction_R-HSA-4570554
5160	http://purl.obolibrary.org/obo/go.owl#Reaction_R-HSA-5617431
5161	http://purl.obolibrary.org/obo/go.owl#Reaction_R-HSA-5689544
5162	http://purl.obolibrary.org/obo/go.owl#Reaction_R-HSA-5668520
5163	http://purl.obolibrary.org/obo/go.owl#Reaction_R-HSA-398193
5164	http://purl.obolibrary.org/obo/go.owl#Reaction_R-HSA-9817692
5165	http://purl.obolibrary.org/obo/go.owl#Pathway_R-HSA-9758881
5166	http://purl.obolibrary.org/obo/go.owl#Reaction_R-HSA-210404
5167	http://purl.obolibrary.org/obo/go.owl#Pathway_R-HSA-210500
5168	http://purl.obolibrary.org/obo/go.owl#Reaction_R-HSA-73805
5169	http://purl.obolibrary.org/obo/go.owl#Reaction_R-HSA-5632671
5170	http://purl.obolibrary.org/obo/go.owl#Reaction_R-HSA-4724284
5171	http://purl.obolibrary.org/obo/go.owl#Reaction_R-HSA-266204
5172	http://purl.obolibrary.org/obo/go.owl#Pathway_R-HSA-140342
5173	http://purl.obolibrary.org/obo/go.owl#Reaction_R-HSA-392513
5174	http://purl.obolibrary.org/obo/go.owl#Pathway_R-HSA-392517
5175	http://purl.obolibrary.org/obo/go.owl#Reaction_R-HSA-167121
5176	http://purl.obolibrary.org/obo/go.owl#Reaction_R-HSA-9665696
5177	http://purl.obolibrary.org/obo/go.owl#Reaction_R-HSA-8938981
5178	http://purl.obolibrary.org/obo/go.owl#Reaction_R-HSA-2534096
5179	http://purl.obolibrary.org/obo/go.owl#Reaction_R-HSA-1855171
5180	http://purl.obolibrary.org/obo/go.owl#Reaction_R-HSA-9675215
5181	http://purl.obolibrary.org/obo/go.owl#Pathway_R-HSA-9772755
5182	http://purl.obolibrary.org/obo/go.owl#Reaction_R-HSA-5661115
5183	http://purl.obolibrary.org/obo/go.owl#Pathway_R-HSA-9013406
5184	http://purl.obolibrary.org/obo/go.owl#Reaction_R-HSA-5632732
5185	http://purl.obolibrary.org/obo/go.owl#Reaction_R-HSA-3229102
5186	http://purl.obolibrary.org/obo/go.owl#Reaction_R-HSA-5694522
5187	http://purl.obolibrary.org/obo/go.owl#Reaction_R-HSA-9658445
5188	http://purl.obolibrary.org/obo/go.owl#Reaction_R-HSA-5694409
5189	http://purl.obolibrary.org/obo/go.owl#Reaction_R-HSA-5674018
5190	http://purl.obolibrary.org/obo/go.owl#Reaction_R-HSA-3777129
5191	http://purl.obolibrary.org/obo/go.owl#Reaction_R-HSA-1168641
5192	http://purl.obolibrary.org/obo/go.owl#Pathway_R-HSA-209968
5193	http://purl.obolibrary.org/obo/go.owl#Pathway_R-HSA-428543
5194	http://purl.obolibrary.org/obo/go.owl#Reaction_R-HSA-176474
5195	http://purl.obolibrary.org/obo/go.owl#Reaction_R-HSA-6799196
5196	http://purl.obolibrary.org/obo/go.owl#Reaction_R-HSA-9008345
5197	http://purl.obolibrary.org/obo/go.owl#Reaction_R-HSA-9010113
5198	http://purl.obolibrary.org/obo/go.owl#Reaction_R-HSA-9690494
5199	http://purl.obolibrary.org/obo/go.owl#Reaction_R-HSA-2396337
5200	http://purl.obolibrary.org/obo/go.owl#Pathway_R-HSA-3000171
5201	http://purl.obolibrary.org/obo/go.owl#Reaction_R-HSA-8964241
5202	http://purl.obolibrary.org/obo/go.owl#Reaction_R-HSA-6814091
5203	http://purl.obolibrary.org/obo/GO_0033116_instance
5204	http://purl.obolibrary.org/obo/go.owl#Pathway_R-HSA-162588
5205	http://purl.obolibrary.org/obo/go.owl#Reaction_R-HSA-8876948
5206	http://purl.obolibrary.org/obo/go.owl#Reaction_R-HSA-5654392
5207	http://purl.obolibrary.org/obo/go.owl#Reaction_R-HSA-1250346
5208	http://purl.obolibrary.org/obo/go.owl#Reaction_R-HSA-5252133
5209	http://purl.obolibrary.org/obo/go.owl#Reaction_R-HSA-9716947
5210	http://purl.obolibrary.org/obo/go.owl#Reaction_R-HSA-181450
5211	http://purl.obolibrary.org/obo/go.owl#Pathway_R-HSA-169131
5212	http://purl.obolibrary.org/obo/go.owl#Reaction_R-HSA-9664270
5213	http://purl.obolibrary.org/obo/go.owl#Pathway_R-HSA-196780
5214	http://purl.obolibrary.org/obo/go.owl#Reaction_R-HSA-933532
5215	http://purl.obolibrary.org/obo/go.owl#Reaction_R-HSA-200908
5216	http://purl.obolibrary.org/obo/go.owl#Pathway_R-HSA-1483166
5217	http://purl.obolibrary.org/obo/go.owl#Reaction_R-HSA-9032073
5218	http://purl.obolibrary.org/obo/go.owl#Reaction_R-HSA-389788
5219	http://purl.obolibrary.org/obo/go.owl#Reaction_R-HSA-2564828
5220	http://purl.obolibrary.org/obo/go.owl#Reaction_R-HSA-8847995
5221	http://purl.obolibrary.org/obo/go.owl#Pathway_R-HSA-8847993
5222	http://purl.obolibrary.org/obo/go.owl#Reaction_R-HSA-5666178
5223	http://purl.obolibrary.org/obo/go.owl#Pathway_R-HSA-5666185
5224	http://purl.obolibrary.org/obo/go.owl#Reaction_R-HSA-428185
5225	http://purl.obolibrary.org/obo/go.owl#Pathway_R-HSA-1660661
5226	http://purl.obolibrary.org/obo/go.owl#Reaction_R-HSA-6787591
5227	http://purl.obolibrary.org/obo/go.owl#Reaction_R-HSA-1912364
5228	http://purl.obolibrary.org/obo/go.owl#Reaction_R-HSA-1363276
5229	http://purl.obolibrary.org/obo/go.owl#Pathway_R-HSA-4570464
5230	http://purl.obolibrary.org/obo/go.owl#Reaction_R-HSA-5661256
5231	http://purl.obolibrary.org/obo/go.owl#Reaction_R-HSA-174139
5232	http://purl.obolibrary.org/obo/go.owl#Reaction_R-HSA-9666428
5233	http://purl.obolibrary.org/obo/go.owl#Protein_CIMAP1B
5234	http://purl.obolibrary.org/obo/go.owl#Reaction_R-HSA-5218823
5235	http://purl.obolibrary.org/obo/go.owl#Reaction_R-HSA-163664
5236	http://purl.obolibrary.org/obo/go.owl#Reaction_R-HSA-1168393
5237	http://purl.obolibrary.org/obo/go.owl#Reaction_R-HSA-2990882
5238	http://purl.obolibrary.org/obo/go.owl#Reaction_R-HSA-9647982
5239	http://purl.obolibrary.org/obo/go.owl#Reaction_R-HSA-426489
5240	http://purl.obolibrary.org/obo/go.owl#Reaction_R-HSA-9835885
5241	http://purl.obolibrary.org/obo/go.owl#Reaction_R-HSA-9816275
5242	http://purl.obolibrary.org/obo/go.owl#Pathway_R-HSA-9768727
5243	http://purl.obolibrary.org/obo/go.owl#Reaction_R-HSA-112055
5244	http://purl.obolibrary.org/obo/go.owl#Reaction_R-HSA-427337
5245	http://purl.obolibrary.org/obo/go.owl#Pathway_R-HSA-9032500
5246	http://purl.obolibrary.org/obo/go.owl#Reaction_R-HSA-109343
5247	http://purl.obolibrary.org/obo/go.owl#Reaction_R-HSA-446216
5248	http://purl.obolibrary.org/obo/go.owl#Protein_RADIL
5249	http://purl.obolibrary.org/obo/go.owl#Reaction_R-HSA-5229343
5250	http://purl.obolibrary.org/obo/go.owl#Reaction_R-HSA-5687120
5251	http://purl.obolibrary.org/obo/go.owl#Pathway_R-HSA-6807004
5252	http://purl.obolibrary.org/obo/go.owl#Reaction_R-HSA-9927009
5253	http://purl.obolibrary.org/obo/go.owl#Reaction_R-HSA-6807875
5254	http://purl.obolibrary.org/obo/go.owl#Reaction_R-HSA-6800396
5255	http://purl.obolibrary.org/obo/go.owl#Pathway_R-HSA-6803207
5256	http://purl.obolibrary.org/obo/go.owl#Reaction_R-HSA-205234
5257	http://purl.obolibrary.org/obo/go.owl#Reaction_R-HSA-9709601
5258	http://purl.obolibrary.org/obo/go.owl#Reaction_R-HSA-354124
5259	http://purl.obolibrary.org/obo/GO_0003677_instance
5260	http://purl.obolibrary.org/obo/go.owl#Pathway_R-HSA-9710421
5261	http://purl.obolibrary.org/obo/go.owl#Reaction_R-HSA-9007467
5262	http://purl.obolibrary.org/obo/go.owl#Reaction_R-HSA-216050
5263	http://purl.obolibrary.org/obo/go.owl#Pathway_R-HSA-917977
5264	http://purl.obolibrary.org/obo/go.owl#Reaction_R-HSA-8948602
5265	http://purl.obolibrary.org/obo/go.owl#Reaction_R-HSA-156915
5266	http://purl.obolibrary.org/obo/go.owl#Pathway_R-HSA-450520
5267	http://purl.obolibrary.org/obo/go.owl#Pathway_R-HSA-450531
5268	http://purl.obolibrary.org/obo/go.owl#Reaction_R-HSA-2179407
5269	http://purl.obolibrary.org/obo/go.owl#Reaction_R-HSA-8848812
5270	http://purl.obolibrary.org/obo/go.owl#Pathway_R-HSA-8849473
5271	http://purl.obolibrary.org/obo/go.owl#Pathway_R-HSA-9953078
5272	http://purl.obolibrary.org/obo/go.owl#Protein_TTC33
5273	http://purl.obolibrary.org/obo/go.owl#Reaction_R-HSA-9013438
5274	http://purl.obolibrary.org/obo/go.owl#Reaction_R-HSA-9833671
5275	http://purl.obolibrary.org/obo/go.owl#Reaction_R-HSA-2046098
5276	http://purl.obolibrary.org/obo/go.owl#Reaction_R-HSA-9635739
5277	http://purl.obolibrary.org/obo/go.owl#Reaction_R-HSA-6814678
5278	http://purl.obolibrary.org/obo/go.owl#Reaction_R-HSA-196753
5279	http://purl.obolibrary.org/obo/go.owl#Pathway_R-HSA-1834949
5280	http://purl.obolibrary.org/obo/go.owl#Protein_LENG8
5281	http://purl.obolibrary.org/obo/go.owl#Reaction_R-HSA-917933
5282	http://purl.obolibrary.org/obo/go.owl#Reaction_R-HSA-5654597
5283	http://purl.obolibrary.org/obo/go.owl#Protein_CHPF
5284	http://purl.obolibrary.org/obo/go.owl#Reaction_R-HSA-9008036
5285	http://purl.obolibrary.org/obo/go.owl#Pathway_R-HSA-5633008
5286	http://purl.obolibrary.org/obo/go.owl#Reaction_R-HSA-3002811
5287	http://purl.obolibrary.org/obo/go.owl#Reaction_R-HSA-1169398
5288	http://purl.obolibrary.org/obo/GO_1902750_instance
5289	http://purl.obolibrary.org/obo/go.owl#Reaction_R-HSA-9665700
5290	http://purl.obolibrary.org/obo/go.owl#Reaction_R-HSA-382058
5291	http://purl.obolibrary.org/obo/go.owl#Pathway_R-HSA-174178
5292	http://purl.obolibrary.org/obo/go.owl#Reaction_R-HSA-75080
5293	http://purl.obolibrary.org/obo/GO_0051648_instance
5294	http://purl.obolibrary.org/obo/go.owl#Reaction_R-HSA-9825555
5295	http://purl.obolibrary.org/obo/go.owl#Reaction_R-HSA-9009308
5296	http://purl.obolibrary.org/obo/go.owl#Pathway_R-HSA-9700206
5297	http://purl.obolibrary.org/obo/go.owl#Reaction_R-HSA-399930
5298	http://purl.obolibrary.org/obo/go.owl#Reaction_R-HSA-70454
5299	http://purl.obolibrary.org/obo/go.owl#Reaction_R-HSA-9033533
5300	http://purl.obolibrary.org/obo/go.owl#Reaction_R-HSA-2484822
5301	http://purl.obolibrary.org/obo/go.owl#Reaction_R-HSA-177941
5302	http://purl.obolibrary.org/obo/go.owl#Reaction_R-HSA-196964
5303	http://purl.obolibrary.org/obo/go.owl#Reaction_R-HSA-9824222
5304	http://purl.obolibrary.org/obo/go.owl#Reaction_R-HSA-9725117
5305	http://purl.obolibrary.org/obo/go.owl#Reaction_R-HSA-6811412
5306	http://purl.obolibrary.org/obo/go.owl#Reaction_R-HSA-9827995
5307	http://purl.obolibrary.org/obo/go.owl#Reaction_R-HSA-9008389
5308	http://purl.obolibrary.org/obo/go.owl#Reaction_R-HSA-6799191
5309	http://purl.obolibrary.org/obo/go.owl#Reaction_R-HSA-3200023
5310	http://purl.obolibrary.org/obo/go.owl#Pathway_R-HSA-180534
5311	http://purl.obolibrary.org/obo/go.owl#Reaction_R-HSA-508513
5312	http://purl.obolibrary.org/obo/go.owl#Reaction_R-HSA-9856663
5313	http://purl.obolibrary.org/obo/go.owl#Reaction_R-HSA-2316434
5314	http://purl.obolibrary.org/obo/go.owl#Reaction_R-HSA-9755777
5315	http://purl.obolibrary.org/obo/go.owl#Pathway_R-HSA-111452
5316	http://purl.obolibrary.org/obo/go.owl#Reaction_R-HSA-4411357
5317	http://purl.obolibrary.org/obo/go.owl#Reaction_R-HSA-5625883
5318	http://purl.obolibrary.org/obo/go.owl#Reaction_R-HSA-9750226
5319	http://purl.obolibrary.org/obo/go.owl#Reaction_R-HSA-9854984
5320	http://purl.obolibrary.org/obo/go.owl#Pathway_R-HSA-71403
5321	http://purl.obolibrary.org/obo/go.owl#Reaction_R-HSA-162425
5322	http://purl.obolibrary.org/obo/go.owl#Reaction_R-HSA-389350
5323	http://purl.obolibrary.org/obo/go.owl#Reaction_R-HSA-167019
5324	http://purl.obolibrary.org/obo/go.owl#Reaction_R-HSA-432707
5325	http://purl.obolibrary.org/obo/go.owl#Reaction_R-HSA-4546385
5326	http://purl.obolibrary.org/obo/go.owl#Reaction_R-HSA-9727450
5327	http://purl.obolibrary.org/obo/go.owl#Reaction_R-HSA-909724
5328	http://purl.obolibrary.org/obo/go.owl#Reaction_R-HSA-8943041
5329	http://purl.obolibrary.org/obo/GO_1901990_instance
5330	http://purl.obolibrary.org/obo/go.owl#Reaction_R-HSA-2029272
5331	http://purl.obolibrary.org/obo/go.owl#Reaction_R-HSA-879377
5332	http://purl.obolibrary.org/obo/go.owl#Reaction_R-HSA-3209098
5333	http://purl.obolibrary.org/obo/go.owl#Reaction_R-HSA-354087
5334	http://purl.obolibrary.org/obo/go.owl#Pathway_R-HSA-4641265
5335	http://purl.obolibrary.org/obo/go.owl#Reaction_R-HSA-6800797
5336	http://purl.obolibrary.org/obo/go.owl#Reaction_R-HSA-909719
5337	http://purl.obolibrary.org/obo/go.owl#Reaction_R-HSA-9656212
5338	http://purl.obolibrary.org/obo/go.owl#Reaction_R-HSA-9619843
5339	http://purl.obolibrary.org/obo/go.owl#Reaction_R-HSA-2466367
5340	http://purl.obolibrary.org/obo/go.owl#Reaction_R-HSA-426240
5341	http://purl.obolibrary.org/obo/go.owl#Reaction_R-HSA-373747
5342	http://purl.obolibrary.org/obo/go.owl#Pathway_R-HSA-373753
5343	http://purl.obolibrary.org/obo/go.owl#Reaction_R-HSA-2002460
5344	http://purl.obolibrary.org/obo/go.owl#Reaction_R-HSA-933523
5345	http://purl.obolibrary.org/obo/go.owl#Pathway_R-HSA-114608
5346	http://purl.obolibrary.org/obo/go.owl#Reaction_R-HSA-201611
5347	http://purl.obolibrary.org/obo/go.owl#Reaction_R-HSA-375131
5348	http://purl.obolibrary.org/obo/go.owl#Pathway_R-HSA-210991
5349	http://purl.obolibrary.org/obo/go.owl#Pathway_R-HSA-9664565
5350	http://purl.obolibrary.org/obo/go.owl#Reaction_R-HSA-159101
5351	http://purl.obolibrary.org/obo/go.owl#Reaction_R-HSA-203625
5352	http://purl.obolibrary.org/obo/go.owl#Pathway_R-HSA-203641
5353	http://purl.obolibrary.org/obo/go.owl#Reaction_R-HSA-4551648
5354	http://purl.obolibrary.org/obo/go.owl#Reaction_R-HSA-5654734
5355	http://purl.obolibrary.org/obo/go.owl#Reaction_R-HSA-9618392
5356	http://purl.obolibrary.org/obo/go.owl#Reaction_R-HSA-9615501
5357	http://purl.obolibrary.org/obo/go.owl#Reaction_R-HSA-9733316
5358	http://purl.obolibrary.org/obo/go.owl#Pathway_R-HSA-9680350
5359	http://purl.obolibrary.org/obo/go.owl#Reaction_R-HSA-2187330
5360	http://purl.obolibrary.org/obo/go.owl#Reaction_R-HSA-428752
5361	http://purl.obolibrary.org/obo/go.owl#Reaction_R-HSA-5665767
5362	http://purl.obolibrary.org/obo/go.owl#Reaction_R-HSA-9619838
5363	http://purl.obolibrary.org/obo/go.owl#Reaction_R-HSA-167537
5364	http://purl.obolibrary.org/obo/go.owl#Reaction_R-HSA-5654985
5365	http://purl.obolibrary.org/obo/go.owl#Reaction_R-HSA-9018817
5366	http://purl.obolibrary.org/obo/go.owl#Reaction_R-HSA-9768643
5367	http://purl.obolibrary.org/obo/go.owl#Reaction_R-HSA-167192
5368	http://purl.obolibrary.org/obo/go.owl#Reaction_R-HSA-2586553
5369	http://purl.obolibrary.org/obo/go.owl#Reaction_R-HSA-9707523
5370	http://purl.obolibrary.org/obo/go.owl#Pathway_R-HSA-9707616
5371	http://purl.obolibrary.org/obo/go.owl#Reaction_R-HSA-9925095
5372	http://purl.obolibrary.org/obo/go.owl#Reaction_R-HSA-9006873
5373	http://purl.obolibrary.org/obo/go.owl#Reaction_R-HSA-9835266
5374	http://purl.obolibrary.org/obo/go.owl#Pathway_R-HSA-9913351
5375	http://purl.obolibrary.org/obo/go.owl#Reaction_R-HSA-8932184
5376	http://purl.obolibrary.org/obo/go.owl#Reaction_R-HSA-350567
5377	http://purl.obolibrary.org/obo/go.owl#Pathway_R-HSA-350562
5378	http://purl.obolibrary.org/obo/go.owl#Reaction_R-HSA-9686524
5379	http://purl.obolibrary.org/obo/go.owl#Reaction_R-HSA-8964605
5380	http://purl.obolibrary.org/obo/go.owl#Reaction_R-HSA-449911
5381	http://purl.obolibrary.org/obo/GO_0000313_instance
5382	http://purl.obolibrary.org/obo/go.owl#Reaction_R-HSA-5634228
5383	http://purl.obolibrary.org/obo/go.owl#Pathway_R-HSA-2219530
5384	http://purl.obolibrary.org/obo/go.owl#Reaction_R-HSA-8948066
5385	http://purl.obolibrary.org/obo/go.owl#Pathway_R-HSA-159227
5386	http://purl.obolibrary.org/obo/go.owl#Pathway_R-HSA-4655427
5387	http://purl.obolibrary.org/obo/go.owl#Reaction_R-HSA-5685011
5388	http://purl.obolibrary.org/obo/go.owl#Reaction_R-HSA-2219524
5389	http://purl.obolibrary.org/obo/go.owl#Reaction_R-HSA-3215406
5390	http://purl.obolibrary.org/obo/go.owl#Reaction_R-HSA-1168767
5391	http://purl.obolibrary.org/obo/go.owl#Reaction_R-HSA-879930
5392	http://purl.obolibrary.org/obo/go.owl#Reaction_R-HSA-4551661
5393	http://purl.obolibrary.org/obo/go.owl#Reaction_R-HSA-6814418
5394	http://purl.obolibrary.org/obo/go.owl#Reaction_R-HSA-8878220
5395	http://purl.obolibrary.org/obo/go.owl#Reaction_R-HSA-170825
5396	http://purl.obolibrary.org/obo/go.owl#Reaction_R-HSA-5673768
5397	http://purl.obolibrary.org/obo/go.owl#Reaction_R-HSA-202510
5398	http://purl.obolibrary.org/obo/go.owl#Reaction_R-HSA-8964482
5399	http://purl.obolibrary.org/obo/go.owl#Reaction_R-HSA-9018017
5400	http://purl.obolibrary.org/obo/go.owl#Reaction_R-HSA-9625699
5401	http://purl.obolibrary.org/obo/go.owl#Pathway_R-HSA-437239
5402	http://purl.obolibrary.org/obo/go.owl#Reaction_R-HSA-5096532
5403	http://purl.obolibrary.org/obo/go.owl#Pathway_R-HSA-5083636
5404	http://purl.obolibrary.org/obo/go.owl#Reaction_R-HSA-5672978
5405	http://purl.obolibrary.org/obo/go.owl#Reaction_R-HSA-8981353
5406	http://purl.obolibrary.org/obo/go.owl#Reaction_R-HSA-4085318
5407	http://purl.obolibrary.org/obo/go.owl#Reaction_R-HSA-420883
5408	http://purl.obolibrary.org/obo/go.owl#Reaction_R-HSA-1225919
5409	http://purl.obolibrary.org/obo/go.owl#Reaction_R-HSA-9817362
5410	http://purl.obolibrary.org/obo/go.owl#Pathway_R-HSA-69478
5411	http://purl.obolibrary.org/obo/go.owl#Pathway_R-HSA-8943724
5412	http://purl.obolibrary.org/obo/go.owl#Reaction_R-HSA-1676203
5413	http://purl.obolibrary.org/obo/go.owl#Reaction_R-HSA-114552
5414	http://purl.obolibrary.org/obo/go.owl#Reaction_R-HSA-3903017
5415	http://purl.obolibrary.org/obo/go.owl#Pathway_R-HSA-381426
5416	http://purl.obolibrary.org/obo/go.owl#Reaction_R-HSA-9929319
5417	http://purl.obolibrary.org/obo/go.owl#Pathway_R-HSA-9931510
5418	http://purl.obolibrary.org/obo/go.owl#Reaction_R-HSA-5665809
5419	http://purl.obolibrary.org/obo/go.owl#Reaction_R-HSA-9700179
5420	http://purl.obolibrary.org/obo/go.owl#Reaction_R-HSA-166286
5421	http://purl.obolibrary.org/obo/go.owl#Reaction_R-HSA-9948318
5422	http://purl.obolibrary.org/obo/go.owl#Pathway_R-HSA-5676594
5423	http://purl.obolibrary.org/obo/go.owl#Pathway_R-HSA-5694530
5424	http://purl.obolibrary.org/obo/go.owl#Reaction_R-HSA-1247497
5425	http://purl.obolibrary.org/obo/go.owl#Reaction_R-HSA-549297
5426	http://purl.obolibrary.org/obo/go.owl#Reaction_R-HSA-4086132
5427	http://purl.obolibrary.org/obo/go.owl#Reaction_R-HSA-9007283
5428	http://purl.obolibrary.org/obo/go.owl#Reaction_R-HSA-1912409
5429	http://purl.obolibrary.org/obo/go.owl#Reaction_R-HSA-9859084
5430	http://purl.obolibrary.org/obo/go.owl#Pathway_R-HSA-111447
5431	http://purl.obolibrary.org/obo/go.owl#Reaction_R-HSA-9703432
5432	http://purl.obolibrary.org/obo/go.owl#Pathway_R-HSA-5610787
5433	http://purl.obolibrary.org/obo/go.owl#Pathway_R-HSA-9013424
5434	http://purl.obolibrary.org/obo/go.owl#Reaction_R-HSA-201669
5435	http://purl.obolibrary.org/obo/go.owl#Reaction_R-HSA-9768616
5436	http://purl.obolibrary.org/obo/go.owl#Reaction_R-HSA-9823952
5437	http://purl.obolibrary.org/obo/go.owl#Reaction_R-HSA-3321883
5438	http://purl.obolibrary.org/obo/go.owl#Reaction_R-HSA-9762282
5439	http://purl.obolibrary.org/obo/go.owl#Reaction_R-HSA-9012761
5440	http://purl.obolibrary.org/obo/go.owl#Reaction_R-HSA-9818010
5441	http://purl.obolibrary.org/obo/go.owl#Reaction_R-HSA-265424
5442	http://purl.obolibrary.org/obo/go.owl#Reaction_R-HSA-3322422
5443	http://purl.obolibrary.org/obo/go.owl#Reaction_R-HSA-9734353
5444	http://purl.obolibrary.org/obo/go.owl#Reaction_R-HSA-199206
5445	http://purl.obolibrary.org/obo/GO_0032271_instance
5446	http://purl.obolibrary.org/obo/go.owl#Reaction_R-HSA-6787525
5447	http://purl.obolibrary.org/obo/go.owl#Reaction_R-HSA-9714691
5448	http://purl.obolibrary.org/obo/go.owl#Reaction_R-HSA-2466068
5449	http://purl.obolibrary.org/obo/go.owl#Reaction_R-HSA-9656213
5450	http://purl.obolibrary.org/obo/go.owl#Reaction_R-HSA-168880
5451	http://purl.obolibrary.org/obo/go.owl#Reaction_R-HSA-73736
5452	http://purl.obolibrary.org/obo/go.owl#Pathway_R-HSA-8951430
5453	http://purl.obolibrary.org/obo/go.owl#Reaction_R-HSA-9768067
5454	http://purl.obolibrary.org/obo/go.owl#Reaction_R-HSA-9853512
5455	http://purl.obolibrary.org/obo/go.owl#Pathway_R-HSA-9853506
5456	http://purl.obolibrary.org/obo/go.owl#Reaction_R-HSA-8944047
5457	http://purl.obolibrary.org/obo/go.owl#Reaction_R-HSA-9665388
5458	http://purl.obolibrary.org/obo/go.owl#Reaction_R-HSA-933530
5459	http://purl.obolibrary.org/obo/go.owl#Pathway_R-HSA-933542
5460	http://purl.obolibrary.org/obo/go.owl#Reaction_R-HSA-9625510
5461	http://purl.obolibrary.org/obo/go.owl#Reaction_R-HSA-5658435
5462	http://purl.obolibrary.org/obo/go.owl#Reaction_R-HSA-205112
5463	http://purl.obolibrary.org/obo/go.owl#Reaction_R-HSA-9861300
5464	http://purl.obolibrary.org/obo/go.owl#Reaction_R-HSA-432188
5465	http://purl.obolibrary.org/obo/go.owl#Reaction_R-HSA-1250357
5466	http://purl.obolibrary.org/obo/go.owl#Reaction_R-HSA-9796379
5467	http://purl.obolibrary.org/obo/go.owl#Reaction_R-HSA-3371527
5468	http://purl.obolibrary.org/obo/go.owl#Reaction_R-HSA-9652264
5469	http://purl.obolibrary.org/obo/go.owl#Reaction_R-HSA-8952638
5470	http://purl.obolibrary.org/obo/go.owl#Reaction_R-HSA-373736
5471	http://purl.obolibrary.org/obo/go.owl#Reaction_R-HSA-9850958
5472	http://purl.obolibrary.org/obo/GO_0045333_instance
5473	http://purl.obolibrary.org/obo/go.owl#Reaction_R-HSA-8876616
5474	http://purl.obolibrary.org/obo/go.owl#Reaction_R-HSA-9860785
5475	http://purl.obolibrary.org/obo/go.owl#Reaction_R-HSA-9842665
5476	http://purl.obolibrary.org/obo/go.owl#Reaction_R-HSA-453200
5477	http://purl.obolibrary.org/obo/go.owl#Reaction_R-HSA-9821410
5478	http://purl.obolibrary.org/obo/go.owl#Reaction_R-HSA-2730886
5479	http://purl.obolibrary.org/obo/go.owl#Reaction_R-HSA-3928601
5480	http://purl.obolibrary.org/obo/go.owl#Reaction_R-HSA-211716
5481	http://purl.obolibrary.org/obo/go.owl#Reaction_R-HSA-9647978
5482	http://purl.obolibrary.org/obo/go.owl#Reaction_R-HSA-4686998
5483	http://purl.obolibrary.org/obo/go.owl#Reaction_R-HSA-187520
5484	http://purl.obolibrary.org/obo/go.owl#Pathway_R-HSA-8873719
5485	http://purl.obolibrary.org/obo/go.owl#Pathway_R-HSA-6803529
5486	http://purl.obolibrary.org/obo/go.owl#Reaction_R-HSA-9838093
5487	http://purl.obolibrary.org/obo/go.owl#Pathway_R-HSA-4641258
5488	http://purl.obolibrary.org/obo/go.owl#Reaction_R-HSA-4655404
5489	http://purl.obolibrary.org/obo/go.owl#Pathway_R-HSA-75955
5490	http://purl.obolibrary.org/obo/go.owl#Reaction_R-HSA-8940001
5491	http://purl.obolibrary.org/obo/go.owl#Pathway_R-HSA-8941332
5492	http://purl.obolibrary.org/obo/go.owl#Reaction_R-HSA-9033232
5493	http://purl.obolibrary.org/obo/go.owl#Reaction_R-HSA-2681667
5494	http://purl.obolibrary.org/obo/go.owl#Reaction_R-HSA-9009085
5495	http://purl.obolibrary.org/obo/go.owl#Pathway_R-HSA-6804114
5496	http://purl.obolibrary.org/obo/go.owl#Reaction_R-HSA-9013159
5497	http://purl.obolibrary.org/obo/go.owl#Reaction_R-HSA-5653754
5498	http://purl.obolibrary.org/obo/go.owl#Pathway_R-HSA-5250941
5499	http://purl.obolibrary.org/obo/go.owl#Pathway_R-HSA-9670095
5500	http://purl.obolibrary.org/obo/go.owl#Reaction_R-HSA-1678841
5501	http://purl.obolibrary.org/obo/go.owl#Reaction_R-HSA-392749
5502	http://purl.obolibrary.org/obo/go.owl#Reaction_R-HSA-9860816
5503	http://purl.obolibrary.org/obo/go.owl#Reaction_R-HSA-9843900
5504	http://purl.obolibrary.org/obo/go.owl#Reaction_R-HSA-1250486
5505	http://purl.obolibrary.org/obo/go.owl#Reaction_R-HSA-5218830
5506	http://purl.obolibrary.org/obo/go.owl#Reaction_R-HSA-8852130
5507	http://purl.obolibrary.org/obo/go.owl#Reaction_R-HSA-9636296
5508	http://purl.obolibrary.org/obo/go.owl#Reaction_R-HSA-109807
5509	http://purl.obolibrary.org/obo/go.owl#Reaction_R-HSA-5357757
5510	http://purl.obolibrary.org/obo/go.owl#Reaction_R-HSA-5655326
5511	http://purl.obolibrary.org/obo/go.owl#Reaction_R-HSA-174445
5512	http://purl.obolibrary.org/obo/go.owl#Pathway_R-HSA-351906
5513	http://purl.obolibrary.org/obo/go.owl#Reaction_R-HSA-9008433
5514	http://purl.obolibrary.org/obo/go.owl#Reaction_R-HSA-2294590
5515	http://purl.obolibrary.org/obo/go.owl#Reaction_R-HSA-8935930
5516	http://purl.obolibrary.org/obo/go.owl#Reaction_R-HSA-8851710
5517	http://purl.obolibrary.org/obo/go.owl#Pathway_R-HSA-8851708
5518	http://purl.obolibrary.org/obo/go.owl#Reaction_R-HSA-9013889
5519	http://purl.obolibrary.org/obo/go.owl#Reaction_R-HSA-1306953
5520	http://purl.obolibrary.org/obo/go.owl#Reaction_R-HSA-5669250
5521	http://purl.obolibrary.org/obo/go.owl#Reaction_R-HSA-164522
5522	http://purl.obolibrary.org/obo/go.owl#Pathway_R-HSA-162592
5523	http://purl.obolibrary.org/obo/go.owl#Reaction_R-HSA-5655285
5524	http://purl.obolibrary.org/obo/go.owl#Reaction_R-HSA-114544
5525	http://purl.obolibrary.org/obo/go.owl#Reaction_R-HSA-5617867
5526	http://purl.obolibrary.org/obo/go.owl#Reaction_R-HSA-72095
5527	http://purl.obolibrary.org/obo/go.owl#Reaction_R-HSA-8874205
5528	http://purl.obolibrary.org/obo/go.owl#Reaction_R-HSA-6814555
5529	http://purl.obolibrary.org/obo/go.owl#Reaction_R-HSA-110363
5530	http://purl.obolibrary.org/obo/go.owl#Reaction_R-HSA-5696914
5531	http://purl.obolibrary.org/obo/go.owl#Reaction_R-HSA-1861788
5532	http://purl.obolibrary.org/obo/go.owl#Reaction_R-HSA-2396599
5533	http://purl.obolibrary.org/obo/go.owl#Reaction_R-HSA-167419
5534	http://purl.obolibrary.org/obo/go.owl#Reaction_R-HSA-5693542
5535	http://purl.obolibrary.org/obo/go.owl#Reaction_R-HSA-183094
5536	http://purl.obolibrary.org/obo/go.owl#Reaction_R-HSA-9860160
5537	http://purl.obolibrary.org/obo/go.owl#Pathway_R-HSA-9839394
5538	http://purl.obolibrary.org/obo/go.owl#Reaction_R-HSA-9009378
5539	http://purl.obolibrary.org/obo/go.owl#Reaction_R-HSA-6802916
5540	http://purl.obolibrary.org/obo/go.owl#Reaction_R-HSA-1855172
5541	http://purl.obolibrary.org/obo/go.owl#Pathway_R-HSA-6807505
5542	http://purl.obolibrary.org/obo/go.owl#Reaction_R-HSA-156808
5543	http://purl.obolibrary.org/obo/go.owl#Reaction_R-HSA-388814
5544	http://purl.obolibrary.org/obo/go.owl#Reaction_R-HSA-183067
5545	http://purl.obolibrary.org/obo/go.owl#Reaction_R-HSA-174057
5546	http://purl.obolibrary.org/obo/go.owl#Pathway_R-HSA-428890
5547	http://purl.obolibrary.org/obo/go.owl#Reaction_R-HSA-8951595
5548	http://purl.obolibrary.org/obo/go.owl#Reaction_R-HSA-9609860
5549	http://purl.obolibrary.org/obo/go.owl#Reaction_R-HSA-9725342
5550	http://purl.obolibrary.org/obo/go.owl#Reaction_R-HSA-9768618
5551	http://purl.obolibrary.org/obo/go.owl#Reaction_R-HSA-1454689
5552	http://purl.obolibrary.org/obo/go.owl#Reaction_R-HSA-9842641
5553	http://purl.obolibrary.org/obo/go.owl#Pathway_R-HSA-165054
5554	http://purl.obolibrary.org/obo/go.owl#Pathway_R-HSA-390247
5555	http://purl.obolibrary.org/obo/go.owl#Reaction_R-HSA-3299569
5556	http://purl.obolibrary.org/obo/go.owl#Reaction_R-HSA-168915
5557	http://purl.obolibrary.org/obo/go.owl#Reaction_R-HSA-167098
5558	http://purl.obolibrary.org/obo/go.owl#Reaction_R-HSA-3782637
5559	http://purl.obolibrary.org/obo/go.owl#Reaction_R-HSA-9856510
5560	http://purl.obolibrary.org/obo/GO_0032154_instance
5561	http://purl.obolibrary.org/obo/go.owl#Pathway_R-HSA-9022692
5562	http://purl.obolibrary.org/obo/go.owl#Reaction_R-HSA-5617862
5563	http://purl.obolibrary.org/obo/go.owl#Pathway_R-HSA-8948747
5564	http://purl.obolibrary.org/obo/go.owl#Reaction_R-HSA-1977959
5565	http://purl.obolibrary.org/obo/go.owl#Reaction_R-HSA-9760402
5566	http://purl.obolibrary.org/obo/go.owl#Reaction_R-HSA-391866
5567	http://purl.obolibrary.org/obo/go.owl#Reaction_R-HSA-914022
5568	http://purl.obolibrary.org/obo/go.owl#Reaction_R-HSA-9796368
5569	http://purl.obolibrary.org/obo/go.owl#Reaction_R-HSA-5625774
5570	http://purl.obolibrary.org/obo/go.owl#Reaction_R-HSA-182186
5571	http://purl.obolibrary.org/obo/go.owl#Reaction_R-HSA-8868648
5572	http://purl.obolibrary.org/obo/go.owl#Reaction_R-HSA-6811479
5573	http://purl.obolibrary.org/obo/go.owl#Reaction_R-HSA-9615571
5574	http://purl.obolibrary.org/obo/go.owl#Reaction_R-HSA-9865520
5575	http://purl.obolibrary.org/obo/go.owl#Pathway_R-HSA-5357786
5576	http://purl.obolibrary.org/obo/go.owl#Protein_GTSF1L
5577	http://purl.obolibrary.org/obo/go.owl#Reaction_R-HSA-9679787
5578	http://purl.obolibrary.org/obo/go.owl#Reaction_R-HSA-4755479
5579	http://purl.obolibrary.org/obo/go.owl#Reaction_R-HSA-450490
5580	http://purl.obolibrary.org/obo/go.owl#Reaction_R-HSA-164151
5581	http://purl.obolibrary.org/obo/go.owl#Reaction_R-HSA-3928648
5582	http://purl.obolibrary.org/obo/go.owl#Reaction_R-HSA-8948224
5583	http://purl.obolibrary.org/obo/go.owl#Reaction_R-HSA-174105
5584	http://purl.obolibrary.org/obo/go.owl#Reaction_R-HSA-9666458
5585	http://purl.obolibrary.org/obo/go.owl#Reaction_R-HSA-5682388
5586	http://purl.obolibrary.org/obo/go.owl#Reaction_R-HSA-9684118
5587	http://purl.obolibrary.org/obo/go.owl#Reaction_R-HSA-8853774
5588	http://purl.obolibrary.org/obo/go.owl#Reaction_R-HSA-77585
5589	http://purl.obolibrary.org/obo/go.owl#Reaction_R-HSA-373813
5590	http://purl.obolibrary.org/obo/go.owl#Reaction_R-HSA-1839114
5591	http://purl.obolibrary.org/obo/go.owl#Pathway_R-HSA-5358751
5592	http://purl.obolibrary.org/obo/go.owl#Reaction_R-HSA-74993
5593	http://purl.obolibrary.org/obo/go.owl#Pathway_R-HSA-73863
5594	http://purl.obolibrary.org/obo/go.owl#Reaction_R-HSA-68825
5595	http://purl.obolibrary.org/obo/go.owl#Reaction_R-HSA-8983063
5596	http://purl.obolibrary.org/obo/go.owl#Reaction_R-HSA-5679205
5597	http://purl.obolibrary.org/obo/go.owl#Reaction_R-HSA-6799197
5598	http://purl.obolibrary.org/obo/GO_0065003_instance
5599	http://purl.obolibrary.org/obo/go.owl#Reaction_R-HSA-158251
5600	http://purl.obolibrary.org/obo/go.owl#Reaction_R-HSA-5685318
5601	http://purl.obolibrary.org/obo/go.owl#Reaction_R-HSA-113412
5602	http://purl.obolibrary.org/obo/GO_0006888_instance
5603	http://purl.obolibrary.org/obo/go.owl#Reaction_R-HSA-1632857
5604	http://purl.obolibrary.org/obo/go.owl#Reaction_R-HSA-109637
5605	http://purl.obolibrary.org/obo/go.owl#Reaction_R-HSA-452108
5606	http://purl.obolibrary.org/obo/go.owl#Reaction_R-HSA-9698043
5607	http://purl.obolibrary.org/obo/go.owl#Reaction_R-HSA-1855173
5608	http://purl.obolibrary.org/obo/go.owl#Pathway_R-HSA-9701192
5609	http://purl.obolibrary.org/obo/go.owl#Reaction_R-HSA-3234081
5610	http://purl.obolibrary.org/obo/go.owl#Reaction_R-HSA-9033485
5611	http://purl.obolibrary.org/obo/go.owl#Reaction_R-HSA-1791156
5612	http://purl.obolibrary.org/obo/go.owl#Reaction_R-HSA-450063
5613	http://purl.obolibrary.org/obo/go.owl#Reaction_R-HSA-5690702
5614	http://purl.obolibrary.org/obo/go.owl#Reaction_R-HSA-9842839
5615	http://purl.obolibrary.org/obo/go.owl#Reaction_R-HSA-389352
5616	http://purl.obolibrary.org/obo/go.owl#Reaction_R-HSA-9828027
5617	http://purl.obolibrary.org/obo/go.owl#Pathway_R-HSA-8941858
5618	http://purl.obolibrary.org/obo/go.owl#Reaction_R-HSA-202726
5619	http://purl.obolibrary.org/obo/go.owl#Reaction_R-HSA-9956624
5620	http://purl.obolibrary.org/obo/go.owl#Reaction_R-HSA-2976551
5621	http://purl.obolibrary.org/obo/go.owl#Pathway_R-HSA-2197563
5622	http://purl.obolibrary.org/obo/go.owl#Reaction_R-HSA-9603407
5623	http://purl.obolibrary.org/obo/go.owl#Reaction_R-HSA-9865238
5624	http://purl.obolibrary.org/obo/go.owl#Reaction_R-HSA-4655431
5625	http://purl.obolibrary.org/obo/go.owl#Pathway_R-HSA-9674555
5626	http://purl.obolibrary.org/obo/go.owl#Reaction_R-HSA-157849
5627	http://purl.obolibrary.org/obo/go.owl#Reaction_R-HSA-5228525
5628	http://purl.obolibrary.org/obo/go.owl#Reaction_R-HSA-8983425
5629	http://purl.obolibrary.org/obo/go.owl#Reaction_R-HSA-5694421
5630	http://purl.obolibrary.org/obo/go.owl#Reaction_R-HSA-9680389
5631	http://purl.obolibrary.org/obo/go.owl#Reaction_R-HSA-203946
5632	http://purl.obolibrary.org/obo/go.owl#Reaction_R-HSA-9021888
5633	http://purl.obolibrary.org/obo/go.owl#Reaction_R-HSA-8853252
5634	http://purl.obolibrary.org/obo/go.owl#Reaction_R-HSA-77095
5635	http://purl.obolibrary.org/obo/go.owl#Reaction_R-HSA-4608855
5636	http://purl.obolibrary.org/obo/go.owl#Reaction_R-HSA-9026408
5637	http://purl.obolibrary.org/obo/go.owl#Pathway_R-HSA-177128
5638	http://purl.obolibrary.org/obo/go.owl#Reaction_R-HSA-1251992
5639	http://purl.obolibrary.org/obo/go.owl#Reaction_R-HSA-9690493
5640	http://purl.obolibrary.org/obo/go.owl#Reaction_R-HSA-77078
5641	http://purl.obolibrary.org/obo/go.owl#Reaction_R-HSA-9683648
5642	http://purl.obolibrary.org/obo/go.owl#Reaction_R-HSA-432096
5643	http://purl.obolibrary.org/obo/go.owl#Reaction_R-HSA-3000122
5644	http://purl.obolibrary.org/obo/go.owl#Pathway_R-HSA-167162
5645	http://purl.obolibrary.org/obo/go.owl#Reaction_R-HSA-9728664
5646	http://purl.obolibrary.org/obo/go.owl#Pathway_R-HSA-9865113
5647	http://purl.obolibrary.org/obo/go.owl#Reaction_R-HSA-9034875
5648	http://purl.obolibrary.org/obo/go.owl#Reaction_R-HSA-3928583
5649	http://purl.obolibrary.org/obo/go.owl#Reaction_R-HSA-5686398
5650	http://purl.obolibrary.org/obo/go.owl#Reaction_R-HSA-2201316
5651	http://purl.obolibrary.org/obo/go.owl#Reaction_R-HSA-1169394
5652	http://purl.obolibrary.org/obo/go.owl#Reaction_R-HSA-9749286
5653	http://purl.obolibrary.org/obo/go.owl#Reaction_R-HSA-9011966
5654	http://purl.obolibrary.org/obo/go.owl#Reaction_R-HSA-5690159
5655	http://purl.obolibrary.org/obo/go.owl#Pathway_R-HSA-9818749
5656	http://purl.obolibrary.org/obo/go.owl#Reaction_R-HSA-1483222
5657	http://purl.obolibrary.org/obo/go.owl#Pathway_R-HSA-168276
5658	http://purl.obolibrary.org/obo/go.owl#Reaction_R-HSA-114284
5659	http://purl.obolibrary.org/obo/go.owl#Reaction_R-HSA-198958
5660	http://purl.obolibrary.org/obo/go.owl#Reaction_R-HSA-5607720
5661	http://purl.obolibrary.org/obo/go.owl#Pathway_R-HSA-190873
5662	http://purl.obolibrary.org/obo/go.owl#Pathway_R-HSA-977443
5663	http://purl.obolibrary.org/obo/go.owl#Reaction_R-HSA-9693125
5664	http://purl.obolibrary.org/obo/go.owl#Reaction_R-HSA-5244692
5665	http://purl.obolibrary.org/obo/go.owl#Reaction_R-HSA-5632738
5666	http://purl.obolibrary.org/obo/go.owl#Reaction_R-HSA-5682992
5667	http://purl.obolibrary.org/obo/go.owl#Reaction_R-HSA-9937412
5668	http://purl.obolibrary.org/obo/go.owl#Pathway_R-HSA-8853884
5669	http://purl.obolibrary.org/obo/go.owl#Reaction_R-HSA-448703
5670	http://purl.obolibrary.org/obo/go.owl#Reaction_R-HSA-5685838
5671	http://purl.obolibrary.org/obo/go.owl#Pathway_R-HSA-9762293
5672	http://purl.obolibrary.org/obo/go.owl#Pathway_R-HSA-9013419
5673	http://purl.obolibrary.org/obo/go.owl#Reaction_R-HSA-201787
5674	http://purl.obolibrary.org/obo/go.owl#Pathway_R-HSA-75108
5675	http://purl.obolibrary.org/obo/go.owl#Reaction_R-HSA-9613451
5676	http://purl.obolibrary.org/obo/go.owl#Reaction_R-HSA-3215385
5677	http://purl.obolibrary.org/obo/go.owl#Pathway_R-HSA-6799198
5678	http://purl.obolibrary.org/obo/go.owl#Reaction_R-HSA-188191
5679	http://purl.obolibrary.org/obo/go.owl#Reaction_R-HSA-5652009
5680	http://purl.obolibrary.org/obo/go.owl#Pathway_R-HSA-110314
5681	http://purl.obolibrary.org/obo/go.owl#Reaction_R-HSA-9011289
5682	http://purl.obolibrary.org/obo/go.owl#Pathway_R-HSA-8866652
5683	http://purl.obolibrary.org/obo/go.owl#Pathway_R-HSA-975578
5684	http://purl.obolibrary.org/obo/go.owl#Reaction_R-HSA-9865184
5685	http://purl.obolibrary.org/obo/go.owl#Reaction_R-HSA-3223200
5686	http://purl.obolibrary.org/obo/go.owl#Reaction_R-HSA-751039
5687	http://purl.obolibrary.org/obo/go.owl#Reaction_R-HSA-9636684
5688	http://purl.obolibrary.org/obo/go.owl#Reaction_R-HSA-9708423
5689	http://purl.obolibrary.org/obo/go.owl#Reaction_R-HSA-110316
5690	http://purl.obolibrary.org/obo/go.owl#Pathway_R-HSA-110320
5691	http://purl.obolibrary.org/obo/go.owl#Pathway_R-HSA-6803205
5692	http://purl.obolibrary.org/obo/go.owl#Pathway_R-HSA-9656223
5693	http://purl.obolibrary.org/obo/go.owl#Reaction_R-HSA-5602383
5694	http://purl.obolibrary.org/obo/go.owl#Reaction_R-HSA-73945
5695	http://purl.obolibrary.org/obo/go.owl#Reaction_R-HSA-8851877
5696	http://purl.obolibrary.org/obo/go.owl#Reaction_R-HSA-5655278
5697	http://purl.obolibrary.org/obo/go.owl#Reaction_R-HSA-9853389
5698	http://purl.obolibrary.org/obo/go.owl#Reaction_R-HSA-9708466
5699	http://purl.obolibrary.org/obo/go.owl#Pathway_R-HSA-442380
5700	http://purl.obolibrary.org/obo/go.owl#Reaction_R-HSA-750993
5701	http://purl.obolibrary.org/obo/go.owl#Reaction_R-HSA-5693055
5702	http://purl.obolibrary.org/obo/go.owl#Reaction_R-HSA-8984994
5703	http://purl.obolibrary.org/obo/go.owl#Reaction_R-HSA-912450
5704	http://purl.obolibrary.org/obo/go.owl#Pathway_R-HSA-186763
5705	http://purl.obolibrary.org/obo/go.owl#Reaction_R-HSA-8953418
5706	http://purl.obolibrary.org/obo/go.owl#Pathway_R-HSA-427389
5707	http://purl.obolibrary.org/obo/go.owl#Reaction_R-HSA-2730837
5708	http://purl.obolibrary.org/obo/go.owl#Pathway_R-HSA-9764725
5709	http://purl.obolibrary.org/obo/go.owl#Reaction_R-HSA-4754187
5710	http://purl.obolibrary.org/obo/go.owl#Pathway_R-HSA-8939247
5711	http://purl.obolibrary.org/obo/go.owl#Reaction_R-HSA-8961619
5712	http://purl.obolibrary.org/obo/go.owl#Reaction_R-HSA-157353
5713	http://purl.obolibrary.org/obo/go.owl#Pathway_R-HSA-211733
5714	http://purl.obolibrary.org/obo/go.owl#Reaction_R-HSA-9736984
5715	http://purl.obolibrary.org/obo/go.owl#Reaction_R-HSA-9828209
5716	http://purl.obolibrary.org/obo/go.owl#Reaction_R-HSA-9011971
5717	http://purl.obolibrary.org/obo/go.owl#Reaction_R-HSA-9770187
5718	http://purl.obolibrary.org/obo/go.owl#Reaction_R-HSA-1222376
5719	http://purl.obolibrary.org/obo/go.owl#Reaction_R-HSA-9932843
5720	http://purl.obolibrary.org/obo/go.owl#Reaction_R-HSA-997263
5721	http://purl.obolibrary.org/obo/go.owl#Pathway_R-HSA-3065679
5722	http://purl.obolibrary.org/obo/go.owl#Reaction_R-HSA-193682
5723	http://purl.obolibrary.org/obo/go.owl#Reaction_R-HSA-3790137
5724	http://purl.obolibrary.org/obo/go.owl#Pathway_R-HSA-416476
5725	http://purl.obolibrary.org/obo/go.owl#Pathway_R-HSA-8941284
5726	http://purl.obolibrary.org/obo/go.owl#Reaction_R-HSA-3928616
5727	http://purl.obolibrary.org/obo/go.owl#Reaction_R-HSA-1168640
5728	http://purl.obolibrary.org/obo/go.owl#Reaction_R-HSA-1791102
5729	http://purl.obolibrary.org/obo/go.owl#Reaction_R-HSA-8938356
5730	http://purl.obolibrary.org/obo/go.owl#Reaction_R-HSA-5683967
5731	http://purl.obolibrary.org/obo/go.owl#Reaction_R-HSA-2046087
5732	http://purl.obolibrary.org/obo/go.owl#Reaction_R-HSA-9908844
5733	http://purl.obolibrary.org/obo/go.owl#Reaction_R-HSA-5675206
5734	http://purl.obolibrary.org/obo/go.owl#Reaction_R-HSA-8983309
5735	http://purl.obolibrary.org/obo/go.owl#Pathway_R-HSA-1855170
5736	http://purl.obolibrary.org/obo/go.owl#Reaction_R-HSA-9907898
5737	http://purl.obolibrary.org/obo/go.owl#Reaction_R-HSA-1918092
5738	http://purl.obolibrary.org/obo/go.owl#Reaction_R-HSA-9949676
5739	http://purl.obolibrary.org/obo/go.owl#Protein_C2orf69
5740	http://purl.obolibrary.org/obo/go.owl#Reaction_R-HSA-6803230
5741	http://purl.obolibrary.org/obo/go.owl#Reaction_R-HSA-8876454
5742	http://purl.obolibrary.org/obo/go.owl#Pathway_R-HSA-5632684
5743	http://purl.obolibrary.org/obo/go.owl#Reaction_R-HSA-4090288
5744	http://purl.obolibrary.org/obo/go.owl#Reaction_R-HSA-8950733
5745	http://purl.obolibrary.org/obo/go.owl#Reaction_R-HSA-1227964
5746	http://purl.obolibrary.org/obo/go.owl#Reaction_R-HSA-9691421
5747	http://purl.obolibrary.org/obo/go.owl#Reaction_R-HSA-9645137
5748	http://purl.obolibrary.org/obo/go.owl#Reaction_R-HSA-9620004
5749	http://purl.obolibrary.org/obo/go.owl#Pathway_R-HSA-391160
5750	http://purl.obolibrary.org/obo/go.owl#Reaction_R-HSA-442291
5751	http://purl.obolibrary.org/obo/go.owl#Reaction_R-HSA-9611158
5752	http://purl.obolibrary.org/obo/go.owl#Reaction_R-HSA-9011958
5753	http://purl.obolibrary.org/obo/go.owl#Reaction_R-HSA-177938
5754	http://purl.obolibrary.org/obo/go.owl#Pathway_R-HSA-179812
5755	http://purl.obolibrary.org/obo/go.owl#Reaction_R-HSA-5672828
5756	http://purl.obolibrary.org/obo/go.owl#Pathway_R-HSA-8985947
5757	http://purl.obolibrary.org/obo/go.owl#Reaction_R-HSA-195283
5758	http://purl.obolibrary.org/obo/go.owl#Reaction_R-HSA-9008177
5759	http://purl.obolibrary.org/obo/go.owl#Reaction_R-HSA-9698265
5760	http://purl.obolibrary.org/obo/go.owl#Reaction_R-HSA-9709571
5761	http://purl.obolibrary.org/obo/go.owl#Reaction_R-HSA-8853322
5762	http://purl.obolibrary.org/obo/go.owl#Reaction_R-HSA-9934021
5763	http://purl.obolibrary.org/obo/go.owl#Reaction_R-HSA-2671747
5764	http://purl.obolibrary.org/obo/go.owl#Reaction_R-HSA-2468287
5765	http://purl.obolibrary.org/obo/go.owl#Reaction_R-HSA-6811426
5766	http://purl.obolibrary.org/obo/go.owl#Pathway_R-HSA-6811434
5767	http://purl.obolibrary.org/obo/go.owl#Reaction_R-HSA-1306979
5768	http://purl.obolibrary.org/obo/go.owl#Reaction_R-HSA-9695853
5769	http://purl.obolibrary.org/obo/go.owl#Reaction_R-HSA-9845308
5770	http://purl.obolibrary.org/obo/go.owl#Reaction_R-HSA-9615554
5771	http://purl.obolibrary.org/obo/go.owl#Reaction_R-HSA-1168394
5772	http://purl.obolibrary.org/obo/go.owl#Reaction_R-HSA-8982019
5773	http://purl.obolibrary.org/obo/go.owl#Pathway_R-HSA-9860276
5774	http://purl.obolibrary.org/obo/go.owl#Reaction_R-HSA-9653503
5775	http://purl.obolibrary.org/obo/go.owl#Pathway_R-HSA-9909649
5776	http://purl.obolibrary.org/obo/go.owl#Reaction_R-HSA-939265
5777	http://purl.obolibrary.org/obo/go.owl#Reaction_R-HSA-5334097
5778	http://purl.obolibrary.org/obo/go.owl#Reaction_R-HSA-5368279
5779	http://purl.obolibrary.org/obo/go.owl#Reaction_R-HSA-5682858
5780	http://purl.obolibrary.org/obo/go.owl#Pathway_R-HSA-5358606
5781	http://purl.obolibrary.org/obo/go.owl#Reaction_R-HSA-5661121
5782	http://purl.obolibrary.org/obo/go.owl#Reaction_R-HSA-6788582
5783	http://purl.obolibrary.org/obo/go.owl#Pathway_R-HSA-2129379
5784	http://purl.obolibrary.org/obo/go.owl#Reaction_R-HSA-5653838
5785	http://purl.obolibrary.org/obo/go.owl#Reaction_R-HSA-179410
5786	http://purl.obolibrary.org/obo/go.owl#Reaction_R-HSA-212269
5787	http://purl.obolibrary.org/obo/go.owl#Pathway_R-HSA-198693
5788	http://purl.obolibrary.org/obo/go.owl#Pathway_R-HSA-9840310
5789	http://purl.obolibrary.org/obo/go.owl#Reaction_R-HSA-83660
5790	http://purl.obolibrary.org/obo/go.owl#Reaction_R-HSA-1839107
5791	http://purl.obolibrary.org/obo/go.owl#Reaction_R-HSA-202541
5792	http://purl.obolibrary.org/obo/go.owl#Pathway_R-HSA-2871837
5793	http://purl.obolibrary.org/obo/go.owl#Reaction_R-HSA-8944684
5794	http://purl.obolibrary.org/obo/go.owl#Reaction_R-HSA-5218836
5795	http://purl.obolibrary.org/obo/go.owl#Reaction_R-HSA-1295632
5796	http://purl.obolibrary.org/obo/go.owl#Reaction_R-HSA-9013161
5797	http://purl.obolibrary.org/obo/go.owl#Reaction_R-HSA-174104
5798	http://purl.obolibrary.org/obo/go.owl#Pathway_R-HSA-168927
5799	http://purl.obolibrary.org/obo/go.owl#Reaction_R-HSA-983421
5800	http://purl.obolibrary.org/obo/go.owl#Reaction_R-HSA-162657
5801	http://purl.obolibrary.org/obo/go.owl#Reaction_R-HSA-6802925
5802	http://purl.obolibrary.org/obo/go.owl#Reaction_R-HSA-211651
5803	http://purl.obolibrary.org/obo/go.owl#Reaction_R-HSA-9633005
5804	http://purl.obolibrary.org/obo/go.owl#Reaction_R-HSA-168883
5805	http://purl.obolibrary.org/obo/go.owl#Reaction_R-HSA-140216
5806	http://purl.obolibrary.org/obo/go.owl#Reaction_R-HSA-164834
5807	http://purl.obolibrary.org/obo/go.owl#Reaction_R-HSA-212352
5808	http://purl.obolibrary.org/obo/go.owl#Reaction_R-HSA-5618093
5809	http://purl.obolibrary.org/obo/go.owl#Reaction_R-HSA-9620717
5810	http://purl.obolibrary.org/obo/go.owl#Reaction_R-HSA-6790087
5811	http://purl.obolibrary.org/obo/go.owl#Reaction_R-HSA-3788725
5812	http://purl.obolibrary.org/obo/go.owl#Reaction_R-HSA-481044
5813	http://purl.obolibrary.org/obo/go.owl#Pathway_R-HSA-76005
5814	http://purl.obolibrary.org/obo/go.owl#Reaction_R-HSA-168935
5815	http://purl.obolibrary.org/obo/go.owl#Reaction_R-HSA-4839746
5816	http://purl.obolibrary.org/obo/go.owl#Reaction_R-HSA-5676598
5817	http://purl.obolibrary.org/obo/go.owl#Pathway_R-HSA-4719377
5818	http://purl.obolibrary.org/obo/go.owl#Pathway_R-HSA-3371556
5819	http://purl.obolibrary.org/obo/go.owl#Protein_SLC43A3
5820	http://purl.obolibrary.org/obo/go.owl#Reaction_R-HSA-192841
5821	http://purl.obolibrary.org/obo/go.owl#Reaction_R-HSA-9817411
5822	http://purl.obolibrary.org/obo/go.owl#Reaction_R-HSA-5694436
5823	http://purl.obolibrary.org/obo/go.owl#Reaction_R-HSA-9024334
5824	http://purl.obolibrary.org/obo/go.owl#Reaction_R-HSA-1855203
5825	http://purl.obolibrary.org/obo/go.owl#Reaction_R-HSA-6802934
5826	http://purl.obolibrary.org/obo/go.owl#Reaction_R-HSA-9036025
5827	http://purl.obolibrary.org/obo/go.owl#Reaction_R-HSA-8867756
5828	http://purl.obolibrary.org/obo/go.owl#Pathway_R-HSA-72702
5829	http://purl.obolibrary.org/obo/go.owl#Pathway_R-HSA-381676
5830	http://purl.obolibrary.org/obo/go.owl#Reaction_R-HSA-174427
5831	http://purl.obolibrary.org/obo/go.owl#Reaction_R-HSA-9665708
5832	http://purl.obolibrary.org/obo/GO_0006900_instance
5833	http://purl.obolibrary.org/obo/go.owl#Pathway_R-HSA-6803204
5834	http://purl.obolibrary.org/obo/go.owl#Reaction_R-HSA-9617209
5835	http://purl.obolibrary.org/obo/go.owl#Pathway_R-HSA-9616222
5836	http://purl.obolibrary.org/obo/go.owl#Pathway_R-HSA-8964540
5837	http://purl.obolibrary.org/obo/go.owl#Reaction_R-HSA-8853737
5838	http://purl.obolibrary.org/obo/go.owl#Reaction_R-HSA-9029566
5839	http://purl.obolibrary.org/obo/go.owl#Reaction_R-HSA-9934330
5840	http://purl.obolibrary.org/obo/go.owl#Reaction_R-HSA-349444
5841	http://purl.obolibrary.org/obo/go.owl#Reaction_R-HSA-8939706
5842	http://purl.obolibrary.org/obo/go.owl#Reaction_R-HSA-9842651
5843	http://purl.obolibrary.org/obo/go.owl#Reaction_R-HSA-500717
5844	http://purl.obolibrary.org/obo/go.owl#Reaction_R-HSA-399951
5845	http://purl.obolibrary.org/obo/go.owl#Pathway_R-HSA-8875555
5846	http://purl.obolibrary.org/obo/go.owl#Reaction_R-HSA-879909
5847	http://purl.obolibrary.org/obo/go.owl#Reaction_R-HSA-2294600
5848	http://purl.obolibrary.org/obo/go.owl#Reaction_R-HSA-5654560
5849	http://purl.obolibrary.org/obo/go.owl#Reaction_R-HSA-182986
5850	http://purl.obolibrary.org/obo/go.owl#Reaction_R-HSA-5358579
5851	http://purl.obolibrary.org/obo/go.owl#Reaction_R-HSA-8983384
5852	http://purl.obolibrary.org/obo/go.owl#Reaction_R-HSA-1470009
5853	http://purl.obolibrary.org/obo/go.owl#Pathway_R-HSA-8941333
5854	http://purl.obolibrary.org/obo/go.owl#Reaction_R-HSA-8955245
5855	http://purl.obolibrary.org/obo/go.owl#Reaction_R-HSA-2468039
5856	http://purl.obolibrary.org/obo/go.owl#Reaction_R-HSA-5682983
5857	http://purl.obolibrary.org/obo/go.owl#Reaction_R-HSA-175250
5858	http://purl.obolibrary.org/obo/go.owl#Reaction_R-HSA-9013109
5859	http://purl.obolibrary.org/obo/go.owl#Protein_LYG1
5860	http://purl.obolibrary.org/obo/go.owl#Pathway_R-HSA-442729
5861	http://purl.obolibrary.org/obo/go.owl#Reaction_R-HSA-9014129
5862	http://purl.obolibrary.org/obo/go.owl#Reaction_R-HSA-9762209
5863	http://purl.obolibrary.org/obo/go.owl#Reaction_R-HSA-936960
5864	http://purl.obolibrary.org/obo/go.owl#Reaction_R-HSA-6786072
5865	http://purl.obolibrary.org/obo/go.owl#Pathway_R-HSA-1362277
5866	http://purl.obolibrary.org/obo/go.owl#Reaction_R-HSA-9755507
5867	http://purl.obolibrary.org/obo/go.owl#Reaction_R-HSA-5654416
5868	http://purl.obolibrary.org/obo/go.owl#Reaction_R-HSA-2730900
5869	http://purl.obolibrary.org/obo/go.owl#Reaction_R-HSA-6799332
5870	http://purl.obolibrary.org/obo/go.owl#Reaction_R-HSA-5690250
5871	http://purl.obolibrary.org/obo/go.owl#Reaction_R-HSA-5658424
5872	http://purl.obolibrary.org/obo/go.owl#Reaction_R-HSA-5671993
5873	http://purl.obolibrary.org/obo/go.owl#Reaction_R-HSA-8937191
5874	http://purl.obolibrary.org/obo/go.owl#Reaction_R-HSA-9833635
5875	http://purl.obolibrary.org/obo/go.owl#Reaction_R-HSA-166082
5876	http://purl.obolibrary.org/obo/go.owl#Reaction_R-HSA-5696605
5877	http://purl.obolibrary.org/obo/go.owl#Reaction_R-HSA-6802911
5878	http://purl.obolibrary.org/obo/go.owl#Pathway_R-HSA-73762
5879	http://purl.obolibrary.org/obo/go.owl#Reaction_R-HSA-8983996
5880	http://purl.obolibrary.org/obo/go.owl#Reaction_R-HSA-9698179
5881	http://purl.obolibrary.org/obo/go.owl#Reaction_R-HSA-6809680
5882	http://purl.obolibrary.org/obo/go.owl#Reaction_R-HSA-8853793
5883	http://purl.obolibrary.org/obo/go.owl#Pathway_R-HSA-8853659
5884	http://purl.obolibrary.org/obo/go.owl#Reaction_R-HSA-9606622
5885	http://purl.obolibrary.org/obo/go.owl#Pathway_R-HSA-9758890
5886	http://purl.obolibrary.org/obo/go.owl#Reaction_R-HSA-9018778
5887	http://purl.obolibrary.org/obo/go.owl#Reaction_R-HSA-109817
5888	http://purl.obolibrary.org/obo/go.owl#Reaction_R-HSA-9701569
5889	http://purl.obolibrary.org/obo/go.owl#Pathway_R-HSA-196807
5890	http://purl.obolibrary.org/obo/go.owl#Reaction_R-HSA-9610153
5891	http://purl.obolibrary.org/obo/go.owl#Pathway_R-HSA-170968
5892	http://purl.obolibrary.org/obo/go.owl#Reaction_R-HSA-2187266
5893	http://purl.obolibrary.org/obo/go.owl#Reaction_R-HSA-8867370
5894	http://purl.obolibrary.org/obo/go.owl#Reaction_R-HSA-4518585
5895	http://purl.obolibrary.org/obo/go.owl#Reaction_R-HSA-8964498
5896	http://purl.obolibrary.org/obo/go.owl#Reaction_R-HSA-9617207
5897	http://purl.obolibrary.org/obo/go.owl#Pathway_R-HSA-9864848
5898	http://purl.obolibrary.org/obo/go.owl#Pathway_R-HSA-174184
5899	http://purl.obolibrary.org/obo/go.owl#Reaction_R-HSA-1433471
5900	http://purl.obolibrary.org/obo/go.owl#Reaction_R-HSA-4085331
5901	http://purl.obolibrary.org/obo/go.owl#Reaction_R-HSA-9011983
5902	http://purl.obolibrary.org/obo/go.owl#Reaction_R-HSA-9701211
5903	http://purl.obolibrary.org/obo/go.owl#Pathway_R-HSA-2672351
5904	http://purl.obolibrary.org/obo/go.owl#Reaction_R-HSA-418574
5905	http://purl.obolibrary.org/obo/go.owl#Reaction_R-HSA-391158
5906	http://purl.obolibrary.org/obo/go.owl#Reaction_R-HSA-3318486
5907	http://purl.obolibrary.org/obo/go.owl#Reaction_R-HSA-9665416
5908	http://purl.obolibrary.org/obo/go.owl#Reaction_R-HSA-5654690
5909	http://purl.obolibrary.org/obo/go.owl#Reaction_R-HSA-5696655
5910	http://purl.obolibrary.org/obo/go.owl#Reaction_R-HSA-9859119
5911	http://purl.obolibrary.org/obo/go.owl#Reaction_R-HSA-912496
5912	http://purl.obolibrary.org/obo/go.owl#Reaction_R-HSA-5655241
5913	http://purl.obolibrary.org/obo/go.owl#Reaction_R-HSA-9934763
5914	http://purl.obolibrary.org/obo/go.owl#Reaction_R-HSA-5223313
5915	http://purl.obolibrary.org/obo/go.owl#Reaction_R-HSA-190877
5916	http://purl.obolibrary.org/obo/go.owl#Reaction_R-HSA-9670620
5917	http://purl.obolibrary.org/obo/go.owl#Pathway_R-HSA-9670613
5918	http://purl.obolibrary.org/obo/go.owl#Reaction_R-HSA-8849353
5919	http://purl.obolibrary.org/obo/go.owl#Reaction_R-HSA-4411351
5920	http://purl.obolibrary.org/obo/go.owl#Reaction_R-HSA-197250
5921	http://purl.obolibrary.org/obo/go.owl#Reaction_R-HSA-983146
5922	http://purl.obolibrary.org/obo/go.owl#Reaction_R-HSA-5687086
5923	http://purl.obolibrary.org/obo/go.owl#Reaction_R-HSA-9935547
5924	http://purl.obolibrary.org/obo/go.owl#Reaction_R-HSA-158481
5925	http://purl.obolibrary.org/obo/go.owl#Reaction_R-HSA-5686685
5926	http://purl.obolibrary.org/obo/go.owl#Reaction_R-HSA-9733207
5927	http://purl.obolibrary.org/obo/go.owl#Reaction_R-HSA-171026
5928	http://purl.obolibrary.org/obo/go.owl#Reaction_R-NUL-5610751
5929	http://purl.obolibrary.org/obo/go.owl#Reaction_R-HSA-264871
5930	http://purl.obolibrary.org/obo/go.owl#Reaction_R-HSA-5336413
5931	http://purl.obolibrary.org/obo/go.owl#Reaction_R-HSA-2130286
5932	http://purl.obolibrary.org/obo/go.owl#Reaction_R-HSA-9836184
5933	http://purl.obolibrary.org/obo/go.owl#Reaction_R-HSA-5654566
5934	http://purl.obolibrary.org/obo/go.owl#Reaction_R-HSA-9825847
5935	http://purl.obolibrary.org/obo/go.owl#Reaction_R-HSA-5218851
5936	http://purl.obolibrary.org/obo/go.owl#Reaction_R-HSA-174741
5937	http://purl.obolibrary.org/obo/go.owl#Reaction_R-HSA-203680
5938	http://purl.obolibrary.org/obo/go.owl#Pathway_R-HSA-203754
5939	http://purl.obolibrary.org/obo/go.owl#Pathway_R-HSA-1660517
5940	http://purl.obolibrary.org/obo/go.owl#Reaction_R-HSA-9675214
5941	http://purl.obolibrary.org/obo/go.owl#Pathway_R-HSA-9733458
5942	http://purl.obolibrary.org/obo/go.owl#Reaction_R-HSA-4085347
5943	http://purl.obolibrary.org/obo/go.owl#Reaction_R-HSA-5228523
5944	http://purl.obolibrary.org/obo/go.owl#Reaction_R-HSA-3000103
5945	http://purl.obolibrary.org/obo/go.owl#Reaction_R-HSA-5674132
5946	http://purl.obolibrary.org/obo/go.owl#Reaction_R-HSA-139899
5947	http://purl.obolibrary.org/obo/go.owl#Reaction_R-HSA-5218815
5948	http://purl.obolibrary.org/obo/go.owl#Reaction_R-HSA-5666169
5949	http://purl.obolibrary.org/obo/go.owl#Reaction_R-HSA-8877003
5950	http://purl.obolibrary.org/obo/go.owl#Reaction_R-HSA-8982637
5951	http://purl.obolibrary.org/obo/go.owl#Reaction_R-HSA-9672178
5952	http://purl.obolibrary.org/obo/go.owl#Reaction_R-HSA-9730412
5953	http://purl.obolibrary.org/obo/go.owl#Reaction_R-HSA-9008476
5954	http://purl.obolibrary.org/obo/go.owl#Reaction_R-HSA-1989765
5955	http://purl.obolibrary.org/obo/go.owl#Reaction_R-HSA-2671850
5956	http://purl.obolibrary.org/obo/go.owl#Reaction_R-HSA-8950225
5957	http://purl.obolibrary.org/obo/go.owl#Reaction_R-HSA-9909400
5958	http://purl.obolibrary.org/obo/go.owl#Reaction_R-HSA-451418
5959	http://purl.obolibrary.org/obo/go.owl#Reaction_R-HSA-5672817
5960	http://purl.obolibrary.org/obo/go.owl#Reaction_R-HSA-8938300
5961	http://purl.obolibrary.org/obo/go.owl#Reaction_R-HSA-8936676
5962	http://purl.obolibrary.org/obo/go.owl#Reaction_R-HSA-195280
5963	http://purl.obolibrary.org/obo/go.owl#Reaction_R-HSA-5419279
5964	http://purl.obolibrary.org/obo/go.owl#Reaction_R-HSA-9954727
5965	http://purl.obolibrary.org/obo/go.owl#Reaction_R-HSA-8952620
5966	http://purl.obolibrary.org/obo/go.owl#Reaction_R-HSA-9838035
5967	http://purl.obolibrary.org/obo/go.owl#Reaction_R-HSA-389980
5968	http://purl.obolibrary.org/obo/go.owl#Reaction_R-HSA-9837978
5969	http://purl.obolibrary.org/obo/go.owl#Reaction_R-HSA-5655252
5970	http://purl.obolibrary.org/obo/go.owl#Reaction_R-HSA-5689973
5971	http://purl.obolibrary.org/obo/go.owl#Reaction_R-HSA-5324632
5972	http://purl.obolibrary.org/obo/go.owl#Reaction_R-HSA-9672164
5973	http://purl.obolibrary.org/obo/go.owl#Reaction_R-HSA-9854142
5974	http://purl.obolibrary.org/obo/go.owl#Reaction_R-HSA-186773
5975	http://purl.obolibrary.org/obo/go.owl#Reaction_R-HSA-175108
5976	http://purl.obolibrary.org/obo/go.owl#Reaction_R-HSA-1676174
5977	http://purl.obolibrary.org/obo/go.owl#Reaction_R-HSA-1306965
5978	http://purl.obolibrary.org/obo/go.owl#Reaction_R-HSA-1562626
5979	http://purl.obolibrary.org/obo/go.owl#Protein_PUSL1
5980	http://purl.obolibrary.org/obo/go.owl#Reaction_R-HSA-9666426
5981	http://purl.obolibrary.org/obo/go.owl#Reaction_R-HSA-2671873
5982	http://purl.obolibrary.org/obo/go.owl#Reaction_R-HSA-741449
5983	http://purl.obolibrary.org/obo/go.owl#Reaction_R-HSA-5654428
5984	http://purl.obolibrary.org/obo/go.owl#Reaction_R-HSA-180622
5985	http://purl.obolibrary.org/obo/go.owl#Reaction_R-HSA-5624486
5986	http://purl.obolibrary.org/obo/go.owl#Reaction_R-HSA-3238999
5987	http://purl.obolibrary.org/obo/go.owl#Reaction_R-HSA-110371
5988	http://purl.obolibrary.org/obo/go.owl#Reaction_R-HSA-186834
5989	http://purl.obolibrary.org/obo/go.owl#Reaction_R-HSA-9948458
5990	http://purl.obolibrary.org/obo/go.owl#Pathway_R-HSA-9954714
5991	http://purl.obolibrary.org/obo/go.owl#Reaction_R-HSA-450984
5992	http://purl.obolibrary.org/obo/go.owl#Reaction_R-HSA-6785181
5993	http://purl.obolibrary.org/obo/go.owl#Pathway_R-HSA-6804115
5994	http://purl.obolibrary.org/obo/go.owl#Reaction_R-HSA-2130731
5995	http://purl.obolibrary.org/obo/go.owl#Pathway_R-HSA-75953
5996	http://purl.obolibrary.org/obo/go.owl#Reaction_R-HSA-5205663
5997	http://purl.obolibrary.org/obo/go.owl#Reaction_R-HSA-8986294
5998	http://purl.obolibrary.org/obo/go.owl#Pathway_R-HSA-9028731
5999	http://purl.obolibrary.org/obo/go.owl#Reaction_R-HSA-183036
6000	http://purl.obolibrary.org/obo/go.owl#Reaction_R-HSA-8849348
6001	http://purl.obolibrary.org/obo/go.owl#Reaction_R-HSA-5654673
6002	http://purl.obolibrary.org/obo/go.owl#Reaction_R-HSA-9614343
6003	http://purl.obolibrary.org/obo/go.owl#Reaction_R-HSA-9844438
6004	http://purl.obolibrary.org/obo/go.owl#Reaction_R-HSA-9654533
6005	http://purl.obolibrary.org/obo/go.owl#Reaction_R-HSA-443905
6006	http://purl.obolibrary.org/obo/go.owl#Reaction_R-HSA-9925246
6007	http://purl.obolibrary.org/obo/go.owl#Pathway_R-HSA-2022870
6008	http://purl.obolibrary.org/obo/go.owl#Reaction_R-HSA-5655269
6009	http://purl.obolibrary.org/obo/go.owl#Reaction_R-HSA-9842659
6010	http://purl.obolibrary.org/obo/go.owl#Reaction_R-HSA-5693602
6011	http://purl.obolibrary.org/obo/go.owl#Pathway_R-HSA-8878159
6012	http://purl.obolibrary.org/obo/go.owl#Reaction_R-HSA-113411
6013	http://purl.obolibrary.org/obo/go.owl#Pathway_R-HSA-9759218
6014	http://purl.obolibrary.org/obo/go.owl#Pathway_R-HSA-9828211
6015	http://purl.obolibrary.org/obo/go.owl#Reaction_R-HSA-5205799
6016	http://purl.obolibrary.org/obo/go.owl#Pathway_R-HSA-70921
6017	http://purl.obolibrary.org/obo/go.owl#Reaction_R-HSA-9028328
6018	http://purl.obolibrary.org/obo/go.owl#Reaction_R-HSA-937034
6019	http://purl.obolibrary.org/obo/go.owl#Reaction_R-HSA-168933
6020	http://purl.obolibrary.org/obo/go.owl#Reaction_R-HSA-8853325
6021	http://purl.obolibrary.org/obo/go.owl#Pathway_R-HSA-8853336
6022	http://purl.obolibrary.org/obo/go.owl#Reaction_R-HSA-9730967
6023	http://purl.obolibrary.org/obo/go.owl#Reaction_R-HSA-202344
6024	http://purl.obolibrary.org/obo/go.owl#Reaction_R-HSA-2666278
6025	http://purl.obolibrary.org/obo/go.owl#Reaction_R-HSA-2730887
6026	http://purl.obolibrary.org/obo/go.owl#Reaction_R-HSA-9948415
6027	http://purl.obolibrary.org/obo/go.owl#Reaction_R-HSA-9825759
6028	http://purl.obolibrary.org/obo/go.owl#Pathway_R-HSA-9020956
6029	http://purl.obolibrary.org/obo/go.owl#Reaction_R-HSA-389354
6030	http://purl.obolibrary.org/obo/go.owl#Reaction_R-HSA-5672304
6031	http://purl.obolibrary.org/obo/go.owl#Reaction_R-HSA-3000112
6032	http://purl.obolibrary.org/obo/go.owl#Reaction_R-HSA-9683663
6033	http://purl.obolibrary.org/obo/go.owl#Reaction_R-HSA-9760652
6034	http://purl.obolibrary.org/obo/go.owl#Reaction_R-HSA-9614423
6035	http://purl.obolibrary.org/obo/go.owl#Reaction_R-HSA-446215
6036	http://purl.obolibrary.org/obo/GO_0006357_instance
6037	http://purl.obolibrary.org/obo/go.owl#Reaction_R-HSA-9762246
6038	http://purl.obolibrary.org/obo/go.owl#Reaction_R-HSA-186826
6039	http://purl.obolibrary.org/obo/go.owl#Reaction_R-HSA-2317531
6040	http://purl.obolibrary.org/obo/go.owl#Reaction_R-HSA-391865
6041	http://purl.obolibrary.org/obo/go.owl#Reaction_R-HSA-1524186
6042	http://purl.obolibrary.org/obo/go.owl#Reaction_R-HSA-73865
6043	http://purl.obolibrary.org/obo/go.owl#Reaction_R-HSA-166072
6044	http://purl.obolibrary.org/obo/go.owl#Pathway_R-HSA-1442490
6045	http://purl.obolibrary.org/obo/go.owl#Reaction_R-HSA-5617874
6046	http://purl.obolibrary.org/obo/go.owl#Reaction_R-HSA-8875591
6047	http://purl.obolibrary.org/obo/go.owl#Reaction_R-HSA-1236971
6048	http://purl.obolibrary.org/obo/go.owl#Reaction_R-HSA-5218812
6049	http://purl.obolibrary.org/obo/go.owl#Reaction_R-HSA-9033529
6050	http://purl.obolibrary.org/obo/go.owl#Reaction_R-HSA-4839734
6051	http://purl.obolibrary.org/obo/go.owl#Reaction_R-HSA-8983371
6052	http://purl.obolibrary.org/obo/go.owl#Reaction_R-HSA-9613460
6053	http://purl.obolibrary.org/obo/go.owl#Reaction_R-HSA-5675868
6054	http://purl.obolibrary.org/obo/go.owl#Reaction_R-HSA-167084
6055	http://purl.obolibrary.org/obo/go.owl#Reaction_R-HSA-5654730
6056	http://purl.obolibrary.org/obo/go.owl#Reaction_R-HSA-8852324
6057	http://purl.obolibrary.org/obo/go.owl#Reaction_R-HSA-9833723
6058	http://purl.obolibrary.org/obo/go.owl#Pathway_R-HSA-5250924
6059	http://purl.obolibrary.org/obo/go.owl#Reaction_R-HSA-9817983
6060	http://purl.obolibrary.org/obo/go.owl#Reaction_R-HSA-6814119
6061	http://purl.obolibrary.org/obo/go.owl#Reaction_R-HSA-5653766
6062	http://purl.obolibrary.org/obo/go.owl#Reaction_R-HSA-9729500
6063	http://purl.obolibrary.org/obo/go.owl#Reaction_R-HSA-428515
6064	http://purl.obolibrary.org/obo/GO_0000118_instance
6065	http://purl.obolibrary.org/obo/go.owl#Reaction_R-HSA-5637765
6066	http://purl.obolibrary.org/obo/go.owl#Reaction_R-HSA-68712
6067	http://purl.obolibrary.org/obo/go.owl#Reaction_R-HSA-418176
6068	http://purl.obolibrary.org/obo/go.owl#Pathway_R-HSA-456926
6069	http://purl.obolibrary.org/obo/go.owl#Reaction_R-HSA-73814
6070	http://purl.obolibrary.org/obo/go.owl#Reaction_R-HSA-2172126
6071	http://purl.obolibrary.org/obo/go.owl#Reaction_R-HSA-751019
6072	http://purl.obolibrary.org/obo/go.owl#Reaction_R-HSA-437192
6073	http://purl.obolibrary.org/obo/go.owl#Pathway_R-HSA-75102
6074	http://purl.obolibrary.org/obo/go.owl#Reaction_R-HSA-6811431
6075	http://purl.obolibrary.org/obo/go.owl#Reaction_R-HSA-9637635
6076	http://purl.obolibrary.org/obo/go.owl#Reaction_R-HSA-418865
6077	http://purl.obolibrary.org/obo/go.owl#Reaction_R-HSA-374673
6078	http://purl.obolibrary.org/obo/go.owl#Reaction_R-HSA-8850529
6079	http://purl.obolibrary.org/obo/go.owl#Pathway_R-HSA-205043
6080	http://purl.obolibrary.org/obo/go.owl#Reaction_R-HSA-9865893
6081	http://purl.obolibrary.org/obo/go.owl#Reaction_R-HSA-3000263
6082	http://purl.obolibrary.org/obo/go.owl#Reaction_R-HSA-5218845
6083	http://purl.obolibrary.org/obo/go.owl#Reaction_R-HSA-8951443
6084	http://purl.obolibrary.org/obo/go.owl#Reaction_R-HSA-6797606
6085	http://purl.obolibrary.org/obo/go.owl#Pathway_R-HSA-5661270
6086	http://purl.obolibrary.org/obo/go.owl#Reaction_R-HSA-9664940
6087	http://purl.obolibrary.org/obo/go.owl#Reaction_R-HSA-1963589
6088	http://purl.obolibrary.org/obo/go.owl#Reaction_R-HSA-5684882
6089	http://purl.obolibrary.org/obo/go.owl#Reaction_R-HSA-2424476
6090	http://purl.obolibrary.org/obo/go.owl#Reaction_R-HSA-68960
6091	http://purl.obolibrary.org/obo/go.owl#Reaction_R-HSA-168184
6092	http://purl.obolibrary.org/obo/go.owl#Reaction_R-HSA-9859005
6093	http://purl.obolibrary.org/obo/go.owl#Reaction_R-HSA-5218832
6094	http://purl.obolibrary.org/obo/go.owl#Reaction_R-HSA-75861
6095	http://purl.obolibrary.org/obo/go.owl#Reaction_R-HSA-9710914
6096	http://purl.obolibrary.org/obo/go.owl#Reaction_R-HSA-397835
6097	http://purl.obolibrary.org/obo/go.owl#Reaction_R-HSA-168848
6098	http://purl.obolibrary.org/obo/go.owl#Reaction_R-HSA-187552
6099	http://purl.obolibrary.org/obo/go.owl#Reaction_R-HSA-9670413
6100	http://purl.obolibrary.org/obo/go.owl#Reaction_R-HSA-165195
6101	http://purl.obolibrary.org/obo/go.owl#Reaction_R-HSA-5655263
6102	http://purl.obolibrary.org/obo/go.owl#Reaction_R-HSA-168930
6103	http://purl.obolibrary.org/obo/go.owl#Reaction_R-HSA-9614816
6104	http://purl.obolibrary.org/obo/go.owl#Reaction_R-HSA-4570463
6105	http://purl.obolibrary.org/obo/go.owl#Reaction_R-HSA-392748
6106	http://purl.obolibrary.org/obo/go.owl#Reaction_R-HSA-177939
6107	http://purl.obolibrary.org/obo/go.owl#Reaction_R-HSA-176318
6108	http://purl.obolibrary.org/obo/go.owl#Pathway_R-HSA-1234158
6109	http://purl.obolibrary.org/obo/go.owl#Reaction_R-HSA-1980067
6110	http://purl.obolibrary.org/obo/go.owl#Pathway_R-HSA-9696273
6111	http://purl.obolibrary.org/obo/go.owl#Reaction_R-HSA-9664273
6112	http://purl.obolibrary.org/obo/go.owl#Reaction_R-HSA-8952408
6113	http://purl.obolibrary.org/obo/go.owl#Reaction_R-HSA-9754839
6114	http://purl.obolibrary.org/obo/go.owl#Reaction_R-HSA-9915968
6115	http://purl.obolibrary.org/obo/go.owl#Pathway_R-HSA-9820865
6116	http://purl.obolibrary.org/obo/go.owl#Pathway_R-HSA-8851805
6117	http://purl.obolibrary.org/obo/go.owl#Reaction_R-HSA-430311
6118	http://purl.obolibrary.org/obo/go.owl#Pathway_R-HSA-446388
6119	http://purl.obolibrary.org/obo/go.owl#Reaction_R-HSA-9855212
6120	http://purl.obolibrary.org/obo/go.owl#Reaction_R-HSA-2220981
6121	http://purl.obolibrary.org/obo/go.owl#Reaction_R-HSA-9796346
6122	http://purl.obolibrary.org/obo/go.owl#Reaction_R-HSA-8948623
6123	http://purl.obolibrary.org/obo/go.owl#Reaction_R-HSA-167284
6124	http://purl.obolibrary.org/obo/go.owl#Reaction_R-HSA-9705137
6125	http://purl.obolibrary.org/obo/go.owl#Reaction_R-HSA-914005
6126	http://purl.obolibrary.org/obo/go.owl#Reaction_R-HSA-2029458
6127	http://purl.obolibrary.org/obo/go.owl#Reaction_R-HSA-3343700
6128	http://purl.obolibrary.org/obo/go.owl#Reaction_R-HSA-9960175
6129	http://purl.obolibrary.org/obo/go.owl#Reaction_R-HSA-751024
6130	http://purl.obolibrary.org/obo/go.owl#Reaction_R-HSA-927830
6131	http://purl.obolibrary.org/obo/go.owl#Reaction_R-HSA-114307
6132	http://purl.obolibrary.org/obo/go.owl#Reaction_R-HSA-6782131
6133	http://purl.obolibrary.org/obo/go.owl#Reaction_R-HSA-449958
6134	http://purl.obolibrary.org/obo/go.owl#Reaction_R-HSA-5654402
6135	http://purl.obolibrary.org/obo/go.owl#Reaction_R-HSA-9729279
6136	http://purl.obolibrary.org/obo/go.owl#Reaction_R-HSA-5678315
6137	http://purl.obolibrary.org/obo/go.owl#Reaction_R-HSA-1839080
6138	http://purl.obolibrary.org/obo/go.owl#Reaction_R-HSA-9954919
6139	http://purl.obolibrary.org/obo/go.owl#Reaction_R-HSA-9664261
6140	http://purl.obolibrary.org/obo/go.owl#Reaction_R-HSA-8853965
6141	http://purl.obolibrary.org/obo/go.owl#Reaction_R-HSA-1839098
6142	http://purl.obolibrary.org/obo/go.owl#Reaction_R-HSA-981497
6143	http://purl.obolibrary.org/obo/go.owl#Reaction_R-HSA-3928580
6144	http://purl.obolibrary.org/obo/go.owl#Reaction_R-HSA-9736836
6145	http://purl.obolibrary.org/obo/go.owl#Reaction_R-HSA-8938507
6146	http://purl.obolibrary.org/obo/go.owl#Reaction_R-HSA-8847887
6147	http://purl.obolibrary.org/obo/go.owl#Reaction_R-HSA-9606162
6148	http://purl.obolibrary.org/obo/go.owl#Reaction_R-HSA-9692241
6149	http://purl.obolibrary.org/obo/go.owl#Reaction_R-HSA-9911214
6150	http://purl.obolibrary.org/obo/go.owl#Reaction_R-HSA-391940
6151	http://purl.obolibrary.org/obo/go.owl#Reaction_R-HSA-9823992
6152	http://purl.obolibrary.org/obo/go.owl#Pathway_R-HSA-9623433
6153	http://purl.obolibrary.org/obo/go.owl#Reaction_R-HSA-9033505
6154	http://purl.obolibrary.org/obo/go.owl#Protein_OGFRL1
6155	http://purl.obolibrary.org/obo/go.owl#Reaction_R-HSA-6804188
6156	http://purl.obolibrary.org/obo/go.owl#Pathway_R-HSA-6804754
6157	http://purl.obolibrary.org/obo/go.owl#Reaction_R-HSA-5690856
6158	http://purl.obolibrary.org/obo/go.owl#Pathway_R-HSA-5689896
6159	http://purl.obolibrary.org/obo/go.owl#Pathway_R-HSA-9013405
6160	http://purl.obolibrary.org/obo/go.owl#Reaction_R-HSA-5218821
6161	http://purl.obolibrary.org/obo/go.owl#Pathway_R-HSA-8875656
6162	http://purl.obolibrary.org/obo/go.owl#Reaction_R-HSA-5693681
6163	http://purl.obolibrary.org/obo/go.owl#Reaction_R-HSA-8951442
6164	http://purl.obolibrary.org/obo/go.owl#Reaction_R-HSA-9956667
6165	http://purl.obolibrary.org/obo/go.owl#Pathway_R-HSA-9956593
6166	http://purl.obolibrary.org/obo/go.owl#Reaction_R-HSA-9695845
6167	http://purl.obolibrary.org/obo/go.owl#Pathway_R-HSA-163125
6168	http://purl.obolibrary.org/obo/go.owl#Reaction_R-HSA-202489
6169	http://purl.obolibrary.org/obo/go.owl#Reaction_R-HSA-8951690
6170	http://purl.obolibrary.org/obo/go.owl#Reaction_R-HSA-450580
6171	http://purl.obolibrary.org/obo/go.owl#Reaction_R-HSA-5696547
6172	http://purl.obolibrary.org/obo/go.owl#Reaction_R-HSA-5655320
6173	http://purl.obolibrary.org/obo/go.owl#Reaction_R-HSA-5660530
6174	http://purl.obolibrary.org/obo/go.owl#Reaction_R-HSA-5660662
6175	http://purl.obolibrary.org/obo/go.owl#Reaction_R-HSA-391266
6176	http://purl.obolibrary.org/obo/go.owl#Reaction_R-HSA-9018806
6177	http://purl.obolibrary.org/obo/go.owl#Reaction_R-HSA-9843120
6178	http://purl.obolibrary.org/obo/go.owl#Reaction_R-HSA-9705466
6179	http://purl.obolibrary.org/obo/go.owl#Reaction_R-HSA-6811414
6180	http://purl.obolibrary.org/obo/go.owl#Reaction_R-HSA-1235037
6181	http://purl.obolibrary.org/obo/go.owl#Pathway_R-HSA-9687136
6182	http://purl.obolibrary.org/obo/go.owl#Reaction_R-HSA-9012000
6183	http://purl.obolibrary.org/obo/go.owl#Reaction_R-HSA-8937654
6184	http://purl.obolibrary.org/obo/go.owl#Reaction_R-HSA-9757258
6185	http://purl.obolibrary.org/obo/go.owl#Reaction_R-HSA-9014295
6186	http://purl.obolibrary.org/obo/go.owl#Reaction_R-HSA-169468
6187	http://purl.obolibrary.org/obo/go.owl#Reaction_R-HSA-9008480
6188	http://purl.obolibrary.org/obo/go.owl#Pathway_R-HSA-9665348
6189	http://purl.obolibrary.org/obo/go.owl#Reaction_R-HSA-398040
6190	http://purl.obolibrary.org/obo/go.owl#Reaction_R-HSA-5357780
6191	http://purl.obolibrary.org/obo/go.owl#Reaction_R-HSA-8981443
6192	http://purl.obolibrary.org/obo/go.owl#Reaction_R-HSA-3928642
6193	http://purl.obolibrary.org/obo/go.owl#Reaction_R-HSA-2213017
6194	http://purl.obolibrary.org/obo/go.owl#Reaction_R-HSA-5205798
6195	http://purl.obolibrary.org/obo/go.owl#Reaction_R-HSA-5666129
6196	http://purl.obolibrary.org/obo/go.owl#Reaction_R-HSA-9844549
6197	http://purl.obolibrary.org/obo/go.owl#Reaction_R-HSA-428749
6198	http://purl.obolibrary.org/obo/go.owl#Reaction_R-HSA-8848247
6199	http://purl.obolibrary.org/obo/go.owl#Reaction_R-HSA-2029454
6200	http://purl.obolibrary.org/obo/go.owl#Reaction_R-HSA-5660753
6201	http://purl.obolibrary.org/obo/go.owl#Reaction_R-HSA-2220966
6202	http://purl.obolibrary.org/obo/go.owl#Reaction_R-HSA-9008839
6203	http://purl.obolibrary.org/obo/go.owl#Pathway_R-HSA-5339716
6204	http://purl.obolibrary.org/obo/go.owl#Reaction_R-HSA-9700175
6205	http://purl.obolibrary.org/obo/go.owl#Reaction_R-HSA-3223236
6206	http://purl.obolibrary.org/obo/go.owl#Pathway_R-HSA-9664873
6207	http://purl.obolibrary.org/obo/GO_0030154_instance
6208	http://purl.obolibrary.org/obo/go.owl#Reaction_R-HSA-5617484
6209	http://purl.obolibrary.org/obo/go.owl#Reaction_R-HSA-9701548
6210	http://purl.obolibrary.org/obo/go.owl#Reaction_R-HSA-8987218
6211	http://purl.obolibrary.org/obo/go.owl#Reaction_R-HSA-1306972
6212	http://purl.obolibrary.org/obo/go.owl#Reaction_R-HSA-9815507
6213	http://purl.obolibrary.org/obo/go.owl#Reaction_R-HSA-416588
6214	http://purl.obolibrary.org/obo/go.owl#Reaction_R-HSA-3928632
6215	http://purl.obolibrary.org/obo/go.owl#Reaction_R-HSA-216043
6216	http://purl.obolibrary.org/obo/go.owl#Reaction_R-HSA-8983300
6217	http://purl.obolibrary.org/obo/go.owl#Reaction_R-HSA-71670
6218	http://purl.obolibrary.org/obo/go.owl#Reaction_R-HSA-5658430
6219	http://purl.obolibrary.org/obo/go.owl#Reaction_R-HSA-1793182
6220	http://purl.obolibrary.org/obo/go.owl#Reaction_R-HSA-1912415
6221	http://purl.obolibrary.org/obo/go.owl#Reaction_R-HSA-8952044
6222	http://purl.obolibrary.org/obo/go.owl#Reaction_R-HSA-191790
6223	http://purl.obolibrary.org/obo/go.owl#Pathway_R-HSA-191859
6224	http://purl.obolibrary.org/obo/go.owl#Pathway_R-HSA-1358803
6225	http://purl.obolibrary.org/obo/go.owl#Reaction_R-HSA-3769447
6226	http://purl.obolibrary.org/obo/go.owl#Reaction_R-HSA-9645442
6227	http://purl.obolibrary.org/obo/go.owl#Reaction_R-HSA-112153
6228	http://purl.obolibrary.org/obo/go.owl#Reaction_R-HSA-212356
6229	http://purl.obolibrary.org/obo/go.owl#Reaction_R-HSA-9834821
6230	http://purl.obolibrary.org/obo/go.owl#Reaction_R-HSA-9029517
6231	http://purl.obolibrary.org/obo/go.owl#Reaction_R-HSA-8950113
6232	http://purl.obolibrary.org/obo/go.owl#Reaction_R-HSA-8865265
6233	http://purl.obolibrary.org/obo/go.owl#Reaction_R-HSA-450488
6234	http://purl.obolibrary.org/obo/go.owl#Reaction_R-HSA-9623999
6235	http://purl.obolibrary.org/obo/go.owl#Reaction_R-HSA-8937097
6236	http://purl.obolibrary.org/obo/go.owl#Reaction_R-HSA-5672012
6237	http://purl.obolibrary.org/obo/go.owl#Reaction_R-HSA-9909631
6238	http://purl.obolibrary.org/obo/go.owl#Reaction_R-HSA-9757257
6239	http://purl.obolibrary.org/obo/go.owl#Reaction_R-HSA-9821368
6240	http://purl.obolibrary.org/obo/go.owl#Reaction_R-HSA-4551604
6241	http://purl.obolibrary.org/obo/go.owl#Pathway_R-HSA-9013409
6242	http://purl.obolibrary.org/obo/go.owl#Reaction_R-HSA-2574845
6243	http://purl.obolibrary.org/obo/go.owl#Reaction_R-HSA-9640168
6244	http://purl.obolibrary.org/obo/go.owl#Pathway_R-HSA-173107
6245	http://purl.obolibrary.org/obo/go.owl#Reaction_R-HSA-2179274
6246	http://purl.obolibrary.org/obo/go.owl#Reaction_R-HSA-5336420
6247	http://purl.obolibrary.org/obo/go.owl#Reaction_R-HSA-3209160
6248	http://purl.obolibrary.org/obo/go.owl#Protein_LYSMD3
6249	http://purl.obolibrary.org/obo/go.owl#Reaction_R-HSA-163750
6250	http://purl.obolibrary.org/obo/go.owl#Reaction_R-HSA-5218805
6251	http://purl.obolibrary.org/obo/go.owl#Reaction_R-HSA-9716913
6252	http://purl.obolibrary.org/obo/go.owl#Reaction_R-HSA-9013895
6253	http://purl.obolibrary.org/obo/go.owl#Reaction_R-HSA-174079
6254	http://purl.obolibrary.org/obo/go.owl#Pathway_R-HSA-176408
6255	http://purl.obolibrary.org/obo/go.owl#Reaction_R-HSA-9665407
6256	http://purl.obolibrary.org/obo/go.owl#Reaction_R-HSA-2176503
6257	http://purl.obolibrary.org/obo/go.owl#Reaction_R-HSA-9936620
6258	http://purl.obolibrary.org/obo/go.owl#Reaction_R-HSA-209815
6259	http://purl.obolibrary.org/obo/go.owl#Reaction_R-HSA-2187309
6260	http://purl.obolibrary.org/obo/go.owl#Reaction_R-HSA-9858309
6261	http://purl.obolibrary.org/obo/go.owl#Reaction_R-HSA-2029445
6262	http://purl.obolibrary.org/obo/go.owl#Reaction_R-HSA-9021334
6263	http://purl.obolibrary.org/obo/go.owl#Reaction_R-HSA-180710
6264	http://purl.obolibrary.org/obo/go.owl#Reaction_R-HSA-9736959
6265	http://purl.obolibrary.org/obo/go.owl#Reaction_R-HSA-389381
6266	http://purl.obolibrary.org/obo/go.owl#Reaction_R-HSA-72103
6267	http://purl.obolibrary.org/obo/go.owl#Reaction_R-HSA-9750946
6268	http://purl.obolibrary.org/obo/go.owl#Pathway_R-HSA-110331
6269	http://purl.obolibrary.org/obo/go.owl#Reaction_R-HSA-430183
6270	http://purl.obolibrary.org/obo/go.owl#Reaction_R-HSA-9664268
6271	http://purl.obolibrary.org/obo/go.owl#Reaction_R-HSA-1855190
6272	http://purl.obolibrary.org/obo/go.owl#Reaction_R-HSA-9686980
6273	http://purl.obolibrary.org/obo/go.owl#Reaction_R-HSA-8939323
6274	http://purl.obolibrary.org/obo/go.owl#Reaction_R-HSA-1799329
6275	http://purl.obolibrary.org/obo/go.owl#Reaction_R-HSA-5666049
6276	http://purl.obolibrary.org/obo/go.owl#Reaction_R-HSA-9698029
6277	http://purl.obolibrary.org/obo/go.owl#Reaction_R-HSA-389963
6278	http://purl.obolibrary.org/obo/go.owl#Reaction_R-HSA-9710988
6279	http://purl.obolibrary.org/obo/go.owl#Reaction_R-HSA-113705
6280	http://purl.obolibrary.org/obo/go.owl#Pathway_R-HSA-73780
6281	http://purl.obolibrary.org/obo/go.owl#Reaction_R-HSA-9714481
6282	http://purl.obolibrary.org/obo/go.owl#Reaction_R-HSA-8982012
6283	http://purl.obolibrary.org/obo/go.owl#Pathway_R-HSA-428540
6284	http://purl.obolibrary.org/obo/go.owl#Reaction_R-HSA-2321904
6285	http://purl.obolibrary.org/obo/go.owl#Reaction_R-HSA-5579023
6286	http://purl.obolibrary.org/obo/go.owl#Reaction_R-HSA-9932449
6287	http://purl.obolibrary.org/obo/go.owl#Reaction_R-HSA-9712190
6288	http://purl.obolibrary.org/obo/go.owl#Reaction_R-HSA-4084912
6289	http://purl.obolibrary.org/obo/go.owl#Reaction_R-HSA-9839751
6290	http://purl.obolibrary.org/obo/go.owl#Reaction_R-HSA-5686073
6291	http://purl.obolibrary.org/obo/go.owl#Pathway_R-HSA-399956
6292	http://purl.obolibrary.org/obo/go.owl#Reaction_R-HSA-508163
6293	http://purl.obolibrary.org/obo/go.owl#Reaction_R-HSA-5654592
6294	http://purl.obolibrary.org/obo/go.owl#Pathway_R-HSA-9859138
6295	http://purl.obolibrary.org/obo/go.owl#Reaction_R-HSA-9822335
6296	http://purl.obolibrary.org/obo/go.owl#Reaction_R-HSA-5687081
6297	http://purl.obolibrary.org/obo/go.owl#Reaction_R-HSA-68917
6298	http://purl.obolibrary.org/obo/go.owl#Reaction_R-HSA-9634584
6299	http://purl.obolibrary.org/obo/go.owl#Reaction_R-HSA-174452
6300	http://purl.obolibrary.org/obo/go.owl#Reaction_R-HSA-983142
6301	http://purl.obolibrary.org/obo/go.owl#Reaction_R-HSA-3108212
6302	http://purl.obolibrary.org/obo/go.owl#Protein_BRI3BP
6303	http://purl.obolibrary.org/obo/go.owl#Reaction_R-HSA-5607757
6304	http://purl.obolibrary.org/obo/go.owl#Reaction_R-HSA-1888198
6305	http://purl.obolibrary.org/obo/go.owl#Reaction_R-HSA-3787997
6306	http://purl.obolibrary.org/obo/go.owl#Reaction_R-HSA-9665412
6307	http://purl.obolibrary.org/obo/go.owl#Reaction_R-HSA-5218806
6308	http://purl.obolibrary.org/obo/go.owl#Pathway_R-HSA-159763
6309	http://purl.obolibrary.org/obo/go.owl#Reaction_R-HSA-187545
6310	http://purl.obolibrary.org/obo/go.owl#Pathway_R-HSA-3000484
6311	http://purl.obolibrary.org/obo/go.owl#Reaction_R-HSA-350901
6312	http://purl.obolibrary.org/obo/go.owl#Reaction_R-HSA-8964567
6313	http://purl.obolibrary.org/obo/go.owl#Reaction_R-HSA-9925270
6314	http://purl.obolibrary.org/obo/go.owl#Reaction_R-HSA-9010034
6315	http://purl.obolibrary.org/obo/go.owl#Reaction_R-HSA-177479
6316	http://purl.obolibrary.org/obo/go.owl#Pathway_R-HSA-177504
6317	http://purl.obolibrary.org/obo/go.owl#Reaction_R-HSA-6803227
6318	http://purl.obolibrary.org/obo/go.owl#Reaction_R-HSA-374665
6319	http://purl.obolibrary.org/obo/go.owl#Reaction_R-HSA-3311014
6320	http://purl.obolibrary.org/obo/go.owl#Reaction_R-HSA-5628901
6321	http://purl.obolibrary.org/obo/go.owl#Reaction_R-HSA-1482816
6322	http://purl.obolibrary.org/obo/go.owl#Pathway_R-HSA-8949613
6323	http://purl.obolibrary.org/obo/go.owl#Reaction_R-HSA-9699163
6324	http://purl.obolibrary.org/obo/go.owl#Reaction_R-HSA-9837087
6325	http://purl.obolibrary.org/obo/go.owl#Pathway_R-HSA-9837092
6326	http://purl.obolibrary.org/obo/go.owl#Reaction_R-HSA-983153
6327	http://purl.obolibrary.org/obo/go.owl#Pathway_R-HSA-9726842
6328	http://purl.obolibrary.org/obo/go.owl#Reaction_R-HSA-9825751
6329	http://purl.obolibrary.org/obo/go.owl#Reaction_R-HSA-8857925
6330	http://purl.obolibrary.org/obo/go.owl#Reaction_R-HSA-5672961
6331	http://purl.obolibrary.org/obo/go.owl#Reaction_R-HSA-8944538
6332	http://purl.obolibrary.org/obo/go.owl#Reaction_R-HSA-5617492
6333	http://purl.obolibrary.org/obo/go.owl#Reaction_R-HSA-8850040
6334	http://purl.obolibrary.org/obo/go.owl#Reaction_R-HSA-1483004
6335	http://purl.obolibrary.org/obo/go.owl#Pathway_R-HSA-190861
6336	http://purl.obolibrary.org/obo/go.owl#Reaction_R-HSA-3371531
6337	http://purl.obolibrary.org/obo/go.owl#Pathway_R-HSA-74749
6338	http://purl.obolibrary.org/obo/go.owl#Reaction_R-HSA-5693599
6339	http://purl.obolibrary.org/obo/go.owl#Reaction_R-HSA-5690152
6340	http://purl.obolibrary.org/obo/go.owl#Reaction_R-HSA-9749487
6341	http://purl.obolibrary.org/obo/go.owl#Pathway_R-HSA-2173788
6342	http://purl.obolibrary.org/obo/go.owl#Reaction_R-HSA-8956045
6343	http://purl.obolibrary.org/obo/go.owl#Pathway_R-HSA-8849470
6344	http://purl.obolibrary.org/obo/go.owl#Reaction_R-HSA-74742
6345	http://purl.obolibrary.org/obo/go.owl#Reaction_R-HSA-5617887
6346	http://purl.obolibrary.org/obo/go.owl#Pathway_R-HSA-450385
6347	http://purl.obolibrary.org/obo/go.owl#Reaction_R-HSA-3965444
6348	http://purl.obolibrary.org/obo/go.owl#Reaction_R-HSA-5683986
6349	http://purl.obolibrary.org/obo/go.owl#Reaction_R-HSA-9854141
6350	http://purl.obolibrary.org/obo/go.owl#Reaction_R-HSA-9823729
6351	http://purl.obolibrary.org/obo/go.owl#Reaction_R-HSA-9031610
6352	http://purl.obolibrary.org/obo/go.owl#Reaction_R-HSA-5661116
6353	http://purl.obolibrary.org/obo/go.owl#Reaction_R-HSA-9925892
6354	http://purl.obolibrary.org/obo/go.owl#Pathway_R-HSA-9927432
6355	http://purl.obolibrary.org/obo/go.owl#Reaction_R-HSA-157640
6356	http://purl.obolibrary.org/obo/go.owl#Reaction_R-HSA-9670416
6357	http://purl.obolibrary.org/obo/go.owl#Reaction_R-HSA-912627
6358	http://purl.obolibrary.org/obo/go.owl#Reaction_R-HSA-428917
6359	http://purl.obolibrary.org/obo/go.owl#Pathway_R-HSA-167590
6360	http://purl.obolibrary.org/obo/go.owl#Reaction_R-HSA-9614773
6361	http://purl.obolibrary.org/obo/go.owl#Reaction_R-HSA-9817458
6362	http://purl.obolibrary.org/obo/go.owl#Reaction_R-HSA-9698007
6363	http://purl.obolibrary.org/obo/go.owl#Reaction_R-HSA-9013158
6364	http://purl.obolibrary.org/obo/go.owl#Reaction_R-HSA-174444
6365	http://purl.obolibrary.org/obo/go.owl#Reaction_R-HSA-983703
6366	http://purl.obolibrary.org/obo/go.owl#Reaction_R-HSA-933538
6367	http://purl.obolibrary.org/obo/go.owl#Reaction_R-HSA-6786124
6368	http://purl.obolibrary.org/obo/go.owl#Reaction_R-HSA-8952626
6369	http://purl.obolibrary.org/obo/go.owl#Reaction_R-HSA-977071
6370	http://purl.obolibrary.org/obo/go.owl#Reaction_R-HSA-9610270
6371	http://purl.obolibrary.org/obo/go.owl#Reaction_R-HSA-9664933
6372	http://purl.obolibrary.org/obo/go.owl#Reaction_R-HSA-2176491
6373	http://purl.obolibrary.org/obo/go.owl#Reaction_R-HSA-1250498
6374	http://purl.obolibrary.org/obo/go.owl#Reaction_R-HSA-199839
6375	http://purl.obolibrary.org/obo/go.owl#Reaction_R-HSA-9606159
6376	http://purl.obolibrary.org/obo/go.owl#Reaction_R-HSA-1253325
6377	http://purl.obolibrary.org/obo/go.owl#Reaction_R-HSA-1912363
6378	http://purl.obolibrary.org/obo/go.owl#Reaction_R-HSA-8875659
6379	http://purl.obolibrary.org/obo/go.owl#Reaction_R-HSA-9934755
6380	http://purl.obolibrary.org/obo/go.owl#Reaction_R-HSA-5654664
6381	http://purl.obolibrary.org/obo/go.owl#Reaction_R-HSA-6814559
6382	http://purl.obolibrary.org/obo/go.owl#Reaction_R-HSA-9839110
6383	http://purl.obolibrary.org/obo/go.owl#Reaction_R-HSA-9840564
6384	http://purl.obolibrary.org/obo/go.owl#Pathway_R-HSA-9840373
6385	http://purl.obolibrary.org/obo/go.owl#Reaction_R-HSA-8948230
6386	http://purl.obolibrary.org/obo/go.owl#Reaction_R-HSA-9914271
6387	http://purl.obolibrary.org/obo/go.owl#Reaction_R-HSA-198955
6388	http://purl.obolibrary.org/obo/go.owl#Reaction_R-HSA-9708889
6389	http://purl.obolibrary.org/obo/go.owl#Reaction_R-HSA-5173192
6390	http://purl.obolibrary.org/obo/go.owl#Pathway_R-HSA-5173214
6391	http://purl.obolibrary.org/obo/go.owl#Reaction_R-HSA-6809011
6392	http://purl.obolibrary.org/obo/go.owl#Reaction_R-HSA-5683801
6393	http://purl.obolibrary.org/obo/go.owl#Reaction_R-HSA-114275
6394	http://purl.obolibrary.org/obo/go.owl#Reaction_R-HSA-3899291
6395	http://purl.obolibrary.org/obo/go.owl#Reaction_R-HSA-1236935
6396	http://purl.obolibrary.org/obo/go.owl#Reaction_R-HSA-9695841
6397	http://purl.obolibrary.org/obo/go.owl#Pathway_R-HSA-180689
6398	http://purl.obolibrary.org/obo/go.owl#Reaction_R-HSA-74992
6399	http://purl.obolibrary.org/obo/go.owl#Reaction_R-HSA-9698005
6400	http://purl.obolibrary.org/obo/go.owl#Reaction_R-HSA-4411365
6401	http://purl.obolibrary.org/obo/go.owl#Reaction_R-HSA-167113
6402	http://purl.obolibrary.org/obo/go.owl#Reaction_R-HSA-9709317
6403	http://purl.obolibrary.org/obo/go.owl#Reaction_R-HSA-8984021
6404	http://purl.obolibrary.org/obo/go.owl#Reaction_R-HSA-8984964
6405	http://purl.obolibrary.org/obo/go.owl#Reaction_R-HSA-9698013
6406	http://purl.obolibrary.org/obo/go.owl#Reaction_R-HSA-5205861
6407	http://purl.obolibrary.org/obo/go.owl#Reaction_R-HSA-75098
6408	http://purl.obolibrary.org/obo/go.owl#Reaction_R-HSA-2396029
6409	http://purl.obolibrary.org/obo/go.owl#Reaction_R-HSA-4839635
6410	http://purl.obolibrary.org/obo/go.owl#Pathway_R-HSA-167242
6411	http://purl.obolibrary.org/obo/go.owl#Reaction_R-HSA-162836
6412	http://purl.obolibrary.org/obo/go.owl#Pathway_R-HSA-162791
6413	http://purl.obolibrary.org/obo/go.owl#Reaction_R-HSA-9755734
6414	http://purl.obolibrary.org/obo/go.owl#Reaction_R-HSA-5666001
6415	http://purl.obolibrary.org/obo/go.owl#Reaction_R-HSA-201510
6416	http://purl.obolibrary.org/obo/go.owl#Reaction_R-HSA-9697750
6417	http://purl.obolibrary.org/obo/go.owl#Reaction_R-HSA-9933585
6418	http://purl.obolibrary.org/obo/go.owl#Reaction_R-HSA-2130486
6419	http://purl.obolibrary.org/obo/go.owl#Reaction_R-HSA-9029434
6420	http://purl.obolibrary.org/obo/go.owl#Reaction_R-HSA-9033524
6421	http://purl.obolibrary.org/obo/go.owl#Reaction_R-HSA-6800434
6422	http://purl.obolibrary.org/obo/go.owl#Reaction_R-HSA-2730833
6423	http://purl.obolibrary.org/obo/go.owl#Pathway_R-HSA-190840
6424	http://purl.obolibrary.org/obo/go.owl#Reaction_R-HSA-8985900
6425	http://purl.obolibrary.org/obo/go.owl#Reaction_R-HSA-379865
6426	http://purl.obolibrary.org/obo/go.owl#Reaction_R-HSA-879362
6427	http://purl.obolibrary.org/obo/go.owl#Pathway_R-HSA-9675126
6428	http://purl.obolibrary.org/obo/go.owl#Reaction_R-HSA-6810234
6429	http://purl.obolibrary.org/obo/go.owl#Reaction_R-HSA-2201322
6430	http://purl.obolibrary.org/obo/go.owl#Reaction_R-HSA-9688456
6431	http://purl.obolibrary.org/obo/go.owl#Reaction_R-HSA-1225957
6432	http://purl.obolibrary.org/obo/go.owl#Reaction_R-HSA-3928647
6433	http://purl.obolibrary.org/obo/go.owl#Pathway_R-HSA-9661069
6434	http://purl.obolibrary.org/obo/go.owl#Reaction_R-HSA-9008456
6435	http://purl.obolibrary.org/obo/go.owl#Reaction_R-HSA-8868659
6436	http://purl.obolibrary.org/obo/go.owl#Reaction_R-HSA-9759709
6437	http://purl.obolibrary.org/obo/go.owl#Pathway_R-HSA-159234
6438	http://purl.obolibrary.org/obo/go.owl#Pathway_R-HSA-879518
6439	http://purl.obolibrary.org/obo/go.owl#Pathway_R-HSA-1059683
6440	http://purl.obolibrary.org/obo/go.owl#Reaction_R-HSA-442732
6441	http://purl.obolibrary.org/obo/go.owl#Reaction_R-HSA-6802921
6442	http://purl.obolibrary.org/obo/go.owl#Reaction_R-HSA-9008412
6443	http://purl.obolibrary.org/obo/go.owl#Reaction_R-HSA-209973
6444	http://purl.obolibrary.org/obo/go.owl#Reaction_R-HSA-3769391
6445	http://purl.obolibrary.org/obo/go.owl#Reaction_R-HSA-5362486
6446	http://purl.obolibrary.org/obo/go.owl#Reaction_R-HSA-9908709
6447	http://purl.obolibrary.org/obo/GO_0002253_instance
6448	http://purl.obolibrary.org/obo/go.owl#Reaction_R-HSA-4719413
6449	http://purl.obolibrary.org/obo/go.owl#Reaction_R-HSA-9859291
6450	http://purl.obolibrary.org/obo/go.owl#Reaction_R-HSA-9836404
6451	http://purl.obolibrary.org/obo/go.owl#Reaction_R-HSA-8866277
6452	http://purl.obolibrary.org/obo/go.owl#Reaction_R-HSA-5213462
6453	http://purl.obolibrary.org/obo/go.owl#Reaction_R-HSA-8948063
6454	http://purl.obolibrary.org/obo/go.owl#Reaction_R-HSA-8950190
6455	http://purl.obolibrary.org/obo/go.owl#Reaction_R-HSA-167468
6456	http://purl.obolibrary.org/obo/go.owl#Reaction_R-HSA-8876262
6457	http://purl.obolibrary.org/obo/go.owl#Reaction_R-HSA-1839091
6458	http://purl.obolibrary.org/obo/go.owl#Pathway_R-HSA-165160
6459	http://purl.obolibrary.org/obo/go.owl#Reaction_R-HSA-9618479
6460	http://purl.obolibrary.org/obo/go.owl#Reaction_R-HSA-9839371
6461	http://purl.obolibrary.org/obo/go.owl#Reaction_R-HSA-4615933
6462	http://purl.obolibrary.org/obo/go.owl#Reaction_R-HSA-6802933
6463	http://purl.obolibrary.org/obo/go.owl#Pathway_R-HSA-5578749
6464	http://purl.obolibrary.org/obo/go.owl#Reaction_R-HSA-9017797
6465	http://purl.obolibrary.org/obo/go.owl#Pathway_R-HSA-9017802
6466	http://purl.obolibrary.org/obo/go.owl#Reaction_R-HSA-9925087
6467	http://purl.obolibrary.org/obo/go.owl#Reaction_R-HSA-8850534
6468	http://purl.obolibrary.org/obo/go.owl#Reaction_R-HSA-6783238
6469	http://purl.obolibrary.org/obo/go.owl#Reaction_R-HSA-4641260
6470	http://purl.obolibrary.org/obo/go.owl#Reaction_R-HSA-508162
6471	http://purl.obolibrary.org/obo/go.owl#Reaction_R-HSA-392202
6472	http://purl.obolibrary.org/obo/GO_0072384_instance
6473	http://purl.obolibrary.org/obo/go.owl#Reaction_R-HSA-983700
6474	http://purl.obolibrary.org/obo/go.owl#Reaction_R-HSA-75869
6475	http://purl.obolibrary.org/obo/go.owl#Reaction_R-HSA-9696268
6476	http://purl.obolibrary.org/obo/go.owl#Reaction_R-HSA-5665659
6477	http://purl.obolibrary.org/obo/go.owl#Pathway_R-HSA-2173791
6478	http://purl.obolibrary.org/obo/go.owl#Reaction_R-NUL-936401
6479	http://purl.obolibrary.org/obo/go.owl#Reaction_R-HSA-9033235
6480	http://purl.obolibrary.org/obo/go.owl#Reaction_R-HSA-3299657
6481	http://purl.obolibrary.org/obo/go.owl#Pathway_R-HSA-3359454
6482	http://purl.obolibrary.org/obo/go.owl#Pathway_R-HSA-180024
6483	http://purl.obolibrary.org/obo/go.owl#Reaction_R-HSA-5674387
6484	http://purl.obolibrary.org/obo/go.owl#Reaction_R-HSA-9925324
6485	http://purl.obolibrary.org/obo/go.owl#Reaction_R-HSA-9757951
6486	http://purl.obolibrary.org/obo/go.owl#Reaction_R-HSA-2029459
6487	http://purl.obolibrary.org/obo/GO_0140168_instance
6488	http://purl.obolibrary.org/obo/go.owl#Reaction_R-HSA-71401
6489	http://purl.obolibrary.org/obo/go.owl#Reaction_R-HSA-997314
6490	http://purl.obolibrary.org/obo/go.owl#Reaction_R-HSA-8942836
6491	http://purl.obolibrary.org/obo/go.owl#Reaction_R-HSA-433725
6492	http://purl.obolibrary.org/obo/go.owl#Reaction_R-HSA-9753277
6493	http://purl.obolibrary.org/obo/go.owl#Reaction_R-HSA-199062
6494	http://purl.obolibrary.org/obo/go.owl#Reaction_R-HSA-352232
6495	http://purl.obolibrary.org/obo/go.owl#Pathway_R-HSA-171007
6496	http://purl.obolibrary.org/obo/go.owl#Reaction_R-HSA-4085296
6497	http://purl.obolibrary.org/obo/go.owl#Reaction_R-HSA-6790987
6498	http://purl.obolibrary.org/obo/GO_0023052_instance
6499	http://purl.obolibrary.org/obo/go.owl#Reaction_R-HSA-8853405
6500	http://purl.obolibrary.org/obo/go.owl#Reaction_R-HSA-9698026
6501	http://purl.obolibrary.org/obo/go.owl#Reaction_R-HSA-9665705
6502	http://purl.obolibrary.org/obo/go.owl#Reaction_R-HSA-9603784
6503	http://purl.obolibrary.org/obo/go.owl#Pathway_R-HSA-5656169
6504	http://purl.obolibrary.org/obo/go.owl#Reaction_R-HSA-2046094
6505	http://purl.obolibrary.org/obo/go.owl#Reaction_R-HSA-8850356
6506	http://purl.obolibrary.org/obo/go.owl#Reaction_R-HSA-352371
6507	http://purl.obolibrary.org/obo/go.owl#Reaction_R-HSA-182994
6508	http://purl.obolibrary.org/obo/go.owl#Reaction_R-HSA-5228992
6509	http://purl.obolibrary.org/obo/go.owl#Reaction_R-HSA-163099
6510	http://purl.obolibrary.org/obo/go.owl#Pathway_R-HSA-171319
6511	http://purl.obolibrary.org/obo/go.owl#Reaction_R-HSA-8878266
6512	http://purl.obolibrary.org/obo/go.owl#Reaction_R-HSA-8940388
6513	http://purl.obolibrary.org/obo/go.owl#Pathway_R-HSA-211728
6514	http://purl.obolibrary.org/obo/go.owl#Reaction_R-HSA-111439
6515	http://purl.obolibrary.org/obo/go.owl#Reaction_R-HSA-8866268
6516	http://purl.obolibrary.org/obo/go.owl#Reaction_R-HSA-77090
6517	http://purl.obolibrary.org/obo/go.owl#Reaction_R-HSA-2213246
6518	http://purl.obolibrary.org/obo/go.owl#Pathway_R-HSA-2206292
6519	http://purl.obolibrary.org/obo/go.owl#Reaction_R-HSA-2213195
6520	http://purl.obolibrary.org/obo/go.owl#Pathway_R-HSA-2022090
6521	http://purl.obolibrary.org/obo/go.owl#Reaction_R-HSA-5685341
6522	http://purl.obolibrary.org/obo/go.owl#Pathway_R-HSA-1181150
6523	http://purl.obolibrary.org/obo/go.owl#Reaction_R-HSA-1234169
6524	http://purl.obolibrary.org/obo/go.owl#Reaction_R-HSA-9672163
6525	http://purl.obolibrary.org/obo/go.owl#Reaction_R-HSA-5654677
6526	http://purl.obolibrary.org/obo/go.owl#Reaction_R-HSA-8877760
6527	http://purl.obolibrary.org/obo/go.owl#Reaction_R-HSA-392054
6528	http://purl.obolibrary.org/obo/go.owl#Reaction_R-HSA-6790041
6529	http://purl.obolibrary.org/obo/go.owl#Pathway_R-HSA-9683686
6530	http://purl.obolibrary.org/obo/go.owl#Reaction_R-HSA-5684071
6531	http://purl.obolibrary.org/obo/go.owl#Pathway_R-HSA-418359
6532	http://purl.obolibrary.org/obo/go.owl#Reaction_R-HSA-156826
6533	http://purl.obolibrary.org/obo/go.owl#Reaction_R-HSA-5655233
6534	http://purl.obolibrary.org/obo/go.owl#Reaction_R-HSA-912503
6535	http://purl.obolibrary.org/obo/go.owl#Reaction_R-HSA-419841
6536	http://purl.obolibrary.org/obo/go.owl#Reaction_R-HSA-4396392
6537	http://purl.obolibrary.org/obo/go.owl#Reaction_R-HSA-5694423
6538	http://purl.obolibrary.org/obo/go.owl#Pathway_R-HSA-9709570
6539	http://purl.obolibrary.org/obo/go.owl#Reaction_R-HSA-9935552
6540	http://purl.obolibrary.org/obo/go.owl#Reaction_R-NUL-9604648
6541	http://purl.obolibrary.org/obo/go.owl#Reaction_R-HSA-8850992
6542	http://purl.obolibrary.org/obo/go.owl#Reaction_R-HSA-8937134
6543	http://purl.obolibrary.org/obo/go.owl#Reaction_R-HSA-9761421
6544	http://purl.obolibrary.org/obo/go.owl#Reaction_R-HSA-1433506
6545	http://purl.obolibrary.org/obo/go.owl#Reaction_R-HSA-9617595
6546	http://purl.obolibrary.org/obo/go.owl#Reaction_R-HSA-3159232
6547	http://purl.obolibrary.org/obo/go.owl#Reaction_R-HSA-4551738
6548	http://purl.obolibrary.org/obo/go.owl#Reaction_R-HSA-9926936
6549	http://purl.obolibrary.org/obo/go.owl#Pathway_R-HSA-9013106
6550	http://purl.obolibrary.org/obo/go.owl#Reaction_R-HSA-5661125
6551	http://purl.obolibrary.org/obo/go.owl#Reaction_R-HSA-5578742
6552	http://purl.obolibrary.org/obo/go.owl#Reaction_R-HSA-5423038
6553	http://purl.obolibrary.org/obo/go.owl#Reaction_R-HSA-9657791
6554	http://purl.obolibrary.org/obo/go.owl#Reaction_R-HSA-174202
6555	http://purl.obolibrary.org/obo/go.owl#Reaction_R-HSA-2976563
6556	http://purl.obolibrary.org/obo/go.owl#Reaction_R-HSA-9948291
6557	http://purl.obolibrary.org/obo/go.owl#Pathway_R-HSA-164940
6558	http://purl.obolibrary.org/obo/go.owl#Reaction_R-HSA-3209177
6559	http://purl.obolibrary.org/obo/go.owl#Reaction_R-HSA-909729
6560	http://purl.obolibrary.org/obo/go.owl#Reaction_R-HSA-5692754
6561	http://purl.obolibrary.org/obo/go.owl#Reaction_R-HSA-8964588
6562	http://purl.obolibrary.org/obo/go.owl#Pathway_R-HSA-3301854
6563	http://purl.obolibrary.org/obo/go.owl#Reaction_R-HSA-9908800
6564	http://purl.obolibrary.org/obo/go.owl#Reaction_R-HSA-4090390
6565	http://purl.obolibrary.org/obo/go.owl#Reaction_R-HSA-2559464
6566	http://purl.obolibrary.org/obo/go.owl#Reaction_R-HSA-201712
6567	http://purl.obolibrary.org/obo/go.owl#Reaction_R-HSA-399947
6568	http://purl.obolibrary.org/obo/go.owl#Reaction_R-HSA-5617866
6569	http://purl.obolibrary.org/obo/go.owl#Reaction_R-HSA-373746
6570	http://purl.obolibrary.org/obo/go.owl#Pathway_R-HSA-200425
6571	http://purl.obolibrary.org/obo/go.owl#Reaction_R-HSA-9861293
6572	http://purl.obolibrary.org/obo/go.owl#Reaction_R-HSA-912505
6573	http://purl.obolibrary.org/obo/go.owl#Reaction_R-HSA-167601
6574	http://purl.obolibrary.org/obo/go.owl#Reaction_R-HSA-190520
6575	http://purl.obolibrary.org/obo/go.owl#Reaction_R-HSA-2424486
6576	http://purl.obolibrary.org/obo/go.owl#Reaction_R-HSA-1638845
6577	http://purl.obolibrary.org/obo/go.owl#Reaction_R-HSA-9708533
6578	http://purl.obolibrary.org/obo/go.owl#Reaction_R-HSA-6782234
6579	http://purl.obolibrary.org/obo/go.owl#Reaction_R-HSA-5654663
6580	http://purl.obolibrary.org/obo/go.owl#Pathway_R-HSA-5654712
6581	http://purl.obolibrary.org/obo/go.owl#Reaction_R-HSA-2424482
6582	http://purl.obolibrary.org/obo/go.owl#Pathway_R-HSA-8939245
6583	http://purl.obolibrary.org/obo/go.owl#Reaction_R-HSA-6805638
6584	http://purl.obolibrary.org/obo/go.owl#Reaction_R-HSA-76060
6585	http://purl.obolibrary.org/obo/go.owl#Reaction_R-HSA-176942
6586	http://purl.obolibrary.org/obo/go.owl#Pathway_R-HSA-389542
6587	http://purl.obolibrary.org/obo/go.owl#Reaction_R-HSA-72691
6588	http://purl.obolibrary.org/obo/go.owl#Reaction_R-HSA-113402
6589	http://purl.obolibrary.org/obo/go.owl#Pathway_R-HSA-2029485
6590	http://purl.obolibrary.org/obo/go.owl#Reaction_R-HSA-1467269
6591	http://purl.obolibrary.org/obo/go.owl#Reaction_R-HSA-909720
6592	http://purl.obolibrary.org/obo/go.owl#Reaction_R-HSA-450517
6593	http://purl.obolibrary.org/obo/go.owl#Pathway_R-HSA-176034
6594	http://purl.obolibrary.org/obo/go.owl#Reaction_R-HSA-6799178
6595	http://purl.obolibrary.org/obo/go.owl#Reaction_R-HSA-9672177
6596	http://purl.obolibrary.org/obo/go.owl#Pathway_R-HSA-9673767
6597	http://purl.obolibrary.org/obo/go.owl#Reaction_R-HSA-5432825
6598	http://purl.obolibrary.org/obo/go.owl#Pathway_R-HSA-9018679
6599	http://purl.obolibrary.org/obo/go.owl#Reaction_R-HSA-4827388
6600	http://purl.obolibrary.org/obo/go.owl#Reaction_R-HSA-9755757
6601	http://purl.obolibrary.org/obo/go.owl#Pathway_R-HSA-977347
6602	http://purl.obolibrary.org/obo/go.owl#Reaction_R-HSA-9664275
6603	http://purl.obolibrary.org/obo/go.owl#Reaction_R-HSA-8950344
6604	http://purl.obolibrary.org/obo/go.owl#Reaction_R-HSA-6810238
6605	http://purl.obolibrary.org/obo/go.owl#Pathway_R-HSA-9762114
6606	http://purl.obolibrary.org/obo/go.owl#Reaction_R-HSA-933531
6607	http://purl.obolibrary.org/obo/go.owl#Reaction_R-HSA-167056
6608	http://purl.obolibrary.org/obo/go.owl#Pathway_R-HSA-9013700
6609	http://purl.obolibrary.org/obo/go.owl#Reaction_R-HSA-8867288
6610	http://purl.obolibrary.org/obo/go.owl#Reaction_R-HSA-9676255
6611	http://purl.obolibrary.org/obo/go.owl#Reaction_R-HSA-9926476
6612	http://purl.obolibrary.org/obo/go.owl#Reaction_R-HSA-205319
6613	http://purl.obolibrary.org/obo/go.owl#Reaction_R-HSA-5357472
6614	http://purl.obolibrary.org/obo/go.owl#Reaction_R-HSA-5620975
6615	http://purl.obolibrary.org/obo/go.owl#Reaction_R-HSA-5686410
6616	http://purl.obolibrary.org/obo/go.owl#Reaction_R-HSA-921155
6617	http://purl.obolibrary.org/obo/go.owl#Reaction_R-HSA-354173
6618	http://purl.obolibrary.org/obo/go.owl#Reaction_R-HSA-9703441
6619	http://purl.obolibrary.org/obo/go.owl#Reaction_R-HSA-182279
6620	http://purl.obolibrary.org/obo/go.owl#Reaction_R-HSA-9925817
6621	http://purl.obolibrary.org/obo/go.owl#Reaction_R-HSA-1236964
6622	http://purl.obolibrary.org/obo/go.owl#Reaction_R-HSA-5693551
6623	http://purl.obolibrary.org/obo/go.owl#Reaction_R-HSA-9937403
6624	http://purl.obolibrary.org/obo/go.owl#Reaction_R-HSA-212432
6625	http://purl.obolibrary.org/obo/go.owl#Reaction_R-HSA-199298
6626	http://purl.obolibrary.org/obo/go.owl#Reaction_R-HSA-3318415
6627	http://purl.obolibrary.org/obo/go.owl#Reaction_R-HSA-751029
6628	http://purl.obolibrary.org/obo/go.owl#Reaction_R-HSA-163691
6629	http://purl.obolibrary.org/obo/go.owl#Reaction_R-HSA-3134946
6630	http://purl.obolibrary.org/obo/go.owl#Reaction_R-HSA-5625796
6631	http://purl.obolibrary.org/obo/go.owl#Reaction_R-HSA-5216234
6632	http://purl.obolibrary.org/obo/go.owl#Pathway_R-HSA-9020958
6633	http://purl.obolibrary.org/obo/go.owl#Reaction_R-HSA-6814675
6634	http://purl.obolibrary.org/obo/go.owl#Reaction_R-HSA-201685
6635	http://purl.obolibrary.org/obo/go.owl#Reaction_R-HSA-9703440
6636	http://purl.obolibrary.org/obo/go.owl#Pathway_R-HSA-9748787
6637	http://purl.obolibrary.org/obo/go.owl#Reaction_R-HSA-9833436
6638	http://purl.obolibrary.org/obo/go.owl#Pathway_R-HSA-196791
6639	http://purl.obolibrary.org/obo/go.owl#Reaction_R-HSA-1433488
6640	http://purl.obolibrary.org/obo/go.owl#Reaction_R-HSA-6805640
6641	http://purl.obolibrary.org/obo/go.owl#Reaction_R-HSA-451895
6642	http://purl.obolibrary.org/obo/go.owl#Reaction_R-HSA-354060
6643	http://purl.obolibrary.org/obo/go.owl#Reaction_R-HSA-8851899
6644	http://purl.obolibrary.org/obo/go.owl#Reaction_R-HSA-8984023
6645	http://purl.obolibrary.org/obo/go.owl#Reaction_R-HSA-5679255
6646	http://purl.obolibrary.org/obo/go.owl#Reaction_R-HSA-8952618
6647	http://purl.obolibrary.org/obo/go.owl#Reaction_R-HSA-9649393
6648	http://purl.obolibrary.org/obo/go.owl#Reaction_R-HSA-975188
6649	http://purl.obolibrary.org/obo/go.owl#Reaction_R-HSA-113503
6650	http://purl.obolibrary.org/obo/go.owl#Pathway_R-HSA-426496
6651	http://purl.obolibrary.org/obo/go.owl#Reaction_R-HSA-8937864
6652	http://purl.obolibrary.org/obo/go.owl#Reaction_R-HSA-9027280
6653	http://purl.obolibrary.org/obo/go.owl#Reaction_R-HSA-379993
6654	http://purl.obolibrary.org/obo/go.owl#Reaction_R-HSA-9931292
6655	http://purl.obolibrary.org/obo/go.owl#Reaction_R-HSA-6788385
6656	http://purl.obolibrary.org/obo/go.owl#Reaction_R-HSA-5668947
6657	http://purl.obolibrary.org/obo/go.owl#Reaction_R-HSA-9664214
6658	http://purl.obolibrary.org/obo/go.owl#Reaction_R-HSA-9925158
6659	http://purl.obolibrary.org/obo/go.owl#Reaction_R-HSA-1234161
6660	http://purl.obolibrary.org/obo/go.owl#Reaction_R-HSA-194809
6661	http://purl.obolibrary.org/obo/go.owl#Reaction_R-HSA-1839078
6662	http://purl.obolibrary.org/obo/go.owl#Reaction_R-HSA-9007999
6663	http://purl.obolibrary.org/obo/go.owl#Reaction_R-HSA-1963582
6664	http://purl.obolibrary.org/obo/go.owl#Reaction_R-HSA-9016751
6665	http://purl.obolibrary.org/obo/go.owl#Reaction_R-HSA-177944
6666	http://purl.obolibrary.org/obo/go.owl#Reaction_R-HSA-5632892
6667	http://purl.obolibrary.org/obo/go.owl#Reaction_R-HSA-4396382
6668	http://purl.obolibrary.org/obo/go.owl#Reaction_R-HSA-187661
6669	http://purl.obolibrary.org/obo/go.owl#Reaction_R-HSA-203662
6670	http://purl.obolibrary.org/obo/go.owl#Pathway_R-HSA-196783
6671	http://purl.obolibrary.org/obo/go.owl#Reaction_R-HSA-9710295
6672	http://purl.obolibrary.org/obo/go.owl#Reaction_R-HSA-8953452
6673	http://purl.obolibrary.org/obo/go.owl#Reaction_R-HSA-202466
6674	http://purl.obolibrary.org/obo/go.owl#Reaction_R-HSA-5610758
6675	http://purl.obolibrary.org/obo/go.owl#Reaction_R-HSA-194674
6676	http://purl.obolibrary.org/obo/go.owl#Reaction_R-HSA-1250189
6677	http://purl.obolibrary.org/obo/go.owl#Reaction_R-HSA-6782227
6678	http://purl.obolibrary.org/obo/go.owl#Reaction_R-HSA-2130619
6679	http://purl.obolibrary.org/obo/go.owl#Reaction_R-HSA-936563
6680	http://purl.obolibrary.org/obo/go.owl#Reaction_R-HSA-5667037
6681	http://purl.obolibrary.org/obo/go.owl#Reaction_R-NUL-9033857
6682	http://purl.obolibrary.org/obo/go.owl#Reaction_R-HSA-9653595
6683	http://purl.obolibrary.org/obo/go.owl#Reaction_R-HSA-8848436
6684	http://purl.obolibrary.org/obo/go.owl#Pathway_R-HSA-180585
6685	http://purl.obolibrary.org/obo/go.owl#Pathway_R-HSA-5336415
6686	http://purl.obolibrary.org/obo/go.owl#Reaction_R-HSA-5690996
6687	http://purl.obolibrary.org/obo/go.owl#Reaction_R-HSA-933526
6688	http://purl.obolibrary.org/obo/go.owl#Reaction_R-HSA-9860264
6689	http://purl.obolibrary.org/obo/go.owl#Pathway_R-HSA-350054
6690	http://purl.obolibrary.org/obo/go.owl#Reaction_R-HSA-913529
6691	http://purl.obolibrary.org/obo/go.owl#Reaction_R-HSA-9033236
6692	http://purl.obolibrary.org/obo/go.owl#Reaction_R-HSA-4341072
6693	http://purl.obolibrary.org/obo/go.owl#Reaction_R-HSA-77073
6694	http://purl.obolibrary.org/obo/go.owl#Reaction_R-HSA-2395801
6695	http://purl.obolibrary.org/obo/go.owl#Reaction_R-HSA-9696179
6696	http://purl.obolibrary.org/obo/go.owl#Reaction_R-HSA-418365
6697	http://purl.obolibrary.org/obo/go.owl#Pathway_R-HSA-9909505
6698	http://purl.obolibrary.org/obo/go.owl#Reaction_R-HSA-9607224
6699	http://purl.obolibrary.org/obo/go.owl#Reaction_R-HSA-1183003
6700	http://purl.obolibrary.org/obo/go.owl#Reaction_R-HSA-4093327
6701	http://purl.obolibrary.org/obo/go.owl#Pathway_R-HSA-1306955
6702	http://purl.obolibrary.org/obo/go.owl#Reaction_R-HSA-168285
6703	http://purl.obolibrary.org/obo/go.owl#Reaction_R-HSA-5610718
6704	http://purl.obolibrary.org/obo/go.owl#Reaction_R-HSA-9670155
6705	http://purl.obolibrary.org/obo/go.owl#Reaction_R-HSA-8868660
6706	http://purl.obolibrary.org/obo/go.owl#Reaction_R-HSA-5626227
6707	http://purl.obolibrary.org/obo/go.owl#Reaction_R-HSA-5682010
6708	http://purl.obolibrary.org/obo/go.owl#Reaction_R-HSA-205056
6709	http://purl.obolibrary.org/obo/go.owl#Reaction_R-HSA-5621573
6710	http://purl.obolibrary.org/obo/go.owl#Reaction_R-HSA-5665998
6711	http://purl.obolibrary.org/obo/go.owl#Reaction_R-HSA-8871366
6712	http://purl.obolibrary.org/obo/go.owl#Reaction_R-HSA-2299677
6713	http://purl.obolibrary.org/obo/go.owl#Reaction_R-HSA-9021182
6714	http://purl.obolibrary.org/obo/go.owl#Pathway_R-HSA-110329
6715	http://purl.obolibrary.org/obo/go.owl#Pathway_R-HSA-5674499
6716	http://purl.obolibrary.org/obo/go.owl#Reaction_R-HSA-6811429
6717	http://purl.obolibrary.org/obo/go.owl#Reaction_R-HSA-936412
6718	http://purl.obolibrary.org/obo/go.owl#Reaction_R-HSA-9815501
6719	http://purl.obolibrary.org/obo/go.owl#Pathway_R-HSA-417973
6720	http://purl.obolibrary.org/obo/go.owl#Pathway_R-HSA-9931509
6721	http://purl.obolibrary.org/obo/go.owl#Reaction_R-HSA-8853529
6722	http://purl.obolibrary.org/obo/go.owl#Reaction_R-HSA-6802915
6723	http://purl.obolibrary.org/obo/go.owl#Reaction_R-HSA-399946
6724	http://purl.obolibrary.org/obo/go.owl#Reaction_R-HSA-8854759
6725	http://purl.obolibrary.org/obo/go.owl#Reaction_R-HSA-2545203
6726	http://purl.obolibrary.org/obo/go.owl#Reaction_R-HSA-1028819
6727	http://purl.obolibrary.org/obo/go.owl#Reaction_R-HSA-9758501
6728	http://purl.obolibrary.org/obo/go.owl#Reaction_R-HSA-3900194
6729	http://purl.obolibrary.org/obo/go.owl#Reaction_R-HSA-5696872
6730	http://purl.obolibrary.org/obo/go.owl#Reaction_R-HSA-6781824
6731	http://purl.obolibrary.org/obo/go.owl#Reaction_R-HSA-4615873
6732	http://purl.obolibrary.org/obo/go.owl#Reaction_R-HSA-202453
6733	http://purl.obolibrary.org/obo/go.owl#Reaction_R-HSA-5653770
6734	http://purl.obolibrary.org/obo/GO_0016605_instance
6735	http://purl.obolibrary.org/obo/go.owl#Pathway_R-HSA-9938206
6736	http://purl.obolibrary.org/obo/go.owl#Reaction_R-HSA-9823910
6737	http://purl.obolibrary.org/obo/go.owl#Reaction_R-HSA-1234165
6738	http://purl.obolibrary.org/obo/go.owl#Reaction_R-HSA-9909628
6739	http://purl.obolibrary.org/obo/go.owl#Pathway_R-HSA-9825892
6740	http://purl.obolibrary.org/obo/go.owl#Pathway_R-HSA-9018677
6741	http://purl.obolibrary.org/obo/go.owl#Reaction_R-HSA-6791218
6742	http://purl.obolibrary.org/obo/go.owl#Reaction_R-HSA-2574840
6743	http://purl.obolibrary.org/obo/go.owl#Reaction_R-HSA-9011985
6744	http://purl.obolibrary.org/obo/go.owl#Reaction_R-HSA-8933328
6745	http://purl.obolibrary.org/obo/go.owl#Reaction_R-HSA-9630921
6746	http://purl.obolibrary.org/obo/go.owl#Reaction_R-HSA-9942683
6747	http://purl.obolibrary.org/obo/go.owl#Reaction_R-HSA-9664567
6748	http://purl.obolibrary.org/obo/go.owl#Reaction_R-HSA-9749320
6749	http://purl.obolibrary.org/obo/go.owl#Reaction_R-HSA-8877941
6750	http://purl.obolibrary.org/obo/go.owl#Reaction_R-HSA-9659782
6751	http://purl.obolibrary.org/obo/go.owl#Reaction_R-HSA-9839376
6752	http://purl.obolibrary.org/obo/go.owl#Pathway_R-HSA-9839383
6753	http://purl.obolibrary.org/obo/go.owl#Pathway_R-HSA-500657
6754	http://purl.obolibrary.org/obo/go.owl#Reaction_R-HSA-2220976
6755	http://purl.obolibrary.org/obo/go.owl#Pathway_R-HSA-9033500
6756	http://purl.obolibrary.org/obo/go.owl#Reaction_R-HSA-5655295
6757	http://purl.obolibrary.org/obo/go.owl#Pathway_R-HSA-9603381
6758	http://purl.obolibrary.org/obo/go.owl#Reaction_R-HSA-977136
6759	http://purl.obolibrary.org/obo/go.owl#Reaction_R-NUL-9619539
6760	http://purl.obolibrary.org/obo/go.owl#Reaction_R-HSA-9835385
6761	http://purl.obolibrary.org/obo/go.owl#Reaction_R-HSA-389639
6762	http://purl.obolibrary.org/obo/go.owl#Reaction_R-HSA-3928654
6763	http://purl.obolibrary.org/obo/go.owl#Reaction_R-HSA-373727
6764	http://purl.obolibrary.org/obo/go.owl#Pathway_R-HSA-3065678
6765	http://purl.obolibrary.org/obo/go.owl#Reaction_R-HSA-5690988
6766	http://purl.obolibrary.org/obo/go.owl#Pathway_R-HSA-5696400
6767	http://purl.obolibrary.org/obo/go.owl#Reaction_R-HSA-8956140
6768	http://purl.obolibrary.org/obo/go.owl#Reaction_R-HSA-442724
6769	http://purl.obolibrary.org/obo/go.owl#Reaction_R-HSA-9733330
6770	http://purl.obolibrary.org/obo/go.owl#Reaction_R-HSA-9851142
6771	http://purl.obolibrary.org/obo/go.owl#Reaction_R-HSA-8948222
6772	http://purl.obolibrary.org/obo/go.owl#Reaction_R-HSA-202203
6773	http://purl.obolibrary.org/obo/go.owl#Reaction_R-HSA-9692135
6774	http://purl.obolibrary.org/obo/go.owl#Reaction_R-HSA-6809010
6775	http://purl.obolibrary.org/obo/go.owl#Reaction_R-HSA-9734547
6776	http://purl.obolibrary.org/obo/go.owl#Pathway_R-HSA-9845576
6777	http://purl.obolibrary.org/obo/go.owl#Reaction_R-HSA-177923
6778	http://purl.obolibrary.org/obo/go.owl#Reaction_R-HSA-2160884
6779	http://purl.obolibrary.org/obo/go.owl#Pathway_R-HSA-2160916
6780	http://purl.obolibrary.org/obo/go.owl#Reaction_R-HSA-6814671
6781	http://purl.obolibrary.org/obo/go.owl#Reaction_R-HSA-9696266
6782	http://purl.obolibrary.org/obo/go.owl#Reaction_R-HSA-6809707
6783	http://purl.obolibrary.org/obo/go.owl#Reaction_R-HSA-1678843
6784	http://purl.obolibrary.org/obo/go.owl#Pathway_R-HSA-5140745
6785	http://purl.obolibrary.org/obo/go.owl#Reaction_R-HSA-870479
6786	http://purl.obolibrary.org/obo/go.owl#Reaction_R-HSA-437195
6787	http://purl.obolibrary.org/obo/go.owl#Reaction_R-HSA-195318
6788	http://purl.obolibrary.org/obo/go.owl#Reaction_R-HSA-8941613
6789	http://purl.obolibrary.org/obo/go.owl#Reaction_R-HSA-2317530
6790	http://purl.obolibrary.org/obo/go.owl#Reaction_R-HSA-3928584
6791	http://purl.obolibrary.org/obo/go.owl#Pathway_R-HSA-9726840
6792	http://purl.obolibrary.org/obo/go.owl#Pathway_R-HSA-9013425
6793	http://purl.obolibrary.org/obo/go.owl#Pathway_R-HSA-1433559
6794	http://purl.obolibrary.org/obo/go.owl#Reaction_R-HSA-9021596
6795	http://purl.obolibrary.org/obo/go.owl#Reaction_R-HSA-5667107
6796	http://purl.obolibrary.org/obo/go.owl#Reaction_R-HSA-9748969
6797	http://purl.obolibrary.org/obo/go.owl#Pathway_R-HSA-390918
6798	http://purl.obolibrary.org/obo/go.owl#Reaction_R-HSA-1234163
6799	http://purl.obolibrary.org/obo/go.owl#Reaction_R-HSA-380294
6800	http://purl.obolibrary.org/obo/go.owl#Reaction_R-HSA-2172194
6801	http://purl.obolibrary.org/obo/go.owl#Pathway_R-HSA-9696270
6802	http://purl.obolibrary.org/obo/go.owl#Reaction_R-HSA-6784735
6803	http://purl.obolibrary.org/obo/go.owl#Pathway_R-HSA-5693554
6804	http://purl.obolibrary.org/obo/go.owl#Reaction_R-HSA-9698174
6805	http://purl.obolibrary.org/obo/GO_0032774_instance
6806	http://purl.obolibrary.org/obo/go.owl#Reaction_R-HSA-9907572
6807	http://purl.obolibrary.org/obo/go.owl#Pathway_R-HSA-9662360
6808	http://purl.obolibrary.org/obo/go.owl#Reaction_R-HSA-163688
6809	http://purl.obolibrary.org/obo/go.owl#Pathway_R-HSA-163767
6810	http://purl.obolibrary.org/obo/go.owl#Reaction_R-HSA-429860
6811	http://purl.obolibrary.org/obo/go.owl#Reaction_R-HSA-3928645
6812	http://purl.obolibrary.org/obo/go.owl#Reaction_R-HSA-73757
6813	http://purl.obolibrary.org/obo/go.owl#Reaction_R-HSA-9014342
6814	http://purl.obolibrary.org/obo/go.owl#Pathway_R-HSA-8948751
6815	http://purl.obolibrary.org/obo/go.owl#Pathway_R-HSA-2424491
6816	http://purl.obolibrary.org/obo/go.owl#Reaction_R-HSA-1855211
6817	http://purl.obolibrary.org/obo/go.owl#Pathway_R-HSA-9907570
6818	http://purl.obolibrary.org/obo/go.owl#Reaction_R-HSA-9923006
6819	http://purl.obolibrary.org/obo/go.owl#Reaction_R-HSA-4085083
6820	http://purl.obolibrary.org/obo/go.owl#Reaction_R-HSA-8982020
6821	http://purl.obolibrary.org/obo/go.owl#Reaction_R-HSA-140978
6822	http://purl.obolibrary.org/obo/go.owl#Pathway_R-HSA-110328
6823	http://purl.obolibrary.org/obo/go.owl#Reaction_R-HSA-9934024
6824	http://purl.obolibrary.org/obo/go.owl#Pathway_R-HSA-9933946
6825	http://purl.obolibrary.org/obo/go.owl#Reaction_R-HSA-445071
6826	http://purl.obolibrary.org/obo/go.owl#Pathway_R-HSA-9652817
6827	http://purl.obolibrary.org/obo/go.owl#Reaction_R-HSA-975142
6828	http://purl.obolibrary.org/obo/go.owl#Reaction_R-HSA-947991
6829	http://purl.obolibrary.org/obo/go.owl#Reaction_R-HSA-1176059
6830	http://purl.obolibrary.org/obo/go.owl#Reaction_R-HSA-1981157
6831	http://purl.obolibrary.org/obo/go.owl#Pathway_R-HSA-1236977
6832	http://purl.obolibrary.org/obo/go.owl#Reaction_R-HSA-983696
6833	http://purl.obolibrary.org/obo/go.owl#Reaction_R-HSA-8985988
6834	http://purl.obolibrary.org/obo/go.owl#Reaction_R-HSA-113454
6835	http://purl.obolibrary.org/obo/go.owl#Reaction_R-HSA-5357904
6836	http://purl.obolibrary.org/obo/go.owl#Reaction_R-HSA-8852136
6837	http://purl.obolibrary.org/obo/go.owl#Reaction_R-HSA-9733331
6838	http://purl.obolibrary.org/obo/go.owl#Reaction_R-HSA-9640195
6839	http://purl.obolibrary.org/obo/go.owl#Reaction_R-HSA-1362270
6840	http://purl.obolibrary.org/obo/go.owl#Pathway_R-HSA-6783783
6841	http://purl.obolibrary.org/obo/go.owl#Reaction_R-HSA-5671772
6842	http://purl.obolibrary.org/obo/go.owl#Reaction_R-HSA-6794356
6843	http://purl.obolibrary.org/obo/go.owl#Reaction_R-HSA-9032532
6844	http://purl.obolibrary.org/obo/go.owl#Reaction_R-HSA-9843119
6845	http://purl.obolibrary.org/obo/go.owl#Reaction_R-HSA-392187
6846	http://purl.obolibrary.org/obo/go.owl#Reaction_R-HSA-450187
6847	http://purl.obolibrary.org/obo/go.owl#Reaction_R-HSA-5654425
6848	http://purl.obolibrary.org/obo/go.owl#Reaction_R-HSA-5623519
6849	http://purl.obolibrary.org/obo/go.owl#Reaction_R-HSA-68944
6850	http://purl.obolibrary.org/obo/go.owl#Reaction_R-HSA-9026493
6851	http://purl.obolibrary.org/obo/go.owl#Reaction_R-HSA-1912362
6852	http://purl.obolibrary.org/obo/go.owl#Reaction_R-HSA-9665121
6853	http://purl.obolibrary.org/obo/go.owl#Reaction_R-HSA-914006
6854	http://purl.obolibrary.org/obo/go.owl#Reaction_R-HSA-6782004
6855	http://purl.obolibrary.org/obo/go.owl#Reaction_R-HSA-8982709
6856	http://purl.obolibrary.org/obo/go.owl#Reaction_R-HSA-9819106
6857	http://purl.obolibrary.org/obo/go.owl#Reaction_R-HSA-3222072
6858	http://purl.obolibrary.org/obo/go.owl#Pathway_R-HSA-6804757
6859	http://purl.obolibrary.org/obo/go.owl#Reaction_R-HSA-114683
6860	http://purl.obolibrary.org/obo/go.owl#Reaction_R-HSA-5682586
6861	http://purl.obolibrary.org/obo/go.owl#Reaction_R-HSA-199161
6862	http://purl.obolibrary.org/obo/go.owl#Reaction_R-HSA-354066
6863	http://purl.obolibrary.org/obo/go.owl#Reaction_R-HSA-9932448
6864	http://purl.obolibrary.org/obo/go.owl#Reaction_R-HSA-5687091
6865	http://purl.obolibrary.org/obo/go.owl#Reaction_R-HSA-9625749
6866	http://purl.obolibrary.org/obo/go.owl#Reaction_R-HSA-429955
6867	http://purl.obolibrary.org/obo/go.owl#Reaction_R-HSA-1299475
6868	http://purl.obolibrary.org/obo/GO_0005840_instance
6869	http://purl.obolibrary.org/obo/go.owl#Reaction_R-HSA-168337
6870	http://purl.obolibrary.org/obo/go.owl#Reaction_R-HSA-9660819
6871	http://purl.obolibrary.org/obo/go.owl#Reaction_R-HSA-5665751
6872	http://purl.obolibrary.org/obo/go.owl#Reaction_R-HSA-4755494
6873	http://purl.obolibrary.org/obo/go.owl#Reaction_R-HSA-2395412
6874	http://purl.obolibrary.org/obo/go.owl#Reaction_R-HSA-5693608
6875	http://purl.obolibrary.org/obo/go.owl#Pathway_R-HSA-174411
6876	http://purl.obolibrary.org/obo/go.owl#Reaction_R-HSA-9934026
6877	http://purl.obolibrary.org/obo/go.owl#Reaction_R-HSA-4551768
6878	http://purl.obolibrary.org/obo/go.owl#Reaction_R-HSA-139898
6879	http://purl.obolibrary.org/obo/go.owl#Reaction_R-HSA-2029460
6880	http://purl.obolibrary.org/obo/go.owl#Reaction_R-HSA-9678935
6881	http://purl.obolibrary.org/obo/go.owl#Reaction_R-HSA-113430
6882	http://purl.obolibrary.org/obo/go.owl#Pathway_R-HSA-9754560
6883	http://purl.obolibrary.org/obo/go.owl#Reaction_R-HSA-164524
6884	http://purl.obolibrary.org/obo/go.owl#Reaction_R-HSA-9654525
6885	http://purl.obolibrary.org/obo/go.owl#Pathway_R-HSA-9660826
6886	http://purl.obolibrary.org/obo/go.owl#Reaction_R-HSA-8866553
6887	http://purl.obolibrary.org/obo/go.owl#Reaction_R-HSA-2220985
6888	http://purl.obolibrary.org/obo/go.owl#Reaction_R-HSA-8948228
6889	http://purl.obolibrary.org/obo/go.owl#Reaction_R-HSA-400037
6890	http://purl.obolibrary.org/obo/go.owl#Reaction_R-HSA-9693978
6891	http://purl.obolibrary.org/obo/go.owl#Reaction_R-HSA-8875320
6892	http://purl.obolibrary.org/obo/go.owl#Reaction_R-HSA-6810235
6893	http://purl.obolibrary.org/obo/go.owl#Reaction_R-HSA-5675456
6894	http://purl.obolibrary.org/obo/go.owl#Reaction_R-HSA-6790906
6895	http://purl.obolibrary.org/obo/GO_0140513_instance
6896	http://purl.obolibrary.org/obo/go.owl#Reaction_R-HSA-6802922
6897	http://purl.obolibrary.org/obo/go.owl#Pathway_R-HSA-9636383
6898	http://purl.obolibrary.org/obo/go.owl#Reaction_R-HSA-1470010
6899	http://purl.obolibrary.org/obo/go.owl#Reaction_R-HSA-5625738
6900	http://purl.obolibrary.org/obo/go.owl#Reaction_R-HSA-9756948
6901	http://purl.obolibrary.org/obo/go.owl#Reaction_R-HSA-8877998
6902	http://purl.obolibrary.org/obo/go.owl#Reaction_R-HSA-937050
6903	http://purl.obolibrary.org/obo/go.owl#Reaction_R-HSA-179467
6904	http://purl.obolibrary.org/obo/go.owl#Pathway_R-HSA-193648
6905	http://purl.obolibrary.org/obo/go.owl#Reaction_R-HSA-5693566
6906	http://purl.obolibrary.org/obo/go.owl#Reaction_R-HSA-9824977
6907	http://purl.obolibrary.org/obo/go.owl#Reaction_R-HSA-2168889
6908	http://purl.obolibrary.org/obo/go.owl#Reaction_R-HSA-9647987
6909	http://purl.obolibrary.org/obo/go.owl#Reaction_R-HSA-9816278
6910	http://purl.obolibrary.org/obo/go.owl#Reaction_R-HSA-5637801
6911	http://purl.obolibrary.org/obo/go.owl#Reaction_R-HSA-3928627
6912	http://purl.obolibrary.org/obo/go.owl#Reaction_R-HSA-139895
6913	http://purl.obolibrary.org/obo/go.owl#Reaction_R-HSA-9710294
6914	http://purl.obolibrary.org/obo/go.owl#Reaction_R-HSA-5173005
6915	http://purl.obolibrary.org/obo/go.owl#Reaction_R-HSA-4615905
6916	http://purl.obolibrary.org/obo/go.owl#Reaction_R-HSA-9859182
6917	http://purl.obolibrary.org/obo/go.owl#Reaction_R-HSA-9610802
6918	http://purl.obolibrary.org/obo/go.owl#Reaction_R-HSA-5687083
6919	http://purl.obolibrary.org/obo/go.owl#Reaction_R-HSA-446870
6920	http://purl.obolibrary.org/obo/go.owl#Reaction_R-HSA-2671868
6921	http://purl.obolibrary.org/obo/go.owl#Reaction_R-HSA-8984014
6922	http://purl.obolibrary.org/obo/go.owl#Reaction_R-HSA-5671919
6923	http://purl.obolibrary.org/obo/go.owl#Reaction_R-HSA-9647980
6924	http://purl.obolibrary.org/obo/go.owl#Reaction_R-HSA-5617877
6925	http://purl.obolibrary.org/obo/go.owl#Pathway_R-HSA-209560
6926	http://purl.obolibrary.org/obo/go.owl#Reaction_R-HSA-8939670
6927	http://purl.obolibrary.org/obo/go.owl#Reaction_R-HSA-912429
6928	http://purl.obolibrary.org/obo/go.owl#Pathway_R-HSA-1855167
6929	http://purl.obolibrary.org/obo/go.owl#Reaction_R-HSA-8939066
6930	http://purl.obolibrary.org/obo/go.owl#Reaction_R-HSA-5632670
6931	http://purl.obolibrary.org/obo/go.owl#Reaction_R-HSA-216064
6932	http://purl.obolibrary.org/obo/go.owl#Reaction_R-HSA-9766065
6933	http://purl.obolibrary.org/obo/go.owl#Reaction_R-HSA-350319
6934	http://purl.obolibrary.org/obo/go.owl#Reaction_R-HSA-9857703
6935	http://purl.obolibrary.org/obo/go.owl#Reaction_R-HSA-9612501
6936	http://purl.obolibrary.org/obo/go.owl#Reaction_R-HSA-5654643
6937	http://purl.obolibrary.org/obo/go.owl#Reaction_R-HSA-1675921
6938	http://purl.obolibrary.org/obo/go.owl#Reaction_R-HSA-912389
6939	http://purl.obolibrary.org/obo/go.owl#Reaction_R-HSA-9943736
6940	http://purl.obolibrary.org/obo/go.owl#Reaction_R-HSA-977615
6941	http://purl.obolibrary.org/obo/go.owl#Reaction_R-HSA-3149539
6942	http://purl.obolibrary.org/obo/go.owl#Reaction_R-HSA-5617471
6943	http://purl.obolibrary.org/obo/go.owl#Reaction_R-HSA-374701
6944	http://purl.obolibrary.org/obo/go.owl#Pathway_R-HSA-388479
6945	http://purl.obolibrary.org/obo/go.owl#Pathway_R-HSA-9858328
6946	http://purl.obolibrary.org/obo/go.owl#Reaction_R-HSA-5684875
6947	http://purl.obolibrary.org/obo/go.owl#Reaction_R-HSA-5686483
6948	http://purl.obolibrary.org/obo/go.owl#Reaction_R-HSA-5618331
6949	http://purl.obolibrary.org/obo/go.owl#Reaction_R-HSA-8936608
6950	http://purl.obolibrary.org/obo/go.owl#Reaction_R-HSA-9764741
6951	http://purl.obolibrary.org/obo/go.owl#Reaction_R-HSA-9758088
6952	http://purl.obolibrary.org/obo/go.owl#Reaction_R-HSA-429845
6953	http://purl.obolibrary.org/obo/go.owl#Reaction_R-HSA-8876193
6954	http://purl.obolibrary.org/obo/go.owl#Reaction_R-HSA-5229194
6955	http://purl.obolibrary.org/obo/go.owl#Reaction_R-HSA-1013013
6956	http://purl.obolibrary.org/obo/go.owl#Reaction_R-HSA-5617641
6957	http://purl.obolibrary.org/obo/go.owl#Reaction_R-HSA-9683687
6958	http://purl.obolibrary.org/obo/go.owl#Reaction_R-HSA-202443
6959	http://purl.obolibrary.org/obo/go.owl#Reaction_R-HSA-72619
6960	http://purl.obolibrary.org/obo/go.owl#Pathway_R-HSA-2142845
6961	http://purl.obolibrary.org/obo/go.owl#Pathway_R-HSA-2564830
6962	http://purl.obolibrary.org/obo/go.owl#Reaction_R-HSA-9937529
6963	http://purl.obolibrary.org/obo/go.owl#Pathway_R-HSA-76061
6964	http://purl.obolibrary.org/obo/go.owl#Reaction_R-HSA-8986985
6965	http://purl.obolibrary.org/obo/go.owl#Reaction_R-HSA-6783483
6966	http://purl.obolibrary.org/obo/go.owl#Reaction_R-HSA-5655289
6967	http://purl.obolibrary.org/obo/go.owl#Reaction_R-HSA-4755526
6968	http://purl.obolibrary.org/obo/go.owl#Reaction_R-HSA-5671972
6969	http://purl.obolibrary.org/obo/go.owl#Reaction_R-HSA-177690
6970	http://purl.obolibrary.org/obo/go.owl#Reaction_R-HSA-8875540
6971	http://purl.obolibrary.org/obo/go.owl#Reaction_R-HSA-1234177
6972	http://purl.obolibrary.org/obo/go.owl#Reaction_R-HSA-1236967
6973	http://purl.obolibrary.org/obo/go.owl#Reaction_R-HSA-983150
6974	http://purl.obolibrary.org/obo/go.owl#Pathway_R-HSA-425397
6975	http://purl.obolibrary.org/obo/go.owl#Pathway_R-HSA-2162123
6976	http://purl.obolibrary.org/obo/go.owl#Reaction_R-HSA-9843122
6977	http://purl.obolibrary.org/obo/go.owl#Reaction_R-HSA-3321805
6978	http://purl.obolibrary.org/obo/go.owl#Reaction_R-HSA-9823816
6979	http://purl.obolibrary.org/obo/go.owl#Reaction_R-HSA-1655826
6980	http://purl.obolibrary.org/obo/go.owl#Reaction_R-HSA-5626962
6981	http://purl.obolibrary.org/obo/go.owl#Reaction_R-HSA-167597
6982	http://purl.obolibrary.org/obo/go.owl#Reaction_R-HSA-166362
6983	http://purl.obolibrary.org/obo/go.owl#Reaction_R-HSA-6782069
6984	http://purl.obolibrary.org/obo/go.owl#Reaction_R-HSA-9838081
6985	http://purl.obolibrary.org/obo/go.owl#Reaction_R-HSA-164845
6986	http://purl.obolibrary.org/obo/go.owl#Pathway_R-HSA-168638
6987	http://purl.obolibrary.org/obo/go.owl#Reaction_R-HSA-5334160
6988	http://purl.obolibrary.org/obo/go.owl#Reaction_R-HSA-5618110
6989	http://purl.obolibrary.org/obo/go.owl#Reaction_R-HSA-1676005
6990	http://purl.obolibrary.org/obo/go.owl#Pathway_R-HSA-1660514
6991	http://purl.obolibrary.org/obo/go.owl#Reaction_R-HSA-975814
6992	http://purl.obolibrary.org/obo/go.owl#Reaction_R-HSA-5666070
6993	http://purl.obolibrary.org/obo/go.owl#Pathway_R-HSA-5620971
6994	http://purl.obolibrary.org/obo/go.owl#Reaction_R-HSA-9830371
6995	http://purl.obolibrary.org/obo/go.owl#Pathway_R-HSA-9830364
6996	http://purl.obolibrary.org/obo/go.owl#Reaction_R-HSA-173545
6997	http://purl.obolibrary.org/obo/go.owl#Reaction_R-HSA-2134506
6998	http://purl.obolibrary.org/obo/go.owl#Reaction_R-HSA-442368
6999	http://purl.obolibrary.org/obo/go.owl#Reaction_R-HSA-5683425
7000	http://purl.obolibrary.org/obo/go.owl#Reaction_R-HSA-2586555
7001	http://purl.obolibrary.org/obo/go.owl#Reaction_R-HSA-1183032
7002	http://purl.obolibrary.org/obo/go.owl#Reaction_R-NUL-421733
7003	http://purl.obolibrary.org/obo/go.owl#Reaction_R-HSA-4724279
7004	http://purl.obolibrary.org/obo/go.owl#Reaction_R-HSA-5624949
7005	http://purl.obolibrary.org/obo/go.owl#Reaction_R-HSA-9926522
7006	http://purl.obolibrary.org/obo/go.owl#Reaction_R-HSA-174171
7007	http://purl.obolibrary.org/obo/go.owl#Reaction_R-HSA-446188
7008	http://purl.obolibrary.org/obo/go.owl#Reaction_R-HSA-9022934
7009	http://purl.obolibrary.org/obo/go.owl#Pathway_R-HSA-162658
7010	http://purl.obolibrary.org/obo/go.owl#Reaction_R-HSA-8854303
7011	http://purl.obolibrary.org/obo/go.owl#Reaction_R-HSA-2730847
7012	http://purl.obolibrary.org/obo/go.owl#Pathway_R-HSA-2028269
7013	http://purl.obolibrary.org/obo/go.owl#Reaction_R-HSA-73810
7014	http://purl.obolibrary.org/obo/go.owl#Pathway_R-HSA-2470946
7015	http://purl.obolibrary.org/obo/go.owl#Reaction_R-HSA-9680385
7016	http://purl.obolibrary.org/obo/go.owl#Pathway_R-HSA-9694548
7017	http://purl.obolibrary.org/obo/go.owl#Reaction_R-HSA-418856
7018	http://purl.obolibrary.org/obo/go.owl#Reaction_R-HSA-391150
7019	http://purl.obolibrary.org/obo/go.owl#Reaction_R-HSA-6814674
7020	http://purl.obolibrary.org/obo/go.owl#Reaction_R-HSA-1306963
7021	http://purl.obolibrary.org/obo/go.owl#Reaction_R-HSA-350058
7022	http://purl.obolibrary.org/obo/go.owl#Reaction_R-HSA-5654407
7023	http://purl.obolibrary.org/obo/go.owl#Reaction_R-HSA-8939688
7024	http://purl.obolibrary.org/obo/go.owl#Reaction_R-HSA-428750
7025	http://purl.obolibrary.org/obo/go.owl#Reaction_R-HSA-174238
7026	http://purl.obolibrary.org/obo/go.owl#Reaction_R-HSA-9626816
7027	http://purl.obolibrary.org/obo/go.owl#Pathway_R-HSA-9933937
7028	http://purl.obolibrary.org/obo/go.owl#Pathway_R-HSA-435368
7029	http://purl.obolibrary.org/obo/go.owl#Reaction_R-HSA-447246
7030	http://purl.obolibrary.org/obo/go.owl#Reaction_R-HSA-5669158
7031	http://purl.obolibrary.org/obo/go.owl#Pathway_R-HSA-193692
7032	http://purl.obolibrary.org/obo/go.owl#Reaction_R-HSA-9856668
7033	http://purl.obolibrary.org/obo/go.owl#Reaction_R-HSA-177930
7034	http://purl.obolibrary.org/obo/go.owl#Reaction_R-HSA-9859007
7035	http://purl.obolibrary.org/obo/go.owl#Reaction_R-HSA-9658253
7036	http://purl.obolibrary.org/obo/go.owl#Reaction_R-HSA-8878178
7037	http://purl.obolibrary.org/obo/go.owl#Reaction_R-HSA-9634402
7038	http://purl.obolibrary.org/obo/go.owl#Reaction_R-HSA-9606624
7039	http://purl.obolibrary.org/obo/go.owl#Reaction_R-HSA-9733323
7040	http://purl.obolibrary.org/obo/go.owl#Pathway_R-HSA-114508
7041	http://purl.obolibrary.org/obo/go.owl#Reaction_R-HSA-9007816
7042	http://purl.obolibrary.org/obo/go.owl#Reaction_R-HSA-5694018
7043	http://purl.obolibrary.org/obo/go.owl#Reaction_R-HSA-9634169
7044	http://purl.obolibrary.org/obo/go.owl#Pathway_R-HSA-9615933
7045	http://purl.obolibrary.org/obo/go.owl#Reaction_R-HSA-482788
7046	http://purl.obolibrary.org/obo/go.owl#Reaction_R-HSA-9834897
7047	http://purl.obolibrary.org/obo/go.owl#Reaction_R-HSA-8983011
7048	http://purl.obolibrary.org/obo/go.owl#Reaction_R-HSA-9819200
7049	http://purl.obolibrary.org/obo/go.owl#Pathway_R-HSA-163210
7050	http://purl.obolibrary.org/obo/go.owl#Reaction_R-HSA-8956200
7051	http://purl.obolibrary.org/obo/go.owl#Reaction_R-HSA-202478
7052	http://purl.obolibrary.org/obo/go.owl#Reaction_R-HSA-2064932
7053	http://purl.obolibrary.org/obo/go.owl#Reaction_R-HSA-9931264
7054	http://purl.obolibrary.org/obo/go.owl#Reaction_R-HSA-110364
7055	http://purl.obolibrary.org/obo/go.owl#Pathway_R-HSA-112409
7056	http://purl.obolibrary.org/obo/go.owl#Reaction_R-HSA-9766223
7057	http://purl.obolibrary.org/obo/go.owl#Reaction_R-HSA-2684901
7058	http://purl.obolibrary.org/obo/go.owl#Reaction_R-HSA-3928620
7059	http://purl.obolibrary.org/obo/go.owl#Reaction_R-HSA-5621010
7060	http://purl.obolibrary.org/obo/go.owl#Reaction_R-HSA-3928623
7061	http://purl.obolibrary.org/obo/go.owl#Reaction_R-HSA-5654667
7062	http://purl.obolibrary.org/obo/go.owl#Reaction_R-HSA-3134914
7063	http://purl.obolibrary.org/obo/go.owl#Pathway_R-HSA-2029481
7064	http://purl.obolibrary.org/obo/GO_0009059_instance
7065	http://purl.obolibrary.org/obo/go.owl#Reaction_R-HSA-8951751
7066	http://purl.obolibrary.org/obo/go.owl#Pathway_R-HSA-75157
7067	http://purl.obolibrary.org/obo/GO_0032501_instance
7068	http://purl.obolibrary.org/obo/go.owl#Reaction_R-HSA-937022
7069	http://purl.obolibrary.org/obo/go.owl#Reaction_R-HSA-9619515
7070	http://purl.obolibrary.org/obo/go.owl#Reaction_R-HSA-5223304
7071	http://purl.obolibrary.org/obo/go.owl#Reaction_R-HSA-9734687
7072	http://purl.obolibrary.org/obo/go.owl#Pathway_R-HSA-68616
7073	http://purl.obolibrary.org/obo/go.owl#Reaction_R-HSA-6786092
7074	http://purl.obolibrary.org/obo/go.owl#Reaction_R-HSA-8874198
7075	http://purl.obolibrary.org/obo/go.owl#Reaction_R-HSA-9942499
7076	http://purl.obolibrary.org/obo/GO_0006413_instance
7077	http://purl.obolibrary.org/obo/go.owl#Reaction_R-HSA-8874191
7078	http://purl.obolibrary.org/obo/go.owl#Reaction_R-HSA-1253319
7079	http://purl.obolibrary.org/obo/go.owl#Reaction_R-HSA-2089971
7080	http://purl.obolibrary.org/obo/go.owl#Reaction_R-HSA-5625849
7081	http://purl.obolibrary.org/obo/go.owl#Reaction_R-HSA-200423
7082	http://purl.obolibrary.org/obo/go.owl#Reaction_R-HSA-1254291
7083	http://purl.obolibrary.org/obo/go.owl#Reaction_R-HSA-382054
7084	http://purl.obolibrary.org/obo/go.owl#Reaction_R-HSA-427514
7085	http://purl.obolibrary.org/obo/go.owl#Reaction_R-HSA-9709360
7086	http://purl.obolibrary.org/obo/go.owl#Reaction_R-HSA-8853956
7087	http://purl.obolibrary.org/obo/go.owl#Reaction_R-HSA-9012657
7088	http://purl.obolibrary.org/obo/go.owl#Reaction_R-HSA-9840408
7089	http://purl.obolibrary.org/obo/go.owl#Reaction_R-HSA-6785524
7090	http://purl.obolibrary.org/obo/go.owl#Reaction_R-HSA-203901
7091	http://purl.obolibrary.org/obo/go.owl#Reaction_R-HSA-5694428
7092	http://purl.obolibrary.org/obo/go.owl#Reaction_R-HSA-9796691
7093	http://purl.obolibrary.org/obo/go.owl#Reaction_R-HSA-351894
7094	http://purl.obolibrary.org/obo/go.owl#Reaction_R-HSA-5357483
7095	http://purl.obolibrary.org/obo/go.owl#Reaction_R-HSA-8850539
7096	http://purl.obolibrary.org/obo/go.owl#Reaction_R-HSA-5654620
7097	http://purl.obolibrary.org/obo/go.owl#Reaction_R-HSA-9012651
7098	http://purl.obolibrary.org/obo/go.owl#Reaction_R-HSA-2467436
7099	http://purl.obolibrary.org/obo/go.owl#Reaction_R-HSA-9687435
7100	http://purl.obolibrary.org/obo/go.owl#Reaction_R-HSA-9842815
7101	http://purl.obolibrary.org/obo/go.owl#Reaction_R-HSA-112156
7102	http://purl.obolibrary.org/obo/go.owl#Reaction_R-HSA-114684
7103	http://purl.obolibrary.org/obo/go.owl#Pathway_R-HSA-3359469
7104	http://purl.obolibrary.org/obo/go.owl#Reaction_R-HSA-5617676
7105	http://purl.obolibrary.org/obo/go.owl#Reaction_R-HSA-5578965
7106	http://purl.obolibrary.org/obo/go.owl#Reaction_R-HSA-9665284
7107	http://purl.obolibrary.org/obo/go.owl#Reaction_R-HSA-2671829
7108	http://purl.obolibrary.org/obo/go.owl#Reaction_R-HSA-4615987
7109	http://purl.obolibrary.org/obo/go.owl#Reaction_R-HSA-69891
7110	http://purl.obolibrary.org/obo/go.owl#Reaction_R-HSA-377640
7111	http://purl.obolibrary.org/obo/go.owl#Pathway_R-HSA-174084
7112	http://purl.obolibrary.org/obo/go.owl#Reaction_R-HSA-163748
7113	http://purl.obolibrary.org/obo/go.owl#Pathway_R-HSA-163765
7114	http://purl.obolibrary.org/obo/go.owl#Reaction_R-HSA-174389
7115	http://purl.obolibrary.org/obo/go.owl#Pathway_R-HSA-5365859
7116	http://purl.obolibrary.org/obo/go.owl#Reaction_R-HSA-164620
7117	http://purl.obolibrary.org/obo/go.owl#Reaction_R-HSA-8851890
7118	http://purl.obolibrary.org/obo/go.owl#Pathway_R-HSA-9931529
7119	http://purl.obolibrary.org/obo/go.owl#Reaction_R-HSA-5655240
7120	http://purl.obolibrary.org/obo/go.owl#Reaction_R-HSA-9768511
7121	http://purl.obolibrary.org/obo/go.owl#Reaction_R-HSA-9033506
7122	http://purl.obolibrary.org/obo/go.owl#Pathway_R-HSA-1963642
7123	http://purl.obolibrary.org/obo/go.owl#Reaction_R-HSA-5618073
7124	http://purl.obolibrary.org/obo/go.owl#Reaction_R-HSA-5682011
7125	http://purl.obolibrary.org/obo/go.owl#Reaction_R-HSA-9843990
7126	http://purl.obolibrary.org/obo/go.owl#Reaction_R-HSA-450690
7127	http://purl.obolibrary.org/obo/go.owl#Reaction_R-HSA-5672017
7128	http://purl.obolibrary.org/obo/go.owl#Reaction_R-HSA-2247514
7129	http://purl.obolibrary.org/obo/go.owl#Reaction_R-HSA-9755328
7130	http://purl.obolibrary.org/obo/go.owl#Pathway_R-HSA-5601884
7131	http://purl.obolibrary.org/obo/go.owl#Reaction_R-HSA-8982017
7132	http://purl.obolibrary.org/obo/go.owl#Reaction_R-HSA-6781797
7133	http://purl.obolibrary.org/obo/go.owl#Reaction_R-HSA-5617896
7134	http://purl.obolibrary.org/obo/go.owl#Reaction_R-HSA-9023909
7135	http://purl.obolibrary.org/obo/go.owl#Reaction_R-HSA-8939833
7136	http://purl.obolibrary.org/obo/go.owl#Reaction_R-HSA-9909510
7137	http://purl.obolibrary.org/obo/go.owl#Reaction_R-HSA-5694425
7138	http://purl.obolibrary.org/obo/go.owl#Reaction_R-HSA-5419277
7139	http://purl.obolibrary.org/obo/go.owl#Reaction_R-HSA-9629216
7140	http://purl.obolibrary.org/obo/go.owl#Reaction_R-HSA-73548
7141	http://purl.obolibrary.org/obo/go.owl#Reaction_R-HSA-428909
7142	http://purl.obolibrary.org/obo/go.owl#Reaction_R-HSA-9664983
7143	http://purl.obolibrary.org/obo/go.owl#Reaction_R-HSA-114264
7144	http://purl.obolibrary.org/obo/go.owl#Reaction_R-HSA-2186741
7145	http://purl.obolibrary.org/obo/go.owl#Reaction_R-HSA-8939203
7146	http://purl.obolibrary.org/obo/go.owl#Reaction_R-HSA-1655834
7147	http://purl.obolibrary.org/obo/go.owl#Reaction_R-HSA-9024386
7148	http://purl.obolibrary.org/obo/go.owl#Reaction_R-NUL-2545201
7149	http://purl.obolibrary.org/obo/go.owl#Reaction_R-HSA-9842868
7150	http://purl.obolibrary.org/obo/go.owl#Reaction_R-HSA-2730849
7151	http://purl.obolibrary.org/obo/go.owl#Reaction_R-HSA-5665868
7152	http://purl.obolibrary.org/obo/go.owl#Pathway_R-HSA-9013418
7153	http://purl.obolibrary.org/obo/go.owl#Reaction_R-HSA-379974
7154	http://purl.obolibrary.org/obo/go.owl#Reaction_R-HSA-9710490
7155	http://purl.obolibrary.org/obo/go.owl#Reaction_R-HSA-3928631
7156	http://purl.obolibrary.org/obo/go.owl#Reaction_R-HSA-8878257
7157	http://purl.obolibrary.org/obo/go.owl#Reaction_R-HSA-9909635
7158	http://purl.obolibrary.org/obo/go.owl#Reaction_R-HSA-9029690
7159	http://purl.obolibrary.org/obo/go.owl#Reaction_R-HSA-5654565
7160	http://purl.obolibrary.org/obo/go.owl#Reaction_R-HSA-2559568
7161	http://purl.obolibrary.org/obo/go.owl#Reaction_R-HSA-9948300
7162	http://purl.obolibrary.org/obo/go.owl#Reaction_R-HSA-9665709
7163	http://purl.obolibrary.org/obo/go.owl#Pathway_R-HSA-9665244
7164	http://purl.obolibrary.org/obo/go.owl#Reaction_R-HSA-5654697
7165	http://purl.obolibrary.org/obo/go.owl#Reaction_R-HSA-706479
7166	http://purl.obolibrary.org/obo/go.owl#Reaction_R-HSA-5618099
7167	http://purl.obolibrary.org/obo/go.owl#Reaction_R-HSA-69019
7168	http://purl.obolibrary.org/obo/go.owl#Reaction_R-HSA-8964599
7169	http://purl.obolibrary.org/obo/go.owl#Pathway_R-HSA-1483213
7170	http://purl.obolibrary.org/obo/go.owl#Reaction_R-HSA-9626880
7171	http://purl.obolibrary.org/obo/go.owl#Reaction_R-HSA-9647994
7172	http://purl.obolibrary.org/obo/go.owl#Pathway_R-HSA-9665737
7173	http://purl.obolibrary.org/obo/go.owl#Reaction_R-HSA-3318563
7174	http://purl.obolibrary.org/obo/go.owl#Reaction_R-HSA-9825848
7175	http://purl.obolibrary.org/obo/go.owl#Pathway_R-HSA-76066
7176	http://purl.obolibrary.org/obo/go.owl#Reaction_R-HSA-5625745
7177	http://purl.obolibrary.org/obo/go.owl#Reaction_R-HSA-5656105
7178	http://purl.obolibrary.org/obo/go.owl#Pathway_R-HSA-1483101
7179	http://purl.obolibrary.org/obo/go.owl#Reaction_R-HSA-9837231
7180	http://purl.obolibrary.org/obo/go.owl#Reaction_R-HSA-77586
7181	http://purl.obolibrary.org/obo/go.owl#Pathway_R-HSA-77588
7182	http://purl.obolibrary.org/obo/go.owl#Reaction_R-HSA-8964465
7183	http://purl.obolibrary.org/obo/go.owl#Reaction_R-HSA-5692768
7184	http://purl.obolibrary.org/obo/go.owl#Reaction_R-HSA-5693604
7185	http://purl.obolibrary.org/obo/go.owl#Reaction_R-HSA-159566
7186	http://purl.obolibrary.org/obo/go.owl#Reaction_R-HSA-202174
7187	http://purl.obolibrary.org/obo/go.owl#Pathway_R-HSA-202430
7188	http://purl.obolibrary.org/obo/go.owl#Reaction_R-HSA-2106586
7189	http://purl.obolibrary.org/obo/go.owl#Reaction_R-HSA-209840
7190	http://purl.obolibrary.org/obo/go.owl#Reaction_R-HSA-8878237
7191	http://purl.obolibrary.org/obo/go.owl#Reaction_R-HSA-399931
7192	http://purl.obolibrary.org/obo/go.owl#Reaction_R-HSA-3371518
7193	http://purl.obolibrary.org/obo/go.owl#Reaction_R-HSA-8848663
7194	http://purl.obolibrary.org/obo/go.owl#Reaction_R-HSA-6804099
7195	http://purl.obolibrary.org/obo/go.owl#Reaction_R-HSA-8852200
7196	http://purl.obolibrary.org/obo/go.owl#Reaction_R-HSA-6811427
7197	http://purl.obolibrary.org/obo/go.owl#Reaction_R-HSA-9687625
7198	http://purl.obolibrary.org/obo/go.owl#Reaction_R-HSA-6803233
7199	http://purl.obolibrary.org/obo/go.owl#Reaction_R-HSA-3927886
7200	http://purl.obolibrary.org/obo/go.owl#Reaction_R-HSA-390393
7201	http://purl.obolibrary.org/obo/go.owl#Reaction_R-HSA-508451
7202	http://purl.obolibrary.org/obo/go.owl#Reaction_R-HSA-176175
7203	http://purl.obolibrary.org/obo/go.owl#Reaction_R-HSA-9769323
7204	http://purl.obolibrary.org/obo/go.owl#Reaction_R-HSA-2130279
7205	http://purl.obolibrary.org/obo/go.owl#Pathway_R-HSA-168316
7206	http://purl.obolibrary.org/obo/go.owl#Reaction_R-HSA-5632672
7207	http://purl.obolibrary.org/obo/go.owl#Pathway_R-HSA-166020
7208	http://purl.obolibrary.org/obo/go.owl#Reaction_R-HSA-5658231
7209	http://purl.obolibrary.org/obo/go.owl#Reaction_R-HSA-9008894
7210	http://purl.obolibrary.org/obo/go.owl#Reaction_R-HSA-8936599
7211	http://purl.obolibrary.org/obo/go.owl#Reaction_R-HSA-9668395
7212	http://purl.obolibrary.org/obo/go.owl#Reaction_R-HSA-888572
7213	http://purl.obolibrary.org/obo/go.owl#Reaction_R-HSA-9674567
7214	http://purl.obolibrary.org/obo/go.owl#Reaction_R-HSA-2327733
7215	http://purl.obolibrary.org/obo/go.owl#Reaction_R-HSA-5666008
7216	http://purl.obolibrary.org/obo/go.owl#Pathway_R-HSA-3371568
7217	http://purl.obolibrary.org/obo/go.owl#Reaction_R-HSA-352364
7218	http://purl.obolibrary.org/obo/go.owl#Reaction_R-HSA-389159
7219	http://purl.obolibrary.org/obo/go.owl#Reaction_R-HSA-5653840
7220	http://purl.obolibrary.org/obo/go.owl#Reaction_R-HSA-1250348
7221	http://purl.obolibrary.org/obo/go.owl#Reaction_R-HSA-6785178
7222	http://purl.obolibrary.org/obo/go.owl#Reaction_R-HSA-428885
7223	http://purl.obolibrary.org/obo/go.owl#Reaction_R-HSA-1234181
7224	http://purl.obolibrary.org/obo/go.owl#Reaction_R-HSA-8956568
7225	http://purl.obolibrary.org/obo/go.owl#Reaction_R-HSA-9665726
7226	http://purl.obolibrary.org/obo/go.owl#Pathway_R-HSA-9652282
7227	http://purl.obolibrary.org/obo/go.owl#Reaction_R-HSA-5252079
7228	http://purl.obolibrary.org/obo/go.owl#Reaction_R-HSA-428696
7229	http://purl.obolibrary.org/obo/go.owl#Reaction_R-HSA-9927438
7230	http://purl.obolibrary.org/obo/go.owl#Reaction_R-HSA-9825754
7231	http://purl.obolibrary.org/obo/go.owl#Reaction_R-HSA-909721
7232	http://purl.obolibrary.org/obo/go.owl#Reaction_R-HSA-377641
7233	http://purl.obolibrary.org/obo/go.owl#Reaction_R-HSA-9021935
7234	http://purl.obolibrary.org/obo/go.owl#Reaction_R-HSA-9907965
7235	http://purl.obolibrary.org/obo/go.owl#Reaction_R-HSA-9726621
7236	http://purl.obolibrary.org/obo/go.owl#Reaction_R-HSA-936985
7237	http://purl.obolibrary.org/obo/go.owl#Reaction_R-HSA-6782208
7238	http://purl.obolibrary.org/obo/go.owl#Reaction_R-HSA-9830706
7239	http://purl.obolibrary.org/obo/go.owl#Reaction_R-HSA-9024993
7240	http://purl.obolibrary.org/obo/go.owl#Reaction_R-HSA-9698928
7241	http://purl.obolibrary.org/obo/go.owl#Reaction_R-HSA-1676124
7242	http://purl.obolibrary.org/obo/go.owl#Reaction_R-HSA-5357831
7243	http://purl.obolibrary.org/obo/go.owl#Reaction_R-HSA-8935740
7244	http://purl.obolibrary.org/obo/go.owl#Reaction_R-HSA-174392
7245	http://purl.obolibrary.org/obo/go.owl#Reaction_R-HSA-9701903
7246	http://purl.obolibrary.org/obo/go.owl#Reaction_R-HSA-744887
7247	http://purl.obolibrary.org/obo/go.owl#Reaction_R-HSA-9948360
7248	http://purl.obolibrary.org/obo/go.owl#Pathway_R-HSA-9670615
7249	http://purl.obolibrary.org/obo/go.owl#Reaction_R-HSA-5668417
7250	http://purl.obolibrary.org/obo/go.owl#Reaction_R-HSA-8935785
7251	http://purl.obolibrary.org/obo/go.owl#Reaction_R-HSA-429415
7252	http://purl.obolibrary.org/obo/go.owl#Reaction_R-HSA-168326
7253	http://purl.obolibrary.org/obo/go.owl#Pathway_R-HSA-6811555
7254	http://purl.obolibrary.org/obo/go.owl#Reaction_R-HSA-434989
7255	http://purl.obolibrary.org/obo/go.owl#Reaction_R-HSA-9609743
7256	http://purl.obolibrary.org/obo/go.owl#Reaction_R-HSA-8852331
7257	http://purl.obolibrary.org/obo/go.owl#Reaction_R-HSA-5250930
7258	http://purl.obolibrary.org/obo/go.owl#Reaction_R-HSA-9604294
7259	http://purl.obolibrary.org/obo/go.owl#Reaction_R-HSA-5227490
7260	http://purl.obolibrary.org/obo/go.owl#Reaction_R-HSA-5632674
7261	http://purl.obolibrary.org/obo/GO_0043170_instance
7262	http://purl.obolibrary.org/obo/go.owl#Reaction_R-HSA-9627089
7263	http://purl.obolibrary.org/obo/go.owl#Reaction_R-HSA-9604264
7264	http://purl.obolibrary.org/obo/go.owl#Reaction_R-HSA-448958
7265	http://purl.obolibrary.org/obo/go.owl#Reaction_R-HSA-9646685
7266	http://purl.obolibrary.org/obo/go.owl#Reaction_R-HSA-4568863
7267	http://purl.obolibrary.org/obo/go.owl#Reaction_R-HSA-9632910
7268	http://purl.obolibrary.org/obo/go.owl#Reaction_R-HSA-162590
7269	http://purl.obolibrary.org/obo/go.owl#Reaction_R-HSA-9821941
7270	http://purl.obolibrary.org/obo/go.owl#Reaction_R-HSA-176250
7271	http://purl.obolibrary.org/obo/go.owl#Reaction_R-HSA-8852019
7272	http://purl.obolibrary.org/obo/go.owl#Reaction_R-HSA-6788622
7273	http://purl.obolibrary.org/obo/go.owl#Reaction_R-HSA-193661
7274	http://purl.obolibrary.org/obo/go.owl#Reaction_R-HSA-190829
7275	http://purl.obolibrary.org/obo/go.owl#Pathway_R-HSA-9953080
7276	http://purl.obolibrary.org/obo/go.owl#Reaction_R-NUL-211643
7277	http://purl.obolibrary.org/obo/go.owl#Protein_MSANTD3
7278	http://purl.obolibrary.org/obo/go.owl#Pathway_R-HSA-1971475
7279	http://purl.obolibrary.org/obo/go.owl#Reaction_R-HSA-2106579
7280	http://purl.obolibrary.org/obo/go.owl#Reaction_R-HSA-1169397
7281	http://purl.obolibrary.org/obo/go.owl#Pathway_R-HSA-4615885
7282	http://purl.obolibrary.org/obo/go.owl#Reaction_R-HSA-140217
7283	http://purl.obolibrary.org/obo/go.owl#Pathway_R-HSA-2978092
7284	http://purl.obolibrary.org/obo/go.owl#Pathway_R-HSA-212300
7285	http://purl.obolibrary.org/obo/go.owl#Reaction_R-HSA-9934022
7286	http://purl.obolibrary.org/obo/go.owl#Pathway_R-HSA-5619107
7287	http://purl.obolibrary.org/obo/go.owl#Pathway_R-HSA-193144
7288	http://purl.obolibrary.org/obo/go.owl#Reaction_R-HSA-1675910
7289	http://purl.obolibrary.org/obo/go.owl#Reaction_R-HSA-265177
7290	http://purl.obolibrary.org/obo/go.owl#Reaction_R-HSA-443783
7291	http://purl.obolibrary.org/obo/go.owl#Reaction_R-HSA-6788571
7292	http://purl.obolibrary.org/obo/go.owl#Reaction_R-HSA-2128994
7293	http://purl.obolibrary.org/obo/go.owl#Reaction_R-HSA-4090284
7294	http://purl.obolibrary.org/obo/go.owl#Reaction_R-HSA-69142
7295	http://purl.obolibrary.org/obo/go.owl#Reaction_R-HSA-5653756
7296	http://purl.obolibrary.org/obo/go.owl#Reaction_R-HSA-448951
7297	http://purl.obolibrary.org/obo/go.owl#Reaction_R-HSA-9663363
7298	http://purl.obolibrary.org/obo/go.owl#Pathway_R-HSA-9662361
7299	http://purl.obolibrary.org/obo/go.owl#Reaction_R-HSA-8877918
7300	http://purl.obolibrary.org/obo/go.owl#Reaction_R-HSA-186778
7301	http://purl.obolibrary.org/obo/go.owl#Reaction_R-HSA-8865774
7302	http://purl.obolibrary.org/obo/go.owl#Reaction_R-HSA-1839067
7303	http://purl.obolibrary.org/obo/go.owl#Reaction_R-HSA-9611147
7304	http://purl.obolibrary.org/obo/go.owl#Reaction_R-HSA-560493
7305	http://purl.obolibrary.org/obo/go.owl#Reaction_R-HSA-201783
7306	http://purl.obolibrary.org/obo/go.owl#Reaction_R-HSA-2399969
7307	http://purl.obolibrary.org/obo/go.owl#Reaction_R-HSA-1912366
7308	http://purl.obolibrary.org/obo/go.owl#Reaction_R-HSA-9646679
7309	http://purl.obolibrary.org/obo/go.owl#Reaction_R-HSA-377643
7310	http://purl.obolibrary.org/obo/go.owl#Reaction_R-HSA-9654523
7311	http://purl.obolibrary.org/obo/go.owl#Reaction_R-HSA-975118
7312	http://purl.obolibrary.org/obo/go.owl#Reaction_R-HSA-8856808
7313	http://purl.obolibrary.org/obo/go.owl#Reaction_R-HSA-1791167
7314	http://purl.obolibrary.org/obo/go.owl#Reaction_R-HSA-5336443
7315	http://purl.obolibrary.org/obo/go.owl#Reaction_R-HSA-8939129
7316	http://purl.obolibrary.org/obo/go.owl#Reaction_R-HSA-5339713
7317	http://purl.obolibrary.org/obo/go.owl#Reaction_R-HSA-825631
7318	http://purl.obolibrary.org/obo/go.owl#Pathway_R-HSA-73728
7319	http://purl.obolibrary.org/obo/go.owl#Reaction_R-HSA-1676109
7320	http://purl.obolibrary.org/obo/go.owl#Pathway_R-HSA-9931521
7321	http://purl.obolibrary.org/obo/go.owl#Pathway_R-HSA-8948700
7322	http://purl.obolibrary.org/obo/go.owl#Pathway_R-HSA-8964011
7323	http://purl.obolibrary.org/obo/go.owl#Reaction_R-HSA-5601926
7324	http://purl.obolibrary.org/obo/go.owl#Reaction_R-HSA-5669240
7325	http://purl.obolibrary.org/obo/go.owl#Reaction_R-HSA-9027607
7326	http://purl.obolibrary.org/obo/go.owl#Reaction_R-HSA-3000433
7327	http://purl.obolibrary.org/obo/go.owl#Reaction_R-HSA-8854897
7328	http://purl.obolibrary.org/obo/go.owl#Reaction_R-HSA-264997
7329	http://purl.obolibrary.org/obo/go.owl#Pathway_R-HSA-1221632
7330	http://purl.obolibrary.org/obo/go.owl#Reaction_R-HSA-9013985
7331	http://purl.obolibrary.org/obo/go.owl#Reaction_R-HSA-1247910
7332	http://purl.obolibrary.org/obo/go.owl#Pathway_R-HSA-174403
7333	http://purl.obolibrary.org/obo/go.owl#Reaction_R-HSA-9612445
7334	http://purl.obolibrary.org/obo/go.owl#Reaction_R-HSA-9833973
7335	http://purl.obolibrary.org/obo/go.owl#Reaction_R-HSA-4717406
7336	http://purl.obolibrary.org/obo/go.owl#Reaction_R-HSA-5690669
7337	http://purl.obolibrary.org/obo/go.owl#Reaction_R-HSA-9634429
7338	http://purl.obolibrary.org/obo/go.owl#Reaction_R-HSA-6814885
7339	http://purl.obolibrary.org/obo/go.owl#Reaction_R-HSA-8854222
7340	http://purl.obolibrary.org/obo/go.owl#Reaction_R-HSA-9007860
7341	http://purl.obolibrary.org/obo/go.owl#Reaction_R-HSA-379415
7342	http://purl.obolibrary.org/obo/go.owl#Reaction_R-HSA-8964513
7343	http://purl.obolibrary.org/obo/go.owl#Reaction_R-HSA-9855252
7344	http://purl.obolibrary.org/obo/go.owl#Reaction_R-HSA-3215295
7345	http://purl.obolibrary.org/obo/go.owl#Reaction_R-HSA-2408540
7346	http://purl.obolibrary.org/obo/go.owl#Reaction_R-HSA-5357445
7347	http://purl.obolibrary.org/obo/go.owl#Reaction_R-HSA-9755359
7348	http://purl.obolibrary.org/obo/go.owl#Reaction_R-HSA-5218952
7349	http://purl.obolibrary.org/obo/go.owl#Reaction_R-HSA-195287
7350	http://purl.obolibrary.org/obo/go.owl#Pathway_R-HSA-428930
7351	http://purl.obolibrary.org/obo/go.owl#Reaction_R-HSA-372342
7352	http://purl.obolibrary.org/obo/go.owl#Reaction_R-HSA-8940007
7353	http://purl.obolibrary.org/obo/go.owl#Reaction_R-HSA-9698762
7354	http://purl.obolibrary.org/obo/go.owl#Reaction_R-HSA-202216
7355	http://purl.obolibrary.org/obo/go.owl#Reaction_R-HSA-4396401
7356	http://purl.obolibrary.org/obo/go.owl#Reaction_R-HSA-1462023
7357	http://purl.obolibrary.org/obo/go.owl#Pathway_R-HSA-1474151
7358	http://purl.obolibrary.org/obo/go.owl#Reaction_R-HSA-9687465
7359	http://purl.obolibrary.org/obo/go.owl#Reaction_R-HSA-555065
7360	http://purl.obolibrary.org/obo/go.owl#Reaction_R-HSA-2396606
7361	http://purl.obolibrary.org/obo/go.owl#Reaction_R-HSA-9818975
7362	http://purl.obolibrary.org/obo/go.owl#Reaction_R-HSA-170986
7363	http://purl.obolibrary.org/obo/go.owl#Reaction_R-HSA-9836227
7364	http://purl.obolibrary.org/obo/go.owl#Reaction_R-HSA-8852280
7365	http://purl.obolibrary.org/obo/go.owl#Reaction_R-HSA-5334151
7366	http://purl.obolibrary.org/obo/go.owl#Reaction_R-HSA-75825
7367	http://purl.obolibrary.org/obo/go.owl#Reaction_R-HSA-109823
7368	http://purl.obolibrary.org/obo/go.owl#Reaction_R-HSA-9934584
7369	http://purl.obolibrary.org/obo/go.owl#Reaction_R-HSA-8953115
7370	http://purl.obolibrary.org/obo/go.owl#Reaction_R-HSA-83582
7371	http://purl.obolibrary.org/obo/go.owl#Reaction_R-HSA-5610722
7372	http://purl.obolibrary.org/obo/go.owl#Reaction_R-HSA-1112604
7373	http://purl.obolibrary.org/obo/go.owl#Reaction_R-HSA-9018746
7374	http://purl.obolibrary.org/obo/go.owl#Reaction_R-HSA-916855
7375	http://purl.obolibrary.org/obo/go.owl#Reaction_R-HSA-445700
7376	http://purl.obolibrary.org/obo/go.owl#Reaction_R-HSA-9855908
7377	http://purl.obolibrary.org/obo/go.owl#Reaction_R-HSA-1676048
7378	http://purl.obolibrary.org/obo/go.owl#Reaction_R-HSA-9749253
7379	http://purl.obolibrary.org/obo/go.owl#Reaction_R-HSA-8950718
7380	http://purl.obolibrary.org/obo/go.owl#Reaction_R-HSA-6805650
7381	http://purl.obolibrary.org/obo/go.owl#Reaction_R-HSA-422320
7382	http://purl.obolibrary.org/obo/go.owl#Reaction_R-HSA-5607725
7383	http://purl.obolibrary.org/obo/go.owl#Reaction_R-HSA-9614811
7384	http://purl.obolibrary.org/obo/go.owl#Reaction_R-HSA-3965447
7385	http://purl.obolibrary.org/obo/go.owl#Reaction_R-HSA-5661126
7386	http://purl.obolibrary.org/obo/go.owl#Reaction_R-HSA-9653592
7387	http://purl.obolibrary.org/obo/go.owl#Reaction_R-HSA-6814090
7388	http://purl.obolibrary.org/obo/go.owl#Reaction_R-HSA-202500
7389	http://purl.obolibrary.org/obo/go.owl#Reaction_R-HSA-1855218
7390	http://purl.obolibrary.org/obo/go.owl#Reaction_R-HSA-9858590
7391	http://purl.obolibrary.org/obo/go.owl#Reaction_R-HSA-6800035
7392	http://purl.obolibrary.org/obo/go.owl#Pathway_R-HSA-6803211
7393	http://purl.obolibrary.org/obo/go.owl#Reaction_R-HSA-4224014
7394	http://purl.obolibrary.org/obo/go.owl#Reaction_R-HSA-9837034
7395	http://purl.obolibrary.org/obo/go.owl#Reaction_R-HSA-9830368
7396	http://purl.obolibrary.org/obo/go.owl#Reaction_R-HSA-888577
7397	http://purl.obolibrary.org/obo/GO_0006470_instance
7398	http://purl.obolibrary.org/obo/go.owl#Reaction_R-HSA-9633742
7399	http://purl.obolibrary.org/obo/go.owl#Pathway_R-HSA-1855196
7400	http://purl.obolibrary.org/obo/go.owl#Reaction_R-HSA-6811417
7401	http://purl.obolibrary.org/obo/go.owl#Reaction_R-HSA-9861486
7402	http://purl.obolibrary.org/obo/go.owl#Reaction_R-HSA-5228521
7403	http://purl.obolibrary.org/obo/go.owl#Pathway_R-HSA-9613354
7404	http://purl.obolibrary.org/obo/go.owl#Reaction_R-HSA-9023840
7405	http://purl.obolibrary.org/obo/go.owl#Reaction_R-HSA-9833155
7406	http://purl.obolibrary.org/obo/go.owl#Reaction_R-HSA-9854463
7407	http://purl.obolibrary.org/obo/go.owl#Reaction_R-HSA-9686922
7408	http://purl.obolibrary.org/obo/go.owl#Reaction_R-HSA-1363306
7409	http://purl.obolibrary.org/obo/go.owl#Reaction_R-HSA-3000383
7410	http://purl.obolibrary.org/obo/go.owl#Pathway_R-HSA-1247673
7411	http://purl.obolibrary.org/obo/go.owl#Reaction_R-HSA-5651657
7412	http://purl.obolibrary.org/obo/go.owl#Reaction_R-HSA-912629
7413	http://purl.obolibrary.org/obo/GO_0005667_instance
7414	http://purl.obolibrary.org/obo/go.owl#Reaction_R-HSA-9624014
7415	http://purl.obolibrary.org/obo/go.owl#Reaction_R-HSA-2990840
7416	http://purl.obolibrary.org/obo/go.owl#Reaction_R-HSA-3341296
7417	http://purl.obolibrary.org/obo/go.owl#Reaction_R-HSA-193696
7418	http://purl.obolibrary.org/obo/go.owl#Reaction_R-HSA-109813
7419	http://purl.obolibrary.org/obo/go.owl#Reaction_R-HSA-9664346
7420	http://purl.obolibrary.org/obo/go.owl#Pathway_R-HSA-6802948
7421	http://purl.obolibrary.org/obo/go.owl#Reaction_R-HSA-212222
7422	http://purl.obolibrary.org/obo/go.owl#Pathway_R-HSA-975634
7423	http://purl.obolibrary.org/obo/go.owl#Reaction_R-HSA-202233
7424	http://purl.obolibrary.org/obo/go.owl#Reaction_R-HSA-3968414
7425	http://purl.obolibrary.org/obo/go.owl#Reaction_R-HSA-9664664
7426	http://purl.obolibrary.org/obo/go.owl#Pathway_R-HSA-446210
7427	http://purl.obolibrary.org/obo/go.owl#Protein_TMEM267
7428	http://purl.obolibrary.org/obo/go.owl#Reaction_R-HSA-390595
7429	http://purl.obolibrary.org/obo/go.owl#Pathway_R-HSA-390522
7430	http://purl.obolibrary.org/obo/go.owl#Reaction_R-HSA-9013361
7431	http://purl.obolibrary.org/obo/go.owl#Reaction_R-HSA-9925647
7432	http://purl.obolibrary.org/obo/go.owl#Reaction_R-HSA-6805470
7433	http://purl.obolibrary.org/obo/go.owl#Reaction_R-HSA-8937022
7434	http://purl.obolibrary.org/obo/go.owl#Pathway_R-HSA-5654720
7435	http://purl.obolibrary.org/obo/go.owl#Pathway_R-HSA-9818030
7436	http://purl.obolibrary.org/obo/go.owl#Reaction_R-HSA-9920665
7437	http://purl.obolibrary.org/obo/go.owl#Reaction_R-HSA-1912374
7438	http://purl.obolibrary.org/obo/go.owl#Reaction_R-HSA-354149
7439	http://purl.obolibrary.org/obo/go.owl#Reaction_R-HSA-9028519
7440	http://purl.obolibrary.org/obo/go.owl#Reaction_R-HSA-392295
7441	http://purl.obolibrary.org/obo/go.owl#Reaction_R-HSA-873917
7442	http://purl.obolibrary.org/obo/go.owl#Reaction_R-HSA-68948
7443	http://purl.obolibrary.org/obo/go.owl#Pathway_R-HSA-5250913
7444	http://purl.obolibrary.org/obo/go.owl#Reaction_R-HSA-9860290
7445	http://purl.obolibrary.org/obo/go.owl#Reaction_R-HSA-112149
7446	http://purl.obolibrary.org/obo/go.owl#Reaction_R-HSA-163843
7447	http://purl.obolibrary.org/obo/go.owl#Pathway_R-HSA-159782
7448	http://purl.obolibrary.org/obo/go.owl#Reaction_R-HSA-1606682
7449	http://purl.obolibrary.org/obo/go.owl#Reaction_R-HSA-5696810
7450	http://purl.obolibrary.org/obo/go.owl#Reaction_R-HSA-1650808
7451	http://purl.obolibrary.org/obo/go.owl#Reaction_R-HSA-8865693
7452	http://purl.obolibrary.org/obo/go.owl#Reaction_R-HSA-170055
7453	http://purl.obolibrary.org/obo/go.owl#Reaction_R-HSA-8983003
7454	http://purl.obolibrary.org/obo/go.owl#Reaction_R-HSA-418925
7455	http://purl.obolibrary.org/obo/go.owl#Reaction_R-HSA-9845032
7456	http://purl.obolibrary.org/obo/go.owl#Reaction_R-HSA-5665982
7457	http://purl.obolibrary.org/obo/go.owl#Reaction_R-HSA-9604642
7458	http://purl.obolibrary.org/obo/go.owl#Pathway_R-HSA-193670
7459	http://purl.obolibrary.org/obo/go.owl#Reaction_R-HSA-918225
7460	http://purl.obolibrary.org/obo/go.owl#Reaction_R-HSA-3788724
7461	http://purl.obolibrary.org/obo/go.owl#Reaction_R-HSA-396996
7462	http://purl.obolibrary.org/obo/go.owl#Reaction_R-HSA-2022381
7463	http://purl.obolibrary.org/obo/go.owl#Reaction_R-HSA-9768477
7464	http://purl.obolibrary.org/obo/go.owl#Reaction_R-HSA-560491
7465	http://purl.obolibrary.org/obo/go.owl#Reaction_R-HSA-5682967
7466	http://purl.obolibrary.org/obo/go.owl#Pathway_R-HSA-9933947
7467	http://purl.obolibrary.org/obo/go.owl#Reaction_R-HSA-3321975
7468	http://purl.obolibrary.org/obo/go.owl#Reaction_R-HSA-8964492
7469	http://purl.obolibrary.org/obo/go.owl#Reaction_R-HSA-9665311
7470	http://purl.obolibrary.org/obo/go.owl#Pathway_R-HSA-4755609
7471	http://purl.obolibrary.org/obo/go.owl#Reaction_R-HSA-8938217
7472	http://purl.obolibrary.org/obo/go.owl#Reaction_R-HSA-9843978
7473	http://purl.obolibrary.org/obo/go.owl#Pathway_R-HSA-8937144
7474	http://purl.obolibrary.org/obo/go.owl#Reaction_R-HSA-167136
7475	http://purl.obolibrary.org/obo/go.owl#Reaction_R-HSA-9603905
7476	http://purl.obolibrary.org/obo/go.owl#Reaction_R-HSA-9674550
7477	http://purl.obolibrary.org/obo/go.owl#Reaction_R-HSA-2197770
7478	http://purl.obolibrary.org/obo/go.owl#Reaction_R-HSA-9705465
7479	http://purl.obolibrary.org/obo/go.owl#Pathway_R-HSA-5099900
7480	http://purl.obolibrary.org/obo/go.owl#Reaction_R-HSA-9668398
7481	http://purl.obolibrary.org/obo/go.owl#Reaction_R-HSA-2160935
7482	http://purl.obolibrary.org/obo/go.owl#Reaction_R-HSA-8856398
7483	http://purl.obolibrary.org/obo/go.owl#Reaction_R-HSA-8944483
7484	http://purl.obolibrary.org/obo/go.owl#Reaction_R-HSA-8952639
7485	http://purl.obolibrary.org/obo/go.owl#Reaction_R-HSA-879459
7486	http://purl.obolibrary.org/obo/go.owl#Pathway_R-HSA-202427
7487	http://purl.obolibrary.org/obo/go.owl#Reaction_R-HSA-9861563
7488	http://purl.obolibrary.org/obo/go.owl#Reaction_R-HSA-8849748
7489	http://purl.obolibrary.org/obo/go.owl#Reaction_R-HSA-6784160
7490	http://purl.obolibrary.org/obo/go.owl#Protein_CA11
7491	http://purl.obolibrary.org/obo/go.owl#Reaction_R-HSA-8987266
7492	http://purl.obolibrary.org/obo/go.owl#Reaction_R-HSA-9839772
7493	http://purl.obolibrary.org/obo/go.owl#Reaction_R-HSA-9666430
7494	http://purl.obolibrary.org/obo/go.owl#Protein_C8orf82
7495	http://purl.obolibrary.org/obo/go.owl#Reaction_R-HSA-5692232
7496	http://purl.obolibrary.org/obo/go.owl#Pathway_R-HSA-156590
7497	http://purl.obolibrary.org/obo/go.owl#Reaction_R-HSA-8941915
7498	http://purl.obolibrary.org/obo/go.owl#Reaction_R-HSA-4755545
7499	http://purl.obolibrary.org/obo/go.owl#Reaction_R-HSA-8985227
7500	http://purl.obolibrary.org/obo/go.owl#Reaction_R-HSA-452331
7501	http://purl.obolibrary.org/obo/go.owl#Pathway_R-HSA-9754189
7502	http://purl.obolibrary.org/obo/go.owl#Reaction_R-HSA-9860295
7503	http://purl.obolibrary.org/obo/go.owl#Reaction_R-HSA-177925
7504	http://purl.obolibrary.org/obo/go.owl#Pathway_R-HSA-8868766
7505	http://purl.obolibrary.org/obo/go.owl#Reaction_R-HSA-4085372
7506	http://purl.obolibrary.org/obo/go.owl#Reaction_R-HSA-451758
7507	http://purl.obolibrary.org/obo/go.owl#Reaction_R-HSA-111437
7508	http://purl.obolibrary.org/obo/go.owl#Reaction_R-HSA-432110
7509	http://purl.obolibrary.org/obo/go.owl#Reaction_R-HSA-188979
7510	http://purl.obolibrary.org/obo/go.owl#Reaction_R-HSA-73769
7511	http://purl.obolibrary.org/obo/go.owl#Reaction_R-HSA-110141
7512	http://purl.obolibrary.org/obo/go.owl#Reaction_R-HSA-9686930
7513	http://purl.obolibrary.org/obo/go.owl#Reaction_R-HSA-202706
7514	http://purl.obolibrary.org/obo/go.owl#Reaction_R-HSA-5687088
7515	http://purl.obolibrary.org/obo/go.owl#Reaction_R-HSA-983707
7516	http://purl.obolibrary.org/obo/go.owl#Reaction_R-HSA-83805
7517	http://purl.obolibrary.org/obo/go.owl#Reaction_R-HSA-70899
7518	http://purl.obolibrary.org/obo/go.owl#Reaction_R-HSA-8985644
7519	http://purl.obolibrary.org/obo/go.owl#Pathway_R-HSA-8857538
7520	http://purl.obolibrary.org/obo/go.owl#Reaction_R-HSA-5138432
7521	http://purl.obolibrary.org/obo/go.owl#Reaction_R-HSA-450971
7522	http://purl.obolibrary.org/obo/go.owl#Pathway_R-HSA-1237044
7523	http://purl.obolibrary.org/obo/go.owl#Reaction_R-HSA-264848
7524	http://purl.obolibrary.org/obo/go.owl#Reaction_R-HSA-9032798
7525	http://purl.obolibrary.org/obo/go.owl#Pathway_R-HSA-3311021
7526	http://purl.obolibrary.org/obo/go.owl#Reaction_R-HSA-9820887
7527	http://purl.obolibrary.org/obo/go.owl#Reaction_R-HSA-1592244
7528	http://purl.obolibrary.org/obo/go.owl#Reaction_R-HSA-1254285
7529	http://purl.obolibrary.org/obo/go.owl#Reaction_R-HSA-9033491
7530	http://purl.obolibrary.org/obo/go.owl#Reaction_R-HSA-4568848
7531	http://purl.obolibrary.org/obo/go.owl#Reaction_R-HSA-8957265
7532	http://purl.obolibrary.org/obo/go.owl#Reaction_R-HSA-9018826
7533	http://purl.obolibrary.org/obo/go.owl#Reaction_R-HSA-114548
7534	http://purl.obolibrary.org/obo/go.owl#Reaction_R-HSA-9033514
7535	http://purl.obolibrary.org/obo/go.owl#Reaction_R-HSA-1254290
7536	http://purl.obolibrary.org/obo/go.owl#Reaction_R-HSA-354073
7537	http://purl.obolibrary.org/obo/go.owl#Reaction_R-HSA-8985981
7538	http://purl.obolibrary.org/obo/go.owl#Reaction_R-HSA-5334050
7539	http://purl.obolibrary.org/obo/go.owl#Reaction_R-HSA-9828205
7540	http://purl.obolibrary.org/obo/go.owl#Reaction_R-HSA-4719436
7541	http://purl.obolibrary.org/obo/go.owl#Pathway_R-HSA-8964616
7542	http://purl.obolibrary.org/obo/go.owl#Pathway_R-HSA-9614399
7543	http://purl.obolibrary.org/obo/go.owl#Reaction_R-HSA-9665409
7544	http://purl.obolibrary.org/obo/go.owl#Reaction_R-HSA-204798
7545	http://purl.obolibrary.org/obo/go.owl#Reaction_R-HSA-9908686
7546	http://purl.obolibrary.org/obo/go.owl#Reaction_R-HSA-76056
7547	http://purl.obolibrary.org/obo/go.owl#Reaction_R-HSA-392874
7548	http://purl.obolibrary.org/obo/go.owl#Reaction_R-HSA-8948594
7549	http://purl.obolibrary.org/obo/go.owl#Reaction_R-HSA-421836
7550	http://purl.obolibrary.org/obo/go.owl#Reaction_R-HSA-8944497
7551	http://purl.obolibrary.org/obo/go.owl#Reaction_R-HSA-8875451
7552	http://purl.obolibrary.org/obo/go.owl#Reaction_R-HSA-9960183
7553	http://purl.obolibrary.org/obo/go.owl#Reaction_R-HSA-8865425
7554	http://purl.obolibrary.org/obo/go.owl#Reaction_R-HSA-4641256
7555	http://purl.obolibrary.org/obo/go.owl#Pathway_R-HSA-9013026
7556	http://purl.obolibrary.org/obo/go.owl#Reaction_R-HSA-9649732
7557	http://purl.obolibrary.org/obo/go.owl#Reaction_R-HSA-450551
7558	http://purl.obolibrary.org/obo/go.owl#Reaction_R-HSA-177926
7559	http://purl.obolibrary.org/obo/go.owl#Reaction_R-HSA-5694427
7560	http://purl.obolibrary.org/obo/go.owl#Reaction_R-HSA-936951
7561	http://purl.obolibrary.org/obo/go.owl#Reaction_R-HSA-9690534
7562	http://purl.obolibrary.org/obo/go.owl#Reaction_R-HSA-9618405
7563	http://purl.obolibrary.org/obo/go.owl#Reaction_R-HSA-9665280
7564	http://purl.obolibrary.org/obo/go.owl#Reaction_R-HSA-9824653
7565	http://purl.obolibrary.org/obo/go.owl#Reaction_R-HSA-933527
7566	http://purl.obolibrary.org/obo/go.owl#Pathway_R-HSA-9619665
7567	http://purl.obolibrary.org/obo/go.owl#Reaction_R-HSA-5687123
7568	http://purl.obolibrary.org/obo/go.owl#Reaction_R-HSA-8952630
7569	http://purl.obolibrary.org/obo/go.owl#Reaction_R-HSA-400183
7570	http://purl.obolibrary.org/obo/go.owl#Reaction_R-HSA-9858289
7571	http://purl.obolibrary.org/obo/go.owl#Reaction_R-HSA-9606784
7572	http://purl.obolibrary.org/obo/go.owl#Reaction_R-HSA-9756724
7573	http://purl.obolibrary.org/obo/go.owl#Reaction_R-HSA-392852
7574	http://purl.obolibrary.org/obo/go.owl#Reaction_R-HSA-8874187
7575	http://purl.obolibrary.org/obo/go.owl#Reaction_R-HSA-426522
7576	http://purl.obolibrary.org/obo/go.owl#Reaction_R-HSA-9613494
7577	http://purl.obolibrary.org/obo/go.owl#Reaction_R-HSA-6811472
7578	http://purl.obolibrary.org/obo/go.owl#Reaction_R-HSA-418582
7579	http://purl.obolibrary.org/obo/go.owl#Reaction_R-HSA-192925
7580	http://purl.obolibrary.org/obo/go.owl#Reaction_R-HSA-6802837
7581	http://purl.obolibrary.org/obo/go.owl#Reaction_R-HSA-109699
7582	http://purl.obolibrary.org/obo/go.owl#Pathway_R-HSA-9673770
7583	http://purl.obolibrary.org/obo/go.owl#Reaction_R-HSA-9932443
7584	http://purl.obolibrary.org/obo/go.owl#Reaction_R-HSA-9664406
7585	http://purl.obolibrary.org/obo/go.owl#Reaction_R-HSA-8983424
7586	http://purl.obolibrary.org/obo/go.owl#Reaction_R-HSA-9603279
7587	http://purl.obolibrary.org/obo/go.owl#Reaction_R-HSA-9690395
7588	http://purl.obolibrary.org/obo/go.owl#Reaction_R-HSA-8987270
7589	http://purl.obolibrary.org/obo/go.owl#Reaction_R-HSA-5602353
7590	http://purl.obolibrary.org/obo/go.owl#Pathway_R-HSA-5603041
7591	http://purl.obolibrary.org/obo/go.owl#Reaction_R-HSA-9666425
7592	http://purl.obolibrary.org/obo/go.owl#Reaction_R-HSA-3134904
7593	http://purl.obolibrary.org/obo/go.owl#Reaction_R-HSA-9710963
7594	http://purl.obolibrary.org/obo/go.owl#Reaction_R-HSA-209087
7595	http://purl.obolibrary.org/obo/go.owl#Reaction_R-HSA-3928619
7596	http://purl.obolibrary.org/obo/go.owl#Reaction_R-HSA-1981128
7597	http://purl.obolibrary.org/obo/go.owl#Pathway_R-HSA-446343
7598	http://purl.obolibrary.org/obo/go.owl#Reaction_R-HSA-9823849
7599	http://purl.obolibrary.org/obo/go.owl#Reaction_R-HSA-159358
7600	http://purl.obolibrary.org/obo/go.owl#Reaction_R-HSA-9624798
7601	http://purl.obolibrary.org/obo/go.owl#Reaction_R-HSA-1168373
7602	http://purl.obolibrary.org/obo/go.owl#Reaction_R-HSA-9013021
7603	http://purl.obolibrary.org/obo/go.owl#Reaction_R-HSA-9818789
7604	http://purl.obolibrary.org/obo/go.owl#Reaction_R-HSA-428511
7605	http://purl.obolibrary.org/obo/go.owl#Reaction_R-HSA-354097
7606	http://purl.obolibrary.org/obo/go.owl#Reaction_R-HSA-8875183
7607	http://purl.obolibrary.org/obo/go.owl#Reaction_R-NUL-9717194
7608	http://purl.obolibrary.org/obo/go.owl#Reaction_R-HSA-9934410
7609	http://purl.obolibrary.org/obo/go.owl#Reaction_R-HSA-5675417
7610	http://purl.obolibrary.org/obo/go.owl#Reaction_R-HSA-9755013
7611	http://purl.obolibrary.org/obo/go.owl#Reaction_R-HSA-5096537
7612	http://purl.obolibrary.org/obo/go.owl#Reaction_R-HSA-5654701
7613	http://purl.obolibrary.org/obo/go.owl#Pathway_R-HSA-9942503
7614	http://purl.obolibrary.org/obo/go.owl#Reaction_R-NUL-3451144
7615	http://purl.obolibrary.org/obo/go.owl#Pathway_R-HSA-1236978
7616	http://purl.obolibrary.org/obo/go.owl#Reaction_R-HSA-5690990
7617	http://purl.obolibrary.org/obo/GO_0005576_instance
7618	http://purl.obolibrary.org/obo/go.owl#Pathway_R-HSA-606279
7619	http://purl.obolibrary.org/obo/go.owl#Reaction_R-HSA-9665304
7620	http://purl.obolibrary.org/obo/go.owl#Reaction_R-HSA-421835
7621	http://purl.obolibrary.org/obo/GO_0006415_instance
7622	http://purl.obolibrary.org/obo/go.owl#Reaction_R-HSA-9907948
7623	http://purl.obolibrary.org/obo/go.owl#Reaction_R-HSA-1855154
7624	http://purl.obolibrary.org/obo/go.owl#Reaction_R-HSA-9690414
7625	http://purl.obolibrary.org/obo/go.owl#Reaction_R-HSA-2328037
7626	http://purl.obolibrary.org/obo/go.owl#Pathway_R-HSA-1566948
7627	http://purl.obolibrary.org/obo/go.owl#Reaction_R-HSA-3697008
7628	http://purl.obolibrary.org/obo/go.owl#Reaction_R-HSA-9704330
7629	http://purl.obolibrary.org/obo/go.owl#Reaction_R-HSA-6785722
7630	http://purl.obolibrary.org/obo/go.owl#Pathway_R-HSA-6785470
7631	http://purl.obolibrary.org/obo/go.owl#Reaction_R-HSA-8952039
7632	http://purl.obolibrary.org/obo/go.owl#Reaction_R-HSA-140214
7633	http://purl.obolibrary.org/obo/go.owl#Reaction_R-HSA-9705458
7634	http://purl.obolibrary.org/obo/go.owl#Reaction_R-HSA-157632
7635	http://purl.obolibrary.org/obo/go.owl#Reaction_R-HSA-5340385
7636	http://purl.obolibrary.org/obo/go.owl#Reaction_R-HSA-4551721
7637	http://purl.obolibrary.org/obo/go.owl#Reaction_R-HSA-139842
7638	http://purl.obolibrary.org/obo/go.owl#Reaction_R-HSA-186780
7639	http://purl.obolibrary.org/obo/go.owl#Reaction_R-HSA-5082409
7640	http://purl.obolibrary.org/obo/go.owl#Reaction_R-HSA-9934753
7641	http://purl.obolibrary.org/obo/go.owl#Reaction_R-HSA-170087
7642	http://purl.obolibrary.org/obo/go.owl#Reaction_R-HSA-937032
7643	http://purl.obolibrary.org/obo/go.owl#Reaction_R-HSA-5357828
7644	http://purl.obolibrary.org/obo/go.owl#Reaction_R-HSA-9686345
7645	http://purl.obolibrary.org/obo/go.owl#Reaction_R-HSA-9816273
7646	http://purl.obolibrary.org/obo/go.owl#Reaction_R-HSA-2473151
7647	http://purl.obolibrary.org/obo/go.owl#Reaction_R-HSA-4341025
7648	http://purl.obolibrary.org/obo/go.owl#Protein_ANKRD36C
7649	http://purl.obolibrary.org/obo/go.owl#Reaction_R-HSA-178178
7650	http://purl.obolibrary.org/obo/go.owl#Reaction_R-HSA-174446
7651	http://purl.obolibrary.org/obo/go.owl#Reaction_R-HSA-9737780
7652	http://purl.obolibrary.org/obo/go.owl#Pathway_R-HSA-9913635
7653	http://purl.obolibrary.org/obo/go.owl#Reaction_R-HSA-5655290
7654	http://purl.obolibrary.org/obo/go.owl#Reaction_R-HSA-442832
7655	http://purl.obolibrary.org/obo/go.owl#Pathway_R-HSA-4719360
7656	http://purl.obolibrary.org/obo/GO_0016755_instance
7657	http://purl.obolibrary.org/obo/go.owl#Reaction_R-HSA-9865115
7658	http://purl.obolibrary.org/obo/go.owl#Reaction_R-HSA-4420365
7659	http://purl.obolibrary.org/obo/go.owl#Pathway_R-HSA-4420332
7660	http://purl.obolibrary.org/obo/go.owl#Reaction_R-HSA-3209151
7661	http://purl.obolibrary.org/obo/go.owl#Reaction_R-HSA-5218826
7662	http://purl.obolibrary.org/obo/go.owl#Reaction_R-HSA-6802912
7663	http://purl.obolibrary.org/obo/go.owl#Reaction_R-HSA-389756
7664	http://purl.obolibrary.org/obo/go.owl#Reaction_R-HSA-389919
7665	http://purl.obolibrary.org/obo/go.owl#Reaction_R-HSA-5672011
7666	http://purl.obolibrary.org/obo/go.owl#Reaction_R-HSA-109671
7667	http://purl.obolibrary.org/obo/go.owl#Reaction_R-HSA-9664883
7668	http://purl.obolibrary.org/obo/go.owl#Pathway_R-HSA-6804758
7669	http://purl.obolibrary.org/obo/go.owl#Reaction_R-HSA-1112666
7670	http://purl.obolibrary.org/obo/go.owl#Reaction_R-HSA-5676597
7671	http://purl.obolibrary.org/obo/go.owl#Reaction_R-HSA-8948621
7672	http://purl.obolibrary.org/obo/go.owl#Reaction_R-HSA-8851933
7673	http://purl.obolibrary.org/obo/go.owl#Reaction_R-HSA-5687113
7674	http://purl.obolibrary.org/obo/go.owl#Reaction_R-HSA-9665406
7675	http://purl.obolibrary.org/obo/go.owl#Reaction_R-HSA-179417
7676	http://purl.obolibrary.org/obo/go.owl#Reaction_R-HSA-9793679
7677	http://purl.obolibrary.org/obo/go.owl#Pathway_R-HSA-9665251
7678	http://purl.obolibrary.org/obo/go.owl#Reaction_R-HSA-5654404
7679	http://purl.obolibrary.org/obo/go.owl#Reaction_R-HSA-9639286
7680	http://purl.obolibrary.org/obo/go.owl#Reaction_R-HSA-382575
7681	http://purl.obolibrary.org/obo/go.owl#Reaction_R-HSA-9759202
7682	http://purl.obolibrary.org/obo/go.owl#Reaction_R-HSA-2467798
7683	http://purl.obolibrary.org/obo/go.owl#Reaction_R-HSA-2187325
7684	http://purl.obolibrary.org/obo/go.owl#Reaction_R-HSA-9724099
7685	http://purl.obolibrary.org/obo/go.owl#Reaction_R-HSA-9664888
7686	http://purl.obolibrary.org/obo/go.owl#Reaction_R-HSA-9698003
7687	http://purl.obolibrary.org/obo/go.owl#Reaction_R-HSA-8866329
7688	http://purl.obolibrary.org/obo/go.owl#Reaction_R-HSA-6802910
7689	http://purl.obolibrary.org/obo/go.owl#Reaction_R-HSA-4088307
7690	http://purl.obolibrary.org/obo/go.owl#Pathway_R-HSA-3000170
7691	http://purl.obolibrary.org/obo/go.owl#Reaction_R-HSA-9760965
7692	http://purl.obolibrary.org/obo/go.owl#Reaction_R-HSA-9922982
7693	http://purl.obolibrary.org/obo/go.owl#Pathway_R-HSA-2691232
7694	http://purl.obolibrary.org/obo/go.owl#Reaction_R-HSA-3222593
7695	http://purl.obolibrary.org/obo/go.owl#Reaction_R-HSA-3134883
7696	http://purl.obolibrary.org/obo/go.owl#Reaction_R-HSA-5617483
7697	http://purl.obolibrary.org/obo/go.owl#Reaction_R-HSA-879934
7698	http://purl.obolibrary.org/obo/go.owl#Pathway_R-HSA-177135
7699	http://purl.obolibrary.org/obo/go.owl#Reaction_R-HSA-9936998
7700	http://purl.obolibrary.org/obo/go.owl#Reaction_R-HSA-9029151
7701	http://purl.obolibrary.org/obo/go.owl#Pathway_R-HSA-9932298
7702	http://purl.obolibrary.org/obo/go.owl#Reaction_R-HSA-2529015
7703	http://purl.obolibrary.org/obo/go.owl#Reaction_R-HSA-112152
7704	http://purl.obolibrary.org/obo/go.owl#Reaction_R-HSA-5624952
7705	http://purl.obolibrary.org/obo/go.owl#Reaction_R-HSA-9768071
7706	http://purl.obolibrary.org/obo/go.owl#Reaction_R-HSA-2130282
7707	http://purl.obolibrary.org/obo/go.owl#Reaction_R-HSA-8949609
7708	http://purl.obolibrary.org/obo/go.owl#Reaction_R-HSA-1592236
7709	http://purl.obolibrary.org/obo/go.owl#Reaction_R-HSA-933528
7710	http://purl.obolibrary.org/obo/GO_0006955_instance
7711	http://purl.obolibrary.org/obo/go.owl#Reaction_R-HSA-6804468
7712	http://purl.obolibrary.org/obo/go.owl#Reaction_R-HSA-4647594
7713	http://purl.obolibrary.org/obo/go.owl#Reaction_R-HSA-8936628
7714	http://purl.obolibrary.org/obo/go.owl#Reaction_R-HSA-975629
7715	http://purl.obolibrary.org/obo/go.owl#Reaction_R-HSA-373724
7716	http://purl.obolibrary.org/obo/go.owl#Reaction_R-HSA-8983299
7717	http://purl.obolibrary.org/obo/go.owl#Reaction_R-HSA-428918
7718	http://purl.obolibrary.org/obo/go.owl#Reaction_R-HSA-9759513
7719	http://purl.obolibrary.org/obo/GO_0016925_instance
7720	http://purl.obolibrary.org/obo/go.owl#Reaction_R-HSA-9636128
7721	http://purl.obolibrary.org/obo/go.owl#Reaction_R-HSA-177927
7722	http://purl.obolibrary.org/obo/go.owl#Reaction_R-HSA-2168884
7723	http://purl.obolibrary.org/obo/go.owl#Pathway_R-HSA-2168880
7724	http://purl.obolibrary.org/obo/go.owl#Reaction_R-HSA-8878013
7725	http://purl.obolibrary.org/obo/go.owl#Reaction_R-HSA-8985275
7726	http://purl.obolibrary.org/obo/go.owl#Pathway_R-HSA-9954716
7727	http://purl.obolibrary.org/obo/go.owl#Reaction_R-HSA-9006844
7728	http://purl.obolibrary.org/obo/go.owl#Reaction_R-HSA-9021601
7729	http://purl.obolibrary.org/obo/go.owl#Reaction_R-HSA-482619
7730	http://purl.obolibrary.org/obo/go.owl#Reaction_R-HSA-8851827
7731	http://purl.obolibrary.org/obo/go.owl#Reaction_R-HSA-9820895
7732	http://purl.obolibrary.org/obo/go.owl#Reaction_R-HSA-9700131
7733	http://purl.obolibrary.org/obo/go.owl#Reaction_R-HSA-174439
7734	http://purl.obolibrary.org/obo/go.owl#Reaction_R-HSA-1169406
7735	http://purl.obolibrary.org/obo/go.owl#Pathway_R-HSA-187024
7736	http://purl.obolibrary.org/obo/go.owl#Reaction_R-HSA-5691000
7737	http://purl.obolibrary.org/obo/go.owl#Pathway_R-HSA-392851
7738	http://purl.obolibrary.org/obo/go.owl#Reaction_R-HSA-380927
7739	http://purl.obolibrary.org/obo/go.owl#Pathway_R-HSA-9707587
7740	http://purl.obolibrary.org/obo/go.owl#Reaction_R-HSA-5696131
7741	http://purl.obolibrary.org/obo/go.owl#Reaction_R-HSA-5668978
7742	http://purl.obolibrary.org/obo/go.owl#Reaction_R-HSA-8933452
7743	http://purl.obolibrary.org/obo/go.owl#Reaction_R-HSA-8875531
7744	http://purl.obolibrary.org/obo/GO_0035091_instance
7745	http://purl.obolibrary.org/obo/GO_0005615_instance
7746	http://purl.obolibrary.org/obo/go.owl#Reaction_R-HSA-182990
7747	http://purl.obolibrary.org/obo/go.owl#Reaction_R-HSA-8866546
7748	http://purl.obolibrary.org/obo/go.owl#Reaction_R-HSA-8875558
7749	http://purl.obolibrary.org/obo/go.owl#Reaction_R-HSA-5687101
7750	http://purl.obolibrary.org/obo/go.owl#Reaction_R-HSA-158447
7751	http://purl.obolibrary.org/obo/go.owl#Pathway_R-HSA-69601
7752	http://purl.obolibrary.org/obo/go.owl#Reaction_R-HSA-8956365
7753	http://purl.obolibrary.org/obo/go.owl#Reaction_R-HSA-9649733
7754	http://purl.obolibrary.org/obo/go.owl#Reaction_R-HSA-9018594
7755	http://purl.obolibrary.org/obo/go.owl#Reaction_R-HSA-5654622
7756	http://purl.obolibrary.org/obo/go.owl#Reaction_R-HSA-9629483
7757	http://purl.obolibrary.org/obo/go.owl#Reaction_R-HSA-9793988
7758	http://purl.obolibrary.org/obo/go.owl#Reaction_R-HSA-1028821
7759	http://purl.obolibrary.org/obo/go.owl#Reaction_R-HSA-5683593
7760	http://purl.obolibrary.org/obo/go.owl#Reaction_R-HSA-392051
7761	http://purl.obolibrary.org/obo/go.owl#Reaction_R-HSA-109822
7762	http://purl.obolibrary.org/obo/go.owl#Pathway_R-HSA-4755510
7763	http://purl.obolibrary.org/obo/go.owl#Reaction_R-HSA-9831948
7764	http://purl.obolibrary.org/obo/go.owl#Reaction_R-HSA-9922990
7765	http://purl.obolibrary.org/obo/go.owl#Reaction_R-HSA-9009309
7766	http://purl.obolibrary.org/obo/go.owl#Reaction_R-HSA-9603775
7767	http://purl.obolibrary.org/obo/go.owl#Reaction_R-HSA-5620914
7768	http://purl.obolibrary.org/obo/go.owl#Reaction_R-HSA-4615910
7769	http://purl.obolibrary.org/obo/go.owl#Reaction_R-HSA-8936995
7770	http://purl.obolibrary.org/obo/go.owl#Reaction_R-HSA-9012671
7771	http://purl.obolibrary.org/obo/go.owl#Reaction_R-HSA-1236965
7772	http://purl.obolibrary.org/obo/go.owl#Reaction_R-HSA-379426
7773	http://purl.obolibrary.org/obo/go.owl#Reaction_R-HSA-5623527
7774	http://purl.obolibrary.org/obo/go.owl#Reaction_R-HSA-606349
7775	http://purl.obolibrary.org/obo/go.owl#Reaction_R-HSA-2730844
7776	http://purl.obolibrary.org/obo/go.owl#Reaction_R-HSA-3928628
7777	http://purl.obolibrary.org/obo/go.owl#Reaction_R-HSA-2168079
7778	http://purl.obolibrary.org/obo/go.owl#Protein_PCDHA1
7779	http://purl.obolibrary.org/obo/go.owl#Reaction_R-HSA-2731074
7780	http://purl.obolibrary.org/obo/go.owl#Reaction_R-HSA-2730885
7781	http://purl.obolibrary.org/obo/go.owl#Reaction_R-HSA-9613023
7782	http://purl.obolibrary.org/obo/go.owl#Reaction_R-HSA-9909608
7783	http://purl.obolibrary.org/obo/go.owl#Reaction_R-HSA-77593
7784	http://purl.obolibrary.org/obo/go.owl#Reaction_R-HSA-5663122
7785	http://purl.obolibrary.org/obo/go.owl#Reaction_R-HSA-9835411
7786	http://purl.obolibrary.org/obo/go.owl#Reaction_R-HSA-5660479
7787	http://purl.obolibrary.org/obo/go.owl#Reaction_R-HSA-390256
7788	http://purl.obolibrary.org/obo/go.owl#Pathway_R-HSA-392170
7789	http://purl.obolibrary.org/obo/go.owl#Reaction_R-HSA-5617859
7790	http://purl.obolibrary.org/obo/go.owl#Pathway_R-HSA-210744
7791	http://purl.obolibrary.org/obo/go.owl#Reaction_R-HSA-5628905
7792	http://purl.obolibrary.org/obo/go.owl#Reaction_R-HSA-9766219
7793	http://purl.obolibrary.org/obo/go.owl#Reaction_R-HSA-199043
7794	http://purl.obolibrary.org/obo/go.owl#Reaction_R-HSA-9860139
7795	http://purl.obolibrary.org/obo/go.owl#Reaction_R-HSA-9764934
7796	http://purl.obolibrary.org/obo/go.owl#Reaction_R-HSA-8869456
7797	http://purl.obolibrary.org/obo/go.owl#Reaction_R-NUL-9625758
7798	http://purl.obolibrary.org/obo/go.owl#Reaction_R-HSA-9619542
7799	http://purl.obolibrary.org/obo/go.owl#Reaction_R-HSA-5674022
7800	http://purl.obolibrary.org/obo/go.owl#Reaction_R-HSA-8865491
7801	http://purl.obolibrary.org/obo/go.owl#Reaction_R-HSA-9929321
7802	http://purl.obolibrary.org/obo/go.owl#Reaction_R-HSA-8985594
7803	http://purl.obolibrary.org/obo/go.owl#Reaction_R-HSA-8951498
7804	http://purl.obolibrary.org/obo/go.owl#Reaction_R-HSA-1236943
7805	http://purl.obolibrary.org/obo/go.owl#Reaction_R-HSA-5212679
7806	http://purl.obolibrary.org/obo/go.owl#Reaction_R-HSA-8941312
7807	http://purl.obolibrary.org/obo/go.owl#Reaction_R-HSA-9005585
7808	http://purl.obolibrary.org/obo/go.owl#Reaction_R-HSA-201035
7809	http://purl.obolibrary.org/obo/go.owl#Reaction_R-HSA-1989778
7810	http://purl.obolibrary.org/obo/GO_0098590_instance
7811	http://purl.obolibrary.org/obo/go.owl#Reaction_R-HSA-8982025
7812	http://purl.obolibrary.org/obo/go.owl#Reaction_R-HSA-8981926
7813	http://purl.obolibrary.org/obo/go.owl#Reaction_R-HSA-5637798
7814	http://purl.obolibrary.org/obo/go.owl#Reaction_R-HSA-8983841
7815	http://purl.obolibrary.org/obo/go.owl#Reaction_R-HSA-8852306
7816	http://purl.obolibrary.org/obo/go.owl#Pathway_R-HSA-9827857
7817	http://purl.obolibrary.org/obo/go.owl#Reaction_R-HSA-5637806
7818	http://purl.obolibrary.org/obo/go.owl#Reaction_R-HSA-2530501
7819	http://purl.obolibrary.org/obo/go.owl#Pathway_R-HSA-2514859
7820	http://purl.obolibrary.org/obo/go.owl#Reaction_R-HSA-379861
7821	http://purl.obolibrary.org/obo/go.owl#Pathway_R-HSA-936440
7822	http://purl.obolibrary.org/obo/go.owl#Reaction_R-HSA-9677051
7823	http://purl.obolibrary.org/obo/go.owl#Reaction_R-HSA-975103
7824	http://purl.obolibrary.org/obo/go.owl#Reaction_R-HSA-9937374
7825	http://purl.obolibrary.org/obo/go.owl#Reaction_R-HSA-392751
7826	http://purl.obolibrary.org/obo/go.owl#Reaction_R-HSA-9823932
7827	http://purl.obolibrary.org/obo/go.owl#Reaction_R-HSA-4717521
7828	http://purl.obolibrary.org/obo/go.owl#Reaction_R-HSA-9635743
7829	http://purl.obolibrary.org/obo/go.owl#Reaction_R-HSA-5660663
7830	http://purl.obolibrary.org/obo/go.owl#Reaction_R-HSA-9736979
7831	http://purl.obolibrary.org/obo/go.owl#Reaction_R-HSA-167077
7832	http://purl.obolibrary.org/obo/go.owl#Reaction_R-HSA-166175
7833	http://purl.obolibrary.org/obo/go.owl#Reaction_R-HSA-9029149
7834	http://purl.obolibrary.org/obo/go.owl#Reaction_R-HSA-5658438
7835	http://purl.obolibrary.org/obo/go.owl#Reaction_R-HSA-5654413
7836	http://purl.obolibrary.org/obo/go.owl#Reaction_R-HSA-6790029
7837	http://purl.obolibrary.org/obo/go.owl#Reaction_R-HSA-5654662
7838	http://purl.obolibrary.org/obo/go.owl#Reaction_R-HSA-5362721
7839	http://purl.obolibrary.org/obo/go.owl#Reaction_R-HSA-5654618
7840	http://purl.obolibrary.org/obo/go.owl#Reaction_R-HSA-175258
7841	http://purl.obolibrary.org/obo/go.owl#Reaction_R-HSA-9761474
7842	http://purl.obolibrary.org/obo/GO_0008380_instance
7843	http://purl.obolibrary.org/obo/go.owl#Reaction_R-HSA-8941623
7844	http://purl.obolibrary.org/obo/go.owl#Reaction_R-HSA-508282
7845	http://purl.obolibrary.org/obo/go.owl#Reaction_R-HSA-6791291
7846	http://purl.obolibrary.org/obo/go.owl#Reaction_R-HSA-5683964
7847	http://purl.obolibrary.org/obo/go.owl#Reaction_R-HSA-5668605
7848	http://purl.obolibrary.org/obo/go.owl#Pathway_R-HSA-446199
7849	http://purl.obolibrary.org/obo/go.owl#Reaction_R-HSA-442739
7850	http://purl.obolibrary.org/obo/go.owl#Reaction_R-HSA-9665413
7851	http://purl.obolibrary.org/obo/go.owl#Reaction_R-HSA-9623355
7852	http://purl.obolibrary.org/obo/go.owl#Reaction_R-HSA-9705925
7853	http://purl.obolibrary.org/obo/go.owl#Reaction_R-HSA-73729
7854	http://purl.obolibrary.org/obo/go.owl#Reaction_R-HSA-9753632
7855	http://purl.obolibrary.org/obo/go.owl#Reaction_R-HSA-350158
7856	http://purl.obolibrary.org/obo/go.owl#Reaction_R-HSA-4570553
7857	http://purl.obolibrary.org/obo/go.owl#Reaction_R-HSA-9664892
7858	http://purl.obolibrary.org/obo/go.owl#Reaction_R-HSA-9616243
7859	http://purl.obolibrary.org/obo/go.owl#Reaction_R-HSA-3928602
7860	http://purl.obolibrary.org/obo/go.owl#Reaction_R-HSA-9932832
7861	http://purl.obolibrary.org/obo/go.owl#Reaction_R-HSA-5693549
7862	http://purl.obolibrary.org/obo/go.owl#Reaction_R-HSA-9022175
7863	http://purl.obolibrary.org/obo/go.owl#Reaction_R-HSA-9907919
7864	http://purl.obolibrary.org/obo/go.owl#Reaction_R-HSA-450406
7865	http://purl.obolibrary.org/obo/go.owl#Reaction_R-HSA-1169405
7866	http://purl.obolibrary.org/obo/go.owl#Reaction_R-HSA-8964604
7867	http://purl.obolibrary.org/obo/go.owl#Reaction_R-HSA-2671862
7868	http://purl.obolibrary.org/obo/go.owl#Reaction_R-HSA-2426471
7869	http://purl.obolibrary.org/obo/go.owl#Reaction_R-HSA-5672969
7870	http://purl.obolibrary.org/obo/go.owl#Reaction_R-HSA-9716836
7871	http://purl.obolibrary.org/obo/go.owl#Reaction_R-HSA-9705738
7872	http://purl.obolibrary.org/obo/go.owl#Reaction_R-HSA-9011941
7873	http://purl.obolibrary.org/obo/go.owl#Reaction_R-HSA-3857328
7874	http://purl.obolibrary.org/obo/go.owl#Reaction_R-HSA-6807496
7875	http://purl.obolibrary.org/obo/go.owl#Reaction_R-HSA-9652816
7876	http://purl.obolibrary.org/obo/go.owl#Pathway_R-HSA-426486
7877	http://purl.obolibrary.org/obo/go.owl#Reaction_R-HSA-9838004
7878	http://purl.obolibrary.org/obo/go.owl#Reaction_R-HSA-5623513
7879	http://purl.obolibrary.org/obo/go.owl#Reaction_R-HSA-549475
7880	http://purl.obolibrary.org/obo/go.owl#Reaction_R-HSA-5626549
7881	http://purl.obolibrary.org/obo/go.owl#Pathway_R-HSA-1855183
7882	http://purl.obolibrary.org/obo/go.owl#Reaction_R-HSA-2029270
7883	http://purl.obolibrary.org/obo/go.owl#Reaction_R-HSA-2127257
7884	http://purl.obolibrary.org/obo/go.owl#Reaction_R-HSA-202365
7885	http://purl.obolibrary.org/obo/go.owl#Pathway_R-HSA-4641262
7886	http://purl.obolibrary.org/obo/go.owl#Reaction_R-HSA-9725357
7887	http://purl.obolibrary.org/obo/go.owl#Reaction_R-HSA-9865630
7888	http://purl.obolibrary.org/obo/go.owl#Pathway_R-HSA-1170546
7889	http://purl.obolibrary.org/obo/go.owl#Reaction_R-HSA-8866858
7890	http://purl.obolibrary.org/obo/go.owl#Reaction_R-HSA-391871
7891	http://purl.obolibrary.org/obo/go.owl#Reaction_R-HSA-3149434
7892	http://purl.obolibrary.org/obo/go.owl#Pathway_R-HSA-174490
7893	http://purl.obolibrary.org/obo/go.owl#Reaction_R-HSA-9932859
7894	http://purl.obolibrary.org/obo/GO_0016070_instance
7895	http://purl.obolibrary.org/obo/go.owl#Reaction_R-HSA-2267372
7896	http://purl.obolibrary.org/obo/go.owl#Reaction_R-HSA-9620915
7897	http://purl.obolibrary.org/obo/go.owl#Reaction_R-HSA-9709547
7898	http://purl.obolibrary.org/obo/go.owl#Reaction_R-HSA-5668534
7899	http://purl.obolibrary.org/obo/go.owl#Reaction_R-HSA-8852351
7900	http://purl.obolibrary.org/obo/go.owl#Pathway_R-HSA-5576892
7901	http://purl.obolibrary.org/obo/go.owl#Reaction_R-HSA-9665703
7902	http://purl.obolibrary.org/obo/go.owl#Reaction_R-HSA-177943
7903	http://purl.obolibrary.org/obo/go.owl#Reaction_R-HSA-5625797
7904	http://purl.obolibrary.org/obo/go.owl#Reaction_R-HSA-5678490
7905	http://purl.obolibrary.org/obo/go.owl#Reaction_R-HSA-2997709
7906	http://purl.obolibrary.org/obo/go.owl#Reaction_R-HSA-1433454
7907	http://purl.obolibrary.org/obo/go.owl#Reaction_R-HSA-4641342
7908	http://purl.obolibrary.org/obo/go.owl#Reaction_R-HSA-9865492
7909	http://purl.obolibrary.org/obo/go.owl#Reaction_R-HSA-350168
7910	http://purl.obolibrary.org/obo/go.owl#Reaction_R-HSA-6799199
7911	http://purl.obolibrary.org/obo/go.owl#Pathway_R-HSA-6783984
7912	http://purl.obolibrary.org/obo/GO_0005886_instance
7913	http://purl.obolibrary.org/obo/go.owl#Pathway_R-HSA-916853
7914	http://purl.obolibrary.org/obo/go.owl#Reaction_R-HSA-1433451
7915	http://purl.obolibrary.org/obo/go.owl#Pathway_R-HSA-5654688
7916	http://purl.obolibrary.org/obo/go.owl#Reaction_R-HSA-9703434
7917	http://purl.obolibrary.org/obo/go.owl#Reaction_R-HSA-9934522
7918	http://purl.obolibrary.org/obo/go.owl#Reaction_R-HSA-4641350
7919	http://purl.obolibrary.org/obo/go.owl#Reaction_R-HSA-8939963
7920	http://purl.obolibrary.org/obo/go.owl#Reaction_R-HSA-3927824
7921	http://purl.obolibrary.org/obo/go.owl#Reaction_R-HSA-2466391
7922	http://purl.obolibrary.org/obo/go.owl#Reaction_R-HSA-2997706
7923	http://purl.obolibrary.org/obo/go.owl#Reaction_R-HSA-1671691
7924	http://purl.obolibrary.org/obo/go.owl#Reaction_R-HSA-2537499
7925	http://purl.obolibrary.org/obo/go.owl#Reaction_R-HSA-4539779
7926	http://purl.obolibrary.org/obo/go.owl#Reaction_R-HSA-5654659
7927	http://purl.obolibrary.org/obo/go.owl#Reaction_R-HSA-9729481
7928	http://purl.obolibrary.org/obo/go.owl#Reaction_R-HSA-203613
7929	http://purl.obolibrary.org/obo/go.owl#Reaction_R-HSA-3371353
7930	http://purl.obolibrary.org/obo/go.owl#Reaction_R-HSA-9703438
7931	http://purl.obolibrary.org/obo/go.owl#Pathway_R-HSA-982772
7932	http://purl.obolibrary.org/obo/go.owl#Reaction_R-HSA-5621402
7933	http://purl.obolibrary.org/obo/go.owl#Pathway_R-HSA-5619060
7934	http://purl.obolibrary.org/obo/go.owl#Reaction_R-HSA-2672302
7935	http://purl.obolibrary.org/obo/go.owl#Reaction_R-HSA-9021847
7936	http://purl.obolibrary.org/obo/go.owl#Reaction_R-HSA-5655235
7937	http://purl.obolibrary.org/obo/go.owl#Reaction_R-HSA-5690701
7938	http://purl.obolibrary.org/obo/go.owl#Reaction_R-HSA-2404193
7939	http://purl.obolibrary.org/obo/go.owl#Reaction_R-HSA-195251
7940	http://purl.obolibrary.org/obo/go.owl#Reaction_R-HSA-193643
7941	http://purl.obolibrary.org/obo/go.owl#Pathway_R-HSA-174113
7942	http://purl.obolibrary.org/obo/go.owl#Reaction_R-HSA-6811411
7943	http://purl.obolibrary.org/obo/go.owl#Reaction_R-HSA-9934887
7944	http://purl.obolibrary.org/obo/go.owl#Pathway_R-HSA-8963888
7945	http://purl.obolibrary.org/obo/go.owl#Reaction_R-HSA-8852128
7946	http://purl.obolibrary.org/obo/GO_0010948_instance
7947	http://purl.obolibrary.org/obo/go.owl#Reaction_R-HSA-216045
7948	http://purl.obolibrary.org/obo/go.owl#Reaction_R-HSA-9698170
7949	http://purl.obolibrary.org/obo/go.owl#Reaction_R-HSA-8875568
7950	http://purl.obolibrary.org/obo/go.owl#Pathway_R-HSA-114516
7951	http://purl.obolibrary.org/obo/go.owl#Reaction_R-HSA-9839146
7952	http://purl.obolibrary.org/obo/go.owl#Reaction_R-HSA-9712204
7953	http://purl.obolibrary.org/obo/go.owl#Reaction_R-HSA-1592241
7954	http://purl.obolibrary.org/obo/go.owl#Reaction_R-HSA-139893
7955	http://purl.obolibrary.org/obo/go.owl#Pathway_R-HSA-1502540
7956	http://purl.obolibrary.org/obo/go.owl#Reaction_R-HSA-4791278
7957	http://purl.obolibrary.org/obo/GO_0007020_instance
7958	http://purl.obolibrary.org/obo/go.owl#Reaction_R-HSA-9692809
7959	http://purl.obolibrary.org/obo/go.owl#Pathway_R-HSA-168315
7960	http://purl.obolibrary.org/obo/go.owl#Reaction_R-HSA-9933236
7961	http://purl.obolibrary.org/obo/go.owl#Reaction_R-HSA-2045911
7962	http://purl.obolibrary.org/obo/go.owl#Reaction_R-HSA-5620918
7963	http://purl.obolibrary.org/obo/go.owl#Reaction_R-HSA-5696816
7964	http://purl.obolibrary.org/obo/go.owl#Reaction_R-HSA-5690213
7965	http://purl.obolibrary.org/obo/go.owl#Reaction_R-HSA-112155
7966	http://purl.obolibrary.org/obo/go.owl#Reaction_R-HSA-9851139
7967	http://purl.obolibrary.org/obo/go.owl#Reaction_R-HSA-9012186
7968	http://purl.obolibrary.org/obo/go.owl#Reaction_R-HSA-9835454
7969	http://purl.obolibrary.org/obo/go.owl#Reaction_R-HSA-9925861
7970	http://purl.obolibrary.org/obo/go.owl#Reaction_R-HSA-3781832
7971	http://purl.obolibrary.org/obo/go.owl#Reaction_R-HSA-917744
7972	http://purl.obolibrary.org/obo/go.owl#Pathway_R-HSA-888590
7973	http://purl.obolibrary.org/obo/go.owl#Reaction_R-HSA-9824586
7974	http://purl.obolibrary.org/obo/go.owl#Reaction_R-NUL-1250500
7975	http://purl.obolibrary.org/obo/go.owl#Reaction_R-HSA-4084903
7976	http://purl.obolibrary.org/obo/go.owl#Reaction_R-HSA-9796626
7977	http://purl.obolibrary.org/obo/go.owl#Reaction_R-HSA-9934028
7978	http://purl.obolibrary.org/obo/go.owl#Reaction_R-HSA-211734
7979	http://purl.obolibrary.org/obo/go.owl#Reaction_R-HSA-168934
7980	http://purl.obolibrary.org/obo/go.owl#Reaction_R-HSA-5211239
7981	http://purl.obolibrary.org/obo/go.owl#Reaction_R-HSA-9613530
7982	http://purl.obolibrary.org/obo/go.owl#Pathway_R-HSA-111453
7983	http://purl.obolibrary.org/obo/go.owl#Reaction_R-HSA-8865256
7984	http://purl.obolibrary.org/obo/go.owl#Pathway_R-HSA-380259
7985	http://purl.obolibrary.org/obo/go.owl#Reaction_R-HSA-9840532
7986	http://purl.obolibrary.org/obo/go.owl#Reaction_R-HSA-909730
7987	http://purl.obolibrary.org/obo/go.owl#Reaction_R-HSA-9612516
7988	http://purl.obolibrary.org/obo/go.owl#Reaction_R-HSA-9012654
7989	http://purl.obolibrary.org/obo/go.owl#Reaction_R-HSA-3928604
7990	http://purl.obolibrary.org/obo/go.owl#Reaction_R-HSA-8938987
7991	http://purl.obolibrary.org/obo/go.owl#Reaction_R-HSA-376369
7992	http://purl.obolibrary.org/obo/go.owl#Reaction_R-HSA-5218854
7993	http://purl.obolibrary.org/obo/go.owl#Reaction_R-HSA-9927428
7994	http://purl.obolibrary.org/obo/go.owl#Reaction_R-HSA-9866061
7995	http://purl.obolibrary.org/obo/go.owl#Reaction_R-NUL-1250475
7996	http://purl.obolibrary.org/obo/go.owl#Reaction_R-HSA-4641362
7997	http://purl.obolibrary.org/obo/go.owl#Reaction_R-HSA-3239019
7998	http://purl.obolibrary.org/obo/go.owl#Pathway_R-HSA-5467348
7999	http://purl.obolibrary.org/obo/go.owl#Reaction_R-HSA-9865309
8000	http://purl.obolibrary.org/obo/go.owl#Pathway_R-HSA-2214320
8001	http://purl.obolibrary.org/obo/go.owl#Reaction_R-HSA-427910
8002	http://purl.obolibrary.org/obo/go.owl#Reaction_R-HSA-9664881
8003	http://purl.obolibrary.org/obo/go.owl#Pathway_R-HSA-3000497
8004	http://purl.obolibrary.org/obo/go.owl#Reaction_R-HSA-9861324
8005	http://purl.obolibrary.org/obo/go.owl#Reaction_R-HSA-6803240
8006	http://purl.obolibrary.org/obo/go.owl#Reaction_R-HSA-8936481
8007	http://purl.obolibrary.org/obo/go.owl#Reaction_R-HSA-8982703
8008	http://purl.obolibrary.org/obo/go.owl#Reaction_R-HSA-5654634
8009	http://purl.obolibrary.org/obo/go.owl#Reaction_R-HSA-1791083
8010	http://purl.obolibrary.org/obo/go.owl#Reaction_R-HSA-9821235
8011	http://purl.obolibrary.org/obo/go.owl#Reaction_R-HSA-202237
8012	http://purl.obolibrary.org/obo/go.owl#Reaction_R-HSA-9956602
8013	http://purl.obolibrary.org/obo/go.owl#Reaction_R-HSA-8849891
8014	http://purl.obolibrary.org/obo/go.owl#Reaction_R-HSA-5660665
8015	http://purl.obolibrary.org/obo/go.owl#Reaction_R-HSA-5432814
8016	http://purl.obolibrary.org/obo/go.owl#Reaction_R-HSA-8875482
8017	http://purl.obolibrary.org/obo/go.owl#Reaction_R-HSA-392870
8018	http://purl.obolibrary.org/obo/go.owl#Reaction_R-HSA-452353
8019	http://purl.obolibrary.org/obo/go.owl#Pathway_R-HSA-196299
8020	http://purl.obolibrary.org/obo/go.owl#Reaction_R-HSA-109636
8021	http://purl.obolibrary.org/obo/go.owl#Reaction_R-HSA-8951648
8022	http://purl.obolibrary.org/obo/go.owl#Reaction_R-HSA-2394007
8023	http://purl.obolibrary.org/obo/go.owl#Reaction_R-HSA-216068
8024	http://purl.obolibrary.org/obo/go.owl#Pathway_R-HSA-9699150
8025	http://purl.obolibrary.org/obo/go.owl#Reaction_R-HSA-8952625
8026	http://purl.obolibrary.org/obo/GO_0044085_instance
8027	http://purl.obolibrary.org/obo/go.owl#Reaction_R-HSA-2671742
8028	http://purl.obolibrary.org/obo/go.owl#Reaction_R-HSA-8862184
8029	http://purl.obolibrary.org/obo/go.owl#Reaction_R-HSA-9014343
8030	http://purl.obolibrary.org/obo/go.owl#Reaction_R-HSA-1889978
8031	http://purl.obolibrary.org/obo/go.owl#Reaction_R-HSA-139952
8032	http://purl.obolibrary.org/obo/go.owl#Reaction_R-HSA-2160915
8033	http://purl.obolibrary.org/obo/go.owl#Pathway_R-HSA-5660489
8034	http://purl.obolibrary.org/obo/go.owl#Reaction_R-HSA-5675376
8035	http://purl.obolibrary.org/obo/go.owl#Reaction_R-HSA-5686318
8036	http://purl.obolibrary.org/obo/go.owl#Reaction_R-HSA-9606894
8037	http://purl.obolibrary.org/obo/go.owl#Pathway_R-HSA-73772
8038	http://purl.obolibrary.org/obo/go.owl#Reaction_R-HSA-156910
8039	http://purl.obolibrary.org/obo/go.owl#Reaction_R-HSA-5637766
8040	http://purl.obolibrary.org/obo/go.owl#Reaction_R-HSA-416358
8041	http://purl.obolibrary.org/obo/go.owl#Reaction_R-HSA-9931298
8042	http://purl.obolibrary.org/obo/go.owl#Pathway_R-HSA-176974
8043	http://purl.obolibrary.org/obo/go.owl#Reaction_R-HSA-6788556
8044	http://purl.obolibrary.org/obo/go.owl#Reaction_R-HSA-5655892
8045	http://purl.obolibrary.org/obo/go.owl#Reaction_R-HSA-9609921
8046	http://purl.obolibrary.org/obo/go.owl#Reaction_R-HSA-2247513
8047	http://purl.obolibrary.org/obo/go.owl#Reaction_R-HSA-376364
8048	http://purl.obolibrary.org/obo/go.owl#Reaction_R-HSA-8937169
8049	http://purl.obolibrary.org/obo/go.owl#Reaction_R-HSA-1676168
8050	http://purl.obolibrary.org/obo/go.owl#Reaction_R-HSA-5692781
8051	http://purl.obolibrary.org/obo/go.owl#Pathway_R-HSA-193634
8052	http://purl.obolibrary.org/obo/go.owl#Pathway_R-HSA-9022699
8053	http://purl.obolibrary.org/obo/go.owl#Reaction_R-HSA-9859273
8054	http://purl.obolibrary.org/obo/go.owl#Pathway_R-HSA-5683329
8055	http://purl.obolibrary.org/obo/go.owl#Reaction_R-HSA-9007464
8056	http://purl.obolibrary.org/obo/go.owl#Reaction_R-HSA-4754181
8057	http://purl.obolibrary.org/obo/go.owl#Reaction_R-HSA-937075
8058	http://purl.obolibrary.org/obo/go.owl#Reaction_R-HSA-8878702
8059	http://purl.obolibrary.org/obo/go.owl#Reaction_R-HSA-9836664
8060	http://purl.obolibrary.org/obo/go.owl#Reaction_R-HSA-2470935
8061	http://purl.obolibrary.org/obo/go.owl#Reaction_R-HSA-2990842
8062	http://purl.obolibrary.org/obo/go.owl#Reaction_R-HSA-1678854
8063	http://purl.obolibrary.org/obo/go.owl#Reaction_R-HSA-5218824
8064	http://purl.obolibrary.org/obo/go.owl#Reaction_R-HSA-6809325
8065	http://purl.obolibrary.org/obo/go.owl#Reaction_R-HSA-8935731
8066	http://purl.obolibrary.org/obo/go.owl#Reaction_R-HSA-166245
8067	http://purl.obolibrary.org/obo/go.owl#Pathway_R-HSA-8964041
8068	http://purl.obolibrary.org/obo/go.owl#Reaction_R-HSA-8951428
8069	http://purl.obolibrary.org/obo/go.owl#Reaction_R-HSA-9865215
8070	http://purl.obolibrary.org/obo/go.owl#Reaction_R-HSA-8983845
8071	http://purl.obolibrary.org/obo/go.owl#Reaction_R-HSA-2520883
8072	http://purl.obolibrary.org/obo/go.owl#Reaction_R-HSA-9613497
8073	http://purl.obolibrary.org/obo/go.owl#Reaction_R-HSA-9610867
8074	http://purl.obolibrary.org/obo/go.owl#Reaction_R-HSA-5668454
8075	http://purl.obolibrary.org/obo/go.owl#Pathway_R-HSA-933543
8076	http://purl.obolibrary.org/obo/go.owl#Pathway_R-HSA-9013407
8077	http://purl.obolibrary.org/obo/go.owl#Reaction_R-HSA-8850041
8078	http://purl.obolibrary.org/obo/go.owl#Pathway_R-HSA-2453902
8079	http://purl.obolibrary.org/obo/go.owl#Reaction_R-HSA-5691411
8080	http://purl.obolibrary.org/obo/go.owl#Reaction_R-HSA-9661820
8081	http://purl.obolibrary.org/obo/go.owl#Reaction_R-NUL-9619973
8082	http://purl.obolibrary.org/obo/go.owl#Reaction_R-HSA-9934752
8083	http://purl.obolibrary.org/obo/go.owl#Reaction_R-HSA-5654582
8084	http://purl.obolibrary.org/obo/go.owl#Reaction_R-HSA-9706837
8085	http://purl.obolibrary.org/obo/go.owl#Reaction_R-HSA-9820464
8086	http://purl.obolibrary.org/obo/go.owl#Pathway_R-HSA-9925561
8087	http://purl.obolibrary.org/obo/go.owl#Reaction_R-HSA-9662708
8088	http://purl.obolibrary.org/obo/go.owl#Reaction_R-HSA-1971491
8089	http://purl.obolibrary.org/obo/go.owl#Reaction_R-HSA-389348
8090	http://purl.obolibrary.org/obo/go.owl#Pathway_R-HSA-389359
8091	http://purl.obolibrary.org/obo/go.owl#Pathway_R-HSA-373752
8092	http://purl.obolibrary.org/obo/go.owl#Reaction_R-HSA-2065357
8093	http://purl.obolibrary.org/obo/go.owl#Reaction_R-HSA-8987080
8094	http://purl.obolibrary.org/obo/GO_0032535_instance
8095	http://purl.obolibrary.org/obo/go.owl#Reaction_R-HSA-193703
8096	http://purl.obolibrary.org/obo/go.owl#Reaction_R-HSA-6800870
8097	http://purl.obolibrary.org/obo/go.owl#Reaction_R-HSA-3928594
8098	http://purl.obolibrary.org/obo/go.owl#Reaction_R-NUL-4549261
8099	http://purl.obolibrary.org/obo/go.owl#Reaction_R-HSA-2173778
8100	http://purl.obolibrary.org/obo/go.owl#Reaction_R-HSA-9699578
8101	http://purl.obolibrary.org/obo/go.owl#Reaction_R-HSA-9915994
8102	http://purl.obolibrary.org/obo/go.owl#Reaction_R-HSA-1112587
8103	http://purl.obolibrary.org/obo/GO_0007165_instance
8104	http://purl.obolibrary.org/obo/go.owl#Reaction_R-HSA-8866283
8105	http://purl.obolibrary.org/obo/go.owl#Reaction_R-HSA-9914922
8106	http://purl.obolibrary.org/obo/go.owl#Reaction_R-HSA-176298
8107	http://purl.obolibrary.org/obo/go.owl#Reaction_R-HSA-6798282
8108	http://purl.obolibrary.org/obo/go.owl#Pathway_R-HSA-179409
8109	http://purl.obolibrary.org/obo/go.owl#Reaction_R-HSA-1524182
8110	http://purl.obolibrary.org/obo/go.owl#Reaction_R-HSA-1226095
8111	http://purl.obolibrary.org/obo/go.owl#Reaction_R-HSA-428535
8112	http://purl.obolibrary.org/obo/go.owl#Reaction_R-HSA-9632858
8113	http://purl.obolibrary.org/obo/go.owl#Reaction_R-HSA-9858647
8114	http://purl.obolibrary.org/obo/go.owl#Reaction_R-HSA-977224
8115	http://purl.obolibrary.org/obo/go.owl#Reaction_R-HSA-3465429
8116	http://purl.obolibrary.org/obo/go.owl#Reaction_R-HSA-9024326
8117	http://purl.obolibrary.org/obo/go.owl#Reaction_R-HSA-9672176
8118	http://purl.obolibrary.org/obo/go.owl#Reaction_R-HSA-9933559
8119	http://purl.obolibrary.org/obo/go.owl#Reaction_R-HSA-8874685
8120	http://purl.obolibrary.org/obo/go.owl#Reaction_R-HSA-9647619
8121	http://purl.obolibrary.org/obo/go.owl#Reaction_R-NUL-2197556
8122	http://purl.obolibrary.org/obo/go.owl#Reaction_R-HSA-3315483
8123	http://purl.obolibrary.org/obo/go.owl#Reaction_R-HSA-450400
8124	http://purl.obolibrary.org/obo/go.owl#Reaction_R-HSA-6809720
8125	http://purl.obolibrary.org/obo/go.owl#Reaction_R-HSA-9707645
8126	http://purl.obolibrary.org/obo/go.owl#Reaction_R-HSA-983424
8127	http://purl.obolibrary.org/obo/go.owl#Reaction_R-HSA-5218906
8128	http://purl.obolibrary.org/obo/go.owl#Reaction_R-HSA-9725855
8129	http://purl.obolibrary.org/obo/go.owl#Reaction_R-HSA-8851954
8130	http://purl.obolibrary.org/obo/go.owl#Reaction_R-HSA-3465459
8131	http://purl.obolibrary.org/obo/go.owl#Reaction_R-HSA-70994
8132	http://purl.obolibrary.org/obo/go.owl#Reaction_R-HSA-1912368
8133	http://purl.obolibrary.org/obo/go.owl#Reaction_R-HSA-9011997
8134	http://purl.obolibrary.org/obo/go.owl#Reaction_R-HSA-5668629
8135	http://purl.obolibrary.org/obo/go.owl#Reaction_R-HSA-6807868
8136	http://purl.obolibrary.org/obo/go.owl#Reaction_R-HSA-9008137
8137	http://purl.obolibrary.org/obo/go.owl#Reaction_R-HSA-5625421
8138	http://purl.obolibrary.org/obo/go.owl#Pathway_R-HSA-5223345
8139	http://purl.obolibrary.org/obo/go.owl#Pathway_R-HSA-9603505
8140	http://purl.obolibrary.org/obo/go.owl#Reaction_R-HSA-9610627
8141	http://purl.obolibrary.org/obo/go.owl#Reaction_R-HSA-9604834
8142	http://purl.obolibrary.org/obo/go.owl#Pathway_R-HSA-9764302
8143	http://purl.obolibrary.org/obo/go.owl#Reaction_R-HSA-3928656
8144	http://purl.obolibrary.org/obo/go.owl#Reaction_R-HSA-8856930
8145	http://purl.obolibrary.org/obo/go.owl#Reaction_R-HSA-2046088
8146	http://purl.obolibrary.org/obo/go.owl#Reaction_R-HSA-9816153
8147	http://purl.obolibrary.org/obo/go.owl#Reaction_R-HSA-163689
8148	http://purl.obolibrary.org/obo/go.owl#Reaction_R-HSA-9693929
8149	http://purl.obolibrary.org/obo/go.owl#Reaction_R-HSA-5692764
8150	http://purl.obolibrary.org/obo/go.owl#Reaction_R-HSA-9038161
8151	http://purl.obolibrary.org/obo/go.owl#Reaction_R-HSA-8871196
8152	http://purl.obolibrary.org/obo/go.owl#Reaction_R-HSA-5665854
8153	http://purl.obolibrary.org/obo/go.owl#Reaction_R-HSA-549424
8154	http://purl.obolibrary.org/obo/go.owl#Reaction_R-HSA-110317
8155	http://purl.obolibrary.org/obo/go.owl#Reaction_R-HSA-164617
8156	http://purl.obolibrary.org/obo/go.owl#Pathway_R-HSA-389513
8157	http://purl.obolibrary.org/obo/go.owl#Reaction_R-HSA-6802942
8158	http://purl.obolibrary.org/obo/go.owl#Reaction_R-HSA-391153
8159	http://purl.obolibrary.org/obo/go.owl#Reaction_R-HSA-9948362
8160	http://purl.obolibrary.org/obo/go.owl#Reaction_R-HSA-9623096
8161	http://purl.obolibrary.org/obo/go.owl#Reaction_R-HSA-8985460
8162	http://purl.obolibrary.org/obo/go.owl#Reaction_R-HSA-8866551
8163	http://purl.obolibrary.org/obo/go.owl#Reaction_R-HSA-5218852
8164	http://purl.obolibrary.org/obo/go.owl#Reaction_R-HSA-1855210
8165	http://purl.obolibrary.org/obo/go.owl#Pathway_R-HSA-174430
8166	http://purl.obolibrary.org/obo/go.owl#Reaction_R-HSA-3234084
8167	http://purl.obolibrary.org/obo/go.owl#Reaction_R-HSA-5653786
8168	http://purl.obolibrary.org/obo/go.owl#Reaction_R-HSA-418456
8169	http://purl.obolibrary.org/obo/go.owl#Pathway_R-HSA-418457
8170	http://purl.obolibrary.org/obo/go.owl#Reaction_R-HSA-9613476
8171	http://purl.obolibrary.org/obo/go.owl#Reaction_R-HSA-9653585
8172	http://purl.obolibrary.org/obo/go.owl#Reaction_R-HSA-1183058
8173	http://purl.obolibrary.org/obo/go.owl#Reaction_R-HSA-9009403
8174	http://purl.obolibrary.org/obo/go.owl#Reaction_R-HSA-9632918
8175	http://purl.obolibrary.org/obo/go.owl#Reaction_R-HSA-173115
8176	http://purl.obolibrary.org/obo/go.owl#Reaction_R-HSA-162363
8177	http://purl.obolibrary.org/obo/go.owl#Pathway_R-HSA-3315487
8178	http://purl.obolibrary.org/obo/go.owl#Pathway_R-HSA-9732724
8179	http://purl.obolibrary.org/obo/go.owl#Reaction_R-HSA-9836617
8180	http://purl.obolibrary.org/obo/go.owl#Reaction_R-HSA-202164
8181	http://purl.obolibrary.org/obo/go.owl#Reaction_R-HSA-9036949
8182	http://purl.obolibrary.org/obo/go.owl#Pathway_R-HSA-888568
8183	http://purl.obolibrary.org/obo/go.owl#Reaction_R-HSA-5654684
8184	http://purl.obolibrary.org/obo/go.owl#Reaction_R-HSA-9609689
8185	http://purl.obolibrary.org/obo/go.owl#Reaction_R-HSA-4655440
8186	http://purl.obolibrary.org/obo/go.owl#Reaction_R-HSA-350769
8187	http://purl.obolibrary.org/obo/go.owl#Reaction_R-HSA-9947908
8188	http://purl.obolibrary.org/obo/go.owl#Pathway_R-HSA-9948001
8189	http://purl.obolibrary.org/obo/go.owl#Reaction_R-HSA-9687458
8190	http://purl.obolibrary.org/obo/go.owl#Pathway_R-HSA-113501
8191	http://purl.obolibrary.org/obo/go.owl#Reaction_R-HSA-9007686
8192	http://purl.obolibrary.org/obo/go.owl#Reaction_R-HSA-3325546
8193	http://purl.obolibrary.org/obo/go.owl#Pathway_R-HSA-3359485
8194	http://purl.obolibrary.org/obo/go.owl#Reaction_R-HSA-420019
8195	http://purl.obolibrary.org/obo/go.owl#Reaction_R-HSA-8936621
8196	http://purl.obolibrary.org/obo/go.owl#Reaction_R-HSA-4341048
8197	http://purl.obolibrary.org/obo/go.owl#Reaction_R-HSA-2168883
8198	http://purl.obolibrary.org/obo/go.owl#Reaction_R-HSA-9036021
8199	http://purl.obolibrary.org/obo/go.owl#Reaction_R-HSA-9670426
8200	http://purl.obolibrary.org/obo/go.owl#Reaction_R-HSA-5687107
8201	http://purl.obolibrary.org/obo/go.owl#Reaction_R-HSA-5672329
8202	http://purl.obolibrary.org/obo/go.owl#Reaction_R-HSA-9764930
8203	http://purl.obolibrary.org/obo/go.owl#Reaction_R-HSA-9629497
8204	http://purl.obolibrary.org/obo/go.owl#Reaction_R-HSA-8950634
8205	http://purl.obolibrary.org/obo/go.owl#Reaction_R-HSA-9665417
8206	http://purl.obolibrary.org/obo/go.owl#Reaction_R-HSA-9605259
8207	http://purl.obolibrary.org/obo/go.owl#Pathway_R-HSA-9665247
8208	http://purl.obolibrary.org/obo/go.owl#Reaction_R-HSA-9011952
8209	http://purl.obolibrary.org/obo/go.owl#Reaction_R-HSA-6798747
8210	http://purl.obolibrary.org/obo/go.owl#Reaction_R-HSA-8943817
8211	http://purl.obolibrary.org/obo/go.owl#Reaction_R-HSA-4341073
8212	http://purl.obolibrary.org/obo/go.owl#Reaction_R-HSA-5623525
8213	http://purl.obolibrary.org/obo/go.owl#Pathway_R-HSA-9927418
8214	http://purl.obolibrary.org/obo/go.owl#Reaction_R-HSA-389970
8215	http://purl.obolibrary.org/obo/go.owl#Reaction_R-HSA-548890
8216	http://purl.obolibrary.org/obo/go.owl#Reaction_R-HSA-1963578
8217	http://purl.obolibrary.org/obo/go.owl#Reaction_R-HSA-8937037
8218	http://purl.obolibrary.org/obo/go.owl#Reaction_R-HSA-381290
8219	http://purl.obolibrary.org/obo/go.owl#Reaction_R-HSA-9824266
8220	http://purl.obolibrary.org/obo/go.owl#Reaction_R-HSA-3296477
8221	http://purl.obolibrary.org/obo/go.owl#Reaction_R-HSA-1295516
8222	http://purl.obolibrary.org/obo/go.owl#Reaction_R-HSA-9949632
8223	http://purl.obolibrary.org/obo/go.owl#Reaction_R-HSA-9607304
8224	http://purl.obolibrary.org/obo/go.owl#Reaction_R-HSA-9855910
8225	http://purl.obolibrary.org/obo/go.owl#Reaction_R-HSA-5654679
8226	http://purl.obolibrary.org/obo/go.owl#Reaction_R-HSA-4419948
8227	http://purl.obolibrary.org/obo/go.owl#Reaction_R-HSA-168921
8228	http://purl.obolibrary.org/obo/go.owl#Reaction_R-HSA-9698041
8229	http://purl.obolibrary.org/obo/GO_0009967_instance
8230	http://purl.obolibrary.org/obo/go.owl#Reaction_R-HSA-180627
8231	http://purl.obolibrary.org/obo/go.owl#Pathway_R-HSA-9793242
8232	http://purl.obolibrary.org/obo/go.owl#Reaction_R-HSA-1247668
8233	http://purl.obolibrary.org/obo/go.owl#Reaction_R-HSA-2022403
8234	http://purl.obolibrary.org/obo/go.owl#Reaction_R-HSA-2186607
8235	http://purl.obolibrary.org/obo/go.owl#Reaction_R-HSA-8864453
8236	http://purl.obolibrary.org/obo/go.owl#Reaction_R-HSA-374686
8237	http://purl.obolibrary.org/obo/go.owl#Reaction_R-HSA-451403
8238	http://purl.obolibrary.org/obo/go.owl#Reaction_R-NUL-2161160
8239	http://purl.obolibrary.org/obo/go.owl#Pathway_R-HSA-111448
8240	http://purl.obolibrary.org/obo/go.owl#Reaction_R-HSA-9930056
8241	http://purl.obolibrary.org/obo/go.owl#Reaction_R-HSA-2046085
8242	http://purl.obolibrary.org/obo/go.owl#Reaction_R-HSA-9700193
8243	http://purl.obolibrary.org/obo/go.owl#Reaction_R-HSA-1454757
8244	http://purl.obolibrary.org/obo/go.owl#Reaction_R-HSA-9620813
8245	http://purl.obolibrary.org/obo/go.owl#Pathway_R-HSA-77305
8246	http://purl.obolibrary.org/obo/go.owl#Reaction_R-HSA-377186
8247	http://purl.obolibrary.org/obo/go.owl#Pathway_R-HSA-9634635
8248	http://purl.obolibrary.org/obo/go.owl#Reaction_R-HSA-5683405
8249	http://purl.obolibrary.org/obo/go.owl#Reaction_R-HSA-8985943
8250	http://purl.obolibrary.org/obo/go.owl#Reaction_R-HSA-9662096
8251	http://purl.obolibrary.org/obo/go.owl#Reaction_R-HSA-5655347
8252	http://purl.obolibrary.org/obo/go.owl#Reaction_R-HSA-9759809
8253	http://purl.obolibrary.org/obo/go.owl#Reaction_R-HSA-6810239
8254	http://purl.obolibrary.org/obo/go.owl#Reaction_R-HSA-5651805
8255	http://purl.obolibrary.org/obo/go.owl#Reaction_R-HSA-9934027
8256	http://purl.obolibrary.org/obo/go.owl#Reaction_R-HSA-9909561
8257	http://purl.obolibrary.org/obo/go.owl#Reaction_R-HSA-6799202
8258	http://purl.obolibrary.org/obo/go.owl#Reaction_R-HSA-2559468
8259	http://purl.obolibrary.org/obo/go.owl#Reaction_R-HSA-2314686
8260	http://purl.obolibrary.org/obo/go.owl#Reaction_R-HSA-389974
8261	http://purl.obolibrary.org/obo/go.owl#Pathway_R-HSA-1834941
8262	http://purl.obolibrary.org/obo/go.owl#Reaction_R-HSA-77094
8263	http://purl.obolibrary.org/obo/go.owl#Reaction_R-HSA-9674563
8264	http://purl.obolibrary.org/obo/go.owl#Reaction_R-HSA-6798044
8265	http://purl.obolibrary.org/obo/go.owl#Reaction_R-HSA-9760399
8266	http://purl.obolibrary.org/obo/go.owl#Reaction_R-HSA-418200
8267	http://purl.obolibrary.org/obo/go.owl#Reaction_R-HSA-209055
8268	http://purl.obolibrary.org/obo/go.owl#Reaction_R-HSA-210974
8269	http://purl.obolibrary.org/obo/go.owl#Reaction_R-HSA-6814409
8270	http://purl.obolibrary.org/obo/go.owl#Reaction_R-HSA-1363328
8271	http://purl.obolibrary.org/obo/go.owl#Pathway_R-HSA-8849932
8272	http://purl.obolibrary.org/obo/go.owl#Reaction_R-HSA-9817325
8273	http://purl.obolibrary.org/obo/go.owl#Reaction_R-HSA-6807877
8274	http://purl.obolibrary.org/obo/go.owl#Reaction_R-HSA-9828204
8275	http://purl.obolibrary.org/obo/go.owl#Reaction_R-HSA-392530
8276	http://purl.obolibrary.org/obo/go.owl#Reaction_R-HSA-5617650
8277	http://purl.obolibrary.org/obo/go.owl#Reaction_R-HSA-5633040
8278	http://purl.obolibrary.org/obo/go.owl#Pathway_R-HSA-9819196
8279	http://purl.obolibrary.org/obo/go.owl#Reaction_R-HSA-9712078
8280	http://purl.obolibrary.org/obo/go.owl#Reaction_R-HSA-5654641
8281	http://purl.obolibrary.org/obo/go.owl#Reaction_R-HSA-352268
8282	http://purl.obolibrary.org/obo/go.owl#Reaction_R-HSA-9844057
8283	http://purl.obolibrary.org/obo/go.owl#Reaction_R-HSA-8953917
8284	http://purl.obolibrary.org/obo/go.owl#Reaction_R-HSA-2730848
8285	http://purl.obolibrary.org/obo/go.owl#Reaction_R-HSA-445088
8286	http://purl.obolibrary.org/obo/go.owl#Reaction_R-HSA-5250938
8287	http://purl.obolibrary.org/obo/go.owl#Reaction_R-HSA-5655248
8288	http://purl.obolibrary.org/obo/go.owl#Reaction_R-HSA-983259
8289	http://purl.obolibrary.org/obo/go.owl#Reaction_R-HSA-8851804
8290	http://purl.obolibrary.org/obo/go.owl#Reaction_R-HSA-427383
8291	http://purl.obolibrary.org/obo/go.owl#Reaction_R-HSA-418553
8292	http://purl.obolibrary.org/obo/go.owl#Reaction_R-HSA-8857583
8293	http://purl.obolibrary.org/obo/go.owl#Reaction_R-HSA-9828200
8294	http://purl.obolibrary.org/obo/go.owl#Reaction_R-HSA-9912655
8295	http://purl.obolibrary.org/obo/go.owl#Reaction_R-HSA-5626953
8296	http://purl.obolibrary.org/obo/go.owl#Reaction_R-HSA-176702
8297	http://purl.obolibrary.org/obo/go.owl#Reaction_R-HSA-2176502
8298	http://purl.obolibrary.org/obo/go.owl#Reaction_R-HSA-2730892
8299	http://purl.obolibrary.org/obo/go.owl#Reaction_R-HSA-180732
8300	http://purl.obolibrary.org/obo/go.owl#Reaction_R-HSA-4084501
8301	http://purl.obolibrary.org/obo/go.owl#Pathway_R-HSA-3000157
8302	http://purl.obolibrary.org/obo/go.owl#Reaction_R-HSA-8950518
8303	http://purl.obolibrary.org/obo/go.owl#Reaction_R-HSA-9624925
8304	http://purl.obolibrary.org/obo/go.owl#Reaction_R-HSA-392195
8305	http://purl.obolibrary.org/obo/go.owl#Reaction_R-HSA-8936584
8306	http://purl.obolibrary.org/obo/go.owl#Reaction_R-HSA-382055
8307	http://purl.obolibrary.org/obo/go.owl#Reaction_R-HSA-5658092
8308	http://purl.obolibrary.org/obo/go.owl#Reaction_R-HSA-1472121
8309	http://purl.obolibrary.org/obo/go.owl#Reaction_R-HSA-209925
8310	http://purl.obolibrary.org/obo/go.owl#Reaction_R-HSA-9606883
8311	http://purl.obolibrary.org/obo/go.owl#Reaction_R-HSA-9012208
8312	http://purl.obolibrary.org/obo/go.owl#Reaction_R-HSA-3000074
8313	http://purl.obolibrary.org/obo/go.owl#Reaction_R-HSA-199219
8314	http://purl.obolibrary.org/obo/go.owl#Reaction_R-HSA-1225950
8315	http://purl.obolibrary.org/obo/go.owl#Reaction_R-HSA-1839102
8316	http://purl.obolibrary.org/obo/go.owl#Reaction_R-HSA-8949580
8317	http://purl.obolibrary.org/obo/go.owl#Pathway_R-HSA-4043916
8318	http://purl.obolibrary.org/obo/go.owl#Reaction_R-HSA-6802937
8319	http://purl.obolibrary.org/obo/go.owl#Reaction_R-HSA-9937508
8320	http://purl.obolibrary.org/obo/go.owl#Reaction_R-HSA-2430552
8321	http://purl.obolibrary.org/obo/go.owl#Reaction_R-HSA-9027627
8322	http://purl.obolibrary.org/obo/go.owl#Reaction_R-HSA-3928660
8323	http://purl.obolibrary.org/obo/go.owl#Reaction_R-HSA-1299480
8324	http://purl.obolibrary.org/obo/go.owl#Reaction_R-HSA-5624125
8325	http://purl.obolibrary.org/obo/go.owl#Reaction_R-HSA-73632
8326	http://purl.obolibrary.org/obo/go.owl#Reaction_R-HSA-9018825
8327	http://purl.obolibrary.org/obo/go.owl#Reaction_R-HSA-9013284
8328	http://purl.obolibrary.org/obo/go.owl#Reaction_R-HSA-5694433
8329	http://purl.obolibrary.org/obo/go.owl#Reaction_R-HSA-75240
8330	http://purl.obolibrary.org/obo/go.owl#Reaction_R-HSA-1963563
8331	http://purl.obolibrary.org/obo/go.owl#Reaction_R-HSA-9930059
8332	http://purl.obolibrary.org/obo/go.owl#Reaction_R-HSA-981809
8333	http://purl.obolibrary.org/obo/go.owl#Pathway_R-HSA-977068
8334	http://purl.obolibrary.org/obo/go.owl#Reaction_R-HSA-8964634
8335	http://purl.obolibrary.org/obo/go.owl#Reaction_R-HSA-8868134
8336	http://purl.obolibrary.org/obo/go.owl#Reaction_R-HSA-2309787
8337	http://purl.obolibrary.org/obo/go.owl#Reaction_R-HSA-8853734
8338	http://purl.obolibrary.org/obo/go.owl#Reaction_R-HSA-879724
8339	http://purl.obolibrary.org/obo/go.owl#Reaction_R-HSA-5358340
8340	http://purl.obolibrary.org/obo/go.owl#Reaction_R-HSA-4086083
8341	http://purl.obolibrary.org/obo/go.owl#Reaction_R-HSA-74723
8342	http://purl.obolibrary.org/obo/go.owl#Reaction_R-NUL-3907289
8343	http://purl.obolibrary.org/obo/go.owl#Reaction_R-HSA-5625424
8344	http://purl.obolibrary.org/obo/go.owl#Reaction_R-HSA-216048
8345	http://purl.obolibrary.org/obo/go.owl#Reaction_R-HSA-936475
8346	http://purl.obolibrary.org/obo/go.owl#Reaction_R-HSA-2424485
8347	http://purl.obolibrary.org/obo/go.owl#Reaction_R-HSA-6790454
8348	http://purl.obolibrary.org/obo/go.owl#Reaction_R-HSA-352354
8349	http://purl.obolibrary.org/obo/go.owl#Reaction_R-HSA-1015699
8350	http://purl.obolibrary.org/obo/go.owl#Reaction_R-HSA-8985983
8351	http://purl.obolibrary.org/obo/go.owl#Reaction_R-HSA-6810161
8352	http://purl.obolibrary.org/obo/go.owl#Reaction_R-HSA-73806
8353	http://purl.obolibrary.org/obo/go.owl#Reaction_R-HSA-1225961
8354	http://purl.obolibrary.org/obo/go.owl#Pathway_R-HSA-73980
8355	http://purl.obolibrary.org/obo/go.owl#Reaction_R-HSA-9688832
8356	http://purl.obolibrary.org/obo/go.owl#Reaction_R-HSA-5686072
8357	http://purl.obolibrary.org/obo/go.owl#Reaction_R-HSA-9920716
8358	http://purl.obolibrary.org/obo/go.owl#Pathway_R-HSA-9931512
8359	http://purl.obolibrary.org/obo/go.owl#Reaction_R-HSA-5655481
8360	http://purl.obolibrary.org/obo/go.owl#Reaction_R-HSA-8939204
8361	http://purl.obolibrary.org/obo/go.owl#Pathway_R-HSA-9620244
8362	http://purl.obolibrary.org/obo/go.owl#Reaction_R-HSA-1592243
8363	http://purl.obolibrary.org/obo/go.owl#Reaction_R-HSA-8850527
8364	http://purl.obolibrary.org/obo/go.owl#Reaction_R-HSA-9912396
8365	http://purl.obolibrary.org/obo/go.owl#Reaction_R-HSA-9843927
8366	http://purl.obolibrary.org/obo/go.owl#Reaction_R-HSA-9836585
8367	http://purl.obolibrary.org/obo/go.owl#Reaction_R-HSA-5218916
8368	http://purl.obolibrary.org/obo/go.owl#Pathway_R-HSA-901042
8369	http://purl.obolibrary.org/obo/go.owl#Reaction_R-HSA-877281
8370	http://purl.obolibrary.org/obo/go.owl#Reaction_R-HSA-199566
8371	http://purl.obolibrary.org/obo/go.owl#Reaction_R-HSA-9707516
8372	http://purl.obolibrary.org/obo/go.owl#Reaction_R-HSA-9734713
8373	http://purl.obolibrary.org/obo/go.owl#Reaction_R-HSA-8876246
8374	http://purl.obolibrary.org/obo/go.owl#Reaction_R-HSA-3857329
8375	http://purl.obolibrary.org/obo/go.owl#Pathway_R-HSA-74217
8376	http://purl.obolibrary.org/obo/go.owl#Reaction_R-HSA-9617217
8377	http://purl.obolibrary.org/obo/go.owl#Reaction_R-HSA-114558
8378	http://purl.obolibrary.org/obo/go.owl#Reaction_R-HSA-109701
8379	http://purl.obolibrary.org/obo/go.owl#Reaction_R-HSA-8943003
8380	http://purl.obolibrary.org/obo/go.owl#Reaction_R-HSA-2179415
8381	http://purl.obolibrary.org/obo/go.owl#Reaction_R-NUL-9625772
8382	http://purl.obolibrary.org/obo/go.owl#Reaction_R-HSA-5682385
8383	http://purl.obolibrary.org/obo/go.owl#Reaction_R-HSA-73722
8384	http://purl.obolibrary.org/obo/go.owl#Reaction_R-HSA-9660536
8385	http://purl.obolibrary.org/obo/go.owl#Reaction_R-HSA-9833820
8386	http://purl.obolibrary.org/obo/go.owl#Reaction_R-HSA-9670101
8387	http://purl.obolibrary.org/obo/go.owl#Reaction_R-HSA-8981355
8388	http://purl.obolibrary.org/obo/go.owl#Reaction_R-HSA-9794008
8389	http://purl.obolibrary.org/obo/go.owl#Pathway_R-HSA-4687000
8390	http://purl.obolibrary.org/obo/go.owl#Reaction_R-HSA-432295
8391	http://purl.obolibrary.org/obo/go.owl#Reaction_R-HSA-2993790
8392	http://purl.obolibrary.org/obo/go.owl#Reaction_R-HSA-9821931
8393	http://purl.obolibrary.org/obo/go.owl#Reaction_R-NUL-9842870
8394	http://purl.obolibrary.org/obo/go.owl#Reaction_R-HSA-9670114
8395	http://purl.obolibrary.org/obo/go.owl#Reaction_R-HSA-1250370
8396	http://purl.obolibrary.org/obo/go.owl#Reaction_R-HSA-177936
8397	http://purl.obolibrary.org/obo/go.owl#Reaction_R-HSA-1474158
8398	http://purl.obolibrary.org/obo/go.owl#Reaction_R-HSA-9923010
8399	http://purl.obolibrary.org/obo/go.owl#Pathway_R-HSA-2151209
8400	http://purl.obolibrary.org/obo/go.owl#Protein_C6orf62
8401	http://purl.obolibrary.org/obo/go.owl#Reaction_R-HSA-5357845
8402	http://purl.obolibrary.org/obo/go.owl#Reaction_R-HSA-8869694
8403	http://purl.obolibrary.org/obo/go.owl#Reaction_R-HSA-2430533
8404	http://purl.obolibrary.org/obo/go.owl#Reaction_R-HSA-8874079
8405	http://purl.obolibrary.org/obo/go.owl#Reaction_R-HSA-9710959
8406	http://purl.obolibrary.org/obo/go.owl#Reaction_R-HSA-992708
8407	http://purl.obolibrary.org/obo/go.owl#Reaction_R-HSA-2029453
8408	http://purl.obolibrary.org/obo/go.owl#Reaction_R-HSA-445705
8409	http://purl.obolibrary.org/obo/go.owl#Reaction_R-HSA-5637808
8410	http://purl.obolibrary.org/obo/go.owl#Reaction_R-HSA-9656215
8411	http://purl.obolibrary.org/obo/go.owl#Reaction_R-HSA-8851859
8412	http://purl.obolibrary.org/obo/go.owl#Reaction_R-HSA-8954185
8413	http://purl.obolibrary.org/obo/go.owl#Reaction_R-HSA-8853515
8414	http://purl.obolibrary.org/obo/go.owl#Reaction_R-HSA-939763
8415	http://purl.obolibrary.org/obo/go.owl#Reaction_R-HSA-110308
8416	http://purl.obolibrary.org/obo/go.owl#Pathway_R-HSA-110312
8417	http://purl.obolibrary.org/obo/go.owl#Reaction_R-HSA-6792491
8418	http://purl.obolibrary.org/obo/go.owl#Reaction_R-HSA-9620723
8419	http://purl.obolibrary.org/obo/go.owl#Pathway_R-HSA-6781823
8420	http://purl.obolibrary.org/obo/go.owl#Reaction_R-HSA-8953556
8421	http://purl.obolibrary.org/obo/go.owl#Reaction_R-HSA-70837
8422	http://purl.obolibrary.org/obo/go.owl#Reaction_R-HSA-390597
8423	http://purl.obolibrary.org/obo/go.owl#Pathway_R-HSA-163560
8424	http://purl.obolibrary.org/obo/go.owl#Pathway_R-HSA-937042
8425	http://purl.obolibrary.org/obo/go.owl#Reaction_R-HSA-202245
8426	http://purl.obolibrary.org/obo/go.owl#Reaction_R-HSA-376357
8427	http://purl.obolibrary.org/obo/go.owl#Reaction_R-HSA-5617672
8428	http://purl.obolibrary.org/obo/go.owl#Reaction_R-HSA-1912396
8429	http://purl.obolibrary.org/obo/go.owl#Pathway_R-HSA-9634600
8430	http://purl.obolibrary.org/obo/go.owl#Reaction_R-HSA-6781867
8431	http://purl.obolibrary.org/obo/go.owl#Reaction_R-HSA-8964271
8432	http://purl.obolibrary.org/obo/go.owl#Reaction_R-HSA-9006870
8433	http://purl.obolibrary.org/obo/go.owl#Reaction_R-HSA-9851112
8434	http://purl.obolibrary.org/obo/go.owl#Reaction_R-HSA-9008822
8435	http://purl.obolibrary.org/obo/go.owl#Pathway_R-HSA-8874081
8436	http://purl.obolibrary.org/obo/go.owl#Reaction_R-HSA-452122
8437	http://purl.obolibrary.org/obo/go.owl#Reaction_R-HSA-443910
8438	http://purl.obolibrary.org/obo/go.owl#Reaction_R-HSA-2160892
8439	http://purl.obolibrary.org/obo/go.owl#Reaction_R-HSA-9821486
8440	http://purl.obolibrary.org/obo/go.owl#Reaction_R-HSA-2399996
8441	http://purl.obolibrary.org/obo/go.owl#Pathway_R-HSA-9914274
8442	http://purl.obolibrary.org/obo/go.owl#Reaction_R-HSA-8863804
8443	http://purl.obolibrary.org/obo/go.owl#Pathway_R-HSA-159740
8444	http://purl.obolibrary.org/obo/go.owl#Reaction_R-HSA-5671763
8445	http://purl.obolibrary.org/obo/go.owl#Reaction_R-HSA-9609747
8446	http://purl.obolibrary.org/obo/go.owl#Reaction_R-HSA-5576895
8447	http://purl.obolibrary.org/obo/go.owl#Reaction_R-HSA-6814124
8448	http://purl.obolibrary.org/obo/go.owl#Reaction_R-HSA-110368
8449	http://purl.obolibrary.org/obo/go.owl#Reaction_R-HSA-5683384
8450	http://purl.obolibrary.org/obo/go.owl#Pathway_R-HSA-8941855
8451	http://purl.obolibrary.org/obo/go.owl#Reaction_R-HSA-432897
8452	http://purl.obolibrary.org/obo/go.owl#Reaction_R-HSA-9624017
8453	http://purl.obolibrary.org/obo/go.owl#Reaction_R-HSA-9861484
8454	http://purl.obolibrary.org/obo/go.owl#Reaction_R-HSA-606287
8455	http://purl.obolibrary.org/obo/go.owl#Reaction_R-HSA-9865226
8456	http://purl.obolibrary.org/obo/go.owl#Pathway_R-HSA-8853383
8457	http://purl.obolibrary.org/obo/go.owl#Reaction_R-HSA-112429
8458	http://purl.obolibrary.org/obo/go.owl#Reaction_R-HSA-73813
8459	http://purl.obolibrary.org/obo/go.owl#Pathway_R-HSA-8985586
8460	http://purl.obolibrary.org/obo/go.owl#Pathway_R-HSA-191273
8461	http://purl.obolibrary.org/obo/go.owl#Reaction_R-HSA-9796617
8462	http://purl.obolibrary.org/obo/go.owl#Reaction_R-HSA-5357479
8463	http://purl.obolibrary.org/obo/go.owl#Reaction_R-HSA-6786095
8464	http://purl.obolibrary.org/obo/go.owl#Reaction_R-HSA-9673761
8465	http://purl.obolibrary.org/obo/go.owl#Reaction_R-HSA-3928607
8466	http://purl.obolibrary.org/obo/go.owl#Reaction_R-HSA-2507854
8467	http://purl.obolibrary.org/obo/go.owl#Reaction_R-HSA-9908101
8468	http://purl.obolibrary.org/obo/go.owl#Reaction_R-HSA-4551724
8469	http://purl.obolibrary.org/obo/go.owl#Reaction_R-HSA-9645126
8470	http://purl.obolibrary.org/obo/go.owl#Reaction_R-HSA-176264
8471	http://purl.obolibrary.org/obo/go.owl#Reaction_R-HSA-175174
8472	http://purl.obolibrary.org/obo/go.owl#Reaction_R-HSA-8951661
8473	http://purl.obolibrary.org/obo/go.owl#Reaction_R-HSA-8954182
8474	http://purl.obolibrary.org/obo/go.owl#Reaction_R-HSA-9700154
8475	http://purl.obolibrary.org/obo/go.owl#Reaction_R-HSA-141367
8476	http://purl.obolibrary.org/obo/go.owl#Reaction_R-HSA-427336
8477	http://purl.obolibrary.org/obo/go.owl#Reaction_R-HSA-5690827
8478	http://purl.obolibrary.org/obo/go.owl#Reaction_R-HSA-2730888
8479	http://purl.obolibrary.org/obo/go.owl#Reaction_R-HSA-9734475
8480	http://purl.obolibrary.org/obo/go.owl#Reaction_R-HSA-6810158
8481	http://purl.obolibrary.org/obo/go.owl#Pathway_R-HSA-9755088
8482	http://purl.obolibrary.org/obo/go.owl#Reaction_R-HSA-9011981
8483	http://purl.obolibrary.org/obo/go.owl#Reaction_R-HSA-430347
8484	http://purl.obolibrary.org/obo/go.owl#Reaction_R-HSA-5654640
8485	http://purl.obolibrary.org/obo/go.owl#Reaction_R-HSA-2990833
8486	http://purl.obolibrary.org/obo/go.owl#Reaction_R-HSA-1031713
8487	http://purl.obolibrary.org/obo/go.owl#Reaction_R-HSA-1013020
8488	http://purl.obolibrary.org/obo/go.owl#Reaction_R-HSA-9865182
8489	http://purl.obolibrary.org/obo/go.owl#Reaction_R-HSA-70859
8490	http://purl.obolibrary.org/obo/go.owl#Reaction_R-HSA-9603598
8491	http://purl.obolibrary.org/obo/go.owl#Reaction_R-HSA-1250488
8492	http://purl.obolibrary.org/obo/go.owl#Reaction_R-HSA-77589
8493	http://purl.obolibrary.org/obo/go.owl#Reaction_R-NUL-2161165
8494	http://purl.obolibrary.org/obo/go.owl#Reaction_R-HSA-9824874
8495	http://purl.obolibrary.org/obo/go.owl#Reaction_R-HSA-9670417
8496	http://purl.obolibrary.org/obo/go.owl#Reaction_R-HSA-9012319
8497	http://purl.obolibrary.org/obo/go.owl#Reaction_R-HSA-9036068
8498	http://purl.obolibrary.org/obo/go.owl#Reaction_R-HSA-9842655
8499	http://purl.obolibrary.org/obo/go.owl#Reaction_R-HSA-9925159
8500	http://purl.obolibrary.org/obo/go.owl#Reaction_R-HSA-113446
8501	http://purl.obolibrary.org/obo/go.owl#Reaction_R-HSA-9663194
8502	http://purl.obolibrary.org/obo/go.owl#Reaction_R-HSA-904830
8503	http://purl.obolibrary.org/obo/go.owl#Reaction_R-HSA-9716838
8504	http://purl.obolibrary.org/obo/go.owl#Reaction_R-HSA-9703442
8505	http://purl.obolibrary.org/obo/go.owl#Reaction_R-HSA-5621425
8506	http://purl.obolibrary.org/obo/go.owl#Reaction_R-HSA-9824587
8507	http://purl.obolibrary.org/obo/go.owl#Reaction_R-HSA-8944255
8508	http://purl.obolibrary.org/obo/go.owl#Pathway_R-HSA-5635838
8509	http://purl.obolibrary.org/obo/go.owl#Reaction_R-HSA-9664588
8510	http://purl.obolibrary.org/obo/go.owl#Reaction_R-HSA-9006850
8511	http://purl.obolibrary.org/obo/go.owl#Reaction_R-HSA-202214
8512	http://purl.obolibrary.org/obo/go.owl#Reaction_R-HSA-5683930
8513	http://purl.obolibrary.org/obo/go.owl#Reaction_R-HSA-139917
8514	http://purl.obolibrary.org/obo/go.owl#Reaction_R-HSA-1295519
8515	http://purl.obolibrary.org/obo/go.owl#Reaction_R-HSA-9923018
8516	http://purl.obolibrary.org/obo/go.owl#Reaction_R-HSA-8865994
8517	http://purl.obolibrary.org/obo/GO_0000785_instance
8518	http://purl.obolibrary.org/obo/go.owl#Reaction_R-HSA-9696271
8519	http://purl.obolibrary.org/obo/go.owl#Pathway_R-HSA-9796292
8520	http://purl.obolibrary.org/obo/go.owl#Reaction_R-HSA-2029273
8521	http://purl.obolibrary.org/obo/go.owl#Reaction_R-HSA-8951486
8522	http://purl.obolibrary.org/obo/go.owl#Reaction_R-HSA-174441
8523	http://purl.obolibrary.org/obo/go.owl#Reaction_R-HSA-9925862
8524	http://purl.obolibrary.org/obo/go.owl#Reaction_R-HSA-69015
8525	http://purl.obolibrary.org/obo/go.owl#Reaction_R-HSA-4551649
8526	http://purl.obolibrary.org/obo/go.owl#Reaction_R-HSA-8950485
8527	http://purl.obolibrary.org/obo/go.owl#Reaction_R-HSA-9836322
8528	http://purl.obolibrary.org/obo/go.owl#Reaction_R-HSA-72231
8529	http://purl.obolibrary.org/obo/go.owl#Reaction_R-HSA-9759950
8530	http://purl.obolibrary.org/obo/go.owl#Reaction_R-HSA-981814
8531	http://purl.obolibrary.org/obo/go.owl#Reaction_R-HSA-5661124
8532	http://purl.obolibrary.org/obo/go.owl#Reaction_R-HSA-75095
8533	http://purl.obolibrary.org/obo/go.owl#Reaction_R-HSA-9933238
8534	http://purl.obolibrary.org/obo/go.owl#Reaction_R-HSA-114352
8535	http://purl.obolibrary.org/obo/go.owl#Reaction_R-HSA-9857649
8536	http://purl.obolibrary.org/obo/go.owl#Reaction_R-HSA-202472
8537	http://purl.obolibrary.org/obo/go.owl#Reaction_R-HSA-6781833
8538	http://purl.obolibrary.org/obo/go.owl#Reaction_R-HSA-1676114
8539	http://purl.obolibrary.org/obo/go.owl#Reaction_R-HSA-73598
8540	http://purl.obolibrary.org/obo/go.owl#Reaction_R-HSA-205205
8541	http://purl.obolibrary.org/obo/go.owl#Reaction_R-HSA-9009282
8542	http://purl.obolibrary.org/obo/go.owl#Reaction_R-HSA-1606561
8543	http://purl.obolibrary.org/obo/go.owl#Reaction_R-HSA-5607728
8544	http://purl.obolibrary.org/obo/go.owl#Reaction_R-HSA-9922989
8545	http://purl.obolibrary.org/obo/go.owl#Reaction_R-HSA-8987150
8546	http://purl.obolibrary.org/obo/GO_0008154_instance
8547	http://purl.obolibrary.org/obo/go.owl#Reaction_R-HSA-5686704
8548	http://purl.obolibrary.org/obo/go.owl#Pathway_R-HSA-549127
8549	http://purl.obolibrary.org/obo/go.owl#Reaction_R-HSA-9021450
8550	http://purl.obolibrary.org/obo/go.owl#Reaction_R-HSA-917891
8551	http://purl.obolibrary.org/obo/go.owl#Reaction_R-HSA-2066787
8552	http://purl.obolibrary.org/obo/go.owl#Reaction_R-HSA-8964614
8553	http://purl.obolibrary.org/obo/go.owl#Reaction_R-HSA-994137
8554	http://purl.obolibrary.org/obo/go.owl#Reaction_R-HSA-74736
8555	http://purl.obolibrary.org/obo/go.owl#Reaction_R-HSA-6800426
8556	http://purl.obolibrary.org/obo/go.owl#Pathway_R-HSA-5083632
8557	http://purl.obolibrary.org/obo/go.owl#Reaction_R-HSA-8949178
8558	http://purl.obolibrary.org/obo/go.owl#Reaction_R-HSA-265428
8559	http://purl.obolibrary.org/obo/go.owl#Reaction_R-HSA-264418
8560	http://purl.obolibrary.org/obo/go.owl#Reaction_R-HSA-9609917
8561	http://purl.obolibrary.org/obo/go.owl#Reaction_R-HSA-9660538
8562	http://purl.obolibrary.org/obo/GO_0007154_instance
8563	http://purl.obolibrary.org/obo/go.owl#Reaction_R-HSA-5654637
8564	http://purl.obolibrary.org/obo/go.owl#Reaction_R-HSA-9617064
8565	http://purl.obolibrary.org/obo/go.owl#Reaction_R-HSA-9629195
8566	http://purl.obolibrary.org/obo/go.owl#Reaction_R-NUL-4084908
8567	http://purl.obolibrary.org/obo/go.owl#Reaction_R-HSA-70286
8568	http://purl.obolibrary.org/obo/go.owl#Reaction_R-HSA-9925289
8569	http://purl.obolibrary.org/obo/go.owl#Reaction_R-HSA-113442
8570	http://purl.obolibrary.org/obo/go.owl#Reaction_R-HSA-9764800
8571	http://purl.obolibrary.org/obo/go.owl#Reaction_R-HSA-9604487
8572	http://purl.obolibrary.org/obo/go.owl#Reaction_R-HSA-2395320
8573	http://purl.obolibrary.org/obo/go.owl#Reaction_R-HSA-9009401
8574	http://purl.obolibrary.org/obo/go.owl#Reaction_R-HSA-9836435
8575	http://purl.obolibrary.org/obo/go.owl#Reaction_R-HSA-9825790
8576	http://purl.obolibrary.org/obo/go.owl#Reaction_R-HSA-201472
8577	http://purl.obolibrary.org/obo/go.owl#Reaction_R-HSA-8855381
8578	http://purl.obolibrary.org/obo/go.owl#Pathway_R-HSA-8849471
8579	http://purl.obolibrary.org/obo/go.owl#Reaction_R-HSA-9013990
8580	http://purl.obolibrary.org/obo/go.owl#Reaction_R-HSA-1676020
8581	http://purl.obolibrary.org/obo/go.owl#Pathway_R-HSA-5654706
8582	http://purl.obolibrary.org/obo/go.owl#Pathway_R-HSA-2465910
8583	http://purl.obolibrary.org/obo/go.owl#Reaction_R-HSA-9837179
8584	http://purl.obolibrary.org/obo/go.owl#Reaction_R-HSA-416639
8585	http://purl.obolibrary.org/obo/go.owl#Pathway_R-HSA-416993
8586	http://purl.obolibrary.org/obo/go.owl#Reaction_R-HSA-3928615
8587	http://purl.obolibrary.org/obo/go.owl#Reaction_R-NUL-8867463
8588	http://purl.obolibrary.org/obo/go.owl#Reaction_R-HSA-9626848
8589	http://purl.obolibrary.org/obo/go.owl#Reaction_R-HSA-9920724
8590	http://purl.obolibrary.org/obo/go.owl#Reaction_R-HSA-1112565
8591	http://purl.obolibrary.org/obo/go.owl#Reaction_R-HSA-5663105
8592	http://purl.obolibrary.org/obo/go.owl#Reaction_R-HSA-8855130
8593	http://purl.obolibrary.org/obo/go.owl#Reaction_R-HSA-549428
8594	http://purl.obolibrary.org/obo/go.owl#Reaction_R-HSA-430021
8595	http://purl.obolibrary.org/obo/go.owl#Reaction_R-HSA-9937521
8596	http://purl.obolibrary.org/obo/go.owl#Reaction_R-HSA-2671876
8597	http://purl.obolibrary.org/obo/go.owl#Pathway_R-HSA-8952158
8598	http://purl.obolibrary.org/obo/go.owl#Reaction_R-HSA-9817330
8599	http://purl.obolibrary.org/obo/go.owl#Reaction_R-HSA-9836500
8600	http://purl.obolibrary.org/obo/go.owl#Reaction_R-HSA-9707504
8601	http://purl.obolibrary.org/obo/go.owl#Reaction_R-HSA-2172666
8602	http://purl.obolibrary.org/obo/go.owl#Reaction_R-HSA-1912393
8603	http://purl.obolibrary.org/obo/go.owl#Reaction_R-HSA-8856945
8604	http://purl.obolibrary.org/obo/go.owl#Reaction_R-NUL-428519
8605	http://purl.obolibrary.org/obo/go.owl#Reaction_R-HSA-430135
8606	http://purl.obolibrary.org/obo/go.owl#Reaction_R-HSA-452091
8607	http://purl.obolibrary.org/obo/go.owl#Reaction_R-HSA-175117
8608	http://purl.obolibrary.org/obo/go.owl#Reaction_R-HSA-1791130
8609	http://purl.obolibrary.org/obo/go.owl#Reaction_R-HSA-5637770
8610	http://purl.obolibrary.org/obo/go.owl#Reaction_R-HSA-9909632
8611	http://purl.obolibrary.org/obo/go.owl#Reaction_R-HSA-5687121
8612	http://purl.obolibrary.org/obo/go.owl#Pathway_R-HSA-9603798
8613	http://purl.obolibrary.org/obo/go.owl#Reaction_R-HSA-9733772
8614	http://purl.obolibrary.org/obo/go.owl#Pathway_R-HSA-9733709
8615	http://purl.obolibrary.org/obo/go.owl#Reaction_R-HSA-1964482
8616	http://purl.obolibrary.org/obo/go.owl#Pathway_R-HSA-74259
8617	http://purl.obolibrary.org/obo/go.owl#Reaction_R-HSA-9843118
8618	http://purl.obolibrary.org/obo/go.owl#Reaction_R-HSA-9948317
8619	http://purl.obolibrary.org/obo/go.owl#Reaction_R-HSA-1369080
8620	http://purl.obolibrary.org/obo/go.owl#Reaction_R-HSA-9755368
8621	http://purl.obolibrary.org/obo/go.owl#Reaction_R-HSA-1675994
8622	http://purl.obolibrary.org/obo/go.owl#Reaction_R-HSA-975040
8623	http://purl.obolibrary.org/obo/go.owl#Reaction_R-HSA-390329
8624	http://purl.obolibrary.org/obo/go.owl#Reaction_R-HSA-913675
8625	http://purl.obolibrary.org/obo/go.owl#Reaction_R-HSA-2993780
8626	http://purl.obolibrary.org/obo/go.owl#Pathway_R-HSA-9753281
8627	http://purl.obolibrary.org/obo/go.owl#Reaction_R-HSA-5419165
8628	http://purl.obolibrary.org/obo/go.owl#Reaction_R-HSA-9926479
8629	http://purl.obolibrary.org/obo/go.owl#Reaction_R-HSA-2424481
8630	http://purl.obolibrary.org/obo/go.owl#Reaction_R-HSA-8941628
8631	http://purl.obolibrary.org/obo/go.owl#Reaction_R-HSA-418858
8632	http://purl.obolibrary.org/obo/go.owl#Reaction_R-HSA-9606884
8633	http://purl.obolibrary.org/obo/go.owl#Reaction_R-HSA-9823950
8634	http://purl.obolibrary.org/obo/go.owl#Reaction_R-HSA-9009700
8635	http://purl.obolibrary.org/obo/go.owl#Reaction_R-HSA-8848804
8636	http://purl.obolibrary.org/obo/go.owl#Reaction_R-HSA-9017835
8637	http://purl.obolibrary.org/obo/go.owl#Reaction_R-HSA-159574
8638	http://purl.obolibrary.org/obo/go.owl#Reaction_R-HSA-9708525
8639	http://purl.obolibrary.org/obo/go.owl#Reaction_R-HSA-69227
8640	http://purl.obolibrary.org/obo/go.owl#Reaction_R-HSA-5690245
8641	http://purl.obolibrary.org/obo/go.owl#Reaction_R-HSA-8936849
8642	http://purl.obolibrary.org/obo/go.owl#Pathway_R-HSA-5620922
8643	http://purl.obolibrary.org/obo/go.owl#Reaction_R-HSA-74748
8644	http://purl.obolibrary.org/obo/go.owl#Reaction_R-HSA-5696664
8645	http://purl.obolibrary.org/obo/go.owl#Reaction_R-HSA-9692250
8646	http://purl.obolibrary.org/obo/go.owl#Reaction_R-HSA-2134519
8647	http://purl.obolibrary.org/obo/go.owl#Reaction_R-HSA-9662710
8648	http://purl.obolibrary.org/obo/go.owl#Reaction_R-NUL-4084899
8649	http://purl.obolibrary.org/obo/go.owl#Reaction_R-HSA-1168459
8650	http://purl.obolibrary.org/obo/go.owl#Reaction_R-HSA-9844716
8651	http://purl.obolibrary.org/obo/go.owl#Reaction_R-HSA-9912390
8652	http://purl.obolibrary.org/obo/go.owl#Reaction_R-HSA-4615839
8653	http://purl.obolibrary.org/obo/go.owl#Reaction_R-HSA-5654562
8654	http://purl.obolibrary.org/obo/go.owl#Reaction_R-HSA-9677050
8655	http://purl.obolibrary.org/obo/go.owl#Reaction_R-HSA-8987007
8656	http://purl.obolibrary.org/obo/go.owl#Reaction_R-HSA-400046
8657	http://purl.obolibrary.org/obo/go.owl#Pathway_R-HSA-9627069
8658	http://purl.obolibrary.org/obo/go.owl#Pathway_R-HSA-8957275
8659	http://purl.obolibrary.org/obo/go.owl#Reaction_R-HSA-5226999
8660	http://purl.obolibrary.org/obo/go.owl#Reaction_R-HSA-5218891
8661	http://purl.obolibrary.org/obo/go.owl#Reaction_R-HSA-9693198
8662	http://purl.obolibrary.org/obo/go.owl#Pathway_R-HSA-9912529
8663	http://purl.obolibrary.org/obo/go.owl#Reaction_R-HSA-2220982
8664	http://purl.obolibrary.org/obo/go.owl#Reaction_R-HSA-9037040
8665	http://purl.obolibrary.org/obo/go.owl#Reaction_R-HSA-9835992
8666	http://purl.obolibrary.org/obo/go.owl#Reaction_R-HSA-379893
8667	http://purl.obolibrary.org/obo/go.owl#Reaction_R-HSA-9698021
8668	http://purl.obolibrary.org/obo/go.owl#Reaction_R-HSA-9818682
8669	http://purl.obolibrary.org/obo/go.owl#Reaction_R-HSA-9736992
8670	http://purl.obolibrary.org/obo/go.owl#Pathway_R-HSA-9768777
8671	http://purl.obolibrary.org/obo/go.owl#Reaction_R-HSA-9844375
8672	http://purl.obolibrary.org/obo/go.owl#Reaction_R-HSA-8939829
8673	http://purl.obolibrary.org/obo/go.owl#Reaction_R-HSA-351222
8674	http://purl.obolibrary.org/obo/go.owl#Reaction_R-HSA-5229348
8675	http://purl.obolibrary.org/obo/go.owl#Reaction_R-HSA-912458
8676	http://purl.obolibrary.org/obo/go.owl#Reaction_R-HSA-2213236
8677	http://purl.obolibrary.org/obo/go.owl#Reaction_R-HSA-9793382
8678	http://purl.obolibrary.org/obo/go.owl#Reaction_R-HSA-8878186
8679	http://purl.obolibrary.org/obo/go.owl#Reaction_R-HSA-450463
8680	http://purl.obolibrary.org/obo/go.owl#Reaction_R-HSA-5696358
8681	http://purl.obolibrary.org/obo/go.owl#Reaction_R-HSA-3215426
8682	http://purl.obolibrary.org/obo/go.owl#Reaction_R-HSA-3907292
8683	http://purl.obolibrary.org/obo/go.owl#Reaction_R-HSA-9036970
8684	http://purl.obolibrary.org/obo/go.owl#Reaction_R-HSA-8948232
8685	http://purl.obolibrary.org/obo/go.owl#Reaction_R-HSA-8940641
8686	http://purl.obolibrary.org/obo/go.owl#Reaction_R-HSA-211239
8687	http://purl.obolibrary.org/obo/go.owl#Reaction_R-HSA-9706390
8688	http://purl.obolibrary.org/obo/go.owl#Reaction_R-HSA-4411372
8689	http://purl.obolibrary.org/obo/go.owl#Reaction_R-HSA-994169
8690	http://purl.obolibrary.org/obo/go.owl#Reaction_R-HSA-451942
8691	http://purl.obolibrary.org/obo/go.owl#Reaction_R-HSA-5686071
8692	http://purl.obolibrary.org/obo/go.owl#Reaction_R-HSA-202710
8693	http://purl.obolibrary.org/obo/go.owl#Reaction_R-HSA-8935732
8694	http://purl.obolibrary.org/obo/go.owl#Reaction_R-HSA-400092
8695	http://purl.obolibrary.org/obo/go.owl#Pathway_R-HSA-3238698
8696	http://purl.obolibrary.org/obo/go.owl#Reaction_R-HSA-983161
8697	http://purl.obolibrary.org/obo/go.owl#Reaction_R-HSA-9860571
8698	http://purl.obolibrary.org/obo/go.owl#Reaction_R-HSA-1592250
8699	http://purl.obolibrary.org/obo/go.owl#Pathway_R-HSA-8949215
8700	http://purl.obolibrary.org/obo/go.owl#Reaction_R-HSA-428007
8701	http://purl.obolibrary.org/obo/go.owl#Pathway_R-HSA-427975
8702	http://purl.obolibrary.org/obo/go.owl#Reaction_R-HSA-9670619
8703	http://purl.obolibrary.org/obo/go.owl#Reaction_R-HSA-388468
8704	http://purl.obolibrary.org/obo/go.owl#Pathway_R-HSA-5684045
8705	http://purl.obolibrary.org/obo/go.owl#Reaction_R-NUL-9011324
8706	http://purl.obolibrary.org/obo/go.owl#Reaction_R-NUL-1675982
8707	http://purl.obolibrary.org/obo/go.owl#Reaction_R-HSA-77085
8708	http://purl.obolibrary.org/obo/go.owl#Reaction_R-HSA-113449
8709	http://purl.obolibrary.org/obo/go.owl#Reaction_R-HSA-9698008
8710	http://purl.obolibrary.org/obo/go.owl#Reaction_R-HSA-5693148
8711	http://purl.obolibrary.org/obo/go.owl#Reaction_R-HSA-9856502
8712	http://purl.obolibrary.org/obo/go.owl#Reaction_R-HSA-6810139
8713	http://purl.obolibrary.org/obo/go.owl#Reaction_R-HSA-5336422
8714	http://purl.obolibrary.org/obo/go.owl#Reaction_R-HSA-429441
8715	http://purl.obolibrary.org/obo/go.owl#Reaction_R-HSA-1592232
8716	http://purl.obolibrary.org/obo/go.owl#Reaction_R-HSA-421007
8717	http://purl.obolibrary.org/obo/go.owl#Reaction_R-HSA-8984963
8718	http://purl.obolibrary.org/obo/go.owl#Reaction_R-HSA-164500
8719	http://purl.obolibrary.org/obo/go.owl#Reaction_R-HSA-8848005
8720	http://purl.obolibrary.org/obo/go.owl#Reaction_R-HSA-9769115
8721	http://purl.obolibrary.org/obo/go.owl#Pathway_R-HSA-3134975
8722	http://purl.obolibrary.org/obo/go.owl#Pathway_R-HSA-9912481
8723	http://purl.obolibrary.org/obo/go.owl#Reaction_R-HSA-3361751
8724	http://purl.obolibrary.org/obo/go.owl#Reaction_R-HSA-203979
8725	http://purl.obolibrary.org/obo/go.owl#Reaction_R-HSA-1912412
8726	http://purl.obolibrary.org/obo/go.owl#Pathway_R-HSA-71384
8727	http://purl.obolibrary.org/obo/go.owl#Reaction_R-HSA-4086088
8728	http://purl.obolibrary.org/obo/go.owl#Reaction_R-HSA-418170
8729	http://purl.obolibrary.org/obo/go.owl#Reaction_R-HSA-9665000
8730	http://purl.obolibrary.org/obo/go.owl#Reaction_R-HSA-9634445
8731	http://purl.obolibrary.org/obo/go.owl#Reaction_R-HSA-9604738
8732	http://purl.obolibrary.org/obo/go.owl#Reaction_R-HSA-3322140
8733	http://purl.obolibrary.org/obo/go.owl#Reaction_R-HSA-379848
8734	http://purl.obolibrary.org/obo/GO_0098657_instance
8735	http://purl.obolibrary.org/obo/go.owl#Pathway_R-HSA-9663199
8736	http://purl.obolibrary.org/obo/go.owl#Reaction_R-HSA-202165
8737	http://purl.obolibrary.org/obo/go.owl#Reaction_R-HSA-4839634
8738	http://purl.obolibrary.org/obo/go.owl#Reaction_R-HSA-482772
8739	http://purl.obolibrary.org/obo/go.owl#Reaction_R-HSA-5358336
8740	http://purl.obolibrary.org/obo/go.owl#Reaction_R-HSA-9735179
8741	http://purl.obolibrary.org/obo/go.owl#Reaction_R-HSA-174438
8742	http://purl.obolibrary.org/obo/go.owl#Reaction_R-HSA-166168
8743	http://purl.obolibrary.org/obo/go.owl#Pathway_R-HSA-9836573
8744	http://purl.obolibrary.org/obo/go.owl#Reaction_R-HSA-990478
8745	http://purl.obolibrary.org/obo/go.owl#Reaction_R-HSA-110319
8746	http://purl.obolibrary.org/obo/go.owl#Reaction_R-HSA-381707
8747	http://purl.obolibrary.org/obo/go.owl#Reaction_R-HSA-5610767
8748	http://purl.obolibrary.org/obo/go.owl#Reaction_R-HSA-186819
8749	http://purl.obolibrary.org/obo/go.owl#Reaction_R-HSA-1912416
8750	http://purl.obolibrary.org/obo/go.owl#Reaction_R-HSA-4720432
8751	http://purl.obolibrary.org/obo/go.owl#Reaction_R-HSA-9925879
8752	http://purl.obolibrary.org/obo/go.owl#Pathway_R-HSA-2408550
8753	http://purl.obolibrary.org/obo/go.owl#Reaction_R-HSA-9010096
8754	http://purl.obolibrary.org/obo/go.owl#Reaction_R-HSA-9676254
8755	http://purl.obolibrary.org/obo/go.owl#Reaction_R-HSA-3769393
8756	http://purl.obolibrary.org/obo/go.owl#Reaction_R-HSA-83586
8757	http://purl.obolibrary.org/obo/go.owl#Pathway_R-HSA-912631
8758	http://purl.obolibrary.org/obo/go.owl#Reaction_R-HSA-8936068
8759	http://purl.obolibrary.org/obo/go.owl#Reaction_R-HSA-2243937
8760	http://purl.obolibrary.org/obo/go.owl#Reaction_R-HSA-1112609
8761	http://purl.obolibrary.org/obo/go.owl#Reaction_R-HSA-5692779
8762	http://purl.obolibrary.org/obo/go.owl#Reaction_R-HSA-6786012
8763	http://purl.obolibrary.org/obo/go.owl#Reaction_R-HSA-1592252
8764	http://purl.obolibrary.org/obo/go.owl#Reaction_R-HSA-6782628
8765	http://purl.obolibrary.org/obo/go.owl#Reaction_R-HSA-5652005
8766	http://purl.obolibrary.org/obo/go.owl#Reaction_R-HSA-1234183
8767	http://purl.obolibrary.org/obo/go.owl#Reaction_R-HSA-5687103
8768	http://purl.obolibrary.org/obo/go.owl#Reaction_R-HSA-6798126
8769	http://purl.obolibrary.org/obo/go.owl#Reaction_R-HSA-5692755
8770	http://purl.obolibrary.org/obo/go.owl#Reaction_R-NUL-4551334
8771	http://purl.obolibrary.org/obo/go.owl#Reaction_R-HSA-1791092
8772	http://purl.obolibrary.org/obo/go.owl#Reaction_R-HSA-2399999
8773	http://purl.obolibrary.org/obo/go.owl#Reaction_R-HSA-9954723
8774	http://purl.obolibrary.org/obo/go.owl#Reaction_R-HSA-9712199
8775	http://purl.obolibrary.org/obo/go.owl#Reaction_R-NUL-1251988
8776	http://purl.obolibrary.org/obo/go.owl#Reaction_R-HSA-6803063
8777	http://purl.obolibrary.org/obo/go.owl#Reaction_R-HSA-8948231
8778	http://purl.obolibrary.org/obo/GO_0098772_instance
8779	http://purl.obolibrary.org/obo/go.owl#Reaction_R-HSA-9706345
8780	http://purl.obolibrary.org/obo/go.owl#Reaction_R-HSA-350651
8781	http://purl.obolibrary.org/obo/go.owl#Reaction_R-HSA-1964501
8782	http://purl.obolibrary.org/obo/go.owl#Reaction_R-HSA-1474146
8783	http://purl.obolibrary.org/obo/go.owl#Reaction_R-HSA-428531
8784	http://purl.obolibrary.org/obo/GO_0048468_instance
8785	http://purl.obolibrary.org/obo/go.owl#Reaction_R-HSA-3371586
8786	http://purl.obolibrary.org/obo/go.owl#Pathway_R-HSA-8862803
8787	http://purl.obolibrary.org/obo/go.owl#Reaction_R-HSA-9827872
8788	http://purl.obolibrary.org/obo/go.owl#Reaction_R-HSA-9029155
8789	http://purl.obolibrary.org/obo/go.owl#Reaction_R-HSA-164840
8790	http://purl.obolibrary.org/obo/go.owl#Reaction_R-HSA-9842850
8791	http://purl.obolibrary.org/obo/go.owl#Reaction_R-NUL-428884
8792	http://purl.obolibrary.org/obo/go.owl#Reaction_R-HSA-165680
8793	http://purl.obolibrary.org/obo/go.owl#Reaction_R-HSA-112434
8794	http://purl.obolibrary.org/obo/go.owl#Reaction_R-HSA-9007926
8795	http://purl.obolibrary.org/obo/go.owl#Reaction_R-HSA-112383
8796	http://purl.obolibrary.org/obo/GO_0000974_instance
8797	http://purl.obolibrary.org/obo/go.owl#Reaction_R-HSA-8951656
8798	http://purl.obolibrary.org/obo/go.owl#Pathway_R-HSA-5083625
8799	http://purl.obolibrary.org/obo/go.owl#Reaction_R-HSA-198315
8800	http://purl.obolibrary.org/obo/go.owl#Reaction_R-HSA-5683385
8801	http://purl.obolibrary.org/obo/go.owl#Reaction_R-HSA-1912388
8802	http://purl.obolibrary.org/obo/go.owl#Reaction_R-HSA-9634390
8803	http://purl.obolibrary.org/obo/go.owl#Reaction_R-HSA-2162226
8804	http://purl.obolibrary.org/obo/go.owl#Reaction_R-HSA-380782
8805	http://purl.obolibrary.org/obo/go.owl#Reaction_R-HSA-3451153
8806	http://purl.obolibrary.org/obo/go.owl#Reaction_R-HSA-983266
8807	http://purl.obolibrary.org/obo/go.owl#Reaction_R-HSA-2301205
8808	http://purl.obolibrary.org/obo/go.owl#Reaction_R-HSA-391156
8809	http://purl.obolibrary.org/obo/go.owl#Reaction_R-HSA-3900177
8810	http://purl.obolibrary.org/obo/go.owl#Pathway_R-HSA-9022537
8811	http://purl.obolibrary.org/obo/go.owl#Reaction_R-HSA-6805059
8812	http://purl.obolibrary.org/obo/go.owl#Reaction_R-HSA-1237325
8813	http://purl.obolibrary.org/obo/go.owl#Reaction_R-HSA-212263
8814	http://purl.obolibrary.org/obo/go.owl#Reaction_R-HSA-75891
8815	http://purl.obolibrary.org/obo/go.owl#Reaction_R-HSA-9603804
8816	http://purl.obolibrary.org/obo/go.owl#Reaction_R-HSA-9924908
8817	http://purl.obolibrary.org/obo/go.owl#Reaction_R-HSA-352191
8818	http://purl.obolibrary.org/obo/go.owl#Reaction_R-HSA-194808
8819	http://purl.obolibrary.org/obo/go.owl#Reaction_R-HSA-9605052
8820	http://purl.obolibrary.org/obo/go.owl#Reaction_R-HSA-1963581
8821	http://purl.obolibrary.org/obo/go.owl#Reaction_R-HSA-5652151
8822	http://purl.obolibrary.org/obo/go.owl#Reaction_R-HSA-8876615
8823	http://purl.obolibrary.org/obo/go.owl#Reaction_R-HSA-1363303
8824	http://purl.obolibrary.org/obo/go.owl#Reaction_R-HSA-5633314
8825	http://purl.obolibrary.org/obo/go.owl#Reaction_R-HSA-9672159
8826	http://purl.obolibrary.org/obo/go.owl#Reaction_R-HSA-388829
8827	http://purl.obolibrary.org/obo/go.owl#Reaction_R-HSA-9860477
8828	http://purl.obolibrary.org/obo/go.owl#Reaction_R-HSA-9835328
8829	http://purl.obolibrary.org/obo/go.owl#Reaction_R-HSA-9908775
8830	http://purl.obolibrary.org/obo/go.owl#Reaction_R-NUL-5667039
8831	http://purl.obolibrary.org/obo/go.owl#Reaction_R-HSA-164514
8832	http://purl.obolibrary.org/obo/go.owl#Reaction_R-HSA-5685607
8833	http://purl.obolibrary.org/obo/go.owl#Reaction_R-HSA-3229181
8834	http://purl.obolibrary.org/obo/go.owl#Reaction_R-HSA-9690404
8835	http://purl.obolibrary.org/obo/go.owl#Reaction_R-HSA-9865524
8836	http://purl.obolibrary.org/obo/go.owl#Reaction_R-HSA-9012268
8837	http://purl.obolibrary.org/obo/go.owl#Reaction_R-HSA-9699575
8838	http://purl.obolibrary.org/obo/go.owl#Reaction_R-HSA-9032067
8839	http://purl.obolibrary.org/obo/go.owl#Reaction_R-HSA-177501
8840	http://purl.obolibrary.org/obo/go.owl#Pathway_R-HSA-8948216
8841	http://purl.obolibrary.org/obo/go.owl#Reaction_R-HSA-6782106
8842	http://purl.obolibrary.org/obo/go.owl#Reaction_R-HSA-9732629
8843	http://purl.obolibrary.org/obo/go.owl#Reaction_R-HSA-391867
8844	http://purl.obolibrary.org/obo/go.owl#Reaction_R-HSA-5660503
8845	http://purl.obolibrary.org/obo/go.owl#Reaction_R-HSA-2230938
8846	http://purl.obolibrary.org/obo/go.owl#Reaction_R-HSA-8943040
8847	http://purl.obolibrary.org/obo/go.owl#Reaction_R-HSA-389758
8848	http://purl.obolibrary.org/obo/go.owl#Reaction_R-HSA-879798
8849	http://purl.obolibrary.org/obo/go.owl#Reaction_R-HSA-9769345
8850	http://purl.obolibrary.org/obo/go.owl#Reaction_R-HSA-847070
8851	http://purl.obolibrary.org/obo/go.owl#Reaction_R-HSA-8878679
8852	http://purl.obolibrary.org/obo/go.owl#Reaction_R-HSA-9836449
8853	http://purl.obolibrary.org/obo/go.owl#Reaction_R-HSA-9836362
8854	http://purl.obolibrary.org/obo/go.owl#Reaction_R-HSA-5358619
8855	http://purl.obolibrary.org/obo/go.owl#Pathway_R-HSA-76071
8856	http://purl.obolibrary.org/obo/go.owl#Reaction_R-HSA-193655
8857	http://purl.obolibrary.org/obo/go.owl#Reaction_R-HSA-4085133
8858	http://purl.obolibrary.org/obo/go.owl#Reaction_R-HSA-8854588
8859	http://purl.obolibrary.org/obo/go.owl#Reaction_R-HSA-3322427
8860	http://purl.obolibrary.org/obo/go.owl#Reaction_R-HSA-391868
8861	http://purl.obolibrary.org/obo/go.owl#Reaction_R-HSA-8848658
8862	http://purl.obolibrary.org/obo/go.owl#Reaction_R-HSA-9665698
8863	http://purl.obolibrary.org/obo/go.owl#Reaction_R-HSA-5683325
8864	http://purl.obolibrary.org/obo/go.owl#Reaction_R-HSA-8876789
8865	http://purl.obolibrary.org/obo/go.owl#Reaction_R-HSA-399939
8866	http://purl.obolibrary.org/obo/go.owl#Reaction_R-HSA-5688289
8867	http://purl.obolibrary.org/obo/go.owl#Reaction_R-HSA-994020
8868	http://purl.obolibrary.org/obo/go.owl#Reaction_R-HSA-9825788
8869	http://purl.obolibrary.org/obo/go.owl#Reaction_R-HSA-198941
8870	http://purl.obolibrary.org/obo/go.owl#Reaction_R-HSA-482621
8871	http://purl.obolibrary.org/obo/go.owl#Reaction_R-HSA-9922994
8872	http://purl.obolibrary.org/obo/go.owl#Reaction_R-HSA-9701000
8873	http://purl.obolibrary.org/obo/go.owl#Reaction_R-HSA-9033499
8874	http://purl.obolibrary.org/obo/go.owl#Reaction_R-HSA-382052
8875	http://purl.obolibrary.org/obo/go.owl#Reaction_R-HSA-450595
8876	http://purl.obolibrary.org/obo/go.owl#Reaction_R-HSA-167217
8877	http://purl.obolibrary.org/obo/go.owl#Reaction_R-HSA-9640167
8878	http://purl.obolibrary.org/obo/go.owl#Reaction_R-HSA-1855159
8879	http://purl.obolibrary.org/obo/go.owl#Reaction_R-HSA-350318
8880	http://purl.obolibrary.org/obo/go.owl#Reaction_R-HSA-1225947
8881	http://purl.obolibrary.org/obo/GO_0016071_instance
8882	http://purl.obolibrary.org/obo/go.owl#Reaction_R-HSA-994148
8883	http://purl.obolibrary.org/obo/go.owl#Reaction_R-HSA-9645608
8884	http://purl.obolibrary.org/obo/go.owl#Pathway_R-HSA-432142
8885	http://purl.obolibrary.org/obo/go.owl#Reaction_R-HSA-3247849
8886	http://purl.obolibrary.org/obo/go.owl#Reaction_R-HSA-442317
8887	http://purl.obolibrary.org/obo/go.owl#Reaction_R-HSA-9009451
8888	http://purl.obolibrary.org/obo/go.owl#Reaction_R-HSA-2214351
8889	http://purl.obolibrary.org/obo/go.owl#Pathway_R-HSA-189483
8890	http://purl.obolibrary.org/obo/go.owl#Pathway_R-HSA-727802
8891	http://purl.obolibrary.org/obo/go.owl#Reaction_R-HSA-1226094
8892	http://purl.obolibrary.org/obo/go.owl#Reaction_R-HSA-6787594
8893	http://purl.obolibrary.org/obo/go.owl#Reaction_R-HSA-5654573
8894	http://purl.obolibrary.org/obo/go.owl#Reaction_R-HSA-5681981
8895	http://purl.obolibrary.org/obo/go.owl#Reaction_R-HSA-917696
8896	http://purl.obolibrary.org/obo/go.owl#Reaction_R-HSA-2214324
8897	http://purl.obolibrary.org/obo/go.owl#Reaction_R-HSA-9830765
8898	http://purl.obolibrary.org/obo/go.owl#Reaction_R-NUL-9009236
8899	http://purl.obolibrary.org/obo/go.owl#Reaction_R-HSA-5654672
8900	http://purl.obolibrary.org/obo/go.owl#Reaction_R-HSA-9665389
8901	http://purl.obolibrary.org/obo/go.owl#Reaction_R-HSA-9830951
8902	http://purl.obolibrary.org/obo/GO_0010324_instance
8903	http://purl.obolibrary.org/obo/go.owl#Pathway_R-HSA-399954
8904	http://purl.obolibrary.org/obo/go.owl#Pathway_R-HSA-5619099
8905	http://purl.obolibrary.org/obo/go.owl#Reaction_R-HSA-8851888
8906	http://purl.obolibrary.org/obo/go.owl#Reaction_R-HSA-1011598
8907	http://purl.obolibrary.org/obo/go.owl#Reaction_R-HSA-391168
8908	http://purl.obolibrary.org/obo/go.owl#Reaction_R-HSA-2473511
8909	http://purl.obolibrary.org/obo/go.owl#Reaction_R-HSA-9865501
8910	http://purl.obolibrary.org/obo/go.owl#Reaction_R-HSA-9828175
8911	http://purl.obolibrary.org/obo/go.owl#Reaction_R-HSA-9820807
8912	http://purl.obolibrary.org/obo/go.owl#Reaction_R-HSA-9012196
8913	http://purl.obolibrary.org/obo/go.owl#Reaction_R-HSA-8934446
8914	http://purl.obolibrary.org/obo/go.owl#Reaction_R-NUL-1248753
8915	http://purl.obolibrary.org/obo/go.owl#Reaction_R-HSA-5610733
8916	http://purl.obolibrary.org/obo/go.owl#Reaction_R-HSA-5334099
8917	http://purl.obolibrary.org/obo/go.owl#Reaction_R-HSA-5625416
8918	http://purl.obolibrary.org/obo/go.owl#Reaction_R-HSA-380930
8919	http://purl.obolibrary.org/obo/go.owl#Reaction_R-HSA-176059
8920	http://purl.obolibrary.org/obo/go.owl#Reaction_R-HSA-114600
8921	http://purl.obolibrary.org/obo/go.owl#Reaction_R-HSA-1592239
8922	http://purl.obolibrary.org/obo/go.owl#Reaction_R-HSA-9700190
8923	http://purl.obolibrary.org/obo/go.owl#Pathway_R-HSA-9700645
8924	http://purl.obolibrary.org/obo/go.owl#Pathway_R-HSA-5655799
8925	http://purl.obolibrary.org/obo/go.owl#Reaction_R-HSA-4088264
8926	http://purl.obolibrary.org/obo/go.owl#Reaction_R-HSA-5654986
8927	http://purl.obolibrary.org/obo/go.owl#Reaction_R-HSA-9822591
8928	http://purl.obolibrary.org/obo/go.owl#Reaction_R-HSA-9672172
8929	http://purl.obolibrary.org/obo/go.owl#Reaction_R-HSA-1235035
8930	http://purl.obolibrary.org/obo/go.owl#Reaction_R-HSA-9842649
8931	http://purl.obolibrary.org/obo/go.owl#Reaction_R-HSA-2029455
8932	http://purl.obolibrary.org/obo/go.owl#Reaction_R-HSA-3240295
8933	http://purl.obolibrary.org/obo/go.owl#Reaction_R-HSA-9839396
8934	http://purl.obolibrary.org/obo/go.owl#Reaction_R-HSA-5651654
8935	http://purl.obolibrary.org/obo/go.owl#Reaction_R-HSA-114553
8936	http://purl.obolibrary.org/obo/go.owl#Reaction_R-HSA-5672824
8937	http://purl.obolibrary.org/obo/go.owl#Reaction_R-HSA-4518575
8938	http://purl.obolibrary.org/obo/go.owl#Reaction_R-HSA-6799581
8939	http://purl.obolibrary.org/obo/go.owl#Reaction_R-HSA-379977
8940	http://purl.obolibrary.org/obo/go.owl#Reaction_R-HSA-9912480
8941	http://purl.obolibrary.org/obo/go.owl#Reaction_R-HSA-70785
8942	http://purl.obolibrary.org/obo/go.owl#Reaction_R-HSA-2220971
8943	http://purl.obolibrary.org/obo/go.owl#Reaction_R-HSA-6784738
8944	http://purl.obolibrary.org/obo/go.owl#Reaction_R-HSA-1912410
8945	http://purl.obolibrary.org/obo/go.owl#Reaction_R-HSA-6804100
8946	http://purl.obolibrary.org/obo/GO_0009719_instance
8947	http://purl.obolibrary.org/obo/go.owl#Reaction_R-HSA-1011600
8948	http://purl.obolibrary.org/obo/go.owl#Reaction_R-HSA-8937016
8949	http://purl.obolibrary.org/obo/go.owl#Reaction_R-HSA-8936058
8950	http://purl.obolibrary.org/obo/go.owl#Reaction_R-NUL-2064264
8951	http://purl.obolibrary.org/obo/go.owl#Reaction_R-HSA-349626
8952	http://purl.obolibrary.org/obo/go.owl#Reaction_R-HSA-8942803
8953	http://purl.obolibrary.org/obo/go.owl#Reaction_R-HSA-9617596
8954	http://purl.obolibrary.org/obo/go.owl#Reaction_R-HSA-5675790
8955	http://purl.obolibrary.org/obo/go.owl#Reaction_R-HSA-6800794
8956	http://purl.obolibrary.org/obo/go.owl#Reaction_R-HSA-1482887
8957	http://purl.obolibrary.org/obo/go.owl#Reaction_R-HSA-83656
8958	http://purl.obolibrary.org/obo/go.owl#Reaction_R-NUL-4085088
8959	http://purl.obolibrary.org/obo/go.owl#Reaction_R-HSA-2514865
8960	http://purl.obolibrary.org/obo/go.owl#Reaction_R-HSA-8863674
8961	http://purl.obolibrary.org/obo/go.owl#Reaction_R-HSA-9033527
8962	http://purl.obolibrary.org/obo/GO_0031109_instance
8963	http://purl.obolibrary.org/obo/go.owl#Reaction_R-HSA-1535903
8964	http://purl.obolibrary.org/obo/go.owl#Reaction_R-HSA-1912391
8965	http://purl.obolibrary.org/obo/go.owl#Reaction_R-HSA-5635855
8966	http://purl.obolibrary.org/obo/go.owl#Pathway_R-HSA-9615710
8967	http://purl.obolibrary.org/obo/go.owl#Reaction_R-HSA-9932535
8968	http://purl.obolibrary.org/obo/go.owl#Reaction_R-HSA-5620921
8969	http://purl.obolibrary.org/obo/go.owl#Reaction_R-HSA-8981534
8970	http://purl.obolibrary.org/obo/go.owl#Reaction_R-HSA-5689539
8971	http://purl.obolibrary.org/obo/go.owl#Reaction_R-HSA-174447
8972	http://purl.obolibrary.org/obo/go.owl#Reaction_R-HSA-9922984
8973	http://purl.obolibrary.org/obo/go.owl#Reaction_R-HSA-5678313
8974	http://purl.obolibrary.org/obo/go.owl#Reaction_R-HSA-9018880
8975	http://purl.obolibrary.org/obo/go.owl#Reaction_R-HSA-2046100
8976	http://purl.obolibrary.org/obo/go.owl#Reaction_R-HSA-9681169
8977	http://purl.obolibrary.org/obo/go.owl#Reaction_R-HSA-216051
8978	http://purl.obolibrary.org/obo/go.owl#Reaction_R-HSA-914010
8979	http://purl.obolibrary.org/obo/go.owl#Reaction_R-NUL-2186736
8980	http://purl.obolibrary.org/obo/go.owl#Reaction_R-HSA-6805061
8981	http://purl.obolibrary.org/obo/go.owl#Reaction_R-HSA-5696627
8982	http://purl.obolibrary.org/obo/go.owl#Reaction_R-HSA-9824236
8983	http://purl.obolibrary.org/obo/go.owl#Reaction_R-HSA-1980112
8984	http://purl.obolibrary.org/obo/go.owl#Reaction_R-HSA-5663170
8985	http://purl.obolibrary.org/obo/go.owl#Reaction_R-HSA-9835252
8986	http://purl.obolibrary.org/obo/go.owl#Reaction_R-HSA-202723
8987	http://purl.obolibrary.org/obo/go.owl#Reaction_R-HSA-4551465
8988	http://purl.obolibrary.org/obo/go.owl#Reaction_R-HSA-8948226
8989	http://purl.obolibrary.org/obo/GO_0099513_instance
8990	http://purl.obolibrary.org/obo/go.owl#Reaction_R-HSA-8948219
8991	http://purl.obolibrary.org/obo/go.owl#Reaction_R-HSA-6787447
8992	http://purl.obolibrary.org/obo/go.owl#Reaction_R-HSA-380008
8993	http://purl.obolibrary.org/obo/go.owl#Reaction_R-HSA-201422
8994	http://purl.obolibrary.org/obo/go.owl#Reaction_R-HSA-5358599
8995	http://purl.obolibrary.org/obo/go.owl#Pathway_R-HSA-5358565
8996	http://purl.obolibrary.org/obo/go.owl#Reaction_R-HSA-69140
8997	http://purl.obolibrary.org/obo/go.owl#Reaction_R-HSA-9012650
8998	http://purl.obolibrary.org/obo/go.owl#Reaction_R-HSA-1368119
8999	http://purl.obolibrary.org/obo/go.owl#Reaction_R-NUL-1675925
9000	http://purl.obolibrary.org/obo/go.owl#Reaction_R-HSA-2730858
9001	http://purl.obolibrary.org/obo/GO_0030099_instance
9002	http://purl.obolibrary.org/obo/go.owl#Reaction_R-HSA-5140747
9003	http://purl.obolibrary.org/obo/go.owl#Reaction_R-HSA-9823977
9004	http://purl.obolibrary.org/obo/go.owl#Reaction_R-HSA-164507
9005	http://purl.obolibrary.org/obo/go.owl#Reaction_R-HSA-437118
9006	http://purl.obolibrary.org/obo/go.owl#Reaction_R-HSA-9932440
9007	http://purl.obolibrary.org/obo/go.owl#Pathway_R-HSA-9931530
9008	http://purl.obolibrary.org/obo/go.owl#Reaction_R-NUL-2473498
9009	http://purl.obolibrary.org/obo/go.owl#Reaction_R-HSA-265429
9010	http://purl.obolibrary.org/obo/go.owl#Reaction_R-HSA-918230
9011	http://purl.obolibrary.org/obo/go.owl#Reaction_R-HSA-113451
9012	http://purl.obolibrary.org/obo/go.owl#Reaction_R-HSA-879770
9013	http://purl.obolibrary.org/obo/go.owl#Reaction_R-HSA-9725621
9014	http://purl.obolibrary.org/obo/go.owl#Reaction_R-HSA-390598
9015	http://purl.obolibrary.org/obo/go.owl#Reaction_R-HSA-5683925
9016	http://purl.obolibrary.org/obo/go.owl#Reaction_R-HSA-9934884
9017	http://purl.obolibrary.org/obo/go.owl#Reaction_R-HSA-9668597
9018	http://purl.obolibrary.org/obo/go.owl#Reaction_R-HSA-83803
9019	http://purl.obolibrary.org/obo/go.owl#Reaction_R-HSA-9013567
9020	http://purl.obolibrary.org/obo/go.owl#Reaction_R-HSA-9932070
9021	http://purl.obolibrary.org/obo/go.owl#Reaction_R-HSA-9796300
9022	http://purl.obolibrary.org/obo/go.owl#Reaction_R-NUL-2065278
9023	http://purl.obolibrary.org/obo/go.owl#Reaction_R-HSA-5696968
9024	http://purl.obolibrary.org/obo/go.owl#Reaction_R-HSA-6781922
9025	http://purl.obolibrary.org/obo/go.owl#Reaction_R-HSA-429992
9026	http://purl.obolibrary.org/obo/go.owl#Pathway_R-HSA-5696397
9027	http://purl.obolibrary.org/obo/go.owl#Reaction_R-HSA-2213243
9028	http://purl.obolibrary.org/obo/go.owl#Reaction_R-HSA-1028820
9029	http://purl.obolibrary.org/obo/go.owl#Reaction_R-HSA-201425
9030	http://purl.obolibrary.org/obo/go.owl#Reaction_R-HSA-2220988
9031	http://purl.obolibrary.org/obo/go.owl#Reaction_R-HSA-2161961
9032	http://purl.obolibrary.org/obo/go.owl#Reaction_R-HSA-9945017
9033	http://purl.obolibrary.org/obo/go.owl#Reaction_R-HSA-210977
9034	http://purl.obolibrary.org/obo/go.owl#Reaction_R-HSA-9664850
9035	http://purl.obolibrary.org/obo/go.owl#Reaction_R-NUL-4085309
9036	http://purl.obolibrary.org/obo/go.owl#Reaction_R-HSA-9822597
9037	http://purl.obolibrary.org/obo/go.owl#Reaction_R-HSA-8866854
9038	http://purl.obolibrary.org/obo/go.owl#Reaction_R-HSA-9909618
9039	http://purl.obolibrary.org/obo/go.owl#Reaction_R-HSA-156913
9040	http://purl.obolibrary.org/obo/go.owl#Reaction_R-HSA-5638014
9041	http://purl.obolibrary.org/obo/go.owl#Reaction_R-HSA-9033516
9042	http://purl.obolibrary.org/obo/GO_0090304_instance
9043	http://purl.obolibrary.org/obo/GO_1990904_instance
9044	http://purl.obolibrary.org/obo/go.owl#Reaction_R-HSA-186765
9045	http://purl.obolibrary.org/obo/go.owl#Reaction_R-HSA-606326
9046	http://purl.obolibrary.org/obo/go.owl#Reaction_R-HSA-5685608
9047	http://purl.obolibrary.org/obo/go.owl#Reaction_R-HSA-2752125
9048	http://purl.obolibrary.org/obo/go.owl#Reaction_R-HSA-5663138
9049	http://purl.obolibrary.org/obo/GO_0097194_instance
9050	http://purl.obolibrary.org/obo/GO_0031347_instance
9051	http://purl.obolibrary.org/obo/go.owl#Reaction_R-HSA-914018
9052	http://purl.obolibrary.org/obo/go.owl#Reaction_R-HSA-8863012
9053	http://purl.obolibrary.org/obo/go.owl#Reaction_R-HSA-622420
9054	http://purl.obolibrary.org/obo/go.owl#Reaction_R-HSA-5689861
9055	http://purl.obolibrary.org/obo/go.owl#Pathway_R-HSA-3359467
9056	http://purl.obolibrary.org/obo/GO_0003674_instance
9057	http://purl.obolibrary.org/obo/go.owl#Reaction_R-HSA-9033490
9058	http://purl.obolibrary.org/obo/go.owl#Reaction_R-HSA-202248
9059	http://purl.obolibrary.org/obo/go.owl#Reaction_R-HSA-4084910
9060	http://purl.obolibrary.org/obo/go.owl#Reaction_R-HSA-9033530
9061	http://purl.obolibrary.org/obo/GO_2000026_instance
9062	http://purl.obolibrary.org/obo/go.owl#Reaction_R-HSA-9687377
9063	http://purl.obolibrary.org/obo/go.owl#Reaction_R-NUL-9646387
9064	http://purl.obolibrary.org/obo/go.owl#Reaction_R-NUL-2161147
9065	http://purl.obolibrary.org/obo/go.owl#Reaction_R-HSA-9631065
9066	http://purl.obolibrary.org/obo/go.owl#Reaction_R-HSA-2197645
9067	http://purl.obolibrary.org/obo/go.owl#Reaction_R-HSA-1912394
9068	http://purl.obolibrary.org/obo/go.owl#Reaction_R-HSA-9817512
9069	http://purl.obolibrary.org/obo/go.owl#Reaction_R-HSA-9947861
9070	http://purl.obolibrary.org/obo/go.owl#Reaction_R-HSA-388811
9071	http://purl.obolibrary.org/obo/go.owl#Reaction_R-HSA-390593
9072	http://purl.obolibrary.org/obo/go.owl#Reaction_R-HSA-914017
9073	http://purl.obolibrary.org/obo/go.owl#Reaction_R-HSA-9020261
9074	http://purl.obolibrary.org/obo/go.owl#Reaction_R-HSA-264834
9075	http://purl.obolibrary.org/obo/go.owl#Reaction_R-HSA-5655965
9076	http://purl.obolibrary.org/obo/go.owl#Reaction_R-HSA-5663165
9077	http://purl.obolibrary.org/obo/go.owl#Pathway_R-HSA-9749641
9078	http://purl.obolibrary.org/obo/go.owl#Reaction_R-HSA-9735151
9079	http://purl.obolibrary.org/obo/go.owl#Reaction_R-HSA-9036020
9080	http://purl.obolibrary.org/obo/go.owl#Reaction_R-HSA-9824582
9081	http://purl.obolibrary.org/obo/go.owl#Reaction_R-HSA-9823966
9082	http://purl.obolibrary.org/obo/go.owl#Reaction_R-HSA-391151
9083	http://purl.obolibrary.org/obo/go.owl#Reaction_R-HSA-2514867
9084	http://purl.obolibrary.org/obo/go.owl#Pathway_R-HSA-2485179
9085	http://purl.obolibrary.org/obo/go.owl#Reaction_R-HSA-4719354
9086	http://purl.obolibrary.org/obo/go.owl#Reaction_R-HSA-1564120
9087	http://purl.obolibrary.org/obo/go.owl#Reaction_R-HSA-4396371
9088	http://purl.obolibrary.org/obo/go.owl#Reaction_R-HSA-480204
9089	http://purl.obolibrary.org/obo/go.owl#Reaction_R-HSA-9909369
9090	http://purl.obolibrary.org/obo/go.owl#Reaction_R-HSA-2396234
9091	http://purl.obolibrary.org/obo/go.owl#Reaction_R-HSA-1855219
9092	http://purl.obolibrary.org/obo/GO_0004672_instance
9093	http://purl.obolibrary.org/obo/go.owl#Reaction_R-NUL-8955873
9094	http://purl.obolibrary.org/obo/go.owl#Reaction_R-HSA-6803789
9095	http://purl.obolibrary.org/obo/go.owl#Reaction_R-HSA-912467
9096	http://purl.obolibrary.org/obo/go.owl#Reaction_R-NUL-9908700
9097	http://purl.obolibrary.org/obo/go.owl#Pathway_R-HSA-389599
9098	http://purl.obolibrary.org/obo/go.owl#Reaction_R-HSA-8953339
9099	http://purl.obolibrary.org/obo/go.owl#Reaction_R-HSA-5682607
9100	http://purl.obolibrary.org/obo/go.owl#Reaction_R-HSA-2130640
9101	http://purl.obolibrary.org/obo/go.owl#Reaction_R-HSA-1912406
9102	http://purl.obolibrary.org/obo/go.owl#Reaction_R-HSA-376119
9103	http://purl.obolibrary.org/obo/go.owl#Reaction_R-HSA-202703
9104	http://purl.obolibrary.org/obo/go.owl#Reaction_R-HSA-5672008
9105	http://purl.obolibrary.org/obo/GO_0042221_instance
9106	http://purl.obolibrary.org/obo/go.owl#Reaction_R-HSA-9027275
9107	http://purl.obolibrary.org/obo/GO_0006091_instance
9108	http://purl.obolibrary.org/obo/go.owl#Reaction_R-NUL-2065560
9109	http://purl.obolibrary.org/obo/go.owl#Reaction_R-HSA-5691001
9110	http://purl.obolibrary.org/obo/go.owl#Reaction_R-HSA-9664880
9111	http://purl.obolibrary.org/obo/GO_0006414_instance
9112	http://purl.obolibrary.org/obo/go.owl#Reaction_R-HSA-5655466
9113	http://purl.obolibrary.org/obo/go.owl#Reaction_R-HSA-9644900
9114	http://purl.obolibrary.org/obo/go.owl#Reaction_R-HSA-2744242
9115	http://purl.obolibrary.org/obo/go.owl#Reaction_R-HSA-8951764
9116	http://purl.obolibrary.org/obo/go.owl#Reaction_R-HSA-9712195
9117	http://purl.obolibrary.org/obo/go.owl#Reaction_R-HSA-9925650
9118	http://purl.obolibrary.org/obo/go.owl#Reaction_R-HSA-8866405
9119	http://purl.obolibrary.org/obo/go.owl#Reaction_R-HSA-5607732
9120	http://purl.obolibrary.org/obo/go.owl#Reaction_R-HSA-352347
9121	http://purl.obolibrary.org/obo/go.owl#Reaction_R-HSA-216058
9122	http://purl.obolibrary.org/obo/go.owl#Pathway_R-HSA-9944997
9123	http://purl.obolibrary.org/obo/go.owl#Reaction_R-HSA-2213192
9124	http://purl.obolibrary.org/obo/go.owl#Reaction_R-HSA-9793887
9125	http://purl.obolibrary.org/obo/go.owl#Reaction_R-HSA-9934893
9126	http://purl.obolibrary.org/obo/go.owl#Pathway_R-HSA-9725554
9127	http://purl.obolibrary.org/obo/go.owl#Pathway_R-HSA-9025094
9128	http://purl.obolibrary.org/obo/go.owl#Pathway_R-HSA-391908
9129	http://purl.obolibrary.org/obo/go.owl#Reaction_R-HSA-5682690
9130	http://purl.obolibrary.org/obo/go.owl#Reaction_R-HSA-2168960
9131	http://purl.obolibrary.org/obo/go.owl#Reaction_R-NUL-9033896
9132	http://purl.obolibrary.org/obo/go.owl#Reaction_R-NUL-3876071
9133	http://purl.obolibrary.org/obo/go.owl#Reaction_R-HSA-201423
9134	http://purl.obolibrary.org/obo/go.owl#Reaction_R-NUL-9926485
9135	http://purl.obolibrary.org/obo/GO_0006366_instance
9136	http://purl.obolibrary.org/obo/go.owl#Reaction_R-NUL-9620024
9137	http://purl.obolibrary.org/obo/go.owl#Pathway_R-HSA-430116
9138	http://purl.obolibrary.org/obo/go.owl#Pathway_R-HSA-5683826
9139	http://purl.obolibrary.org/obo/go.owl#Reaction_R-HSA-379867
9140	http://purl.obolibrary.org/obo/go.owl#Reaction_R-HSA-1006143
9141	http://purl.obolibrary.org/obo/go.owl#Reaction_R-HSA-2752118
9142	http://purl.obolibrary.org/obo/GO_0010970_instance
9143	http://purl.obolibrary.org/obo/go.owl#Reaction_R-NUL-1250468
9144	http://purl.obolibrary.org/obo/go.owl#Reaction_R-HSA-163809
9145	http://purl.obolibrary.org/obo/go.owl#Reaction_R-HSA-5684862
9146	http://purl.obolibrary.org/obo/go.owl#Reaction_R-HSA-111438
9147	http://purl.obolibrary.org/obo/go.owl#Reaction_R-HSA-9793400
9148	http://purl.obolibrary.org/obo/go.owl#Reaction_R-HSA-9865748
9149	http://purl.obolibrary.org/obo/go.owl#Reaction_R-HSA-4088220
9150	http://purl.obolibrary.org/obo/go.owl#Reaction_R-NUL-2467431
9151	http://purl.obolibrary.org/obo/go.owl#Reaction_R-HSA-994140
9152	http://purl.obolibrary.org/obo/go.owl#Reaction_R-HSA-9750001
9153	http://purl.obolibrary.org/obo/go.owl#Reaction_R-HSA-9824472
9154	http://purl.obolibrary.org/obo/go.owl#Reaction_R-HSA-8955869
9155	http://purl.obolibrary.org/obo/go.owl#Reaction_R-HSA-549364
9156	http://purl.obolibrary.org/obo/go.owl#Reaction_R-HSA-5635856
9157	http://purl.obolibrary.org/obo/go.owl#Reaction_R-HSA-914012
9158	http://purl.obolibrary.org/obo/GO_0009058_instance
9159	http://purl.obolibrary.org/obo/go.owl#Reaction_R-NUL-4084922
9160	http://purl.obolibrary.org/obo/go.owl#Pathway_R-HSA-203615
9161	http://purl.obolibrary.org/obo/GO_0003723_instance
9162	http://purl.obolibrary.org/obo/go.owl#Reaction_R-HSA-549355
9163	http://purl.obolibrary.org/obo/go.owl#Reaction_R-HSA-879782
9164	http://purl.obolibrary.org/obo/GO_0071944_instance
9165	http://purl.obolibrary.org/obo/GO_0005814_instance
9166	http://purl.obolibrary.org/obo/go.owl#Reaction_R-NUL-9717576
9167	http://purl.obolibrary.org/obo/go.owl#Protein_RABL2B
9168	http://purl.obolibrary.org/obo/go.owl#Reaction_R-HSA-5694487
9169	http://purl.obolibrary.org/obo/go.owl#Reaction_R-HSA-5663156
9170	http://purl.obolibrary.org/obo/go.owl#Reaction_R-HSA-1299487
9171	http://purl.obolibrary.org/obo/go.owl#Reaction_R-NUL-1675886
9172	http://purl.obolibrary.org/obo/go.owl#Reaction_R-HSA-1299482
9173	http://purl.obolibrary.org/obo/go.owl#Reaction_R-HSA-74872
9174	http://purl.obolibrary.org/obo/go.owl#Reaction_R-NUL-2064916
9175	http://purl.obolibrary.org/obo/go.owl#Reaction_R-NUL-4396363
9176	http://purl.obolibrary.org/obo/GO_1990778_instance
9177	http://purl.obolibrary.org/obo/go.owl#Reaction_R-HSA-9922998
9178	http://purl.obolibrary.org/obo/go.owl#Reaction_R-NUL-2752136
9179	http://purl.obolibrary.org/obo/GO_0005682_instance
9180	http://purl.obolibrary.org/obo/go.owl#Reaction_R-NUL-1250472
9181	http://purl.obolibrary.org/obo/GO_0097367_instance
9182	http://purl.obolibrary.org/obo/go.owl#Reaction_R-NUL-212920
9183	http://purl.obolibrary.org/obo/GO_0140014_instance
9184	http://purl.obolibrary.org/obo/GO_0006397_instance
9185	http://purl.obolibrary.org/obo/go.owl#Reaction_R-NUL-2317526
9186	http://purl.obolibrary.org/obo/GO_0043933_instance
