0	http://purl.obolibrary.org/obo/go.owl#Reaction_R-HSA-9861469
1	http://purl.obolibrary.org/obo/go.owl#Pathway_R-HSA-9860927
2	http://purl.obolibrary.org/obo/go.owl#Protein_TMEM14B
3	http://purl.obolibrary.org/obo/GO_0044770_instance
4	http://purl.obolibrary.org/obo/go.owl#Sample_GSM1317995
5	http://purl.obolibrary.org/obo/go.owl#Protein_AKIRIN1
6	http://purl.obolibrary.org/obo/go.owl#Protein_H4C3
7	http://purl.obolibrary.org/obo/go.owl#Reaction_R-HSA-9822591
8	http://purl.obolibrary.org/obo/go.owl#Sample_GSM1318052
9	http://purl.obolibrary.org/obo/go.owl#Protein_MRPL14
10	http://purl.obolibrary.org/obo/go.owl#Reaction_R-HSA-2396561
11	http://purl.obolibrary.org/obo/go.owl#Pathway_R-HSA-2172127
12	http://purl.obolibrary.org/obo/go.owl#Protein_CUBN
13	http://purl.obolibrary.org/obo/GO_0031974_instance
14	http://purl.obolibrary.org/obo/go.owl#Protein_LONP1
15	http://purl.obolibrary.org/obo/GO_0005634_instance
16	http://purl.obolibrary.org/obo/go.owl#Protein_ASB8
17	http://purl.obolibrary.org/obo/GO_0016567_instance
18	http://purl.obolibrary.org/obo/go.owl#Protein_MAPKAPK5
19	http://purl.obolibrary.org/obo/GO_0051246_instance
20	http://purl.obolibrary.org/obo/go.owl#Protein_SP3
21	http://purl.obolibrary.org/obo/go.owl#Reaction_R-HSA-6804468
22	http://purl.obolibrary.org/obo/go.owl#Sample_GSM1318042
23	http://purl.obolibrary.org/obo/go.owl#Protein_YBEY
24	http://purl.obolibrary.org/obo/go.owl#Protein_UTY
25	http://purl.obolibrary.org/obo/GO_0009889_instance
26	http://purl.obolibrary.org/obo/go.owl#Protein_GRB2
27	http://purl.obolibrary.org/obo/go.owl#Reaction_R-HSA-9665699
28	http://purl.obolibrary.org/obo/go.owl#Protein_IKBKE
29	http://purl.obolibrary.org/obo/GO_0009893_instance
30	http://purl.obolibrary.org/obo/go.owl#Sample_GSM1317898
31	http://purl.obolibrary.org/obo/go.owl#Protein_DDT
32	http://purl.obolibrary.org/obo/go.owl#Protein_RPA2
33	http://purl.obolibrary.org/obo/GO_0005515_instance
34	http://purl.obolibrary.org/obo/go.owl#Reaction_R-HSA-3900047
35	http://purl.obolibrary.org/obo/go.owl#Pathway_R-HSA-392499
36	http://purl.obolibrary.org/obo/go.owl#Sample_GSM1317965
37	http://purl.obolibrary.org/obo/go.owl#Protein_COQ10B
38	http://purl.obolibrary.org/obo/go.owl#Protein_ADIPOR2
39	http://purl.obolibrary.org/obo/GO_0050896_instance
40	http://purl.obolibrary.org/obo/go.owl#Sample_GSM1317937
41	http://purl.obolibrary.org/obo/go.owl#Protein_MRTFA
42	http://purl.obolibrary.org/obo/go.owl#Sample_GSM1317940
43	http://purl.obolibrary.org/obo/go.owl#Protein_ZNF185
44	http://purl.obolibrary.org/obo/go.owl#Protein_H2AJ
45	http://purl.obolibrary.org/obo/go.owl#Reaction_R-HSA-9843116
46	http://purl.obolibrary.org/obo/go.owl#Sample_GSM1317934
47	http://purl.obolibrary.org/obo/go.owl#Protein_FAM133B
48	http://purl.obolibrary.org/obo/go.owl#Sample_GSM1318028
49	http://purl.obolibrary.org/obo/go.owl#Protein_ANKRD12
50	http://purl.obolibrary.org/obo/go.owl#Protein_PPM1D
51	http://purl.obolibrary.org/obo/go.owl#Sample_GSM1317981
52	http://purl.obolibrary.org/obo/go.owl#Protein_COX5B
53	http://purl.obolibrary.org/obo/go.owl#Protein_NFKB2
54	http://purl.obolibrary.org/obo/go.owl#Protein_VPS4A
55	http://purl.obolibrary.org/obo/GO_0072659_instance
56	http://purl.obolibrary.org/obo/go.owl#Sample_GSM1318029
57	http://purl.obolibrary.org/obo/go.owl#Protein_FBXW5
58	http://purl.obolibrary.org/obo/go.owl#Sample_GSM1317998
59	http://purl.obolibrary.org/obo/go.owl#Protein_YWHAQ
60	http://purl.obolibrary.org/obo/go.owl#Protein_MYC
61	http://purl.obolibrary.org/obo/GO_0008152_instance
62	http://purl.obolibrary.org/obo/go.owl#Protein_ZNF721
63	http://purl.obolibrary.org/obo/GO_1902680_instance
64	http://purl.obolibrary.org/obo/go.owl#Protein_PCNP
65	http://purl.obolibrary.org/obo/go.owl#Sample_GSM1318055
66	http://purl.obolibrary.org/obo/go.owl#Protein_ZNF277
67	http://purl.obolibrary.org/obo/go.owl#Sample_GSM1318034
68	http://purl.obolibrary.org/obo/go.owl#Protein_SAP30L
69	http://purl.obolibrary.org/obo/go.owl#Sample_GSM1318010
70	http://purl.obolibrary.org/obo/go.owl#Protein_LIMS1
71	http://purl.obolibrary.org/obo/go.owl#Sample_GSM1318014
72	http://purl.obolibrary.org/obo/go.owl#Protein_ZMIZ1
73	http://purl.obolibrary.org/obo/go.owl#Protein_EDF1
74	http://purl.obolibrary.org/obo/GO_0044238_instance
75	http://purl.obolibrary.org/obo/go.owl#Pathway_R-HSA-9013973
76	http://purl.obolibrary.org/obo/go.owl#Protein_CISD1
77	http://purl.obolibrary.org/obo/GO_0005737_instance
78	http://purl.obolibrary.org/obo/go.owl#Reaction_R-HSA-198756
79	http://purl.obolibrary.org/obo/go.owl#Pathway_R-HSA-168142
80	http://purl.obolibrary.org/obo/go.owl#Protein_MAPK1
81	http://purl.obolibrary.org/obo/go.owl#Pathway_R-HSA-881907
82	http://purl.obolibrary.org/obo/go.owl#Protein_ING2
83	http://purl.obolibrary.org/obo/go.owl#Reaction_R-HSA-429581
84	http://purl.obolibrary.org/obo/go.owl#Pathway_R-HSA-425397
85	http://purl.obolibrary.org/obo/go.owl#Protein_ERBIN
86	http://purl.obolibrary.org/obo/GO_0051239_instance
87	http://purl.obolibrary.org/obo/go.owl#Reaction_R-HSA-163810
88	http://purl.obolibrary.org/obo/go.owl#Pathway_R-HSA-597592
89	http://purl.obolibrary.org/obo/go.owl#Sample_GSM1318056
90	http://purl.obolibrary.org/obo/go.owl#Protein_SRSF1
91	http://purl.obolibrary.org/obo/go.owl#Protein_GNA13
92	http://purl.obolibrary.org/obo/GO_0031410_instance
93	http://purl.obolibrary.org/obo/go.owl#Sample_GSM1318051
94	http://purl.obolibrary.org/obo/go.owl#Protein_LAPTM5
95	http://purl.obolibrary.org/obo/GO_0010008_instance
96	http://purl.obolibrary.org/obo/GO_0098588_instance
97	http://purl.obolibrary.org/obo/go.owl#Sample_GSM1318038
98	http://purl.obolibrary.org/obo/go.owl#Protein_ATP5F1D
99	http://purl.obolibrary.org/obo/go.owl#Reaction_R-HSA-68917
100	http://purl.obolibrary.org/obo/go.owl#Pathway_R-HSA-68962
101	http://purl.obolibrary.org/obo/go.owl#Sample_GSM1317945
102	http://purl.obolibrary.org/obo/go.owl#Protein_RNASE3
103	http://purl.obolibrary.org/obo/go.owl#Sample_GSM1318033
104	http://purl.obolibrary.org/obo/go.owl#Protein_ME2
105	http://purl.obolibrary.org/obo/go.owl#Protein_NOSIP
106	http://purl.obolibrary.org/obo/GO_0043229_instance
107	http://purl.obolibrary.org/obo/go.owl#Protein_BCR
108	http://purl.obolibrary.org/obo/go.owl#Pathway_R-HSA-9013404
109	http://purl.obolibrary.org/obo/go.owl#Sample_GSM1317958
110	http://purl.obolibrary.org/obo/go.owl#Protein_MARCHF7
111	http://purl.obolibrary.org/obo/go.owl#Sample_GSM1317902
112	http://purl.obolibrary.org/obo/go.owl#Protein_ANKRA2
113	http://purl.obolibrary.org/obo/go.owl#Sample_GSM1317897
114	http://purl.obolibrary.org/obo/go.owl#Protein_CNIH1
115	http://purl.obolibrary.org/obo/go.owl#Protein_SACS
116	http://purl.obolibrary.org/obo/GO_0044087_instance
117	http://purl.obolibrary.org/obo/go.owl#Pathway_R-HSA-198725
118	http://purl.obolibrary.org/obo/go.owl#Pathway_R-HSA-166520
119	http://purl.obolibrary.org/obo/go.owl#Sample_GSM1317909
120	http://purl.obolibrary.org/obo/go.owl#Protein_DENND3
121	http://purl.obolibrary.org/obo/go.owl#Protein_COP1
122	http://purl.obolibrary.org/obo/go.owl#Protein_NCOR2
123	http://purl.obolibrary.org/obo/go.owl#Pathway_R-HSA-3247509
124	http://purl.obolibrary.org/obo/go.owl#Protein_PPP2CB
125	http://purl.obolibrary.org/obo/go.owl#Pathway_R-HSA-975155
126	http://purl.obolibrary.org/obo/go.owl#Sample_GSM1317917
127	http://purl.obolibrary.org/obo/go.owl#Protein_BAZ1B
128	http://purl.obolibrary.org/obo/go.owl#Protein_EIF2AK2
129	http://purl.obolibrary.org/obo/go.owl#Pathway_R-HSA-168276
130	http://purl.obolibrary.org/obo/go.owl#Protein_TUBA4A
131	http://purl.obolibrary.org/obo/go.owl#Pathway_R-HSA-9609646
132	http://purl.obolibrary.org/obo/go.owl#Reaction_R-HSA-9018808
133	http://purl.obolibrary.org/obo/go.owl#Pathway_R-HSA-9012999
134	http://purl.obolibrary.org/obo/go.owl#Protein_KDM3A
135	http://purl.obolibrary.org/obo/go.owl#Pathway_R-HSA-4839726
136	http://purl.obolibrary.org/obo/go.owl#Reaction_R-HSA-9907965
137	http://purl.obolibrary.org/obo/go.owl#Reaction_R-HSA-9823950
138	http://purl.obolibrary.org/obo/go.owl#Pathway_R-HSA-1266738
139	http://purl.obolibrary.org/obo/go.owl#Sample_GSM1317928
140	http://purl.obolibrary.org/obo/go.owl#Protein_RPS3A
141	http://purl.obolibrary.org/obo/go.owl#Protein_SCARB2
142	http://purl.obolibrary.org/obo/GO_0048856_instance
143	http://purl.obolibrary.org/obo/go.owl#Protein_MAP7D3
144	http://purl.obolibrary.org/obo/GO_0043228_instance
145	http://purl.obolibrary.org/obo/go.owl#Protein_KTN1
146	http://purl.obolibrary.org/obo/GO_0051179_instance
147	http://purl.obolibrary.org/obo/go.owl#Sample_GSM1317978
148	http://purl.obolibrary.org/obo/go.owl#Protein_TRAFD1
149	http://purl.obolibrary.org/obo/go.owl#Sample_GSM1317971
150	http://purl.obolibrary.org/obo/go.owl#Protein_OGFR
151	http://purl.obolibrary.org/obo/go.owl#Sample_GSM1317933
152	http://purl.obolibrary.org/obo/go.owl#Protein_SDHD
153	http://purl.obolibrary.org/obo/go.owl#Protein_UQCC2
154	http://purl.obolibrary.org/obo/go.owl#Protein_ATG5
155	http://purl.obolibrary.org/obo/GO_0051707_instance
156	http://purl.obolibrary.org/obo/go.owl#Reaction_R-HSA-5668947
157	http://purl.obolibrary.org/obo/go.owl#Pathway_R-HSA-195258
158	http://purl.obolibrary.org/obo/go.owl#Protein_RERE
159	http://purl.obolibrary.org/obo/GO_0070013_instance
160	http://purl.obolibrary.org/obo/go.owl#Protein_ABITRAM
161	http://purl.obolibrary.org/obo/go.owl#Sample_GSM1317980
162	http://purl.obolibrary.org/obo/go.owl#Protein_DDX39B
163	http://purl.obolibrary.org/obo/GO_0050657_instance
164	http://purl.obolibrary.org/obo/go.owl#Sample_GSM1317979
165	http://purl.obolibrary.org/obo/go.owl#Protein_MGST3
166	http://purl.obolibrary.org/obo/go.owl#Protein_ARID4B
167	http://purl.obolibrary.org/obo/go.owl#Sample_GSM1318013
168	http://purl.obolibrary.org/obo/go.owl#Protein_RSU1
169	http://purl.obolibrary.org/obo/go.owl#Protein_KIF20A
170	http://purl.obolibrary.org/obo/GO_0005488_instance
171	http://purl.obolibrary.org/obo/go.owl#Protein_UQCRH
172	http://purl.obolibrary.org/obo/GO_0043231_instance
173	http://purl.obolibrary.org/obo/go.owl#Sample_GSM1317970
174	http://purl.obolibrary.org/obo/go.owl#Protein_BID
175	http://purl.obolibrary.org/obo/go.owl#Sample_GSM1317935
176	http://purl.obolibrary.org/obo/go.owl#Protein_APBB3
177	http://purl.obolibrary.org/obo/GO_0051641_instance
178	http://purl.obolibrary.org/obo/go.owl#Protein_CRTAP
179	http://purl.obolibrary.org/obo/GO_0019222_instance
180	http://purl.obolibrary.org/obo/go.owl#Protein_VAMP1
181	http://purl.obolibrary.org/obo/go.owl#Sample_GSM1317926
182	http://purl.obolibrary.org/obo/go.owl#Protein_BARD1
183	http://purl.obolibrary.org/obo/go.owl#Sample_GSM1317913
184	http://purl.obolibrary.org/obo/go.owl#Protein_SH3BP1
185	http://purl.obolibrary.org/obo/go.owl#Sample_GSM1317948
186	http://purl.obolibrary.org/obo/go.owl#Protein_WIPF1
187	http://purl.obolibrary.org/obo/go.owl#Sample_GSM1318020
188	http://purl.obolibrary.org/obo/go.owl#Protein_CXCL5
189	http://purl.obolibrary.org/obo/go.owl#Protein_SMC1A
190	http://purl.obolibrary.org/obo/go.owl#Reaction_R-HSA-1638803
191	http://purl.obolibrary.org/obo/go.owl#Protein_RAD51D
192	http://purl.obolibrary.org/obo/go.owl#Pathway_0000000
193	http://purl.obolibrary.org/obo/go.owl#Protein_BACH1
194	http://purl.obolibrary.org/obo/GO_0048519_instance
195	http://purl.obolibrary.org/obo/go.owl#Sample_GSM1317955
196	http://purl.obolibrary.org/obo/go.owl#Protein_STK26
197	http://purl.obolibrary.org/obo/GO_0009987_instance
198	http://purl.obolibrary.org/obo/go.owl#Protein_CD14
199	http://purl.obolibrary.org/obo/go.owl#Sample_GSM1317939
200	http://purl.obolibrary.org/obo/go.owl#Protein_PPP1R2
201	http://purl.obolibrary.org/obo/go.owl#Protein_NUP50
202	http://purl.obolibrary.org/obo/go.owl#Pathway_R-HSA-162587
203	http://purl.obolibrary.org/obo/go.owl#Protein_CIR1
204	http://purl.obolibrary.org/obo/GO_0043232_instance
205	http://purl.obolibrary.org/obo/go.owl#Protein_CD3G
206	http://purl.obolibrary.org/obo/go.owl#Protein_SRSF3
207	http://purl.obolibrary.org/obo/go.owl#Protein_USP38
208	http://purl.obolibrary.org/obo/GO_0140546_instance
209	http://purl.obolibrary.org/obo/go.owl#Reaction_R-HSA-5340385
210	http://purl.obolibrary.org/obo/go.owl#Pathway_R-HSA-449147
211	http://purl.obolibrary.org/obo/go.owl#Protein_PHF1
212	http://purl.obolibrary.org/obo/GO_0071840_instance
213	http://purl.obolibrary.org/obo/go.owl#Reaction_R-HSA-5655348
214	http://purl.obolibrary.org/obo/go.owl#Pathway_R-HSA-1226099
215	http://purl.obolibrary.org/obo/go.owl#Sample_GSM1318000
216	http://purl.obolibrary.org/obo/go.owl#Protein_ARFIP1
217	http://purl.obolibrary.org/obo/go.owl#Protein_FBXO38
218	http://purl.obolibrary.org/obo/GO_0000151_instance
219	http://purl.obolibrary.org/obo/GO_0048583_instance
220	http://purl.obolibrary.org/obo/go.owl#Protein_FBXO7
221	http://purl.obolibrary.org/obo/GO_0032502_instance
222	http://purl.obolibrary.org/obo/go.owl#Sample_GSM1317972
223	http://purl.obolibrary.org/obo/go.owl#Protein_EXOC3
224	http://purl.obolibrary.org/obo/go.owl#Protein_KMT5B
225	http://purl.obolibrary.org/obo/go.owl#Protein_GOLPH3
226	http://purl.obolibrary.org/obo/go.owl#Protein_FYN
227	http://purl.obolibrary.org/obo/go.owl#Reaction_R-HSA-2424480
228	http://purl.obolibrary.org/obo/go.owl#Sample_GSM1317986
229	http://purl.obolibrary.org/obo/go.owl#Protein_MTF1
230	http://purl.obolibrary.org/obo/go.owl#Reaction_R-HSA-2424484
231	http://purl.obolibrary.org/obo/go.owl#Sample_GSM1317964
232	http://purl.obolibrary.org/obo/go.owl#Protein_VPS18
233	http://purl.obolibrary.org/obo/go.owl#Protein_B2M
234	http://purl.obolibrary.org/obo/go.owl#Reaction_R-HSA-182286
235	http://purl.obolibrary.org/obo/go.owl#Protein_CDK5RAP3
236	http://purl.obolibrary.org/obo/go.owl#Protein_TUBG1
237	http://purl.obolibrary.org/obo/go.owl#Protein_PPP2R2B
238	http://purl.obolibrary.org/obo/go.owl#Sample_GSM1317962
239	http://purl.obolibrary.org/obo/go.owl#Protein_YWHAE
240	http://purl.obolibrary.org/obo/go.owl#Sample_GSM1318018
241	http://purl.obolibrary.org/obo/go.owl#Protein_FAM111A
242	http://purl.obolibrary.org/obo/go.owl#Protein_CLTC
243	http://purl.obolibrary.org/obo/GO_0015630_instance
244	http://purl.obolibrary.org/obo/go.owl#Protein_HDHD2
245	http://purl.obolibrary.org/obo/go.owl#Reaction_R-HSA-5368580
246	http://purl.obolibrary.org/obo/go.owl#Pathway_R-HSA-162582
247	http://purl.obolibrary.org/obo/go.owl#Protein_RNPC3
248	http://purl.obolibrary.org/obo/go.owl#Protein_PRKAR1A
249	http://purl.obolibrary.org/obo/GO_0006793_instance
250	http://purl.obolibrary.org/obo/go.owl#Sample_GSM1317903
251	http://purl.obolibrary.org/obo/go.owl#Protein_POLR3GL
252	http://purl.obolibrary.org/obo/go.owl#Protein_ZSWIM8
253	http://purl.obolibrary.org/obo/go.owl#Protein_HIF1A
254	http://purl.obolibrary.org/obo/go.owl#Protein_TRAPPC11
255	http://purl.obolibrary.org/obo/GO_0012505_instance
256	http://purl.obolibrary.org/obo/go.owl#Protein_SEPTIN6
257	http://purl.obolibrary.org/obo/GO_0000779_instance
258	http://purl.obolibrary.org/obo/go.owl#Protein_PABPC1
259	http://purl.obolibrary.org/obo/go.owl#Protein_RBM4
260	http://purl.obolibrary.org/obo/go.owl#Sample_GSM1317974
261	http://purl.obolibrary.org/obo/go.owl#Protein_ACTG1
262	http://purl.obolibrary.org/obo/go.owl#Sample_GSM1317999
263	http://purl.obolibrary.org/obo/go.owl#Protein_PTGER4
264	http://purl.obolibrary.org/obo/go.owl#Protein_SUCLG1
265	http://purl.obolibrary.org/obo/go.owl#Sample_GSM1318058
266	http://purl.obolibrary.org/obo/go.owl#Protein_CNBP
267	http://purl.obolibrary.org/obo/go.owl#Protein_STXBP3
268	http://purl.obolibrary.org/obo/GO_0043230_instance
269	http://purl.obolibrary.org/obo/go.owl#Sample_GSM1317923
270	http://purl.obolibrary.org/obo/go.owl#Protein_SENP7
271	http://purl.obolibrary.org/obo/go.owl#Protein_PSMC6
272	http://purl.obolibrary.org/obo/go.owl#Pathway_R-HSA-2467813
273	http://purl.obolibrary.org/obo/go.owl#Protein_TGFB3
274	http://purl.obolibrary.org/obo/go.owl#Reaction_R-HSA-481007
275	http://purl.obolibrary.org/obo/GO_0010256_instance
276	http://purl.obolibrary.org/obo/go.owl#Reaction_R-HSA-9634669
277	http://purl.obolibrary.org/obo/go.owl#Pathway_R-HSA-8953897
278	http://purl.obolibrary.org/obo/go.owl#Protein_ZNF217
279	http://purl.obolibrary.org/obo/go.owl#Protein_EFTUD2
280	http://purl.obolibrary.org/obo/go.owl#Protein_SERINC3
281	http://purl.obolibrary.org/obo/GO_0002376_instance
282	http://purl.obolibrary.org/obo/go.owl#Sample_GSM1317954
283	http://purl.obolibrary.org/obo/go.owl#Protein_SLPI
284	http://purl.obolibrary.org/obo/go.owl#Reaction_R-HSA-9935209
285	http://purl.obolibrary.org/obo/go.owl#Pathway_R-HSA-421270
286	http://purl.obolibrary.org/obo/go.owl#Sample_GSM1317900
287	http://purl.obolibrary.org/obo/go.owl#Protein_LBR
288	http://purl.obolibrary.org/obo/go.owl#Protein_PKM
289	http://purl.obolibrary.org/obo/go.owl#Protein_RBM23
290	http://purl.obolibrary.org/obo/go.owl#Sample_GSM1317946
291	http://purl.obolibrary.org/obo/go.owl#Protein_RAPGEF6
292	http://purl.obolibrary.org/obo/go.owl#Sample_GSM1317925
293	http://purl.obolibrary.org/obo/go.owl#Protein_INPP5D
294	http://purl.obolibrary.org/obo/go.owl#Sample_GSM1318053
295	http://purl.obolibrary.org/obo/go.owl#Protein_FBXO46
296	http://purl.obolibrary.org/obo/go.owl#Sample_GSM1317901
297	http://purl.obolibrary.org/obo/go.owl#Protein_SMG7
298	http://purl.obolibrary.org/obo/go.owl#Sample_GSM1317961
299	http://purl.obolibrary.org/obo/go.owl#Protein_ARL6IP5
300	http://purl.obolibrary.org/obo/go.owl#Protein_PIK3R1
301	http://purl.obolibrary.org/obo/go.owl#Reaction_R-HSA-9696266
302	http://purl.obolibrary.org/obo/GO_0010604_instance
303	http://purl.obolibrary.org/obo/go.owl#Protein_RNF216
304	http://purl.obolibrary.org/obo/go.owl#Protein_INSIG1
305	http://purl.obolibrary.org/obo/go.owl#Protein_RAB33B
306	http://purl.obolibrary.org/obo/go.owl#Protein_RIOX2
307	http://purl.obolibrary.org/obo/go.owl#Protein_PKIA
308	http://purl.obolibrary.org/obo/GO_0035556_instance
309	http://purl.obolibrary.org/obo/GO_0003682_instance
310	http://purl.obolibrary.org/obo/go.owl#Protein_TMEM230
311	http://purl.obolibrary.org/obo/go.owl#Sample_GSM1317924
312	http://purl.obolibrary.org/obo/go.owl#Protein_CRLF3
313	http://purl.obolibrary.org/obo/go.owl#Sample_GSM1317944
314	http://purl.obolibrary.org/obo/go.owl#Protein_DEDD
315	http://purl.obolibrary.org/obo/go.owl#Reaction_R-HSA-418874
316	http://purl.obolibrary.org/obo/go.owl#Pathway_R-HSA-418885
317	http://purl.obolibrary.org/obo/go.owl#Protein_ABCF1
318	http://purl.obolibrary.org/obo/GO_1901265_instance
319	http://purl.obolibrary.org/obo/go.owl#Sample_GSM1317977
320	http://purl.obolibrary.org/obo/go.owl#Protein_GIMAP1
321	http://purl.obolibrary.org/obo/go.owl#Protein_DAZAP2
322	http://purl.obolibrary.org/obo/GO_0043233_instance
323	http://purl.obolibrary.org/obo/go.owl#Sample_GSM1317993
324	http://purl.obolibrary.org/obo/go.owl#Protein_RNF4
325	http://purl.obolibrary.org/obo/go.owl#Reaction_R-HSA-9632906
326	http://purl.obolibrary.org/obo/go.owl#Pathway_R-HSA-9006931
327	http://purl.obolibrary.org/obo/go.owl#Protein_CTDSP2
328	http://purl.obolibrary.org/obo/go.owl#Reaction_R-HSA-2537499
329	http://purl.obolibrary.org/obo/go.owl#Pathway_R-HSA-1442490
330	http://purl.obolibrary.org/obo/go.owl#Reaction_R-HSA-75096
331	http://purl.obolibrary.org/obo/go.owl#Protein_TTC1
332	http://purl.obolibrary.org/obo/go.owl#Protein_PILRB
333	http://purl.obolibrary.org/obo/go.owl#Pathway_R-HSA-198933
334	http://purl.obolibrary.org/obo/go.owl#Protein_SHC1
335	http://purl.obolibrary.org/obo/GO_0043227_instance
336	http://purl.obolibrary.org/obo/GO_0002831_instance
337	http://purl.obolibrary.org/obo/go.owl#Protein_CD164
338	http://purl.obolibrary.org/obo/go.owl#Protein_BCAS2
339	http://purl.obolibrary.org/obo/go.owl#Protein_SF1
340	http://purl.obolibrary.org/obo/go.owl#Protein_RMI2
341	http://purl.obolibrary.org/obo/GO_0051128_instance
342	http://purl.obolibrary.org/obo/go.owl#Sample_GSM1317910
343	http://purl.obolibrary.org/obo/go.owl#Protein_CCNG1
344	http://purl.obolibrary.org/obo/go.owl#Protein_CUL4A
345	http://purl.obolibrary.org/obo/go.owl#Sample_GSM1317907
346	http://purl.obolibrary.org/obo/go.owl#Protein_MRPS15
347	http://purl.obolibrary.org/obo/go.owl#Protein_SLBP
348	http://purl.obolibrary.org/obo/go.owl#Protein_DRG1
349	http://purl.obolibrary.org/obo/go.owl#Reaction_R-HSA-9844600
350	http://purl.obolibrary.org/obo/go.owl#Pathway_R-HSA-9843745
351	http://purl.obolibrary.org/obo/go.owl#Pathway_R-HSA-389359
352	http://purl.obolibrary.org/obo/go.owl#Pathway_R-HSA-1280218
353	http://purl.obolibrary.org/obo/go.owl#Sample_GSM1318040
354	http://purl.obolibrary.org/obo/go.owl#Protein_NEDD9
355	http://purl.obolibrary.org/obo/go.owl#Sample_GSM1317987
356	http://purl.obolibrary.org/obo/go.owl#Protein_TXNDC11
357	http://purl.obolibrary.org/obo/go.owl#Sample_GSM1318025
358	http://purl.obolibrary.org/obo/go.owl#Protein_PREB
359	http://purl.obolibrary.org/obo/go.owl#Protein_SMAP1
360	http://purl.obolibrary.org/obo/GO_0048518_instance
361	http://purl.obolibrary.org/obo/go.owl#Protein_NAA16
362	http://purl.obolibrary.org/obo/GO_0009891_instance
363	http://purl.obolibrary.org/obo/go.owl#Protein_SRPK2
364	http://purl.obolibrary.org/obo/go.owl#Protein_ADNP
365	http://purl.obolibrary.org/obo/go.owl#Sample_GSM1318057
366	http://purl.obolibrary.org/obo/go.owl#Protein_SPOUT1
367	http://purl.obolibrary.org/obo/go.owl#Sample_GSM1318026
368	http://purl.obolibrary.org/obo/GO_0032879_instance
369	http://purl.obolibrary.org/obo/go.owl#Protein_IDH2
370	http://purl.obolibrary.org/obo/go.owl#Reaction_R-HSA-5682965
371	http://purl.obolibrary.org/obo/go.owl#Pathway_R-HSA-5693565
372	http://purl.obolibrary.org/obo/go.owl#Protein_ATXN1
373	http://purl.obolibrary.org/obo/GO_0051169_instance
374	http://purl.obolibrary.org/obo/go.owl#Sample_GSM1318001
375	http://purl.obolibrary.org/obo/go.owl#Protein_UBLCP1
376	http://purl.obolibrary.org/obo/go.owl#Pathway_R-HSA-168898
377	http://purl.obolibrary.org/obo/go.owl#Reaction_R-HSA-203797
378	http://purl.obolibrary.org/obo/go.owl#Pathway_R-HSA-181438
379	http://purl.obolibrary.org/obo/go.owl#Protein_KRAS
380	http://purl.obolibrary.org/obo/go.owl#Reaction_R-HSA-9649735
381	http://purl.obolibrary.org/obo/go.owl#Sample_GSM1317919
382	http://purl.obolibrary.org/obo/go.owl#Protein_HNRNPC
383	http://purl.obolibrary.org/obo/go.owl#Protein_THOC2
384	http://purl.obolibrary.org/obo/go.owl#Protein_MCM7
385	http://purl.obolibrary.org/obo/go.owl#Protein_RNPS1
386	http://purl.obolibrary.org/obo/go.owl#Protein_PDCD6
387	http://purl.obolibrary.org/obo/go.owl#Reaction_R-HSA-936985
388	http://purl.obolibrary.org/obo/go.owl#Sample_GSM1317983
389	http://purl.obolibrary.org/obo/GO_0031967_instance
390	http://purl.obolibrary.org/obo/go.owl#Sample_GSM1318049
391	http://purl.obolibrary.org/obo/go.owl#Protein_UQCRQ
392	http://purl.obolibrary.org/obo/go.owl#Protein_RAB11FIP1
393	http://purl.obolibrary.org/obo/go.owl#Protein_ZBTB14
394	http://purl.obolibrary.org/obo/go.owl#Protein_EAF1
395	http://purl.obolibrary.org/obo/go.owl#Protein_VRK3
396	http://purl.obolibrary.org/obo/go.owl#Protein_PCBP1
397	http://purl.obolibrary.org/obo/go.owl#Reaction_R-HSA-975139
398	http://purl.obolibrary.org/obo/go.owl#Pathway_R-HSA-168138
399	http://purl.obolibrary.org/obo/go.owl#Protein_CTBP2
400	http://purl.obolibrary.org/obo/GO_0042802_instance
401	http://purl.obolibrary.org/obo/go.owl#Pathway_R-HSA-1643685
402	http://purl.obolibrary.org/obo/go.owl#Pathway_R-HSA-9665251
403	http://purl.obolibrary.org/obo/go.owl#Sample_GSM1317915
404	http://purl.obolibrary.org/obo/go.owl#Protein_CHD4
405	http://purl.obolibrary.org/obo/go.owl#Protein_H1-10
406	http://purl.obolibrary.org/obo/go.owl#Protein_PDPK1
407	http://purl.obolibrary.org/obo/go.owl#Reaction_R-HSA-9632858
408	http://purl.obolibrary.org/obo/go.owl#Protein_SPI1
409	http://purl.obolibrary.org/obo/go.owl#Sample_GSM1318019
410	http://purl.obolibrary.org/obo/go.owl#Protein_RANGRF
411	http://purl.obolibrary.org/obo/GO_0043226_instance
412	http://purl.obolibrary.org/obo/go.owl#Protein_SNRNP70
413	http://purl.obolibrary.org/obo/go.owl#Sample_GSM1318015
414	http://purl.obolibrary.org/obo/go.owl#Protein_FAM174C
415	http://purl.obolibrary.org/obo/go.owl#Sample_GSM1317947
416	http://purl.obolibrary.org/obo/go.owl#Protein_BCL11A
417	http://purl.obolibrary.org/obo/go.owl#Protein_CAT
418	http://purl.obolibrary.org/obo/go.owl#Sample_GSM1318054
419	http://purl.obolibrary.org/obo/go.owl#Protein_GMPPA
420	http://purl.obolibrary.org/obo/go.owl#Reaction_R-HSA-5685607
421	http://purl.obolibrary.org/obo/go.owl#Sample_GSM1317949
422	http://purl.obolibrary.org/obo/go.owl#Pathway_R-HSA-418990
423	http://purl.obolibrary.org/obo/go.owl#Protein_ACADVL
424	http://purl.obolibrary.org/obo/go.owl#Reaction_R-HSA-9817458
425	http://purl.obolibrary.org/obo/go.owl#Pathway_R-HSA-9821002
426	http://purl.obolibrary.org/obo/GO_0032991_instance
427	http://purl.obolibrary.org/obo/go.owl#Protein_NPTN
428	http://purl.obolibrary.org/obo/go.owl#Reaction_R-HSA-8856398
429	http://purl.obolibrary.org/obo/go.owl#Protein_STAT2
430	http://purl.obolibrary.org/obo/go.owl#Sample_GSM1318017
431	http://purl.obolibrary.org/obo/go.owl#Protein_GOLM2
432	http://purl.obolibrary.org/obo/go.owl#Sample_GSM1317931
433	http://purl.obolibrary.org/obo/go.owl#Protein_KRCC1
434	http://purl.obolibrary.org/obo/go.owl#Protein_GAS6
435	http://purl.obolibrary.org/obo/GO_0010628_instance
436	http://purl.obolibrary.org/obo/go.owl#Sample_GSM1317899
437	http://purl.obolibrary.org/obo/go.owl#Protein_NPLOC4
438	http://purl.obolibrary.org/obo/go.owl#Protein_SACM1L
439	http://purl.obolibrary.org/obo/go.owl#Protein_ACTR3
440	http://purl.obolibrary.org/obo/go.owl#Protein_RNF44
441	http://purl.obolibrary.org/obo/go.owl#Protein_PSEN2
442	http://purl.obolibrary.org/obo/go.owl#Reaction_R-HSA-9017817
443	http://purl.obolibrary.org/obo/go.owl#Protein_PAK1
444	http://purl.obolibrary.org/obo/go.owl#Protein_TOP2A
445	http://purl.obolibrary.org/obo/GO_2001141_instance
446	http://purl.obolibrary.org/obo/go.owl#Protein_AKR1A1
447	http://purl.obolibrary.org/obo/go.owl#Pathway_R-HSA-5661270
448	http://purl.obolibrary.org/obo/GO_0006351_instance
449	http://purl.obolibrary.org/obo/go.owl#Sample_GSM1317960
450	http://purl.obolibrary.org/obo/go.owl#Sample_GSM1317905
451	http://purl.obolibrary.org/obo/go.owl#Protein_BFAR
452	http://purl.obolibrary.org/obo/go.owl#Sample_GSM1317929
453	http://purl.obolibrary.org/obo/go.owl#Protein_MOSPD2
454	http://purl.obolibrary.org/obo/go.owl#Sample_GSM1318009
455	http://purl.obolibrary.org/obo/go.owl#Protein_PAM16
456	http://purl.obolibrary.org/obo/go.owl#Protein_CTNNB1
457	http://purl.obolibrary.org/obo/go.owl#Protein_SVIL
458	http://purl.obolibrary.org/obo/go.owl#Sample_GSM1317930
459	http://purl.obolibrary.org/obo/go.owl#Protein_ATG9A
460	http://purl.obolibrary.org/obo/go.owl#Protein_SCD
461	http://purl.obolibrary.org/obo/go.owl#Sample_GSM1318036
462	http://purl.obolibrary.org/obo/go.owl#Protein_PRPSAP2
463	http://purl.obolibrary.org/obo/go.owl#Sample_GSM1317938
464	http://purl.obolibrary.org/obo/go.owl#Protein_CAPZA1
465	http://purl.obolibrary.org/obo/GO_0006996_instance
466	http://purl.obolibrary.org/obo/go.owl#Sample_GSM1317918
467	http://purl.obolibrary.org/obo/go.owl#Protein_PTGES3
468	http://purl.obolibrary.org/obo/go.owl#Protein_DLD
469	http://purl.obolibrary.org/obo/go.owl#Protein_NAP1L1
470	http://purl.obolibrary.org/obo/go.owl#Protein_EIF3A
471	http://purl.obolibrary.org/obo/go.owl#Protein_STX12
472	http://purl.obolibrary.org/obo/GO_0071705_instance
473	http://purl.obolibrary.org/obo/go.owl#Sample_GSM1318046
474	http://purl.obolibrary.org/obo/go.owl#Protein_RBM7
475	http://purl.obolibrary.org/obo/GO_0032555_instance
476	http://purl.obolibrary.org/obo/go.owl#Protein_PABPN1
477	http://purl.obolibrary.org/obo/go.owl#Protein_CERS6
478	http://purl.obolibrary.org/obo/go.owl#Protein_RABEPK
479	http://purl.obolibrary.org/obo/go.owl#Sample_GSM1317969
480	http://purl.obolibrary.org/obo/go.owl#Protein_NPIPB3
481	http://purl.obolibrary.org/obo/go.owl#Sample_GSM1317976
482	http://purl.obolibrary.org/obo/go.owl#Protein_NDUFV2
483	http://purl.obolibrary.org/obo/go.owl#Protein_TMEM160
484	http://purl.obolibrary.org/obo/go.owl#Protein_CLK1
485	http://purl.obolibrary.org/obo/go.owl#Sample_GSM1318030
486	http://purl.obolibrary.org/obo/go.owl#Reaction_R-HSA-204434
487	http://purl.obolibrary.org/obo/go.owl#Pathway_R-HSA-210991
488	http://purl.obolibrary.org/obo/go.owl#Protein_PTDSS1
489	http://purl.obolibrary.org/obo/go.owl#Reaction_R-HSA-5218821
490	http://purl.obolibrary.org/obo/go.owl#Pathway_R-HSA-4420097
491	http://purl.obolibrary.org/obo/go.owl#Protein_RUNX2
492	http://purl.obolibrary.org/obo/GO_0065010_instance
493	http://purl.obolibrary.org/obo/go.owl#Protein_FUBP3
494	http://purl.obolibrary.org/obo/go.owl#Protein_AURKB
495	http://purl.obolibrary.org/obo/go.owl#Sample_GSM1318022
496	http://purl.obolibrary.org/obo/go.owl#Protein_CHKB
497	http://purl.obolibrary.org/obo/go.owl#Sample_GSM1317911
498	http://purl.obolibrary.org/obo/go.owl#Protein_CTNNBL1
499	http://purl.obolibrary.org/obo/go.owl#Protein_ADORA2A
500	http://purl.obolibrary.org/obo/go.owl#Protein_DR1
501	http://purl.obolibrary.org/obo/GO_0051252_instance
502	http://purl.obolibrary.org/obo/go.owl#Protein_RBBP6
503	http://purl.obolibrary.org/obo/go.owl#Protein_BCLAF1
504	http://purl.obolibrary.org/obo/go.owl#Protein_ZNF830
505	http://purl.obolibrary.org/obo/GO_0050789_instance
506	http://purl.obolibrary.org/obo/go.owl#Sample_GSM1317985
507	http://purl.obolibrary.org/obo/go.owl#Protein_BOLA2B
508	http://purl.obolibrary.org/obo/go.owl#Protein_LY6E
509	http://purl.obolibrary.org/obo/GO_0044419_instance
510	http://purl.obolibrary.org/obo/go.owl#Pathway_R-HSA-6803157
511	http://purl.obolibrary.org/obo/go.owl#Pathway_R-HSA-168256
512	http://purl.obolibrary.org/obo/go.owl#Pathway_R-HSA-1614635
513	http://purl.obolibrary.org/obo/go.owl#Pathway_R-HSA-71291
514	http://purl.obolibrary.org/obo/go.owl#Protein_SDCBP
515	http://purl.obolibrary.org/obo/GO_0005789_instance
516	http://purl.obolibrary.org/obo/go.owl#Protein_GNMT
517	http://purl.obolibrary.org/obo/go.owl#Protein_RNF185
518	http://purl.obolibrary.org/obo/GO_0005740_instance
519	http://purl.obolibrary.org/obo/go.owl#Protein_MCM2
520	http://purl.obolibrary.org/obo/go.owl#Protein_GOLGA3
521	http://purl.obolibrary.org/obo/go.owl#Pathway_R-HSA-212436
522	http://purl.obolibrary.org/obo/go.owl#Sample_GSM1317959
523	http://purl.obolibrary.org/obo/go.owl#Protein_C18orf32
524	http://purl.obolibrary.org/obo/go.owl#Protein_LYPLAL1
525	http://purl.obolibrary.org/obo/go.owl#Protein_UBE2D3
526	http://purl.obolibrary.org/obo/GO_0006355_instance
527	http://purl.obolibrary.org/obo/go.owl#Protein_VNN2
528	http://purl.obolibrary.org/obo/go.owl#Protein_UTP14A
529	http://purl.obolibrary.org/obo/go.owl#Pathway_R-HSA-446353
530	http://purl.obolibrary.org/obo/go.owl#Protein_CRTC1
531	http://purl.obolibrary.org/obo/go.owl#Pathway_R-HSA-2262752
532	http://purl.obolibrary.org/obo/go.owl#Protein_MGAT1
533	http://purl.obolibrary.org/obo/go.owl#Protein_PPP1R12A
534	http://purl.obolibrary.org/obo/go.owl#Protein_SMAD4
535	http://purl.obolibrary.org/obo/go.owl#Reaction_R-HSA-209055
536	http://purl.obolibrary.org/obo/go.owl#Protein_PCNX3
537	http://purl.obolibrary.org/obo/GO_0051240_instance
538	http://purl.obolibrary.org/obo/go.owl#Protein_YY1
539	http://purl.obolibrary.org/obo/GO_0045935_instance
540	http://purl.obolibrary.org/obo/go.owl#Protein_PPP6R3
541	http://purl.obolibrary.org/obo/go.owl#Reaction_R-HSA-5682896
542	http://purl.obolibrary.org/obo/go.owl#Pathway_R-HSA-9612973
543	http://purl.obolibrary.org/obo/go.owl#Protein_PRDX3
544	http://purl.obolibrary.org/obo/go.owl#Protein_PEX5
545	http://purl.obolibrary.org/obo/go.owl#Sample_GSM1317922
546	http://purl.obolibrary.org/obo/go.owl#Protein_TANK
547	http://purl.obolibrary.org/obo/go.owl#Protein_ACTB
548	http://purl.obolibrary.org/obo/go.owl#Pathway_R-HSA-168249
549	http://purl.obolibrary.org/obo/go.owl#Sample_GSM1318012
550	http://purl.obolibrary.org/obo/go.owl#Protein_RTN4
551	http://purl.obolibrary.org/obo/go.owl#Protein_FCGR3A
552	http://purl.obolibrary.org/obo/go.owl#Reaction_R-HSA-9664271
553	http://purl.obolibrary.org/obo/go.owl#Protein_METAP2
554	http://purl.obolibrary.org/obo/go.owl#Sample_GSM1318021
555	http://purl.obolibrary.org/obo/go.owl#Protein_WAC
556	http://purl.obolibrary.org/obo/go.owl#Protein_TOPORS
557	http://purl.obolibrary.org/obo/go.owl#Protein_RAB6A
558	http://purl.obolibrary.org/obo/GO_0012506_instance
559	http://purl.obolibrary.org/obo/go.owl#Protein_RPS6KA4
560	http://purl.obolibrary.org/obo/go.owl#Protein_RTN3
561	http://purl.obolibrary.org/obo/go.owl#Sample_GSM1317973
562	http://purl.obolibrary.org/obo/go.owl#Sample_GSM1317927
563	http://purl.obolibrary.org/obo/go.owl#Protein_VPS37A
564	http://purl.obolibrary.org/obo/go.owl#Protein_SPOPL
565	http://purl.obolibrary.org/obo/GO_0009057_instance
566	http://purl.obolibrary.org/obo/go.owl#Sample_GSM1317920
567	http://purl.obolibrary.org/obo/go.owl#Protein_MRPL11
568	http://purl.obolibrary.org/obo/go.owl#Sample_GSM1317991
569	http://purl.obolibrary.org/obo/go.owl#Protein_CSE1L
570	http://purl.obolibrary.org/obo/go.owl#Protein_SF3B5
571	http://purl.obolibrary.org/obo/go.owl#Protein_TCTN3
572	http://purl.obolibrary.org/obo/GO_0065007_instance
573	http://purl.obolibrary.org/obo/go.owl#Reaction_R-HSA-6785648
574	http://purl.obolibrary.org/obo/go.owl#Pathway_R-HSA-1227986
575	http://purl.obolibrary.org/obo/go.owl#Protein_BLOC1S1
576	http://purl.obolibrary.org/obo/go.owl#Protein_DNM2
577	http://purl.obolibrary.org/obo/go.owl#Pathway_R-HSA-111885
578	http://purl.obolibrary.org/obo/go.owl#Reaction_R-HSA-83656
579	http://purl.obolibrary.org/obo/go.owl#Pathway_R-HSA-75893
580	http://purl.obolibrary.org/obo/go.owl#Protein_ATP2A2
581	http://purl.obolibrary.org/obo/GO_0017076_instance
582	http://purl.obolibrary.org/obo/go.owl#Protein_MIEF1
583	http://purl.obolibrary.org/obo/go.owl#Protein_SKP2
584	http://purl.obolibrary.org/obo/go.owl#Protein_CREB1
585	http://purl.obolibrary.org/obo/go.owl#Protein_MPLKIP
586	http://purl.obolibrary.org/obo/go.owl#Protein_SERP1
587	http://purl.obolibrary.org/obo/go.owl#Protein_MLLT10
588	http://purl.obolibrary.org/obo/go.owl#Protein_ZFP36L2
589	http://purl.obolibrary.org/obo/go.owl#Protein_CCDC126
590	http://purl.obolibrary.org/obo/go.owl#Protein_CNOT8
591	http://purl.obolibrary.org/obo/go.owl#Protein_TNFAIP8
592	http://purl.obolibrary.org/obo/go.owl#Protein_DSTN
593	http://purl.obolibrary.org/obo/go.owl#Protein_MAPK6
594	http://purl.obolibrary.org/obo/go.owl#Protein_NDUFA13
595	http://purl.obolibrary.org/obo/go.owl#Protein_POLR2I
596	http://purl.obolibrary.org/obo/go.owl#Pathway_R-HSA-6782210
597	http://purl.obolibrary.org/obo/go.owl#Reaction_R-HSA-388833
598	http://purl.obolibrary.org/obo/go.owl#Protein_SCAND1
599	http://purl.obolibrary.org/obo/go.owl#Sample_GSM1318023
600	http://purl.obolibrary.org/obo/go.owl#Protein_RAB22A
601	http://purl.obolibrary.org/obo/go.owl#Protein_FAU
602	http://purl.obolibrary.org/obo/go.owl#Protein_PAPSS1
603	http://purl.obolibrary.org/obo/go.owl#Reaction_R-HSA-9766065
604	http://purl.obolibrary.org/obo/go.owl#Reaction_R-HSA-8948623
605	http://purl.obolibrary.org/obo/go.owl#Pathway_R-HSA-8948700
606	http://purl.obolibrary.org/obo/go.owl#Protein_CLN3
607	http://purl.obolibrary.org/obo/go.owl#Protein_CDC5L
608	http://purl.obolibrary.org/obo/go.owl#Reaction_R-HSA-9768071
609	http://purl.obolibrary.org/obo/go.owl#Pathway_R-HSA-446728
610	http://purl.obolibrary.org/obo/go.owl#Protein_MTA2
611	http://purl.obolibrary.org/obo/go.owl#Protein_GNGT2
612	http://purl.obolibrary.org/obo/go.owl#Reaction_R-HSA-392874
613	http://purl.obolibrary.org/obo/go.owl#Protein_KIR2DL1
614	http://purl.obolibrary.org/obo/go.owl#Reaction_R-HSA-9613460
615	http://purl.obolibrary.org/obo/go.owl#Pathway_R-HSA-187037
616	http://purl.obolibrary.org/obo/go.owl#Protein_CEBPZ
617	http://purl.obolibrary.org/obo/go.owl#Sample_GSM1318047
618	http://purl.obolibrary.org/obo/go.owl#Sample_GSM1317956
619	http://purl.obolibrary.org/obo/go.owl#Protein_TMEM71
620	http://purl.obolibrary.org/obo/go.owl#Reaction_R-HSA-5229194
621	http://purl.obolibrary.org/obo/go.owl#Pathway_R-HSA-68875
622	http://purl.obolibrary.org/obo/go.owl#Reaction_R-HSA-3900194
623	http://purl.obolibrary.org/obo/go.owl#Pathway_R-HSA-2995410
624	http://purl.obolibrary.org/obo/go.owl#Protein_PLXNC1
625	http://purl.obolibrary.org/obo/go.owl#Sample_GSM1317957
626	http://purl.obolibrary.org/obo/go.owl#Protein_SDHAF1
627	http://purl.obolibrary.org/obo/go.owl#Protein_TRIM21
628	http://purl.obolibrary.org/obo/go.owl#Protein_AGPAT2
629	http://purl.obolibrary.org/obo/go.owl#Pathway_R-HSA-5633008
630	http://purl.obolibrary.org/obo/go.owl#Protein_MOV10
631	http://purl.obolibrary.org/obo/go.owl#Reaction_R-HSA-5665809
632	http://purl.obolibrary.org/obo/go.owl#Protein_SUMO1
633	http://purl.obolibrary.org/obo/go.owl#Protein_SEC16A
634	http://purl.obolibrary.org/obo/go.owl#Protein_RBL2
635	http://purl.obolibrary.org/obo/go.owl#Pathway_R-HSA-6804114
636	http://purl.obolibrary.org/obo/GO_0046649_instance
637	http://purl.obolibrary.org/obo/go.owl#Protein_OSBPL8
638	http://purl.obolibrary.org/obo/GO_1902533_instance
639	http://purl.obolibrary.org/obo/go.owl#Protein_KPNA6
640	http://purl.obolibrary.org/obo/go.owl#Sample_GSM1317916
641	http://purl.obolibrary.org/obo/go.owl#Protein_NXF1
642	http://purl.obolibrary.org/obo/go.owl#Protein_MOB4
643	http://purl.obolibrary.org/obo/GO_0110165_instance
644	http://purl.obolibrary.org/obo/go.owl#Protein_RBBP4
645	http://purl.obolibrary.org/obo/go.owl#Sample_GSM1317906
646	http://purl.obolibrary.org/obo/go.owl#Protein_HECA
647	http://purl.obolibrary.org/obo/go.owl#Reaction_R-HSA-198731
648	http://purl.obolibrary.org/obo/go.owl#Reaction_R-HSA-2545253
649	http://purl.obolibrary.org/obo/go.owl#Protein_CTSZ
650	http://purl.obolibrary.org/obo/go.owl#Protein_DUSP3
651	http://purl.obolibrary.org/obo/go.owl#Pathway_R-HSA-166058
652	http://purl.obolibrary.org/obo/go.owl#Protein_CDKN1B
653	http://purl.obolibrary.org/obo/go.owl#Protein_GBF1
654	http://purl.obolibrary.org/obo/GO_1901363_instance
655	http://purl.obolibrary.org/obo/go.owl#Protein_NUP214
656	http://purl.obolibrary.org/obo/go.owl#Pathway_R-HSA-3301854
657	http://purl.obolibrary.org/obo/go.owl#Pathway_R-HSA-1632852
658	http://purl.obolibrary.org/obo/go.owl#Protein_RASGRP1
659	http://purl.obolibrary.org/obo/go.owl#Protein_HSD17B10
660	http://purl.obolibrary.org/obo/go.owl#Protein_SMNDC1
661	http://purl.obolibrary.org/obo/go.owl#Protein_DDX1
662	http://purl.obolibrary.org/obo/GO_0051234_instance
663	http://purl.obolibrary.org/obo/go.owl#Protein_CLIP1
664	http://purl.obolibrary.org/obo/go.owl#Protein_KLHL24
665	http://purl.obolibrary.org/obo/go.owl#Protein_FBXL3
666	http://purl.obolibrary.org/obo/go.owl#Reaction_R-HSA-8983379
667	http://purl.obolibrary.org/obo/go.owl#Pathway_R-HSA-8983432
668	http://purl.obolibrary.org/obo/GO_0043067_instance
669	http://purl.obolibrary.org/obo/go.owl#Protein_ARL6IP4
670	http://purl.obolibrary.org/obo/go.owl#Protein_MRPL21
671	http://purl.obolibrary.org/obo/go.owl#Protein_NDUFV3
672	http://purl.obolibrary.org/obo/GO_0019866_instance
673	http://purl.obolibrary.org/obo/go.owl#Protein_TPI1
674	http://purl.obolibrary.org/obo/go.owl#Protein_DDRGK1
675	http://purl.obolibrary.org/obo/go.owl#Sample_GSM1318037
676	http://purl.obolibrary.org/obo/go.owl#Protein_ABHD17B
677	http://purl.obolibrary.org/obo/go.owl#Reaction_R-HSA-5218827
678	http://purl.obolibrary.org/obo/go.owl#Pathway_R-HSA-9716542
679	http://purl.obolibrary.org/obo/go.owl#Protein_MRPS5
680	http://purl.obolibrary.org/obo/go.owl#Protein_TAF2
681	http://purl.obolibrary.org/obo/go.owl#Protein_ILF3
682	http://purl.obolibrary.org/obo/go.owl#Protein_PSMB5
683	http://purl.obolibrary.org/obo/GO_0005813_instance
684	http://purl.obolibrary.org/obo/GO_0006974_instance
685	http://purl.obolibrary.org/obo/go.owl#Reaction_R-HSA-9701003
686	http://purl.obolibrary.org/obo/go.owl#Pathway_R-HSA-5693532
687	http://purl.obolibrary.org/obo/go.owl#Reaction_R-HSA-1112666
688	http://purl.obolibrary.org/obo/go.owl#Pathway_R-HSA-983705
689	http://purl.obolibrary.org/obo/go.owl#Protein_BSDC1
690	http://purl.obolibrary.org/obo/go.owl#Reaction_R-HSA-5672978
691	http://purl.obolibrary.org/obo/go.owl#Protein_SRXN1
692	http://purl.obolibrary.org/obo/GO_0005622_instance
693	http://purl.obolibrary.org/obo/go.owl#Protein_SLIRP
694	http://purl.obolibrary.org/obo/go.owl#Protein_ADAM10
695	http://purl.obolibrary.org/obo/go.owl#Protein_PAICS
696	http://purl.obolibrary.org/obo/go.owl#Sample_GSM1317994
697	http://purl.obolibrary.org/obo/go.owl#Protein_LILRA2
698	http://purl.obolibrary.org/obo/go.owl#Protein_MANSC1
699	http://purl.obolibrary.org/obo/go.owl#Protein_PPP1R7
700	http://purl.obolibrary.org/obo/go.owl#Protein_CDCA2
701	http://purl.obolibrary.org/obo/go.owl#Protein_GRIN3A
702	http://purl.obolibrary.org/obo/go.owl#Reaction_R-HSA-9665417
703	http://purl.obolibrary.org/obo/go.owl#Protein_MRPS24
704	http://purl.obolibrary.org/obo/go.owl#Reaction_R-HSA-5389842
705	http://purl.obolibrary.org/obo/go.owl#Protein_AP5M1
706	http://purl.obolibrary.org/obo/go.owl#Protein_USP33
707	http://purl.obolibrary.org/obo/go.owl#Protein_AGPAT1
708	http://purl.obolibrary.org/obo/GO_0048584_instance
709	http://purl.obolibrary.org/obo/go.owl#Sample_GSM1318035
710	http://purl.obolibrary.org/obo/go.owl#Protein_DNPH1
711	http://purl.obolibrary.org/obo/go.owl#Protein_TMUB2
712	http://purl.obolibrary.org/obo/GO_0030135_instance
713	http://purl.obolibrary.org/obo/go.owl#Protein_PTBP3
714	http://purl.obolibrary.org/obo/go.owl#Sample_GSM1318011
715	http://purl.obolibrary.org/obo/go.owl#Protein_TENT5A
716	http://purl.obolibrary.org/obo/go.owl#Sample_GSM1317966
717	http://purl.obolibrary.org/obo/go.owl#Protein_SLC3A2
718	http://purl.obolibrary.org/obo/go.owl#Reaction_R-HSA-9644900
719	http://purl.obolibrary.org/obo/go.owl#Pathway_R-HSA-74160
720	http://purl.obolibrary.org/obo/go.owl#Protein_LMF2
721	http://purl.obolibrary.org/obo/go.owl#Sample_GSM1317992
722	http://purl.obolibrary.org/obo/go.owl#Protein_SLTM
723	http://purl.obolibrary.org/obo/go.owl#Protein_WDR46
724	http://purl.obolibrary.org/obo/go.owl#Reaction_R-HSA-8854044
725	http://purl.obolibrary.org/obo/go.owl#Pathway_R-HSA-1640170
726	http://purl.obolibrary.org/obo/go.owl#Protein_JMJD1C
727	http://purl.obolibrary.org/obo/go.owl#Protein_CAND2
728	http://purl.obolibrary.org/obo/go.owl#Sample_GSM1318003
729	http://purl.obolibrary.org/obo/go.owl#Pathway_R-HSA-9032500
730	http://purl.obolibrary.org/obo/GO_0030054_instance
731	http://purl.obolibrary.org/obo/go.owl#Protein_FAM174A
732	http://purl.obolibrary.org/obo/go.owl#Protein_NF1
733	http://purl.obolibrary.org/obo/go.owl#Sample_GSM1317932
734	http://purl.obolibrary.org/obo/go.owl#Protein_NUDCD2
735	http://purl.obolibrary.org/obo/GO_0005829_instance
736	http://purl.obolibrary.org/obo/go.owl#Protein_MANBAL
737	http://purl.obolibrary.org/obo/GO_0065008_instance
738	http://purl.obolibrary.org/obo/go.owl#Protein_CDC42
739	http://purl.obolibrary.org/obo/go.owl#Protein_RPS9
740	http://purl.obolibrary.org/obo/go.owl#Pathway_R-HSA-9678108
741	http://purl.obolibrary.org/obo/go.owl#Protein_ACTN4
742	http://purl.obolibrary.org/obo/go.owl#Protein_RPL10A
743	http://purl.obolibrary.org/obo/go.owl#Pathway_R-HSA-9010553
744	http://purl.obolibrary.org/obo/go.owl#Protein_YBX1
745	http://purl.obolibrary.org/obo/GO_0010468_instance
746	http://purl.obolibrary.org/obo/go.owl#Protein_MKRN2
747	http://purl.obolibrary.org/obo/go.owl#Reaction_R-HSA-9735179
748	http://purl.obolibrary.org/obo/go.owl#Sample_GSM1317982
749	http://purl.obolibrary.org/obo/go.owl#Protein_MAP3K8
750	http://purl.obolibrary.org/obo/go.owl#Protein_NRG1
751	http://purl.obolibrary.org/obo/go.owl#Protein_REC8
752	http://purl.obolibrary.org/obo/go.owl#Sample_GSM1317953
753	http://purl.obolibrary.org/obo/go.owl#Protein_CYRIB
754	http://purl.obolibrary.org/obo/go.owl#Protein_RGPD2
755	http://purl.obolibrary.org/obo/go.owl#Protein_CDC42BPB
756	http://purl.obolibrary.org/obo/GO_0016043_instance
757	http://purl.obolibrary.org/obo/go.owl#Reaction_R-HSA-1678841
758	http://purl.obolibrary.org/obo/GO_0051716_instance
759	http://purl.obolibrary.org/obo/go.owl#Protein_ACSL1
760	http://purl.obolibrary.org/obo/GO_0000166_instance
761	http://purl.obolibrary.org/obo/go.owl#Protein_DYNC1LI1
762	http://purl.obolibrary.org/obo/GO_0005815_instance
763	http://purl.obolibrary.org/obo/go.owl#Protein_PTPRC
764	http://purl.obolibrary.org/obo/go.owl#Protein_RAB9A
765	http://purl.obolibrary.org/obo/go.owl#Protein_TRIM41
766	http://purl.obolibrary.org/obo/go.owl#Protein_POLR2J3
767	http://purl.obolibrary.org/obo/go.owl#Protein_NCBP2
768	http://purl.obolibrary.org/obo/go.owl#Reaction_R-HSA-8847635
769	http://purl.obolibrary.org/obo/go.owl#Pathway_R-HSA-5653656
770	http://purl.obolibrary.org/obo/go.owl#Protein_FKBP2
771	http://purl.obolibrary.org/obo/go.owl#Protein_MARK2
772	http://purl.obolibrary.org/obo/go.owl#Protein_MARCHF6
773	http://purl.obolibrary.org/obo/go.owl#Reaction_R-HSA-8941623
774	http://purl.obolibrary.org/obo/go.owl#Reaction_R-HSA-9618021
775	http://purl.obolibrary.org/obo/go.owl#Pathway_R-HSA-9614085
776	http://purl.obolibrary.org/obo/go.owl#Reaction_R-HSA-9764932
777	http://purl.obolibrary.org/obo/go.owl#Reaction_R-HSA-2197690
778	http://purl.obolibrary.org/obo/go.owl#Pathway_R-HSA-162906
779	http://purl.obolibrary.org/obo/go.owl#Protein_MAN2A1
780	http://purl.obolibrary.org/obo/go.owl#Reaction_R-HSA-9770145
781	http://purl.obolibrary.org/obo/go.owl#Protein_PTMA
782	http://purl.obolibrary.org/obo/go.owl#Protein_TSPYL1
783	http://purl.obolibrary.org/obo/go.owl#Sample_GSM1318006
784	http://purl.obolibrary.org/obo/go.owl#Protein_TIA1
785	http://purl.obolibrary.org/obo/go.owl#Protein_AGTRAP
786	http://purl.obolibrary.org/obo/go.owl#Protein_AMD1
787	http://purl.obolibrary.org/obo/go.owl#Reaction_R-HSA-1250488
788	http://purl.obolibrary.org/obo/go.owl#Protein_MED4
789	http://purl.obolibrary.org/obo/go.owl#Protein_SNX19
790	http://purl.obolibrary.org/obo/go.owl#Reaction_R-HSA-163748
791	http://purl.obolibrary.org/obo/go.owl#Pathway_R-HSA-1430728
792	http://purl.obolibrary.org/obo/go.owl#Protein_MBD2
793	http://purl.obolibrary.org/obo/go.owl#Protein_CRBN
794	http://purl.obolibrary.org/obo/go.owl#Sample_GSM1318008
795	http://purl.obolibrary.org/obo/go.owl#Reaction_R-HSA-5654622
796	http://purl.obolibrary.org/obo/go.owl#Pathway_R-HSA-5654738
797	http://purl.obolibrary.org/obo/go.owl#Reaction_R-HSA-8850560
798	http://purl.obolibrary.org/obo/go.owl#Pathway_R-HSA-390466
799	http://purl.obolibrary.org/obo/go.owl#Protein_BAG4
800	http://purl.obolibrary.org/obo/GO_0031625_instance
801	http://purl.obolibrary.org/obo/go.owl#Protein_SLC26A8
802	http://purl.obolibrary.org/obo/go.owl#Protein_ANP32A
803	http://purl.obolibrary.org/obo/go.owl#Protein_SNW1
804	http://purl.obolibrary.org/obo/GO_0030674_instance
805	http://purl.obolibrary.org/obo/go.owl#Protein_HBA2
806	http://purl.obolibrary.org/obo/go.owl#Protein_PRPF31
807	http://purl.obolibrary.org/obo/go.owl#Reaction_R-HSA-199910
808	http://purl.obolibrary.org/obo/go.owl#Pathway_R-HSA-448424
809	http://purl.obolibrary.org/obo/GO_0015980_instance
810	http://purl.obolibrary.org/obo/go.owl#Protein_SREK1
811	http://purl.obolibrary.org/obo/go.owl#Protein_SUPT16H
812	http://purl.obolibrary.org/obo/go.owl#Protein_OGDH
813	http://purl.obolibrary.org/obo/go.owl#Protein_AMY1A
814	http://purl.obolibrary.org/obo/go.owl#Pathway_R-HSA-9914274
815	http://purl.obolibrary.org/obo/go.owl#Protein_ACOX1
816	http://purl.obolibrary.org/obo/go.owl#Pathway_R-HSA-9664873
817	http://purl.obolibrary.org/obo/go.owl#Pathway_R-HSA-2025928
818	http://purl.obolibrary.org/obo/go.owl#Protein_MPHOSPH10
819	http://purl.obolibrary.org/obo/go.owl#Protein_THUMPD1
820	http://purl.obolibrary.org/obo/go.owl#Protein_POLDIP3
821	http://purl.obolibrary.org/obo/GO_0050865_instance
822	http://purl.obolibrary.org/obo/GO_0050794_instance
823	http://purl.obolibrary.org/obo/go.owl#Protein_EIF1B
824	http://purl.obolibrary.org/obo/go.owl#Protein_FGFR1OP2
825	http://purl.obolibrary.org/obo/go.owl#Protein_ANKFY1
826	http://purl.obolibrary.org/obo/GO_0036094_instance
827	http://purl.obolibrary.org/obo/go.owl#Sample_GSM1317950
828	http://purl.obolibrary.org/obo/go.owl#Reaction_R-HSA-8868660
829	http://purl.obolibrary.org/obo/GO_0006259_instance
830	http://purl.obolibrary.org/obo/go.owl#Protein_TRIM24
831	http://purl.obolibrary.org/obo/go.owl#Reaction_R-HSA-170055
832	http://purl.obolibrary.org/obo/go.owl#Pathway_R-HSA-69620
833	http://purl.obolibrary.org/obo/go.owl#Protein_PNPLA8
834	http://purl.obolibrary.org/obo/go.owl#Sample_GSM1318044
835	http://purl.obolibrary.org/obo/go.owl#Protein_PPP1R15B
836	http://purl.obolibrary.org/obo/go.owl#Reaction_R-HSA-983140
837	http://purl.obolibrary.org/obo/go.owl#Pathway_R-HSA-983169
838	http://purl.obolibrary.org/obo/go.owl#Protein_SUMO2
839	http://purl.obolibrary.org/obo/GO_0009892_instance
840	http://purl.obolibrary.org/obo/go.owl#Pathway_R-HSA-5683329
841	http://purl.obolibrary.org/obo/go.owl#Pathway_R-HSA-5619115
842	http://purl.obolibrary.org/obo/go.owl#Protein_CLPTM1
843	http://purl.obolibrary.org/obo/go.owl#Reaction_R-HSA-5362486
844	http://purl.obolibrary.org/obo/go.owl#Pathway_R-HSA-937061
845	http://purl.obolibrary.org/obo/go.owl#Protein_IRF2
846	http://purl.obolibrary.org/obo/go.owl#Protein_RNF40
847	http://purl.obolibrary.org/obo/go.owl#Pathway_R-HSA-444257
848	http://purl.obolibrary.org/obo/go.owl#Pathway_R-HSA-112316
849	http://purl.obolibrary.org/obo/go.owl#Reaction_R-HSA-9825747
850	http://purl.obolibrary.org/obo/go.owl#Reaction_R-HSA-432195
851	http://purl.obolibrary.org/obo/go.owl#Sample_GSM1317904
852	http://purl.obolibrary.org/obo/go.owl#Protein_TOPBP1
853	http://purl.obolibrary.org/obo/go.owl#Protein_TNRC6A
854	http://purl.obolibrary.org/obo/go.owl#Pathway_R-HSA-9768778
855	http://purl.obolibrary.org/obo/go.owl#Protein_NFE2L1
856	http://purl.obolibrary.org/obo/go.owl#Protein_ODF2
857	http://purl.obolibrary.org/obo/go.owl#Protein_ARMH3
858	http://purl.obolibrary.org/obo/go.owl#Reaction_R-HSA-9619838
859	http://purl.obolibrary.org/obo/go.owl#Protein_CCNG2
860	http://purl.obolibrary.org/obo/go.owl#Pathway_R-HSA-73857
861	http://purl.obolibrary.org/obo/go.owl#Reaction_R-HSA-9656213
862	http://purl.obolibrary.org/obo/go.owl#Pathway_R-HSA-9656223
863	http://purl.obolibrary.org/obo/go.owl#Protein_TRIP6
864	http://purl.obolibrary.org/obo/go.owl#Sample_GSM1318041
865	http://purl.obolibrary.org/obo/go.owl#Protein_RNF38
866	http://purl.obolibrary.org/obo/go.owl#Protein_DENND6B
867	http://purl.obolibrary.org/obo/go.owl#Protein_ADD3
868	http://purl.obolibrary.org/obo/go.owl#Protein_HPS6
869	http://purl.obolibrary.org/obo/go.owl#Reaction_R-HSA-9866162
870	http://purl.obolibrary.org/obo/go.owl#Protein_ZNF493
871	http://purl.obolibrary.org/obo/go.owl#Protein_RPS6KA3
872	http://purl.obolibrary.org/obo/GO_0045087_instance
873	http://purl.obolibrary.org/obo/go.owl#Reaction_R-HSA-8865498
874	http://purl.obolibrary.org/obo/go.owl#Sample_GSM1318007
875	http://purl.obolibrary.org/obo/go.owl#Sample_GSM1317914
876	http://purl.obolibrary.org/obo/go.owl#Protein_ATP11B
877	http://purl.obolibrary.org/obo/go.owl#Protein_PKN1
878	http://purl.obolibrary.org/obo/go.owl#Protein_MRPL12
879	http://purl.obolibrary.org/obo/GO_0090148_instance
880	http://purl.obolibrary.org/obo/GO_0061024_instance
881	http://purl.obolibrary.org/obo/go.owl#Protein_PPM1A
882	http://purl.obolibrary.org/obo/GO_0035639_instance
883	http://purl.obolibrary.org/obo/go.owl#Reaction_R-HSA-6807118
884	http://purl.obolibrary.org/obo/go.owl#Protein_MICU2
885	http://purl.obolibrary.org/obo/GO_0043167_instance
886	http://purl.obolibrary.org/obo/go.owl#Protein_IKBKB
887	http://purl.obolibrary.org/obo/GO_0008104_instance
888	http://purl.obolibrary.org/obo/go.owl#Protein_NDUFA11
889	http://purl.obolibrary.org/obo/GO_0005739_instance
890	http://purl.obolibrary.org/obo/go.owl#Protein_DCAF7
891	http://purl.obolibrary.org/obo/go.owl#Protein_FAM13B
892	http://purl.obolibrary.org/obo/go.owl#Protein_MTPN
893	http://purl.obolibrary.org/obo/GO_0048523_instance
894	http://purl.obolibrary.org/obo/go.owl#Reaction_R-HSA-9859121
895	http://purl.obolibrary.org/obo/go.owl#Pathway_R-HSA-9818564
896	http://purl.obolibrary.org/obo/go.owl#Protein_HTRA4
897	http://purl.obolibrary.org/obo/GO_0042981_instance
898	http://purl.obolibrary.org/obo/go.owl#Protein_NME1
899	http://purl.obolibrary.org/obo/GO_0003824_instance
900	http://purl.obolibrary.org/obo/go.owl#Protein_KLHL2
901	http://purl.obolibrary.org/obo/go.owl#Protein_MORF4L1
902	http://purl.obolibrary.org/obo/go.owl#Protein_FNTA
903	http://purl.obolibrary.org/obo/go.owl#Protein_NFIC
904	http://purl.obolibrary.org/obo/go.owl#Protein_RTCA
905	http://purl.obolibrary.org/obo/go.owl#Reaction_R-HSA-112381
906	http://purl.obolibrary.org/obo/go.owl#Pathway_R-HSA-112382
907	http://purl.obolibrary.org/obo/go.owl#Protein_SEPTIN2
908	http://purl.obolibrary.org/obo/go.owl#Reaction_R-HSA-9679787
909	http://purl.obolibrary.org/obo/go.owl#Protein_OSGIN2
910	http://purl.obolibrary.org/obo/go.owl#Sample_GSM1318048
911	http://purl.obolibrary.org/obo/go.owl#Protein_ARID4A
912	http://purl.obolibrary.org/obo/GO_0005654_instance
913	http://purl.obolibrary.org/obo/go.owl#Protein_CD160
914	http://purl.obolibrary.org/obo/go.owl#Protein_PAK2
915	http://purl.obolibrary.org/obo/go.owl#Protein_SLC15A4
916	http://purl.obolibrary.org/obo/go.owl#Protein_COMTD1
917	http://purl.obolibrary.org/obo/go.owl#Sample_GSM1318032
918	http://purl.obolibrary.org/obo/go.owl#Protein_TMUB1
919	http://purl.obolibrary.org/obo/go.owl#Protein_DSTYK
920	http://purl.obolibrary.org/obo/go.owl#Protein_TRAF2
921	http://purl.obolibrary.org/obo/go.owl#Protein_CASP8
922	http://purl.obolibrary.org/obo/GO_0005765_instance
923	http://purl.obolibrary.org/obo/go.owl#Pathway_R-HSA-9694676
924	http://purl.obolibrary.org/obo/go.owl#Pathway_R-HSA-9824446
925	http://purl.obolibrary.org/obo/go.owl#Reaction_R-HSA-5655315
926	http://purl.obolibrary.org/obo/go.owl#Pathway_R-HSA-5655332
927	http://purl.obolibrary.org/obo/go.owl#Protein_CLDN9
928	http://purl.obolibrary.org/obo/go.owl#Pathway_R-HSA-3371497
929	http://purl.obolibrary.org/obo/GO_0009968_instance
930	http://purl.obolibrary.org/obo/go.owl#Protein_ASH2L
931	http://purl.obolibrary.org/obo/go.owl#Pathway_R-HSA-202433
932	http://purl.obolibrary.org/obo/go.owl#Pathway_R-HSA-202403
933	http://purl.obolibrary.org/obo/go.owl#Protein_ZFYVE19
934	http://purl.obolibrary.org/obo/go.owl#Reaction_R-HSA-1839112
935	http://purl.obolibrary.org/obo/go.owl#Reaction_R-HSA-428531
936	http://purl.obolibrary.org/obo/go.owl#Pathway_R-HSA-428540
937	http://purl.obolibrary.org/obo/go.owl#Pathway_R-HSA-2990846
938	http://purl.obolibrary.org/obo/go.owl#Protein_AKAP11
939	http://purl.obolibrary.org/obo/go.owl#Protein_CXCL1
940	http://purl.obolibrary.org/obo/go.owl#Sample_GSM1317912
941	http://purl.obolibrary.org/obo/go.owl#Reaction_R-HSA-4090390
942	http://purl.obolibrary.org/obo/go.owl#Pathway_R-HSA-4090294
943	http://purl.obolibrary.org/obo/go.owl#Protein_UNC13D
944	http://purl.obolibrary.org/obo/GO_0060627_instance
945	http://purl.obolibrary.org/obo/go.owl#Protein_NUP54
946	http://purl.obolibrary.org/obo/go.owl#Protein_LEPROTL1
947	http://purl.obolibrary.org/obo/go.owl#Reaction_R-HSA-442291
948	http://purl.obolibrary.org/obo/go.owl#Pathway_R-HSA-114604
949	http://purl.obolibrary.org/obo/go.owl#Protein_RHBDD3
950	http://purl.obolibrary.org/obo/go.owl#Sample_GSM1317896
951	http://purl.obolibrary.org/obo/go.owl#Protein_FASTKD5
952	http://purl.obolibrary.org/obo/go.owl#Protein_AVP
953	http://purl.obolibrary.org/obo/go.owl#Reaction_R-HSA-8868072
954	http://purl.obolibrary.org/obo/go.owl#Protein_ARHGAP30
955	http://purl.obolibrary.org/obo/go.owl#Protein_BTF3L4
956	http://purl.obolibrary.org/obo/go.owl#Protein_RALGPS2
957	http://purl.obolibrary.org/obo/go.owl#Reaction_R-HSA-2262777
958	http://purl.obolibrary.org/obo/go.owl#Protein_HIP1R
959	http://purl.obolibrary.org/obo/GO_0097708_instance
960	http://purl.obolibrary.org/obo/go.owl#Protein_RNF145
961	http://purl.obolibrary.org/obo/go.owl#Reaction_R-HSA-5218906
962	http://purl.obolibrary.org/obo/go.owl#Pathway_R-HSA-5357801
963	http://purl.obolibrary.org/obo/go.owl#Protein_RBM42
964	http://purl.obolibrary.org/obo/go.owl#Pathway_R-HSA-167238
965	http://purl.obolibrary.org/obo/go.owl#Protein_HMGB1
966	http://purl.obolibrary.org/obo/go.owl#Reaction_R-HSA-9842641
967	http://purl.obolibrary.org/obo/go.owl#Pathway_R-HSA-9842663
968	http://purl.obolibrary.org/obo/go.owl#Protein_RAB3GAP1
969	http://purl.obolibrary.org/obo/go.owl#Protein_SMARCA5
970	http://purl.obolibrary.org/obo/go.owl#Reaction_R-HSA-5227490
971	http://purl.obolibrary.org/obo/go.owl#Protein_ZNF589
972	http://purl.obolibrary.org/obo/go.owl#Protein_IL17RC
973	http://purl.obolibrary.org/obo/go.owl#Protein_PPP4R3B
974	http://purl.obolibrary.org/obo/GO_1902494_instance
975	http://purl.obolibrary.org/obo/go.owl#Protein_DYNC2I2
976	http://purl.obolibrary.org/obo/go.owl#Protein_ZMYM5
977	http://purl.obolibrary.org/obo/go.owl#Protein_CCNI
978	http://purl.obolibrary.org/obo/go.owl#Sample_GSM1318031
979	http://purl.obolibrary.org/obo/go.owl#Protein_PSME2
980	http://purl.obolibrary.org/obo/GO_0005856_instance
981	http://purl.obolibrary.org/obo/go.owl#Protein_ACVR1
982	http://purl.obolibrary.org/obo/go.owl#Protein_ZFP36L1
983	http://purl.obolibrary.org/obo/go.owl#Protein_GPBP1L1
984	http://purl.obolibrary.org/obo/go.owl#Protein_MELK
985	http://purl.obolibrary.org/obo/go.owl#Protein_TMEM154
986	http://purl.obolibrary.org/obo/go.owl#Pathway_R-HSA-2871809
987	http://purl.obolibrary.org/obo/go.owl#Protein_ELOVL5
988	http://purl.obolibrary.org/obo/go.owl#Reaction_R-HSA-354073
989	http://purl.obolibrary.org/obo/go.owl#Pathway_R-HSA-109582
990	http://purl.obolibrary.org/obo/go.owl#Protein_MED28
991	http://purl.obolibrary.org/obo/go.owl#Protein_LCOR
992	http://purl.obolibrary.org/obo/go.owl#Protein_PPP1R14B
993	http://purl.obolibrary.org/obo/go.owl#Protein_NCK1
994	http://purl.obolibrary.org/obo/go.owl#Protein_RHEB
995	http://purl.obolibrary.org/obo/go.owl#Pathway_R-HSA-5628897
996	http://purl.obolibrary.org/obo/go.owl#Protein_CAMLG
997	http://purl.obolibrary.org/obo/go.owl#Protein_USF1
998	http://purl.obolibrary.org/obo/go.owl#Sample_GSM1317963
999	http://purl.obolibrary.org/obo/go.owl#Protein_ISG15
1000	http://purl.obolibrary.org/obo/GO_0006952_instance
1001	http://purl.obolibrary.org/obo/go.owl#Protein_FTH1
1002	http://purl.obolibrary.org/obo/go.owl#Protein_EEF1D
1003	http://purl.obolibrary.org/obo/go.owl#Reaction_R-HSA-9012203
1004	http://purl.obolibrary.org/obo/go.owl#Pathway_R-HSA-8939211
1005	http://purl.obolibrary.org/obo/go.owl#Protein_LIG4
1006	http://purl.obolibrary.org/obo/go.owl#Protein_LSM6
1007	http://purl.obolibrary.org/obo/go.owl#Protein_MPC1
1008	http://purl.obolibrary.org/obo/GO_0022402_instance
1009	http://purl.obolibrary.org/obo/go.owl#Protein_DECR1
1010	http://purl.obolibrary.org/obo/go.owl#Sample_GSM1317996
1011	http://purl.obolibrary.org/obo/go.owl#Protein_C1GALT1
1012	http://purl.obolibrary.org/obo/go.owl#Reaction_R-HSA-9693125
1013	http://purl.obolibrary.org/obo/go.owl#Protein_EVI2B
1014	http://purl.obolibrary.org/obo/go.owl#Reaction_R-HSA-2179407
1015	http://purl.obolibrary.org/obo/go.owl#Protein_CNEP1R1
1016	http://purl.obolibrary.org/obo/go.owl#Reaction_R-HSA-9760652
1017	http://purl.obolibrary.org/obo/go.owl#Protein_MRPS25
1018	http://purl.obolibrary.org/obo/go.owl#Protein_DHX30
1019	http://purl.obolibrary.org/obo/GO_0051052_instance
1020	http://purl.obolibrary.org/obo/GO_0019219_instance
1021	http://purl.obolibrary.org/obo/go.owl#Protein_CDCA5
1022	http://purl.obolibrary.org/obo/go.owl#Reaction_R-HSA-2467794
1023	http://purl.obolibrary.org/obo/go.owl#Reaction_R-HSA-174224
1024	http://purl.obolibrary.org/obo/go.owl#Pathway_R-HSA-174143
1025	http://purl.obolibrary.org/obo/go.owl#Protein_CLOCK
1026	http://purl.obolibrary.org/obo/GO_0006511_instance
1027	http://purl.obolibrary.org/obo/go.owl#Sample_GSM1318005
1028	http://purl.obolibrary.org/obo/go.owl#Protein_ZNF25
1029	http://purl.obolibrary.org/obo/go.owl#Reaction_R-HSA-199566
1030	http://purl.obolibrary.org/obo/go.owl#Protein_APEH
1031	http://purl.obolibrary.org/obo/go.owl#Protein_PARP12
1032	http://purl.obolibrary.org/obo/go.owl#Protein_BTG1
1033	http://purl.obolibrary.org/obo/go.owl#Protein_POLR2C
1034	http://purl.obolibrary.org/obo/go.owl#Reaction_R-NUL-1250475
1035	http://purl.obolibrary.org/obo/go.owl#Protein_TCEA1
1036	http://purl.obolibrary.org/obo/go.owl#Protein_CCNH
1037	http://purl.obolibrary.org/obo/go.owl#Protein_MRPL28
1038	http://purl.obolibrary.org/obo/GO_0051168_instance
1039	http://purl.obolibrary.org/obo/GO_0048522_instance
1040	http://purl.obolibrary.org/obo/go.owl#Protein_IDH1
1041	http://purl.obolibrary.org/obo/go.owl#Protein_LSM7
1042	http://purl.obolibrary.org/obo/go.owl#Protein_DNAJB14
1043	http://purl.obolibrary.org/obo/go.owl#Protein_ARPP19
1044	http://purl.obolibrary.org/obo/go.owl#Reaction_R-HSA-202365
1045	http://purl.obolibrary.org/obo/go.owl#Pathway_R-HSA-202424
1046	http://purl.obolibrary.org/obo/go.owl#Reaction_R-HSA-448951
1047	http://purl.obolibrary.org/obo/go.owl#Reaction_R-HSA-9757954
1048	http://purl.obolibrary.org/obo/go.owl#Pathway_R-HSA-975138
1049	http://purl.obolibrary.org/obo/go.owl#Reaction_R-HSA-2424481
1050	http://purl.obolibrary.org/obo/go.owl#Pathway_R-HSA-2424491
1051	http://purl.obolibrary.org/obo/go.owl#Protein_UBE2D1
1052	http://purl.obolibrary.org/obo/go.owl#Protein_LGALS3
1053	http://purl.obolibrary.org/obo/go.owl#Protein_STARD7
1054	http://purl.obolibrary.org/obo/go.owl#Protein_TLR1
1055	http://purl.obolibrary.org/obo/go.owl#Protein_ATXN7L3
1056	http://purl.obolibrary.org/obo/go.owl#Protein_PTGS2
1057	http://purl.obolibrary.org/obo/go.owl#Protein_MEGF9
1058	http://purl.obolibrary.org/obo/go.owl#Reaction_R-HSA-9012000
1059	http://purl.obolibrary.org/obo/GO_0051607_instance
1060	http://purl.obolibrary.org/obo/go.owl#Protein_USP10
1061	http://purl.obolibrary.org/obo/go.owl#Protein_ATN1
1062	http://purl.obolibrary.org/obo/GO_0008219_instance
1063	http://purl.obolibrary.org/obo/go.owl#Sample_GSM1317921
1064	http://purl.obolibrary.org/obo/go.owl#Protein_TMEM147
1065	http://purl.obolibrary.org/obo/go.owl#Reaction_R-HSA-9770142
1066	http://purl.obolibrary.org/obo/go.owl#Pathway_R-HSA-8953854
1067	http://purl.obolibrary.org/obo/go.owl#Protein_TMED7
1068	http://purl.obolibrary.org/obo/GO_0005793_instance
1069	http://purl.obolibrary.org/obo/GO_0070727_instance
1070	http://purl.obolibrary.org/obo/go.owl#Reaction_R-HSA-5684273
1071	http://purl.obolibrary.org/obo/go.owl#Protein_TMEM101
1072	http://purl.obolibrary.org/obo/go.owl#Protein_PSME1
1073	http://purl.obolibrary.org/obo/go.owl#Pathway_R-HSA-2871837
1074	http://purl.obolibrary.org/obo/go.owl#Protein_MBP
1075	http://purl.obolibrary.org/obo/go.owl#Reaction_R-HSA-3209098
1076	http://purl.obolibrary.org/obo/go.owl#Protein_WARS1
1077	http://purl.obolibrary.org/obo/go.owl#Pathway_R-HSA-69481
1078	http://purl.obolibrary.org/obo/go.owl#Reaction_R-HSA-9818937
1079	http://purl.obolibrary.org/obo/go.owl#Protein_SH2D1A
1080	http://purl.obolibrary.org/obo/GO_0045321_instance
1081	http://purl.obolibrary.org/obo/go.owl#Protein_SPAST
1082	http://purl.obolibrary.org/obo/go.owl#Protein_RAB37
1083	http://purl.obolibrary.org/obo/go.owl#Protein_SCYL1
1084	http://purl.obolibrary.org/obo/go.owl#Protein_COMMD9
1085	http://purl.obolibrary.org/obo/go.owl#Protein_CTR9
1086	http://purl.obolibrary.org/obo/go.owl#Reaction_R-HSA-6792491
1087	http://purl.obolibrary.org/obo/go.owl#Pathway_R-HSA-6804757
1088	http://purl.obolibrary.org/obo/go.owl#Protein_PMAIP1
1089	http://purl.obolibrary.org/obo/go.owl#Protein_DHRS7
1090	http://purl.obolibrary.org/obo/go.owl#Reaction_R-HSA-9013022
1091	http://purl.obolibrary.org/obo/go.owl#Reaction_R-HSA-1799332
1092	http://purl.obolibrary.org/obo/go.owl#Protein_MCL1
1093	http://purl.obolibrary.org/obo/go.owl#Protein_MYCBP2
1094	http://purl.obolibrary.org/obo/go.owl#Protein_APOBEC3F
1095	http://purl.obolibrary.org/obo/go.owl#Protein_BAG5
1096	http://purl.obolibrary.org/obo/go.owl#Protein_ANXA4
1097	http://purl.obolibrary.org/obo/go.owl#Protein_CASP6
1098	http://purl.obolibrary.org/obo/go.owl#Protein_CEP164
1099	http://purl.obolibrary.org/obo/go.owl#Reaction_R-HSA-167076
1100	http://purl.obolibrary.org/obo/go.owl#Protein_XAF1
1101	http://purl.obolibrary.org/obo/GO_1901652_instance
1102	http://purl.obolibrary.org/obo/go.owl#Protein_SLC25A44
1103	http://purl.obolibrary.org/obo/go.owl#Reaction_R-HSA-9672770
1104	http://purl.obolibrary.org/obo/go.owl#Protein_TSEN15
1105	http://purl.obolibrary.org/obo/go.owl#Pathway_R-HSA-1482788
1106	http://purl.obolibrary.org/obo/go.owl#Pathway_R-HSA-1483257
1107	http://purl.obolibrary.org/obo/go.owl#Protein_THAP6
1108	http://purl.obolibrary.org/obo/go.owl#Protein_DNAJB6
1109	http://purl.obolibrary.org/obo/go.owl#Reaction_R-HSA-199558
1110	http://purl.obolibrary.org/obo/go.owl#Protein_CHMP2B
1111	http://purl.obolibrary.org/obo/go.owl#Pathway_R-HSA-9833109
1112	http://purl.obolibrary.org/obo/go.owl#Pathway_R-HSA-5663205
1113	http://purl.obolibrary.org/obo/go.owl#Reaction_R-HSA-170706
1114	http://purl.obolibrary.org/obo/go.owl#Sample_GSM1318050
1115	http://purl.obolibrary.org/obo/go.owl#Protein_HINT1
1116	http://purl.obolibrary.org/obo/go.owl#Protein_SEPTIN7
1117	http://purl.obolibrary.org/obo/go.owl#Protein_IRF1
1118	http://purl.obolibrary.org/obo/go.owl#Protein_SIN3B
1119	http://purl.obolibrary.org/obo/go.owl#Sample_GSM1318045
1120	http://purl.obolibrary.org/obo/go.owl#Protein_PAIP2
1121	http://purl.obolibrary.org/obo/go.owl#Protein_CAST
1122	http://purl.obolibrary.org/obo/go.owl#Protein_RNASE2
1123	http://purl.obolibrary.org/obo/go.owl#Protein_RAMAC
1124	http://purl.obolibrary.org/obo/go.owl#Protein_UTP3
1125	http://purl.obolibrary.org/obo/go.owl#Reaction_R-HSA-2730851
1126	http://purl.obolibrary.org/obo/go.owl#Pathway_R-HSA-2871796
1127	http://purl.obolibrary.org/obo/go.owl#Reaction_R-HSA-167477
1128	http://purl.obolibrary.org/obo/go.owl#Pathway_R-HSA-167172
1129	http://purl.obolibrary.org/obo/go.owl#Protein_MYO9B
1130	http://purl.obolibrary.org/obo/go.owl#Reaction_R-HSA-9013111
1131	http://purl.obolibrary.org/obo/go.owl#Protein_MCFD2
1132	http://purl.obolibrary.org/obo/go.owl#Reaction_R-HSA-5694446
1133	http://purl.obolibrary.org/obo/GO_0048585_instance
1134	http://purl.obolibrary.org/obo/go.owl#Reaction_R-HSA-8983996
1135	http://purl.obolibrary.org/obo/go.owl#Protein_STAT5A
1136	http://purl.obolibrary.org/obo/go.owl#Reaction_R-HSA-9670417
1137	http://purl.obolibrary.org/obo/go.owl#Protein_EIF4G2
1138	http://purl.obolibrary.org/obo/go.owl#Protein_PNRC2
1139	http://purl.obolibrary.org/obo/go.owl#Protein_TAOK2
1140	http://purl.obolibrary.org/obo/go.owl#Protein_PGRMC1
1141	http://purl.obolibrary.org/obo/GO_0031982_instance
1142	http://purl.obolibrary.org/obo/go.owl#Protein_IMPA1
1143	http://purl.obolibrary.org/obo/go.owl#Protein_ZNFX1
1144	http://purl.obolibrary.org/obo/go.owl#Reaction_R-HSA-69562
1145	http://purl.obolibrary.org/obo/go.owl#Reaction_R-HSA-1912413
1146	http://purl.obolibrary.org/obo/go.owl#Pathway_R-HSA-157118
1147	http://purl.obolibrary.org/obo/go.owl#Protein_NUP188
1148	http://purl.obolibrary.org/obo/go.owl#Pathway_R-HSA-4551638
1149	http://purl.obolibrary.org/obo/go.owl#Protein_UQCRC1
1150	http://purl.obolibrary.org/obo/go.owl#Pathway_R-HSA-9006925
1151	http://purl.obolibrary.org/obo/go.owl#Protein_UFM1
1152	http://purl.obolibrary.org/obo/GO_0071495_instance
1153	http://purl.obolibrary.org/obo/go.owl#Protein_MAP3K11
1154	http://purl.obolibrary.org/obo/go.owl#Protein_ITPK1
1155	http://purl.obolibrary.org/obo/go.owl#Protein_MYADM
1156	http://purl.obolibrary.org/obo/go.owl#Protein_ARMT1
1157	http://purl.obolibrary.org/obo/go.owl#Protein_SLC40A1
1158	http://purl.obolibrary.org/obo/GO_0060255_instance
1159	http://purl.obolibrary.org/obo/go.owl#Protein_CNDP2
1160	http://purl.obolibrary.org/obo/go.owl#Reaction_R-HSA-9839146
1161	http://purl.obolibrary.org/obo/go.owl#Protein_STK11IP
1162	http://purl.obolibrary.org/obo/GO_0033036_instance
1163	http://purl.obolibrary.org/obo/go.owl#Protein_CMPK1
1164	http://purl.obolibrary.org/obo/go.owl#Reaction_R-HSA-450488
1165	http://purl.obolibrary.org/obo/go.owl#Protein_NFIL3
1166	http://purl.obolibrary.org/obo/go.owl#Protein_CD300LF
1167	http://purl.obolibrary.org/obo/go.owl#Protein_PRDX6
1168	http://purl.obolibrary.org/obo/go.owl#Protein_CD9
1169	http://purl.obolibrary.org/obo/go.owl#Pathway_R-HSA-168255
1170	http://purl.obolibrary.org/obo/go.owl#Reaction_R-HSA-165692
1171	http://purl.obolibrary.org/obo/go.owl#Protein_SLC35B2
1172	http://purl.obolibrary.org/obo/go.owl#Reaction_R-HSA-3159232
1173	http://purl.obolibrary.org/obo/go.owl#Reaction_R-HSA-177938
1174	http://purl.obolibrary.org/obo/go.owl#Pathway_R-HSA-179812
1175	http://purl.obolibrary.org/obo/go.owl#Protein_COX7A2
1176	http://purl.obolibrary.org/obo/go.owl#Reaction_R-HSA-9937415
1177	http://purl.obolibrary.org/obo/go.owl#Pathway_R-HSA-5419276
1178	http://purl.obolibrary.org/obo/go.owl#Pathway_R-HSA-76002
1179	http://purl.obolibrary.org/obo/go.owl#Sample_GSM1317943
1180	http://purl.obolibrary.org/obo/go.owl#Protein_PCMTD1
1181	http://purl.obolibrary.org/obo/go.owl#Protein_LMBRD1
1182	http://purl.obolibrary.org/obo/GO_0080135_instance
1183	http://purl.obolibrary.org/obo/go.owl#Protein_PPCS
1184	http://purl.obolibrary.org/obo/go.owl#Protein_TOP3A
1185	http://purl.obolibrary.org/obo/go.owl#Reaction_R-HSA-9609743
1186	http://purl.obolibrary.org/obo/go.owl#Protein_MIA2
1187	http://purl.obolibrary.org/obo/go.owl#Protein_COPG1
1188	http://purl.obolibrary.org/obo/go.owl#Protein_VPS13B
1189	http://purl.obolibrary.org/obo/go.owl#Protein_TMEM208
1190	http://purl.obolibrary.org/obo/go.owl#Pathway_R-HSA-2142789
1191	http://purl.obolibrary.org/obo/go.owl#Protein_OSBPL11
1192	http://purl.obolibrary.org/obo/go.owl#Pathway_R-HSA-429947
1193	http://purl.obolibrary.org/obo/go.owl#Reaction_R-HSA-5694522
1194	http://purl.obolibrary.org/obo/go.owl#Sample_GSM1318016
1195	http://purl.obolibrary.org/obo/go.owl#Protein_ZNF746
1196	http://purl.obolibrary.org/obo/go.owl#Reaction_R-HSA-113430
1197	http://purl.obolibrary.org/obo/go.owl#Protein_GSDMB
1198	http://purl.obolibrary.org/obo/GO_0098542_instance
1199	http://purl.obolibrary.org/obo/go.owl#Protein_CD46
1200	http://purl.obolibrary.org/obo/go.owl#Reaction_R-HSA-141673
1201	http://purl.obolibrary.org/obo/go.owl#Reaction_R-HSA-111956
1202	http://purl.obolibrary.org/obo/go.owl#Pathway_R-HSA-418594
1203	http://purl.obolibrary.org/obo/go.owl#Sample_GSM1318027
1204	http://purl.obolibrary.org/obo/go.owl#Protein_MTMR6
1205	http://purl.obolibrary.org/obo/go.owl#Protein_USP6
1206	http://purl.obolibrary.org/obo/go.owl#Pathway_R-HSA-199977
1207	http://purl.obolibrary.org/obo/go.owl#Pathway_R-HSA-948021
1208	http://purl.obolibrary.org/obo/GO_0010638_instance
1209	http://purl.obolibrary.org/obo/go.owl#Protein_ATP6V1F
1210	http://purl.obolibrary.org/obo/go.owl#Reaction_R-HSA-9646468
1211	http://purl.obolibrary.org/obo/go.owl#Reaction_R-HSA-8877311
1212	http://purl.obolibrary.org/obo/go.owl#Pathway_R-HSA-8876198
1213	http://purl.obolibrary.org/obo/go.owl#Reaction_R-HSA-9610153
1214	http://purl.obolibrary.org/obo/go.owl#Protein_CD22
1215	http://purl.obolibrary.org/obo/GO_0005768_instance
1216	http://purl.obolibrary.org/obo/go.owl#Protein_SAR1A
1217	http://purl.obolibrary.org/obo/go.owl#Protein_SSH1
1218	http://purl.obolibrary.org/obo/go.owl#Reaction_R-HSA-167118
1219	http://purl.obolibrary.org/obo/go.owl#Protein_ARHGAP12
1220	http://purl.obolibrary.org/obo/go.owl#Protein_BECN1
1221	http://purl.obolibrary.org/obo/GO_0005783_instance
1222	http://purl.obolibrary.org/obo/go.owl#Protein_HNRNPH2
1223	http://purl.obolibrary.org/obo/go.owl#Reaction_R-HSA-9794542
1224	http://purl.obolibrary.org/obo/go.owl#Protein_STAT1
1225	http://purl.obolibrary.org/obo/go.owl#Protein_DCTN1
1226	http://purl.obolibrary.org/obo/go.owl#Protein_ISY1
1227	http://purl.obolibrary.org/obo/go.owl#Pathway_R-HSA-72172
1228	http://purl.obolibrary.org/obo/go.owl#Protein_UNC45A
1229	http://purl.obolibrary.org/obo/go.owl#Reaction_R-HSA-9021182
1230	http://purl.obolibrary.org/obo/go.owl#Pathway_R-HSA-9022692
1231	http://purl.obolibrary.org/obo/go.owl#Protein_TNPO3
1232	http://purl.obolibrary.org/obo/go.owl#Reaction_R-HSA-9008345
1233	http://purl.obolibrary.org/obo/go.owl#Protein_KBTBD7
1234	http://purl.obolibrary.org/obo/go.owl#Reaction_R-HSA-418163
1235	http://purl.obolibrary.org/obo/go.owl#Sample_GSM1317951
1236	http://purl.obolibrary.org/obo/go.owl#Protein_HAL
1237	http://purl.obolibrary.org/obo/go.owl#Protein_AP2A2
1238	http://purl.obolibrary.org/obo/go.owl#Reaction_R-HSA-445079
1239	http://purl.obolibrary.org/obo/go.owl#Protein_ASB6
1240	http://purl.obolibrary.org/obo/GO_0099503_instance
1241	http://purl.obolibrary.org/obo/go.owl#Reaction_R-HSA-6798126
1242	http://purl.obolibrary.org/obo/go.owl#Sample_GSM1317942
1243	http://purl.obolibrary.org/obo/go.owl#Protein_GLYR1
1244	http://purl.obolibrary.org/obo/go.owl#Protein_IFRD1
1245	http://purl.obolibrary.org/obo/go.owl#Protein_SF3B1
1246	http://purl.obolibrary.org/obo/go.owl#Reaction_R-HSA-5654565
1247	http://purl.obolibrary.org/obo/go.owl#Pathway_R-HSA-190236
1248	http://purl.obolibrary.org/obo/go.owl#Pathway_R-HSA-1855196
1249	http://purl.obolibrary.org/obo/go.owl#Protein_CNGB1
1250	http://purl.obolibrary.org/obo/go.owl#Reaction_R-HSA-9603445
1251	http://purl.obolibrary.org/obo/go.owl#Pathway_R-HSA-9006934
1252	http://purl.obolibrary.org/obo/go.owl#Sample_GSM1318039
1253	http://purl.obolibrary.org/obo/go.owl#Reaction_R-HSA-9823836
1254	http://purl.obolibrary.org/obo/go.owl#Protein_GAPDH
1255	http://purl.obolibrary.org/obo/go.owl#Protein_HHEX
1256	http://purl.obolibrary.org/obo/go.owl#Protein_VPS26A
1257	http://purl.obolibrary.org/obo/go.owl#Protein_RPGR
1258	http://purl.obolibrary.org/obo/go.owl#Protein_CGRRF1
1259	http://purl.obolibrary.org/obo/go.owl#Protein_RPS21
1260	http://purl.obolibrary.org/obo/go.owl#Pathway_R-HSA-9694516
1261	http://purl.obolibrary.org/obo/go.owl#Protein_RGS18
1262	http://purl.obolibrary.org/obo/go.owl#Protein_INTS15
1263	http://purl.obolibrary.org/obo/go.owl#Protein_DCK
1264	http://purl.obolibrary.org/obo/GO_0031981_instance
1265	http://purl.obolibrary.org/obo/go.owl#Protein_CPEB3
1266	http://purl.obolibrary.org/obo/go.owl#Protein_EIF4E
1267	http://purl.obolibrary.org/obo/GO_0010646_instance
1268	http://purl.obolibrary.org/obo/go.owl#Reaction_R-HSA-870479
1269	http://purl.obolibrary.org/obo/go.owl#Reaction_R-HSA-8964271
1270	http://purl.obolibrary.org/obo/go.owl#Pathway_R-HSA-388396
1271	http://purl.obolibrary.org/obo/go.owl#Protein_CKS2
1272	http://purl.obolibrary.org/obo/go.owl#Reaction_R-HSA-167419
1273	http://purl.obolibrary.org/obo/go.owl#Reaction_R-HSA-9620837
1274	http://purl.obolibrary.org/obo/go.owl#Reaction_R-HSA-199935
1275	http://purl.obolibrary.org/obo/go.owl#Pathway_R-HSA-450282
1276	http://purl.obolibrary.org/obo/go.owl#Protein_TMEM219
1277	http://purl.obolibrary.org/obo/go.owl#Protein_SIPA1
1278	http://purl.obolibrary.org/obo/go.owl#Protein_FRG1
1279	http://purl.obolibrary.org/obo/go.owl#Protein_PELI2
1280	http://purl.obolibrary.org/obo/go.owl#Reaction_R-HSA-8936676
1281	http://purl.obolibrary.org/obo/go.owl#Pathway_R-HSA-6802957
1282	http://purl.obolibrary.org/obo/go.owl#Reaction_R-HSA-5626227
1283	http://purl.obolibrary.org/obo/go.owl#Protein_KANSL1
1284	http://purl.obolibrary.org/obo/go.owl#Protein_NR3C1
1285	http://purl.obolibrary.org/obo/go.owl#Reaction_R-HSA-8948066
1286	http://purl.obolibrary.org/obo/go.owl#Pathway_R-HSA-9020702
1287	http://purl.obolibrary.org/obo/go.owl#Reaction_R-HSA-4420365
1288	http://purl.obolibrary.org/obo/go.owl#Pathway_R-HSA-4420332
1289	http://purl.obolibrary.org/obo/go.owl#Reaction_R-HSA-5626223
1290	http://purl.obolibrary.org/obo/go.owl#Protein_CD19
1291	http://purl.obolibrary.org/obo/go.owl#Pathway_R-HSA-110329
1292	http://purl.obolibrary.org/obo/go.owl#Protein_RNF31
1293	http://purl.obolibrary.org/obo/go.owl#Sample_GSM1317990
1294	http://purl.obolibrary.org/obo/go.owl#Protein_COMMD5
1295	http://purl.obolibrary.org/obo/go.owl#Protein_SUPT5H
1296	http://purl.obolibrary.org/obo/go.owl#Protein_TCP1
1297	http://purl.obolibrary.org/obo/go.owl#Reaction_R-HSA-9672164
1298	http://purl.obolibrary.org/obo/go.owl#Protein_CDC26
1299	http://purl.obolibrary.org/obo/GO_0019538_instance
1300	http://purl.obolibrary.org/obo/go.owl#Protein_DUSP11
1301	http://purl.obolibrary.org/obo/go.owl#Protein_TMBIM1
1302	http://purl.obolibrary.org/obo/go.owl#Pathway_R-HSA-159230
1303	http://purl.obolibrary.org/obo/go.owl#Protein_FCHO2
1304	http://purl.obolibrary.org/obo/go.owl#Reaction_R-HSA-9678925
1305	http://purl.obolibrary.org/obo/go.owl#Protein_AZIN1
1306	http://purl.obolibrary.org/obo/go.owl#Protein_BLOC1S6
1307	http://purl.obolibrary.org/obo/go.owl#Reaction_R-HSA-167459
1308	http://purl.obolibrary.org/obo/go.owl#Protein_NRBP1
1309	http://purl.obolibrary.org/obo/go.owl#Pathway_R-HSA-1474228
1310	http://purl.obolibrary.org/obo/go.owl#Reaction_R-HSA-5357477
1311	http://purl.obolibrary.org/obo/GO_0051276_instance
1312	http://purl.obolibrary.org/obo/go.owl#Reaction_R-HSA-6781840
1313	http://purl.obolibrary.org/obo/go.owl#Pathway_R-HSA-5696398
1314	http://purl.obolibrary.org/obo/go.owl#Protein_HIGD1A
1315	http://purl.obolibrary.org/obo/go.owl#Sample_GSM1317975
1316	http://purl.obolibrary.org/obo/go.owl#Protein_WSB2
1317	http://purl.obolibrary.org/obo/go.owl#Reaction_R-HSA-1028821
1318	http://purl.obolibrary.org/obo/go.owl#Protein_RNF24
1319	http://purl.obolibrary.org/obo/go.owl#Protein_TM6SF1
1320	http://purl.obolibrary.org/obo/go.owl#Protein_SYPL1
1321	http://purl.obolibrary.org/obo/go.owl#Protein_SNIP1
1322	http://purl.obolibrary.org/obo/GO_0010648_instance
1323	http://purl.obolibrary.org/obo/go.owl#Protein_ZFAND5
1324	http://purl.obolibrary.org/obo/go.owl#Protein_TRAPPC5
1325	http://purl.obolibrary.org/obo/go.owl#Pathway_R-HSA-199991
1326	http://purl.obolibrary.org/obo/go.owl#Protein_NAE1
1327	http://purl.obolibrary.org/obo/GO_0045930_instance
1328	http://purl.obolibrary.org/obo/go.owl#Reaction_R-HSA-9032502
1329	http://purl.obolibrary.org/obo/go.owl#Protein_TBRG4
1330	http://purl.obolibrary.org/obo/go.owl#Reaction_R-HSA-9754537
1331	http://purl.obolibrary.org/obo/go.owl#Protein_TYSND1
1332	http://purl.obolibrary.org/obo/go.owl#Reaction_R-HSA-9033515
1333	http://purl.obolibrary.org/obo/go.owl#Sample_GSM1318004
1334	http://purl.obolibrary.org/obo/go.owl#Protein_ABCA7
1335	http://purl.obolibrary.org/obo/go.owl#Reaction_R-HSA-187520
1336	http://purl.obolibrary.org/obo/go.owl#Reaction_R-HSA-4551679
1337	http://purl.obolibrary.org/obo/GO_0070161_instance
1338	http://purl.obolibrary.org/obo/go.owl#Protein_TAB2
1339	http://purl.obolibrary.org/obo/go.owl#Pathway_R-HSA-168164
1340	http://purl.obolibrary.org/obo/go.owl#Protein_GABARAPL2
1341	http://purl.obolibrary.org/obo/go.owl#Reaction_R-HSA-5678490
1342	http://purl.obolibrary.org/obo/go.owl#Protein_RPLP1
1343	http://purl.obolibrary.org/obo/go.owl#Protein_WDR20
1344	http://purl.obolibrary.org/obo/go.owl#Protein_KMT2E
1345	http://purl.obolibrary.org/obo/go.owl#Protein_RHOB
1346	http://purl.obolibrary.org/obo/go.owl#Protein_PIDD1
1347	http://purl.obolibrary.org/obo/go.owl#Protein_CSTF2
1348	http://purl.obolibrary.org/obo/go.owl#Reaction_R-HSA-428885
1349	http://purl.obolibrary.org/obo/go.owl#Pathway_R-HSA-9675108
1350	http://purl.obolibrary.org/obo/go.owl#Protein_CCDC88B
1351	http://purl.obolibrary.org/obo/go.owl#Protein_DCP1A
1352	http://purl.obolibrary.org/obo/go.owl#Reaction_R-HSA-9027532
1353	http://purl.obolibrary.org/obo/go.owl#Protein_PPP3CA
1354	http://purl.obolibrary.org/obo/go.owl#Protein_P4HB
1355	http://purl.obolibrary.org/obo/GO_0034097_instance
1356	http://purl.obolibrary.org/obo/go.owl#Protein_PICALM
1357	http://purl.obolibrary.org/obo/go.owl#Reaction_R-HSA-749446
1358	http://purl.obolibrary.org/obo/go.owl#Pathway_R-HSA-418597
1359	http://purl.obolibrary.org/obo/go.owl#Protein_ROCK1
1360	http://purl.obolibrary.org/obo/GO_0061640_instance
1361	http://purl.obolibrary.org/obo/go.owl#Protein_FAM234A
1362	http://purl.obolibrary.org/obo/go.owl#Protein_PDGFA
1363	http://purl.obolibrary.org/obo/go.owl#Pathway_R-HSA-72203
1364	http://purl.obolibrary.org/obo/go.owl#Protein_MRRF
1365	http://purl.obolibrary.org/obo/go.owl#Reaction_R-HSA-5651992
1366	http://purl.obolibrary.org/obo/go.owl#Pathway_R-HSA-110314
1367	http://purl.obolibrary.org/obo/go.owl#Protein_DPP9
1368	http://purl.obolibrary.org/obo/go.owl#Reaction_R-HSA-9033233
1369	http://purl.obolibrary.org/obo/go.owl#Pathway_R-HSA-9033241
1370	http://purl.obolibrary.org/obo/go.owl#Protein_ACBD5
1371	http://purl.obolibrary.org/obo/go.owl#Pathway_R-HSA-9609507
1372	http://purl.obolibrary.org/obo/go.owl#Protein_MED30
1373	http://purl.obolibrary.org/obo/go.owl#Reaction_R-HSA-212380
1374	http://purl.obolibrary.org/obo/go.owl#Protein_F11R
1375	http://purl.obolibrary.org/obo/go.owl#Protein_SNAP23
1376	http://purl.obolibrary.org/obo/go.owl#Pathway_R-HSA-1236975
1377	http://purl.obolibrary.org/obo/go.owl#Pathway_R-HSA-1169410
1378	http://purl.obolibrary.org/obo/go.owl#Pathway_R-HSA-913531
1379	http://purl.obolibrary.org/obo/go.owl#Protein_CLSTN1
1380	http://purl.obolibrary.org/obo/go.owl#Protein_STX10
1381	http://purl.obolibrary.org/obo/go.owl#Protein_DAPP1
1382	http://purl.obolibrary.org/obo/go.owl#Protein_BORCS6
1383	http://purl.obolibrary.org/obo/go.owl#Reaction_R-HSA-6811433
1384	http://purl.obolibrary.org/obo/go.owl#Pathway_R-HSA-6811438
1385	http://purl.obolibrary.org/obo/go.owl#Protein_ZFR
1386	http://purl.obolibrary.org/obo/GO_0010557_instance
1387	http://purl.obolibrary.org/obo/go.owl#Protein_CNOT7
1388	http://purl.obolibrary.org/obo/go.owl#Reaction_R-HSA-4615987
1389	http://purl.obolibrary.org/obo/go.owl#Protein_RNF181
1390	http://purl.obolibrary.org/obo/go.owl#Reaction_R-HSA-9009378
1391	http://purl.obolibrary.org/obo/go.owl#Reaction_R-HSA-111916
1392	http://purl.obolibrary.org/obo/go.owl#Pathway_R-HSA-111932
1393	http://purl.obolibrary.org/obo/go.owl#Reaction_R-HSA-5625870
1394	http://purl.obolibrary.org/obo/go.owl#Protein_E4F1
1395	http://purl.obolibrary.org/obo/GO_0016604_instance
1396	http://purl.obolibrary.org/obo/go.owl#Reaction_R-HSA-3790137
1397	http://purl.obolibrary.org/obo/go.owl#Reaction_R-HSA-109637
1398	http://purl.obolibrary.org/obo/go.owl#Protein_STX7
1399	http://purl.obolibrary.org/obo/go.owl#Protein_ARHGEF1
1400	http://purl.obolibrary.org/obo/go.owl#Pathway_R-HSA-5633007
1401	http://purl.obolibrary.org/obo/go.owl#Protein_SLC25A36
1402	http://purl.obolibrary.org/obo/go.owl#Sample_GSM1317997
1403	http://purl.obolibrary.org/obo/go.owl#Reaction_R-HSA-9623999
1404	http://purl.obolibrary.org/obo/go.owl#Reaction_R-HSA-9011958
1405	http://purl.obolibrary.org/obo/go.owl#Protein_PDE3B
1406	http://purl.obolibrary.org/obo/GO_0016020_instance
1407	http://purl.obolibrary.org/obo/go.owl#Protein_SAFB2
1408	http://purl.obolibrary.org/obo/go.owl#Protein_CERS2
1409	http://purl.obolibrary.org/obo/go.owl#Reaction_R-HSA-9011289
1410	http://purl.obolibrary.org/obo/go.owl#Sample_GSM1317952
1411	http://purl.obolibrary.org/obo/go.owl#Sample_GSM1318024
1412	http://purl.obolibrary.org/obo/go.owl#Reaction_R-HSA-174445
1413	http://purl.obolibrary.org/obo/go.owl#Pathway_R-HSA-174417
1414	http://purl.obolibrary.org/obo/go.owl#Reaction_R-HSA-73758
1415	http://purl.obolibrary.org/obo/go.owl#Pathway_R-HSA-73864
1416	http://purl.obolibrary.org/obo/go.owl#Protein_SLC35B1
1417	http://purl.obolibrary.org/obo/go.owl#Protein_HAUS8
1418	http://purl.obolibrary.org/obo/go.owl#Reaction_R-HSA-8853419
1419	http://purl.obolibrary.org/obo/go.owl#Protein_SRSF11
1420	http://purl.obolibrary.org/obo/go.owl#Protein_PGAP2
1421	http://purl.obolibrary.org/obo/go.owl#Protein_DYRK1A
1422	http://purl.obolibrary.org/obo/go.owl#Protein_SLC35C2
1423	http://purl.obolibrary.org/obo/go.owl#Protein_RFK
1424	http://purl.obolibrary.org/obo/go.owl#Protein_IRF7
1425	http://purl.obolibrary.org/obo/GO_0009966_instance
1426	http://purl.obolibrary.org/obo/go.owl#Protein_PRRC1
1427	http://purl.obolibrary.org/obo/go.owl#Protein_REEP5
1428	http://purl.obolibrary.org/obo/go.owl#Protein_MTFP1
1429	http://purl.obolibrary.org/obo/go.owl#Reaction_R-HSA-202969
1430	http://purl.obolibrary.org/obo/go.owl#Pathway_R-HSA-109581
1431	http://purl.obolibrary.org/obo/go.owl#Reaction_R-HSA-2022073
1432	http://purl.obolibrary.org/obo/go.owl#Reaction_R-HSA-5694439
1433	http://purl.obolibrary.org/obo/go.owl#Protein_ATF1
1434	http://purl.obolibrary.org/obo/go.owl#Pathway_R-HSA-168188
1435	http://purl.obolibrary.org/obo/go.owl#Protein_CYTIP
1436	http://purl.obolibrary.org/obo/go.owl#Reaction_R-HSA-2201316
1437	http://purl.obolibrary.org/obo/go.owl#Pathway_R-HSA-168179
1438	http://purl.obolibrary.org/obo/go.owl#Reaction_R-HSA-158441
1439	http://purl.obolibrary.org/obo/go.owl#Reaction_R-HSA-9018766
1440	http://purl.obolibrary.org/obo/GO_0009056_instance
1441	http://purl.obolibrary.org/obo/go.owl#Reaction_R-HSA-9646679
1442	http://purl.obolibrary.org/obo/go.owl#Protein_MEX3C
1443	http://purl.obolibrary.org/obo/go.owl#Reaction_R-HSA-560517
1444	http://purl.obolibrary.org/obo/go.owl#Protein_PTK2B
1445	http://purl.obolibrary.org/obo/GO_0044877_instance
1446	http://purl.obolibrary.org/obo/go.owl#Protein_MFSD14A
1447	http://purl.obolibrary.org/obo/go.owl#Protein_ARPC5
1448	http://purl.obolibrary.org/obo/go.owl#Protein_SNX10
1449	http://purl.obolibrary.org/obo/go.owl#Sample_GSM1317908
1450	http://purl.obolibrary.org/obo/go.owl#Protein_FBXO8
1451	http://purl.obolibrary.org/obo/go.owl#Reaction_R-HSA-9925159
1452	http://purl.obolibrary.org/obo/go.owl#Reaction_R-HSA-9036970
1453	http://purl.obolibrary.org/obo/GO_0080090_instance
1454	http://purl.obolibrary.org/obo/go.owl#Pathway_R-HSA-164944
1455	http://purl.obolibrary.org/obo/GO_0030097_instance
1456	http://purl.obolibrary.org/obo/go.owl#Protein_GRIPAP1
1457	http://purl.obolibrary.org/obo/go.owl#Pathway_R-HSA-199920
1458	http://purl.obolibrary.org/obo/go.owl#Protein_COG3
1459	http://purl.obolibrary.org/obo/go.owl#Protein_CNN2
1460	http://purl.obolibrary.org/obo/go.owl#Reaction_R-HSA-202500
1461	http://purl.obolibrary.org/obo/GO_0006796_instance
1462	http://purl.obolibrary.org/obo/go.owl#Protein_CLPTM1L
1463	http://purl.obolibrary.org/obo/go.owl#Protein_KBTBD2
1464	http://purl.obolibrary.org/obo/go.owl#Protein_RIPK1
1465	http://purl.obolibrary.org/obo/go.owl#Pathway_R-HSA-5655862
1466	http://purl.obolibrary.org/obo/go.owl#Protein_SRRM2
1467	http://purl.obolibrary.org/obo/go.owl#Protein_NABP1
1468	http://purl.obolibrary.org/obo/go.owl#Protein_UBE2C
1469	http://purl.obolibrary.org/obo/go.owl#Reaction_R-HSA-2671876
1470	http://purl.obolibrary.org/obo/go.owl#Pathway_R-HSA-2586552
1471	http://purl.obolibrary.org/obo/go.owl#Pathway_R-HSA-2454202
1472	http://purl.obolibrary.org/obo/go.owl#Reaction_R-HSA-1234159
1473	http://purl.obolibrary.org/obo/go.owl#Protein_EGLN2
1474	http://purl.obolibrary.org/obo/go.owl#Protein_PHF23
1475	http://purl.obolibrary.org/obo/go.owl#Protein_MRPL23
1476	http://purl.obolibrary.org/obo/go.owl#Protein_ERGIC2
1477	http://purl.obolibrary.org/obo/go.owl#Reaction_R-HSA-2990842
1478	http://purl.obolibrary.org/obo/go.owl#Protein_BRSK1
1479	http://purl.obolibrary.org/obo/go.owl#Protein_ERAP2
1480	http://purl.obolibrary.org/obo/go.owl#Protein_RECQL
1481	http://purl.obolibrary.org/obo/go.owl#Protein_AKAP8L
1482	http://purl.obolibrary.org/obo/go.owl#Protein_GNG2
1483	http://purl.obolibrary.org/obo/go.owl#Reaction_R-HSA-392295
1484	http://purl.obolibrary.org/obo/go.owl#Protein_GNG10
1485	http://purl.obolibrary.org/obo/go.owl#Protein_RASSF5
1486	http://purl.obolibrary.org/obo/go.owl#Sample_GSM1317984
1487	http://purl.obolibrary.org/obo/go.owl#Protein_CHMP1B
1488	http://purl.obolibrary.org/obo/go.owl#Protein_CFAP44
1489	http://purl.obolibrary.org/obo/GO_0007010_instance
1490	http://purl.obolibrary.org/obo/go.owl#Reaction_R-HSA-5654701
1491	http://purl.obolibrary.org/obo/go.owl#Protein_DMAC2
1492	http://purl.obolibrary.org/obo/go.owl#Reaction_R-HSA-6782131
1493	http://purl.obolibrary.org/obo/go.owl#Pathway_R-HSA-6782135
1494	http://purl.obolibrary.org/obo/go.owl#Reaction_R-HSA-69142
1495	http://purl.obolibrary.org/obo/go.owl#Pathway_R-HSA-69278
1496	http://purl.obolibrary.org/obo/go.owl#Protein_OMA1
1497	http://purl.obolibrary.org/obo/go.owl#Protein_AK2
1498	http://purl.obolibrary.org/obo/go.owl#Protein_TFPT
1499	http://purl.obolibrary.org/obo/go.owl#Reaction_R-HSA-8955285
1500	http://purl.obolibrary.org/obo/go.owl#Protein_SYF2
1501	http://purl.obolibrary.org/obo/go.owl#Protein_DHRS1
1502	http://purl.obolibrary.org/obo/GO_0050793_instance
1503	http://purl.obolibrary.org/obo/go.owl#Protein_PLAA
1504	http://purl.obolibrary.org/obo/GO_0009605_instance
1505	http://purl.obolibrary.org/obo/go.owl#Reaction_R-HSA-5634221
1506	http://purl.obolibrary.org/obo/go.owl#Reaction_R-HSA-9687625
1507	http://purl.obolibrary.org/obo/go.owl#Protein_ASAP1
1508	http://purl.obolibrary.org/obo/go.owl#Reaction_R-HSA-8865265
1509	http://purl.obolibrary.org/obo/go.owl#Sample_GSM1317988
1510	http://purl.obolibrary.org/obo/go.owl#Protein_PPP2R3A
1511	http://purl.obolibrary.org/obo/go.owl#Protein_CLASP1
1512	http://purl.obolibrary.org/obo/go.owl#Protein_DPM3
1513	http://purl.obolibrary.org/obo/go.owl#Protein_PRKAG2
1514	http://purl.obolibrary.org/obo/GO_0004674_instance
1515	http://purl.obolibrary.org/obo/GO_0051253_instance
1516	http://purl.obolibrary.org/obo/go.owl#Protein_ATOSA
1517	http://purl.obolibrary.org/obo/go.owl#Protein_PRDM4
1518	http://purl.obolibrary.org/obo/GO_1902532_instance
1519	http://purl.obolibrary.org/obo/GO_0046907_instance
1520	http://purl.obolibrary.org/obo/go.owl#Sample_GSM1317967
1521	http://purl.obolibrary.org/obo/go.owl#Sample_GSM1318002
1522	http://purl.obolibrary.org/obo/go.owl#Protein_SIAH1
1523	http://purl.obolibrary.org/obo/go.owl#Protein_HK2
1524	http://purl.obolibrary.org/obo/go.owl#Protein_SLF2
1525	http://purl.obolibrary.org/obo/go.owl#Protein_PRICKLE4
1526	http://purl.obolibrary.org/obo/GO_0043207_instance
1527	http://purl.obolibrary.org/obo/go.owl#Reaction_R-HSA-8982637
1528	http://purl.obolibrary.org/obo/GO_0045786_instance
1529	http://purl.obolibrary.org/obo/go.owl#Protein_TATDN2
1530	http://purl.obolibrary.org/obo/go.owl#Protein_TMEM43
1531	http://purl.obolibrary.org/obo/go.owl#Protein_IL2RG
1532	http://purl.obolibrary.org/obo/go.owl#Reaction_R-HSA-1839080
1533	http://purl.obolibrary.org/obo/go.owl#Pathway_R-HSA-202670
1534	http://purl.obolibrary.org/obo/go.owl#Protein_RAB11A
1535	http://purl.obolibrary.org/obo/go.owl#Pathway_R-HSA-5620912
1536	http://purl.obolibrary.org/obo/go.owl#Reaction_R-HSA-112392
1537	http://purl.obolibrary.org/obo/GO_0043066_instance
1538	http://purl.obolibrary.org/obo/go.owl#Pathway_R-HSA-174437
1539	http://purl.obolibrary.org/obo/go.owl#Reaction_R-HSA-156823
1540	http://purl.obolibrary.org/obo/go.owl#Reaction_R-HSA-9934027
1541	http://purl.obolibrary.org/obo/go.owl#Pathway_R-HSA-9933946
1542	http://purl.obolibrary.org/obo/go.owl#Protein_MRPL2
1543	http://purl.obolibrary.org/obo/GO_0012501_instance
1544	http://purl.obolibrary.org/obo/go.owl#Protein_KIFC1
1545	http://purl.obolibrary.org/obo/GO_0099080_instance
1546	http://purl.obolibrary.org/obo/go.owl#Protein_JKAMP
1547	http://purl.obolibrary.org/obo/go.owl#Reaction_R-HSA-199959
1548	http://purl.obolibrary.org/obo/go.owl#Protein_SRP68
1549	http://purl.obolibrary.org/obo/go.owl#Pathway_R-HSA-5689880
1550	http://purl.obolibrary.org/obo/go.owl#Protein_PHYH
1551	http://purl.obolibrary.org/obo/go.owl#Protein_VPS13C
1552	http://purl.obolibrary.org/obo/GO_0033365_instance
1553	http://purl.obolibrary.org/obo/go.owl#Protein_TPM3
1554	http://purl.obolibrary.org/obo/go.owl#Protein_LARP4B
1555	http://purl.obolibrary.org/obo/go.owl#Reaction_R-HSA-1028819
1556	http://purl.obolibrary.org/obo/go.owl#Protein_ATP1A1
1557	http://purl.obolibrary.org/obo/go.owl#Reaction_R-HSA-939763
1558	http://purl.obolibrary.org/obo/go.owl#Pathway_R-HSA-382551
1559	http://purl.obolibrary.org/obo/go.owl#Protein_ZNF324
1560	http://purl.obolibrary.org/obo/go.owl#Protein_ZC3H18
1561	http://purl.obolibrary.org/obo/go.owl#Protein_TMEM126A
1562	http://purl.obolibrary.org/obo/go.owl#Reaction_R-HSA-8964475
1563	http://purl.obolibrary.org/obo/go.owl#Protein_PARP6
1564	http://purl.obolibrary.org/obo/GO_0006950_instance
1565	http://purl.obolibrary.org/obo/GO_0008134_instance
1566	http://purl.obolibrary.org/obo/go.owl#Reaction_R-HSA-167097
1567	http://purl.obolibrary.org/obo/go.owl#Protein_BTBD10
1568	http://purl.obolibrary.org/obo/go.owl#Protein_CDCA8
1569	http://purl.obolibrary.org/obo/GO_0051726_instance
1570	http://purl.obolibrary.org/obo/go.owl#Reaction_R-HSA-9860139
1571	http://purl.obolibrary.org/obo/go.owl#Reaction_R-HSA-8868661
1572	http://purl.obolibrary.org/obo/GO_0006915_instance
1573	http://purl.obolibrary.org/obo/go.owl#Reaction_R-HSA-8987033
1574	http://purl.obolibrary.org/obo/go.owl#Sample_GSM1317989
1575	http://purl.obolibrary.org/obo/go.owl#Protein_RFX7
1576	http://purl.obolibrary.org/obo/go.owl#Protein_PTBP1
1577	http://purl.obolibrary.org/obo/go.owl#Reaction_R-HSA-8875482
1578	http://purl.obolibrary.org/obo/go.owl#Pathway_R-HSA-6807004
1579	http://purl.obolibrary.org/obo/go.owl#Reaction_R-HSA-450337
1580	http://purl.obolibrary.org/obo/go.owl#Pathway_R-HSA-168181
1581	http://purl.obolibrary.org/obo/go.owl#Protein_KLRF1
1582	http://purl.obolibrary.org/obo/GO_0005743_instance
1583	http://purl.obolibrary.org/obo/GO_0009060_instance
1584	http://purl.obolibrary.org/obo/go.owl#Protein_PRC1
1585	http://purl.obolibrary.org/obo/GO_0000922_instance
1586	http://purl.obolibrary.org/obo/go.owl#Protein_ETS1
1587	http://purl.obolibrary.org/obo/go.owl#Protein_RAB24
1588	http://purl.obolibrary.org/obo/go.owl#Pathway_R-HSA-352238
1589	http://purl.obolibrary.org/obo/go.owl#Protein_HERC6
1590	http://purl.obolibrary.org/obo/GO_0070647_instance
1591	http://purl.obolibrary.org/obo/go.owl#Protein_AKAP13
1592	http://purl.obolibrary.org/obo/go.owl#Reaction_R-HSA-109639
1593	http://purl.obolibrary.org/obo/go.owl#Protein_H1-0
1594	http://purl.obolibrary.org/obo/GO_1901990_instance
1595	http://purl.obolibrary.org/obo/go.owl#Pathway_R-HSA-352230
1596	http://purl.obolibrary.org/obo/go.owl#Protein_HSD17B11
1597	http://purl.obolibrary.org/obo/GO_0010556_instance
1598	http://purl.obolibrary.org/obo/go.owl#Protein_KATNBL1
1599	http://purl.obolibrary.org/obo/go.owl#Pathway_R-HSA-198203
1600	http://purl.obolibrary.org/obo/go.owl#Reaction_R-HSA-450431
1601	http://purl.obolibrary.org/obo/go.owl#Pathway_R-HSA-450531
1602	http://purl.obolibrary.org/obo/go.owl#Protein_FEZ1
1603	http://purl.obolibrary.org/obo/GO_0051129_instance
1604	http://purl.obolibrary.org/obo/go.owl#Protein_TUT7
1605	http://purl.obolibrary.org/obo/GO_1901988_instance
1606	http://purl.obolibrary.org/obo/go.owl#Protein_B3GALT6
1607	http://purl.obolibrary.org/obo/go.owl#Reaction_R-HSA-211247
1608	http://purl.obolibrary.org/obo/go.owl#Protein_ABRACL
1609	http://purl.obolibrary.org/obo/go.owl#Protein_ILRUN
1610	http://purl.obolibrary.org/obo/go.owl#Reaction_R-HSA-8876258
1611	http://purl.obolibrary.org/obo/go.owl#Protein_MPDU1
1612	http://purl.obolibrary.org/obo/go.owl#Protein_AP3B1
1613	http://purl.obolibrary.org/obo/GO_0002694_instance
1614	http://purl.obolibrary.org/obo/GO_0006810_instance
1615	http://purl.obolibrary.org/obo/go.owl#Reaction_R-HSA-6814885
1616	http://purl.obolibrary.org/obo/go.owl#Reaction_R-HSA-432688
1617	http://purl.obolibrary.org/obo/go.owl#Pathway_R-HSA-199992
1618	http://purl.obolibrary.org/obo/go.owl#Protein_RPS15
1619	http://purl.obolibrary.org/obo/go.owl#Reaction_R-HSA-9954919
1620	http://purl.obolibrary.org/obo/go.owl#Pathway_R-HSA-997272
1621	http://purl.obolibrary.org/obo/go.owl#Reaction_R-HSA-174070
1622	http://purl.obolibrary.org/obo/go.owl#Reaction_R-HSA-9909632
1623	http://purl.obolibrary.org/obo/go.owl#Protein_DRAP1
1624	http://purl.obolibrary.org/obo/go.owl#Reaction_R-HSA-6802927
1625	http://purl.obolibrary.org/obo/go.owl#Sample_GSM1318043
1626	http://purl.obolibrary.org/obo/go.owl#Protein_BUD31
1627	http://purl.obolibrary.org/obo/go.owl#Protein_PRKCB
1628	http://purl.obolibrary.org/obo/go.owl#Protein_RNF126
1629	http://purl.obolibrary.org/obo/GO_0030036_instance
1630	http://purl.obolibrary.org/obo/go.owl#Protein_PSIP1
1631	http://purl.obolibrary.org/obo/go.owl#Protein_RPS6KB2
1632	http://purl.obolibrary.org/obo/go.owl#Protein_ZCCHC9
1633	http://purl.obolibrary.org/obo/GO_0016032_instance
1634	http://purl.obolibrary.org/obo/go.owl#Pathway_R-HSA-194315
1635	http://purl.obolibrary.org/obo/go.owl#Reaction_R-HSA-9755359
1636	http://purl.obolibrary.org/obo/go.owl#Pathway_R-HSA-9705683
1637	http://purl.obolibrary.org/obo/go.owl#Reaction_R-HSA-5687090
1638	http://purl.obolibrary.org/obo/go.owl#Pathway_R-HSA-5687128
1639	http://purl.obolibrary.org/obo/go.owl#Protein_RPS19BP1
1640	http://purl.obolibrary.org/obo/GO_1902531_instance
1641	http://purl.obolibrary.org/obo/go.owl#Reaction_R-HSA-1678843
1642	http://purl.obolibrary.org/obo/go.owl#Pathway_R-HSA-1169408
1643	http://purl.obolibrary.org/obo/go.owl#Protein_CDC42SE2
1644	http://purl.obolibrary.org/obo/go.owl#Pathway_R-HSA-1839117
1645	http://purl.obolibrary.org/obo/go.owl#Pathway_R-HSA-5655302
1646	http://purl.obolibrary.org/obo/go.owl#Protein_G3BP1
1647	http://purl.obolibrary.org/obo/go.owl#Pathway_R-HSA-5250924
1648	http://purl.obolibrary.org/obo/go.owl#Reaction_R-HSA-75862
1649	http://purl.obolibrary.org/obo/go.owl#Reaction_R-HSA-391150
1650	http://purl.obolibrary.org/obo/go.owl#Pathway_R-HSA-1500931
1651	http://purl.obolibrary.org/obo/go.owl#Protein_NCF4
1652	http://purl.obolibrary.org/obo/go.owl#Reaction_R-HSA-5666001
1653	http://purl.obolibrary.org/obo/go.owl#Reaction_R-HSA-1912363
1654	http://purl.obolibrary.org/obo/go.owl#Pathway_R-HSA-5673001
1655	http://purl.obolibrary.org/obo/go.owl#Reaction_R-HSA-8939900
1656	http://purl.obolibrary.org/obo/go.owl#Protein_CDK9
1657	http://purl.obolibrary.org/obo/GO_0006354_instance
1658	http://purl.obolibrary.org/obo/go.owl#Protein_GCA
1659	http://purl.obolibrary.org/obo/go.owl#Reaction_R-HSA-5623513
1660	http://purl.obolibrary.org/obo/go.owl#Reaction_R-HSA-927836
1661	http://purl.obolibrary.org/obo/go.owl#Reaction_R-HSA-1980109
1662	http://purl.obolibrary.org/obo/go.owl#Pathway_R-HSA-2122948
1663	http://purl.obolibrary.org/obo/go.owl#Reaction_R-HSA-9712078
1664	http://purl.obolibrary.org/obo/go.owl#Protein_ACAP2
1665	http://purl.obolibrary.org/obo/go.owl#Reaction_R-HSA-927789
1666	http://purl.obolibrary.org/obo/go.owl#Protein_KCTD5
1667	http://purl.obolibrary.org/obo/go.owl#Pathway_R-HSA-9020591
1668	http://purl.obolibrary.org/obo/go.owl#Protein_WASHC2C
1669	http://purl.obolibrary.org/obo/GO_0030029_instance
1670	http://purl.obolibrary.org/obo/go.owl#Protein_OGFRL1
1671	http://purl.obolibrary.org/obo/go.owl#Protein_TUBGCP2
1672	http://purl.obolibrary.org/obo/go.owl#Pathway_R-HSA-380270
1673	http://purl.obolibrary.org/obo/go.owl#Protein_RAB5A
1674	http://purl.obolibrary.org/obo/go.owl#Protein_GOLPH3L
1675	http://purl.obolibrary.org/obo/go.owl#Protein_PGLYRP1
1676	http://purl.obolibrary.org/obo/go.owl#Reaction_R-HSA-75079
1677	http://purl.obolibrary.org/obo/go.owl#Protein_MIA3
1678	http://purl.obolibrary.org/obo/go.owl#Reaction_R-HSA-427337
1679	http://purl.obolibrary.org/obo/go.owl#Pathway_R-HSA-9833110
1680	http://purl.obolibrary.org/obo/go.owl#Reaction_R-HSA-4570554
1681	http://purl.obolibrary.org/obo/go.owl#Reaction_R-HSA-9934486
1682	http://purl.obolibrary.org/obo/go.owl#Protein_EIF1AX
1683	http://purl.obolibrary.org/obo/go.owl#Pathway_R-HSA-72737
1684	http://purl.obolibrary.org/obo/go.owl#Reaction_R-HSA-216058
1685	http://purl.obolibrary.org/obo/go.owl#Pathway_R-HSA-3000157
1686	http://purl.obolibrary.org/obo/go.owl#Reaction_R-HSA-9033505
1687	http://purl.obolibrary.org/obo/GO_0031461_instance
1688	http://purl.obolibrary.org/obo/go.owl#Pathway_R-HSA-9753512
1689	http://purl.obolibrary.org/obo/go.owl#Protein_PHF3
1690	http://purl.obolibrary.org/obo/GO_0045944_instance
1691	http://purl.obolibrary.org/obo/go.owl#Reaction_R-HSA-111439
1692	http://purl.obolibrary.org/obo/go.owl#Reaction_R-HSA-167481
1693	http://purl.obolibrary.org/obo/go.owl#Protein_PCGF6
1694	http://purl.obolibrary.org/obo/GO_0045893_instance
1695	http://purl.obolibrary.org/obo/go.owl#Reaction_R-HSA-8950113
1696	http://purl.obolibrary.org/obo/go.owl#Protein_PKMYT1
1697	http://purl.obolibrary.org/obo/go.owl#Protein_PDCD10
1698	http://purl.obolibrary.org/obo/go.owl#Reaction_R-HSA-9834821
1699	http://purl.obolibrary.org/obo/go.owl#Protein_EIF3M
1700	http://purl.obolibrary.org/obo/go.owl#Protein_STAM2
1701	http://purl.obolibrary.org/obo/go.owl#Reaction_R-HSA-8871193
1702	http://purl.obolibrary.org/obo/go.owl#Pathway_R-HSA-1280215
1703	http://purl.obolibrary.org/obo/go.owl#Sample_GSM1317941
1704	http://purl.obolibrary.org/obo/go.owl#Protein_BCL7C
1705	http://purl.obolibrary.org/obo/go.owl#Reaction_R-HSA-5357483
1706	http://purl.obolibrary.org/obo/go.owl#Pathway_R-HSA-9665348
1707	http://purl.obolibrary.org/obo/go.owl#Reaction_R-HSA-429860
1708	http://purl.obolibrary.org/obo/go.owl#Pathway_R-HSA-429914
1709	http://purl.obolibrary.org/obo/go.owl#Reaction_R-HSA-9013438
1710	http://purl.obolibrary.org/obo/go.owl#Reaction_R-HSA-4093329
1711	http://purl.obolibrary.org/obo/go.owl#Pathway_R-HSA-2682334
1712	http://purl.obolibrary.org/obo/go.owl#Protein_ZFP36
1713	http://purl.obolibrary.org/obo/go.owl#Reaction_R-HSA-202443
1714	http://purl.obolibrary.org/obo/GO_0019787_instance
1715	http://purl.obolibrary.org/obo/go.owl#Reaction_R-HSA-4755526
1716	http://purl.obolibrary.org/obo/go.owl#Pathway_R-HSA-3108232
1717	http://purl.obolibrary.org/obo/go.owl#Reaction_R-HSA-2031355
1718	http://purl.obolibrary.org/obo/go.owl#Pathway_R-HSA-2173793
1719	http://purl.obolibrary.org/obo/go.owl#Protein_TRAK1
1720	http://purl.obolibrary.org/obo/go.owl#Protein_PRCP
1721	http://purl.obolibrary.org/obo/go.owl#Pathway_R-HSA-140837
1722	http://purl.obolibrary.org/obo/go.owl#Protein_FAM162A
1723	http://purl.obolibrary.org/obo/go.owl#Reaction_R-HSA-9955731
1724	http://purl.obolibrary.org/obo/go.owl#Pathway_R-HSA-525793
1725	http://purl.obolibrary.org/obo/go.owl#Protein_TRIOBP
1726	http://purl.obolibrary.org/obo/go.owl#Pathway_R-HSA-8980692
1727	http://purl.obolibrary.org/obo/go.owl#Protein_DAXX
1728	http://purl.obolibrary.org/obo/go.owl#Protein_UBTF
1729	http://purl.obolibrary.org/obo/go.owl#Reaction_R-HSA-9845308
1730	http://purl.obolibrary.org/obo/go.owl#Reaction_R-HSA-6811428
1731	http://purl.obolibrary.org/obo/go.owl#Protein_DDX17
1732	http://purl.obolibrary.org/obo/GO_0009607_instance
1733	http://purl.obolibrary.org/obo/go.owl#Protein_SEC24B
1734	http://purl.obolibrary.org/obo/go.owl#Pathway_R-HSA-9679506
1735	http://purl.obolibrary.org/obo/go.owl#Protein_RNF26
1736	http://purl.obolibrary.org/obo/go.owl#Protein_RABAC1
1737	http://purl.obolibrary.org/obo/go.owl#Protein_TMEM214
1738	http://purl.obolibrary.org/obo/go.owl#Protein_MOGS
1739	http://purl.obolibrary.org/obo/go.owl#Protein_CENPT
1740	http://purl.obolibrary.org/obo/go.owl#Protein_CENPM
1741	http://purl.obolibrary.org/obo/go.owl#Protein_UBE2G1
1742	http://purl.obolibrary.org/obo/GO_0032446_instance
1743	http://purl.obolibrary.org/obo/go.owl#Protein_TROAP
1744	http://purl.obolibrary.org/obo/go.owl#Protein_RABGAP1
1745	http://purl.obolibrary.org/obo/go.owl#Protein_PPHLN1
1746	http://purl.obolibrary.org/obo/go.owl#Protein_CHPF2
1747	http://purl.obolibrary.org/obo/go.owl#Protein_ARL6IP6
1748	http://purl.obolibrary.org/obo/go.owl#Reaction_R-HSA-9703441
1749	http://purl.obolibrary.org/obo/go.owl#Protein_GABPA
1750	http://purl.obolibrary.org/obo/go.owl#Protein_CHMP1A
1751	http://purl.obolibrary.org/obo/go.owl#Pathway_R-HSA-556833
1752	http://purl.obolibrary.org/obo/go.owl#Protein_ATP2B1
1753	http://purl.obolibrary.org/obo/go.owl#Reaction_R-HSA-9817513
1754	http://purl.obolibrary.org/obo/go.owl#Reaction_R-HSA-4419948
1755	http://purl.obolibrary.org/obo/go.owl#Pathway_R-HSA-4419969
1756	http://purl.obolibrary.org/obo/go.owl#Pathway_R-HSA-512988
1757	http://purl.obolibrary.org/obo/go.owl#Reaction_R-HSA-5686410
1758	http://purl.obolibrary.org/obo/go.owl#Pathway_R-HSA-5693567
1759	http://purl.obolibrary.org/obo/go.owl#Reaction_R-HSA-9770119
1760	http://purl.obolibrary.org/obo/go.owl#Protein_ZDHHC24
1761	http://purl.obolibrary.org/obo/go.owl#Protein_CBLL1
1762	http://purl.obolibrary.org/obo/go.owl#Pathway_R-HSA-159231
1763	http://purl.obolibrary.org/obo/go.owl#Pathway_R-HSA-72202
1764	http://purl.obolibrary.org/obo/go.owl#Protein_TSPAN2
1765	http://purl.obolibrary.org/obo/go.owl#Protein_UBQLNL
1766	http://purl.obolibrary.org/obo/go.owl#Protein_NAMPT
1767	http://purl.obolibrary.org/obo/go.owl#Reaction_R-HSA-3000310
1768	http://purl.obolibrary.org/obo/go.owl#Reaction_R-HSA-452102
1769	http://purl.obolibrary.org/obo/go.owl#Protein_APH1A
1770	http://purl.obolibrary.org/obo/go.owl#Protein_GDI1
1771	http://purl.obolibrary.org/obo/go.owl#Reaction_R-HSA-909726
1772	http://purl.obolibrary.org/obo/go.owl#Protein_STMN1
1773	http://purl.obolibrary.org/obo/go.owl#Reaction_R-HSA-3928627
1774	http://purl.obolibrary.org/obo/go.owl#Protein_BORCS7
1775	http://purl.obolibrary.org/obo/go.owl#Protein_TAF4
1776	http://purl.obolibrary.org/obo/go.owl#Protein_ROMO1
1777	http://purl.obolibrary.org/obo/go.owl#Protein_TXNL1
1778	http://purl.obolibrary.org/obo/go.owl#Pathway_R-HSA-73894
1779	http://purl.obolibrary.org/obo/GO_0002521_instance
1780	http://purl.obolibrary.org/obo/go.owl#Reaction_R-HSA-191830
1781	http://purl.obolibrary.org/obo/go.owl#Pathway_R-HSA-194441
1782	http://purl.obolibrary.org/obo/go.owl#Pathway_R-HSA-68882
1783	http://purl.obolibrary.org/obo/go.owl#Reaction_R-HSA-9954730
1784	http://purl.obolibrary.org/obo/go.owl#Reaction_R-HSA-1484099
1785	http://purl.obolibrary.org/obo/go.owl#Reaction_R-HSA-9909611
1786	http://purl.obolibrary.org/obo/go.owl#Pathway_R-HSA-389948
1787	http://purl.obolibrary.org/obo/go.owl#Reaction_R-HSA-9730967
1788	http://purl.obolibrary.org/obo/go.owl#Pathway_R-HSA-877300
1789	http://purl.obolibrary.org/obo/GO_0003729_instance
1790	http://purl.obolibrary.org/obo/GO_0003723_instance
1791	http://purl.obolibrary.org/obo/go.owl#Protein_MRPL27
1792	http://purl.obolibrary.org/obo/go.owl#Reaction_R-HSA-110144
1793	http://purl.obolibrary.org/obo/go.owl#Pathway_R-HSA-499943
1794	http://purl.obolibrary.org/obo/go.owl#Protein_ITGB1
1795	http://purl.obolibrary.org/obo/go.owl#Pathway_R-HSA-162588
1796	http://purl.obolibrary.org/obo/go.owl#Pathway_R-HSA-162599
1797	http://purl.obolibrary.org/obo/go.owl#Reaction_R-HSA-8868648
1798	http://purl.obolibrary.org/obo/go.owl#Protein_PRNP
1799	http://purl.obolibrary.org/obo/go.owl#Pathway_R-HSA-9842640
1800	http://purl.obolibrary.org/obo/go.owl#Pathway_R-HSA-5663202
1801	http://purl.obolibrary.org/obo/go.owl#Pathway_R-HSA-9909620
1802	http://purl.obolibrary.org/obo/go.owl#Pathway_R-HSA-388841
1803	http://purl.obolibrary.org/obo/GO_0032101_instance
1804	http://purl.obolibrary.org/obo/go.owl#Protein_FLI1
1805	http://purl.obolibrary.org/obo/go.owl#Protein_INO80E
1806	http://purl.obolibrary.org/obo/go.owl#Protein_FCGR2A
1807	http://purl.obolibrary.org/obo/go.owl#Reaction_R-HSA-5684275
1808	http://purl.obolibrary.org/obo/go.owl#Pathway_R-HSA-453279
1809	http://purl.obolibrary.org/obo/GO_0080134_instance
1810	http://purl.obolibrary.org/obo/go.owl#Reaction_R-HSA-1168635
1811	http://purl.obolibrary.org/obo/go.owl#Pathway_R-HSA-1169091
1812	http://purl.obolibrary.org/obo/go.owl#Protein_ANKRD10
1813	http://purl.obolibrary.org/obo/go.owl#Protein_NAA38
1814	http://purl.obolibrary.org/obo/go.owl#Protein_TK1
1815	http://purl.obolibrary.org/obo/go.owl#Protein_PTTG1
1816	http://purl.obolibrary.org/obo/GO_0070971_instance
1817	http://purl.obolibrary.org/obo/GO_0030055_instance
1818	http://purl.obolibrary.org/obo/go.owl#Pathway_R-HSA-203927
1819	http://purl.obolibrary.org/obo/go.owl#Pathway_R-HSA-211000
1820	http://purl.obolibrary.org/obo/go.owl#Protein_CAPN15
1821	http://purl.obolibrary.org/obo/go.owl#Protein_GCHFR
1822	http://purl.obolibrary.org/obo/go.owl#Protein_RESF1
1823	http://purl.obolibrary.org/obo/GO_0016050_instance
1824	http://purl.obolibrary.org/obo/go.owl#Reaction_R-HSA-6805059
1825	http://purl.obolibrary.org/obo/GO_0036464_instance
1826	http://purl.obolibrary.org/obo/GO_0000209_instance
1827	http://purl.obolibrary.org/obo/go.owl#Reaction_R-HSA-5609665
1828	http://purl.obolibrary.org/obo/go.owl#Reaction_R-HSA-450580
1829	http://purl.obolibrary.org/obo/go.owl#Pathway_R-HSA-450408
1830	http://purl.obolibrary.org/obo/go.owl#Reaction_R-HSA-9014467
1831	http://purl.obolibrary.org/obo/go.owl#Reaction_R-HSA-3000074
1832	http://purl.obolibrary.org/obo/go.owl#Protein_SP110
1833	http://purl.obolibrary.org/obo/go.owl#Pathway_R-HSA-1660514
1834	http://purl.obolibrary.org/obo/go.owl#Protein_MCM10
1835	http://purl.obolibrary.org/obo/go.owl#Protein_TMEM64
1836	http://purl.obolibrary.org/obo/go.owl#Protein_COX6A1
1837	http://purl.obolibrary.org/obo/go.owl#Protein_MRPL54
1838	http://purl.obolibrary.org/obo/go.owl#Protein_RSBN1L
1839	http://purl.obolibrary.org/obo/go.owl#Reaction_R-HSA-9770132
1840	http://purl.obolibrary.org/obo/go.owl#Reaction_R-HSA-195275
1841	http://purl.obolibrary.org/obo/go.owl#Pathway_R-HSA-195721
1842	http://purl.obolibrary.org/obo/go.owl#Protein_HYCC2
1843	http://purl.obolibrary.org/obo/go.owl#Reaction_R-HSA-114284
1844	http://purl.obolibrary.org/obo/go.owl#Pathway_R-HSA-5218859
1845	http://purl.obolibrary.org/obo/go.owl#Protein_TTLL12
1846	http://purl.obolibrary.org/obo/go.owl#Protein_UBE2V2
1847	http://purl.obolibrary.org/obo/go.owl#Pathway_R-HSA-75067
1848	http://purl.obolibrary.org/obo/go.owl#Reaction_R-HSA-9909604
1849	http://purl.obolibrary.org/obo/go.owl#Protein_LNPK
1850	http://purl.obolibrary.org/obo/go.owl#Reaction_R-HSA-9823934
1851	http://purl.obolibrary.org/obo/go.owl#Pathway_R-HSA-936964
1852	http://purl.obolibrary.org/obo/go.owl#Protein_ZFAND6
1853	http://purl.obolibrary.org/obo/go.owl#Protein_SARAF
1854	http://purl.obolibrary.org/obo/go.owl#Reaction_R-HSA-77590
1855	http://purl.obolibrary.org/obo/go.owl#Reaction_R-HSA-5693602
1856	http://purl.obolibrary.org/obo/go.owl#Protein_SEC22C
1857	http://purl.obolibrary.org/obo/go.owl#Reaction_R-HSA-432897
1858	http://purl.obolibrary.org/obo/go.owl#Reaction_R-HSA-1295609
1859	http://purl.obolibrary.org/obo/GO_0010498_instance
1860	http://purl.obolibrary.org/obo/go.owl#Protein_RANBP9
1861	http://purl.obolibrary.org/obo/go.owl#Protein_FCGR3B
1862	http://purl.obolibrary.org/obo/go.owl#Protein_GAP43
1863	http://purl.obolibrary.org/obo/go.owl#Protein_CALR
1864	http://purl.obolibrary.org/obo/go.owl#Reaction_R-HSA-8936995
1865	http://purl.obolibrary.org/obo/GO_0005874_instance
1866	http://purl.obolibrary.org/obo/go.owl#Reaction_R-HSA-9014295
1867	http://purl.obolibrary.org/obo/go.owl#Protein_NR1D2
1868	http://purl.obolibrary.org/obo/go.owl#Pathway_R-HSA-1461957
1869	http://purl.obolibrary.org/obo/go.owl#Reaction_R-HSA-167089
1870	http://purl.obolibrary.org/obo/go.owl#Pathway_R-HSA-141444
1871	http://purl.obolibrary.org/obo/go.owl#Pathway_R-HSA-69618
1872	http://purl.obolibrary.org/obo/go.owl#Pathway_R-HSA-9022537
1873	http://purl.obolibrary.org/obo/go.owl#Reaction_R-HSA-419232
1874	http://purl.obolibrary.org/obo/go.owl#Pathway_R-HSA-5627117
1875	http://purl.obolibrary.org/obo/go.owl#Pathway_R-HSA-68884
1876	http://purl.obolibrary.org/obo/go.owl#Reaction_R-HSA-9703438
1877	http://purl.obolibrary.org/obo/go.owl#Pathway_R-HSA-9703465
1878	http://purl.obolibrary.org/obo/go.owl#Pathway_R-HSA-447043
1879	http://purl.obolibrary.org/obo/go.owl#Protein_TMEM88
1880	http://purl.obolibrary.org/obo/go.owl#Reaction_R-HSA-9012654
1881	http://purl.obolibrary.org/obo/GO_0006897_instance
1882	http://purl.obolibrary.org/obo/go.owl#Protein_BAX
1883	http://purl.obolibrary.org/obo/go.owl#Reaction_R-HSA-9021600
1884	http://purl.obolibrary.org/obo/go.owl#Protein_RAP1B
1885	http://purl.obolibrary.org/obo/go.owl#Reaction_R-HSA-6802918
1886	http://purl.obolibrary.org/obo/go.owl#Protein_KAT6A
1887	http://purl.obolibrary.org/obo/GO_0140096_instance
1888	http://purl.obolibrary.org/obo/go.owl#Protein_NUDT21
1889	http://purl.obolibrary.org/obo/go.owl#Protein_PTGDS
1890	http://purl.obolibrary.org/obo/go.owl#Reaction_R-HSA-480204
1891	http://purl.obolibrary.org/obo/go.owl#Reaction_R-HSA-6802915
1892	http://purl.obolibrary.org/obo/go.owl#Pathway_R-HSA-6802946
1893	http://purl.obolibrary.org/obo/go.owl#Protein_RSRP1
1894	http://purl.obolibrary.org/obo/go.owl#Protein_TMEM259
1895	http://purl.obolibrary.org/obo/go.owl#Reaction_R-HSA-5693564
1896	http://purl.obolibrary.org/obo/GO_0010605_instance
1897	http://purl.obolibrary.org/obo/go.owl#Reaction_R-HSA-9770131
1898	http://purl.obolibrary.org/obo/go.owl#Protein_DEAF1
1899	http://purl.obolibrary.org/obo/go.owl#Protein_ATP5ME
1900	http://purl.obolibrary.org/obo/go.owl#Reaction_R-HSA-164832
1901	http://purl.obolibrary.org/obo/go.owl#Protein_ADRM1
1902	http://purl.obolibrary.org/obo/go.owl#Protein_FUCA2
1903	http://purl.obolibrary.org/obo/go.owl#Pathway_R-HSA-381426
1904	http://purl.obolibrary.org/obo/go.owl#Reaction_R-HSA-141422
1905	http://purl.obolibrary.org/obo/go.owl#Pathway_R-HSA-72312
1906	http://purl.obolibrary.org/obo/go.owl#Reaction_R-HSA-9821410
1907	http://purl.obolibrary.org/obo/go.owl#Reaction_R-HSA-9859291
1908	http://purl.obolibrary.org/obo/go.owl#Reaction_R-HSA-70859
1909	http://purl.obolibrary.org/obo/go.owl#Protein_CREB3L2
1910	http://purl.obolibrary.org/obo/go.owl#Reaction_R-HSA-398185
1911	http://purl.obolibrary.org/obo/GO_0031090_instance
1912	http://purl.obolibrary.org/obo/go.owl#Protein_GAD1
1913	http://purl.obolibrary.org/obo/go.owl#Protein_KCTD20
1914	http://purl.obolibrary.org/obo/go.owl#Reaction_R-HSA-74031
1915	http://purl.obolibrary.org/obo/go.owl#Reaction_R-HSA-9768788
1916	http://purl.obolibrary.org/obo/go.owl#Pathway_R-HSA-9615933
1917	http://purl.obolibrary.org/obo/go.owl#Pathway_R-HSA-2555396
1918	http://purl.obolibrary.org/obo/go.owl#Protein_IDS
1919	http://purl.obolibrary.org/obo/go.owl#Reaction_R-HSA-9859172
1920	http://purl.obolibrary.org/obo/go.owl#Protein_NUSAP1
1921	http://purl.obolibrary.org/obo/go.owl#Pathway_R-HSA-72165
1922	http://purl.obolibrary.org/obo/go.owl#Reaction_R-HSA-9705465
1923	http://purl.obolibrary.org/obo/go.owl#Pathway_R-HSA-9705462
1924	http://purl.obolibrary.org/obo/GO_0032553_instance
1925	http://purl.obolibrary.org/obo/go.owl#Reaction_R-HSA-174120
1926	http://purl.obolibrary.org/obo/go.owl#Pathway_R-HSA-176409
1927	http://purl.obolibrary.org/obo/go.owl#Reaction_R-HSA-109343
1928	http://purl.obolibrary.org/obo/go.owl#Protein_DCTN5
1929	http://purl.obolibrary.org/obo/go.owl#Reaction_R-HSA-2318752
1930	http://purl.obolibrary.org/obo/go.owl#Reaction_R-HSA-9634219
1931	http://purl.obolibrary.org/obo/go.owl#Pathway_R-HSA-68886
1932	http://purl.obolibrary.org/obo/go.owl#Reaction_R-HSA-9857673
1933	http://purl.obolibrary.org/obo/go.owl#Pathway_R-HSA-9856532
1934	http://purl.obolibrary.org/obo/go.owl#Reaction_R-HSA-430021
1935	http://purl.obolibrary.org/obo/go.owl#Reaction_R-NUL-4084899
1936	http://purl.obolibrary.org/obo/go.owl#Pathway_R-HSA-5099900
1937	http://purl.obolibrary.org/obo/go.owl#Protein_MRFAP1L1
1938	http://purl.obolibrary.org/obo/go.owl#Reaction_R-HSA-9701000
1939	http://purl.obolibrary.org/obo/go.owl#Reaction_R-HSA-8877003
1940	http://purl.obolibrary.org/obo/go.owl#Protein_HMMR
1941	http://purl.obolibrary.org/obo/go.owl#Reaction_R-HSA-9679839
1942	http://purl.obolibrary.org/obo/go.owl#Reaction_R-HSA-8876446
1943	http://purl.obolibrary.org/obo/go.owl#Protein_UGP2
1944	http://purl.obolibrary.org/obo/GO_0005938_instance
1945	http://purl.obolibrary.org/obo/go.owl#Reaction_R-HSA-9858590
1946	http://purl.obolibrary.org/obo/go.owl#Pathway_R-HSA-9858328
1947	http://purl.obolibrary.org/obo/go.owl#Reaction_R-HSA-72180
1948	http://purl.obolibrary.org/obo/go.owl#Reaction_R-HSA-9761344
1949	http://purl.obolibrary.org/obo/go.owl#Pathway_R-HSA-975871
1950	http://purl.obolibrary.org/obo/go.owl#Protein_PLAGL1
1951	http://purl.obolibrary.org/obo/GO_0010564_instance
1952	http://purl.obolibrary.org/obo/go.owl#Reaction_R-HSA-4551768
1953	http://purl.obolibrary.org/obo/go.owl#Reaction_R-HSA-9859119
1954	http://purl.obolibrary.org/obo/go.owl#Reaction_R-HSA-1855212
1955	http://purl.obolibrary.org/obo/GO_0005773_instance
1956	http://purl.obolibrary.org/obo/go.owl#Pathway_R-HSA-749476
1957	http://purl.obolibrary.org/obo/GO_0045637_instance
1958	http://purl.obolibrary.org/obo/go.owl#Protein_UBA1
1959	http://purl.obolibrary.org/obo/go.owl#Protein_FARSA
1960	http://purl.obolibrary.org/obo/go.owl#Reaction_R-HSA-6802937
1961	http://purl.obolibrary.org/obo/go.owl#Protein_HLA-DOB
1962	http://purl.obolibrary.org/obo/go.owl#Reaction_R-HSA-9730412
1963	http://purl.obolibrary.org/obo/go.owl#Protein_PIGS
1964	http://purl.obolibrary.org/obo/go.owl#Reaction_R-HSA-5684071
1965	http://purl.obolibrary.org/obo/go.owl#Protein_ARFGEF1
1966	http://purl.obolibrary.org/obo/go.owl#Pathway_R-HSA-72766
1967	http://purl.obolibrary.org/obo/go.owl#Protein_FBXO10
1968	http://purl.obolibrary.org/obo/go.owl#Pathway_R-HSA-937042
1969	http://purl.obolibrary.org/obo/go.owl#Protein_RABL6
1970	http://purl.obolibrary.org/obo/go.owl#Reaction_R-HSA-9698265
1971	http://purl.obolibrary.org/obo/go.owl#Reaction_R-HSA-167408
1972	http://purl.obolibrary.org/obo/go.owl#Pathway_R-HSA-372790
1973	http://purl.obolibrary.org/obo/GO_0090304_instance
1974	http://purl.obolibrary.org/obo/go.owl#Protein_GUSB
1975	http://purl.obolibrary.org/obo/go.owl#Reaction_R-HSA-2160884
1976	http://purl.obolibrary.org/obo/go.owl#Pathway_R-HSA-2142845
1977	http://purl.obolibrary.org/obo/GO_0051493_instance
1978	http://purl.obolibrary.org/obo/go.owl#Protein_SUSD1
1979	http://purl.obolibrary.org/obo/go.owl#Pathway_R-HSA-4641262
1980	http://purl.obolibrary.org/obo/go.owl#Pathway_R-HSA-201681
1981	http://purl.obolibrary.org/obo/go.owl#Reaction_R-HSA-428007
1982	http://purl.obolibrary.org/obo/go.owl#Reaction_R-HSA-933523
1983	http://purl.obolibrary.org/obo/go.owl#Pathway_R-HSA-168928
1984	http://purl.obolibrary.org/obo/go.owl#Reaction_R-HSA-8849891
1985	http://purl.obolibrary.org/obo/go.owl#Pathway_R-HSA-8849932
1986	http://purl.obolibrary.org/obo/go.owl#Reaction_R-HSA-9836664
1987	http://purl.obolibrary.org/obo/go.owl#Reaction_R-HSA-5623632
1988	http://purl.obolibrary.org/obo/go.owl#Protein_GBA2
1989	http://purl.obolibrary.org/obo/go.owl#Reaction_R-HSA-5607742
1990	http://purl.obolibrary.org/obo/go.owl#Pathway_R-HSA-5621481
1991	http://purl.obolibrary.org/obo/go.owl#Reaction_R-HSA-8939801
1992	http://purl.obolibrary.org/obo/go.owl#Protein_NUB1
1993	http://purl.obolibrary.org/obo/go.owl#Reaction_R-HSA-8939670
1994	http://purl.obolibrary.org/obo/go.owl#Protein_DDX23
1995	http://purl.obolibrary.org/obo/go.owl#Sample_GSM1317936
1996	http://purl.obolibrary.org/obo/go.owl#Protein_RRM2B
1997	http://purl.obolibrary.org/obo/go.owl#Reaction_R-HSA-2569057
1998	http://purl.obolibrary.org/obo/GO_0019901_instance
1999	http://purl.obolibrary.org/obo/go.owl#Reaction_R-HSA-5666160
2000	http://purl.obolibrary.org/obo/go.owl#Pathway_R-HSA-9013148
2001	http://purl.obolibrary.org/obo/go.owl#Reaction_R-HSA-450358
2002	http://purl.obolibrary.org/obo/go.owl#Pathway_R-HSA-166016
2003	http://purl.obolibrary.org/obo/go.owl#Protein_MRPL55
2004	http://purl.obolibrary.org/obo/go.owl#Reaction_R-HSA-450346
2005	http://purl.obolibrary.org/obo/go.owl#Protein_STAMBP
2006	http://purl.obolibrary.org/obo/go.owl#Reaction_R-HSA-5654620
2007	http://purl.obolibrary.org/obo/go.owl#Protein_TNFAIP8L1
2008	http://purl.obolibrary.org/obo/go.owl#Pathway_R-HSA-5602636
2009	http://purl.obolibrary.org/obo/go.owl#Pathway_R-HSA-180746
2010	http://purl.obolibrary.org/obo/go.owl#Pathway_R-HSA-162909
2011	http://purl.obolibrary.org/obo/GO_0042175_instance
2012	http://purl.obolibrary.org/obo/go.owl#Reaction_R-HSA-70449
2013	http://purl.obolibrary.org/obo/go.owl#Reaction_R-HSA-72691
2014	http://purl.obolibrary.org/obo/go.owl#Reaction_R-HSA-9934410
2015	http://purl.obolibrary.org/obo/go.owl#Protein_LYPLA1
2016	http://purl.obolibrary.org/obo/go.owl#Reaction_R-HSA-936952
2017	http://purl.obolibrary.org/obo/go.owl#Pathway_R-HSA-166166
2018	http://purl.obolibrary.org/obo/go.owl#Protein_CRADD
2019	http://purl.obolibrary.org/obo/go.owl#Reaction_R-HSA-5631941
2020	http://purl.obolibrary.org/obo/go.owl#Reaction_R-HSA-5602606
2021	http://purl.obolibrary.org/obo/go.owl#Pathway_R-HSA-5602498
2022	http://purl.obolibrary.org/obo/go.owl#Protein_RASGRP2
2023	http://purl.obolibrary.org/obo/go.owl#Protein_CALM3
2024	http://purl.obolibrary.org/obo/go.owl#Protein_TRAF3IP3
2025	http://purl.obolibrary.org/obo/go.owl#Protein_CCZ1B
2026	http://purl.obolibrary.org/obo/go.owl#Protein_KLHDC2
2027	http://purl.obolibrary.org/obo/go.owl#Pathway_R-HSA-9956593
2028	http://purl.obolibrary.org/obo/go.owl#Pathway_R-HSA-9824439
2029	http://purl.obolibrary.org/obo/go.owl#Reaction_R-HSA-1168636
2030	http://purl.obolibrary.org/obo/GO_0060341_instance
2031	http://purl.obolibrary.org/obo/go.owl#Protein_PXMP2
2032	http://purl.obolibrary.org/obo/go.owl#Protein_ABCD1
2033	http://purl.obolibrary.org/obo/go.owl#Reaction_R-HSA-6785524
2034	http://purl.obolibrary.org/obo/go.owl#Pathway_R-HSA-5668914
2035	http://purl.obolibrary.org/obo/go.owl#Sample_GSM1317968
2036	http://purl.obolibrary.org/obo/go.owl#Pathway_R-HSA-72689
2037	http://purl.obolibrary.org/obo/go.owl#Protein_USP14
2038	http://purl.obolibrary.org/obo/go.owl#Reaction_R-HSA-8948594
2039	http://purl.obolibrary.org/obo/go.owl#Protein_TTYH3
2040	http://purl.obolibrary.org/obo/go.owl#Reaction_R-HSA-177946
2041	http://purl.obolibrary.org/obo/go.owl#Reaction_R-HSA-4551721
2042	http://purl.obolibrary.org/obo/go.owl#Pathway_R-HSA-194138
2043	http://purl.obolibrary.org/obo/go.owl#Pathway_R-HSA-6798695
2044	http://purl.obolibrary.org/obo/go.owl#Reaction_R-HSA-374696
2045	http://purl.obolibrary.org/obo/go.owl#Protein_ASTE1
2046	http://purl.obolibrary.org/obo/go.owl#Protein_AASDHPPT
2047	http://purl.obolibrary.org/obo/go.owl#Pathway_R-HSA-5663220
2048	http://purl.obolibrary.org/obo/go.owl#Protein_ZBTB2
2049	http://purl.obolibrary.org/obo/go.owl#Protein_EVI2A
2050	http://purl.obolibrary.org/obo/go.owl#Pathway_R-HSA-1236974
2051	http://purl.obolibrary.org/obo/go.owl#Reaction_R-HSA-9006850
2052	http://purl.obolibrary.org/obo/go.owl#Pathway_R-HSA-451927
2053	http://purl.obolibrary.org/obo/go.owl#Reaction_R-HSA-418553
2054	http://purl.obolibrary.org/obo/go.owl#Protein_DGCR2
2055	http://purl.obolibrary.org/obo/go.owl#Protein_TBC1D2B
2056	http://purl.obolibrary.org/obo/go.owl#Protein_MTR
2057	http://purl.obolibrary.org/obo/go.owl#Protein_PLBD2
2058	http://purl.obolibrary.org/obo/go.owl#Reaction_R-HSA-9823904
2059	http://purl.obolibrary.org/obo/go.owl#Pathway_R-HSA-936837
2060	http://purl.obolibrary.org/obo/go.owl#Reaction_R-HSA-8939323
2061	http://purl.obolibrary.org/obo/GO_0043687_instance
2062	http://purl.obolibrary.org/obo/go.owl#Reaction_R-HSA-6787591
2063	http://purl.obolibrary.org/obo/go.owl#Pathway_R-HSA-6787450
2064	http://purl.obolibrary.org/obo/GO_1901987_instance
2065	http://purl.obolibrary.org/obo/GO_0051130_instance
2066	http://purl.obolibrary.org/obo/go.owl#Protein_MAN2B2
2067	http://purl.obolibrary.org/obo/go.owl#Reaction_R-HSA-1169394
2068	http://purl.obolibrary.org/obo/go.owl#Reaction_R-HSA-500717
2069	http://purl.obolibrary.org/obo/go.owl#Protein_OBI1
2070	http://purl.obolibrary.org/obo/go.owl#Protein_CCDC57
2071	http://purl.obolibrary.org/obo/GO_1903047_instance
2072	http://purl.obolibrary.org/obo/GO_0000139_instance
2073	http://purl.obolibrary.org/obo/go.owl#Protein_TXNDC9
2074	http://purl.obolibrary.org/obo/go.owl#Protein_ECHDC1
2075	http://purl.obolibrary.org/obo/go.owl#Protein_RAD21
2076	http://purl.obolibrary.org/obo/GO_0005694_instance
2077	http://purl.obolibrary.org/obo/go.owl#Protein_C19orf25
2078	http://purl.obolibrary.org/obo/go.owl#Protein_SP140
2079	http://purl.obolibrary.org/obo/go.owl#Reaction_R-HSA-5683385
2080	http://purl.obolibrary.org/obo/go.owl#Protein_INTS1
2081	http://purl.obolibrary.org/obo/go.owl#Protein_ACSS1
2082	http://purl.obolibrary.org/obo/go.owl#Protein_SKA1
2083	http://purl.obolibrary.org/obo/go.owl#Protein_SELENOT
2084	http://purl.obolibrary.org/obo/go.owl#Reaction_R-HSA-2730856
2085	http://purl.obolibrary.org/obo/go.owl#Protein_ARMC7
2086	http://purl.obolibrary.org/obo/go.owl#Protein_UQCR10
2087	http://purl.obolibrary.org/obo/go.owl#Reaction_R-HSA-8874470
2088	http://purl.obolibrary.org/obo/go.owl#Reaction_R-HSA-8854303
2089	http://purl.obolibrary.org/obo/go.owl#Protein_TSNAX
2090	http://purl.obolibrary.org/obo/go.owl#Protein_MTHFD1L
2091	http://purl.obolibrary.org/obo/GO_0005759_instance
2092	http://purl.obolibrary.org/obo/go.owl#Protein_ADAMTSL4
2093	http://purl.obolibrary.org/obo/go.owl#Protein_ADAR
2094	http://purl.obolibrary.org/obo/go.owl#Protein_GART
2095	http://purl.obolibrary.org/obo/go.owl#Reaction_R-HSA-825631
2096	http://purl.obolibrary.org/obo/go.owl#Reaction_R-HSA-8870469
2097	http://purl.obolibrary.org/obo/go.owl#Pathway_R-HSA-8873719
2098	http://purl.obolibrary.org/obo/go.owl#Reaction_R-HSA-2201293
2099	http://purl.obolibrary.org/obo/go.owl#Reaction_R-HSA-114558
2100	http://purl.obolibrary.org/obo/go.owl#Protein_ARRDC3
2101	http://purl.obolibrary.org/obo/go.owl#Reaction_R-HSA-2197770
2102	http://purl.obolibrary.org/obo/go.owl#Protein_POU2F2
2103	http://purl.obolibrary.org/obo/go.owl#Pathway_R-HSA-8943723
2104	http://purl.obolibrary.org/obo/go.owl#Protein_SFXN4
2105	http://purl.obolibrary.org/obo/go.owl#Reaction_R-HSA-188191
2106	http://purl.obolibrary.org/obo/go.owl#Reaction_R-HSA-400097
2107	http://purl.obolibrary.org/obo/go.owl#Pathway_R-HSA-400042
2108	http://purl.obolibrary.org/obo/go.owl#Reaction_R-HSA-6802911
2109	http://purl.obolibrary.org/obo/go.owl#Pathway_R-HSA-6802948
2110	http://purl.obolibrary.org/obo/go.owl#Reaction_R-HSA-9008076
2111	http://purl.obolibrary.org/obo/go.owl#Protein_TRIM26
2112	http://purl.obolibrary.org/obo/go.owl#Reaction_R-HSA-164500
2113	http://purl.obolibrary.org/obo/go.owl#Protein_TRMT61B
2114	http://purl.obolibrary.org/obo/go.owl#Pathway_R-HSA-9755779
2115	http://purl.obolibrary.org/obo/go.owl#Pathway_R-HSA-674695
2116	http://purl.obolibrary.org/obo/go.owl#Protein_DTNBP1
2117	http://purl.obolibrary.org/obo/go.owl#Pathway_R-HSA-9634600
2118	http://purl.obolibrary.org/obo/go.owl#Pathway_R-HSA-70326
2119	http://purl.obolibrary.org/obo/go.owl#Protein_LGALS9
2120	http://purl.obolibrary.org/obo/go.owl#Reaction_R-HSA-166245
2121	http://purl.obolibrary.org/obo/go.owl#Pathway_R-HSA-373755
2122	http://purl.obolibrary.org/obo/go.owl#Reaction_R-HSA-3232162
2123	http://purl.obolibrary.org/obo/go.owl#Protein_WHAMM
2124	http://purl.obolibrary.org/obo/go.owl#Reaction_R-HSA-8954182
2125	http://purl.obolibrary.org/obo/go.owl#Reaction_R-HSA-9012315
2126	http://purl.obolibrary.org/obo/go.owl#Reaction_R-HSA-9749494
2127	http://purl.obolibrary.org/obo/go.owl#Reaction_R-HSA-428515
2128	http://purl.obolibrary.org/obo/go.owl#Protein_STIL
2129	http://purl.obolibrary.org/obo/go.owl#Protein_TAF8
2130	http://purl.obolibrary.org/obo/go.owl#Reaction_R-HSA-400183
2131	http://purl.obolibrary.org/obo/go.owl#Pathway_R-HSA-72163
2132	http://purl.obolibrary.org/obo/GO_0043168_instance
2133	http://purl.obolibrary.org/obo/go.owl#Reaction_R-HSA-167196
2134	http://purl.obolibrary.org/obo/go.owl#Pathway_R-HSA-389356
2135	http://purl.obolibrary.org/obo/go.owl#Protein_GSKIP
2136	http://purl.obolibrary.org/obo/go.owl#Protein_CD47
2137	http://purl.obolibrary.org/obo/go.owl#Reaction_R-HSA-9851530
2138	http://purl.obolibrary.org/obo/go.owl#Pathway_R-HSA-212165
2139	http://purl.obolibrary.org/obo/go.owl#Reaction_R-HSA-9931264
2140	http://purl.obolibrary.org/obo/go.owl#Pathway_R-HSA-9931269
2141	http://purl.obolibrary.org/obo/go.owl#Reaction_R-HSA-5686704
2142	http://purl.obolibrary.org/obo/GO_0001775_instance
2143	http://purl.obolibrary.org/obo/go.owl#Pathway_R-HSA-167169
2144	http://purl.obolibrary.org/obo/go.owl#Pathway_R-HSA-1236978
2145	http://purl.obolibrary.org/obo/go.owl#Protein_MICOS13
2146	http://purl.obolibrary.org/obo/go.owl#Reaction_R-HSA-5693542
2147	http://purl.obolibrary.org/obo/go.owl#Pathway_R-HSA-380108
2148	http://purl.obolibrary.org/obo/go.owl#Reaction_R-HSA-5218824
2149	http://purl.obolibrary.org/obo/go.owl#Protein_KIR2DL4
2150	http://purl.obolibrary.org/obo/go.owl#Protein_SLC30A5
2151	http://purl.obolibrary.org/obo/go.owl#Reaction_R-HSA-8950225
2152	http://purl.obolibrary.org/obo/go.owl#Pathway_R-HSA-447115
2153	http://purl.obolibrary.org/obo/go.owl#Pathway_R-HSA-912694
2154	http://purl.obolibrary.org/obo/go.owl#Protein_GET1
2155	http://purl.obolibrary.org/obo/go.owl#Protein_SUCLG2
2156	http://purl.obolibrary.org/obo/go.owl#Reaction_R-HSA-174448
2157	http://purl.obolibrary.org/obo/go.owl#Reaction_R-HSA-9836404
2158	http://purl.obolibrary.org/obo/go.owl#Protein_NDUFB7
2159	http://purl.obolibrary.org/obo/GO_0000278_instance
2160	http://purl.obolibrary.org/obo/go.owl#Reaction_R-HSA-5578966
2161	http://purl.obolibrary.org/obo/go.owl#Pathway_R-HSA-5578749
2162	http://purl.obolibrary.org/obo/go.owl#Protein_LRPPRC
2163	http://purl.obolibrary.org/obo/go.owl#Pathway_R-HSA-611105
2164	http://purl.obolibrary.org/obo/go.owl#Protein_MADD
2165	http://purl.obolibrary.org/obo/go.owl#Pathway_R-HSA-901042
2166	http://purl.obolibrary.org/obo/go.owl#Protein_PML
2167	http://purl.obolibrary.org/obo/go.owl#Reaction_R-HSA-5682588
2168	http://purl.obolibrary.org/obo/GO_0032956_instance
2169	http://purl.obolibrary.org/obo/go.owl#Reaction_R-HSA-5623524
2170	http://purl.obolibrary.org/obo/go.owl#Pathway_R-HSA-5620920
2171	http://purl.obolibrary.org/obo/go.owl#Reaction_R-HSA-200908
2172	http://purl.obolibrary.org/obo/go.owl#Reaction_R-HSA-74740
2173	http://purl.obolibrary.org/obo/go.owl#Pathway_R-HSA-74751
2174	http://purl.obolibrary.org/obo/go.owl#Protein_C2orf68
2175	http://purl.obolibrary.org/obo/go.owl#Protein_CCDC90B
2176	http://purl.obolibrary.org/obo/go.owl#Pathway_R-HSA-375165
2177	http://purl.obolibrary.org/obo/go.owl#Reaction_R-HSA-430201
2178	http://purl.obolibrary.org/obo/go.owl#Reaction_R-HSA-9011975
2179	http://purl.obolibrary.org/obo/go.owl#Protein_SNRPC
2180	http://purl.obolibrary.org/obo/go.owl#Protein_AOC1
2181	http://purl.obolibrary.org/obo/go.owl#Protein_L3MBTL2
2182	http://purl.obolibrary.org/obo/go.owl#Reaction_R-HSA-109636
2183	http://purl.obolibrary.org/obo/go.owl#Reaction_R-HSA-3000449
2184	http://purl.obolibrary.org/obo/go.owl#Reaction_R-HSA-1176059
2185	http://purl.obolibrary.org/obo/go.owl#Reaction_R-HSA-9960175
2186	http://purl.obolibrary.org/obo/go.owl#Reaction_R-HSA-8878237
2187	http://purl.obolibrary.org/obo/go.owl#Protein_SAMD9L
2188	http://purl.obolibrary.org/obo/go.owl#Protein_NAA50
2189	http://purl.obolibrary.org/obo/go.owl#Reaction_R-HSA-6814555
2190	http://purl.obolibrary.org/obo/go.owl#Reaction_R-HSA-9609860
2191	http://purl.obolibrary.org/obo/go.owl#Protein_ID2
2192	http://purl.obolibrary.org/obo/go.owl#Protein_MPND
2193	http://purl.obolibrary.org/obo/go.owl#Pathway_R-HSA-69306
2194	http://purl.obolibrary.org/obo/go.owl#Reaction_R-HSA-8964599
2195	http://purl.obolibrary.org/obo/go.owl#Reaction_R-HSA-983425
2196	http://purl.obolibrary.org/obo/go.owl#Protein_ARMH1
2197	http://purl.obolibrary.org/obo/go.owl#Reaction_R-HSA-182990
2198	http://purl.obolibrary.org/obo/GO_0051649_instance
2199	http://purl.obolibrary.org/obo/go.owl#Pathway_R-HSA-73887
2200	http://purl.obolibrary.org/obo/go.owl#Protein_PRKD2
2201	http://purl.obolibrary.org/obo/go.owl#Protein_MAX
2202	http://purl.obolibrary.org/obo/GO_0005635_instance
2203	http://purl.obolibrary.org/obo/go.owl#Pathway_R-HSA-6802952
2204	http://purl.obolibrary.org/obo/go.owl#Protein_JPT1
2205	http://purl.obolibrary.org/obo/go.owl#Reaction_R-HSA-6788622
2206	http://purl.obolibrary.org/obo/go.owl#Reaction_R-HSA-174202
2207	http://purl.obolibrary.org/obo/go.owl#Reaction_R-HSA-8938887
2208	http://purl.obolibrary.org/obo/go.owl#Pathway_R-HSA-8934593
2209	http://purl.obolibrary.org/obo/go.owl#Protein_NNT
2210	http://purl.obolibrary.org/obo/go.owl#Protein_CD79A
2211	http://purl.obolibrary.org/obo/go.owl#Reaction_R-HSA-8982025
2212	http://purl.obolibrary.org/obo/go.owl#Reaction_R-HSA-9923018
2213	http://purl.obolibrary.org/obo/go.owl#Pathway_R-HSA-9931510
2214	http://purl.obolibrary.org/obo/go.owl#Protein_SMARCC2
2215	http://purl.obolibrary.org/obo/go.owl#Reaction_R-HSA-9948317
2216	http://purl.obolibrary.org/obo/go.owl#Protein_ITM2A
2217	http://purl.obolibrary.org/obo/go.owl#Pathway_R-HSA-1799339
2218	http://purl.obolibrary.org/obo/go.owl#Protein_IKZF5
2219	http://purl.obolibrary.org/obo/go.owl#Protein_PTPN12
2220	http://purl.obolibrary.org/obo/go.owl#Reaction_R-HSA-1483004
2221	http://purl.obolibrary.org/obo/go.owl#Pathway_R-HSA-1483191
2222	http://purl.obolibrary.org/obo/GO_0050684_instance
2223	http://purl.obolibrary.org/obo/go.owl#Reaction_R-HSA-181450
2224	http://purl.obolibrary.org/obo/go.owl#Protein_PLEK
2225	http://purl.obolibrary.org/obo/go.owl#Reaction_R-HSA-5654596
2226	http://purl.obolibrary.org/obo/go.owl#Pathway_R-HSA-5654689
2227	http://purl.obolibrary.org/obo/go.owl#Reaction_R-HSA-163691
2228	http://purl.obolibrary.org/obo/go.owl#Reaction_R-HSA-1112604
2229	http://purl.obolibrary.org/obo/go.owl#Pathway_R-HSA-1059683
2230	http://purl.obolibrary.org/obo/go.owl#Reaction_R-HSA-1236970
2231	http://purl.obolibrary.org/obo/go.owl#Reaction_R-HSA-199917
2232	http://purl.obolibrary.org/obo/go.owl#Protein_CSNK1A1
2233	http://purl.obolibrary.org/obo/go.owl#Reaction_R-HSA-4719436
2234	http://purl.obolibrary.org/obo/go.owl#Pathway_R-HSA-3899300
2235	http://purl.obolibrary.org/obo/GO_0044772_instance
2236	http://purl.obolibrary.org/obo/go.owl#Reaction_R-HSA-5432825
2237	http://purl.obolibrary.org/obo/go.owl#Pathway_R-HSA-5686938
2238	http://purl.obolibrary.org/obo/go.owl#Reaction_R-HSA-158484
2239	http://purl.obolibrary.org/obo/go.owl#Pathway_R-HSA-445989
2240	http://purl.obolibrary.org/obo/go.owl#Protein_DGKA
2241	http://purl.obolibrary.org/obo/GO_0001932_instance
2242	http://purl.obolibrary.org/obo/go.owl#Reaction_R-HSA-8938965
2243	http://purl.obolibrary.org/obo/go.owl#Pathway_R-HSA-8939245
2244	http://purl.obolibrary.org/obo/go.owl#Reaction_R-HSA-1112602
2245	http://purl.obolibrary.org/obo/go.owl#Reaction_R-HSA-9690494
2246	http://purl.obolibrary.org/obo/go.owl#Protein_USP5
2247	http://purl.obolibrary.org/obo/GO_0006508_instance
2248	http://purl.obolibrary.org/obo/go.owl#Reaction_R-HSA-8935930
2249	http://purl.obolibrary.org/obo/go.owl#Reaction_R-HSA-418582
2250	http://purl.obolibrary.org/obo/go.owl#Reaction_R-HSA-9013161
2251	http://purl.obolibrary.org/obo/GO_0000793_instance
2252	http://purl.obolibrary.org/obo/go.owl#Reaction_R-HSA-77592
2253	http://purl.obolibrary.org/obo/go.owl#Reaction_R-HSA-168140
2254	http://purl.obolibrary.org/obo/go.owl#Pathway_R-HSA-5696400
2255	http://purl.obolibrary.org/obo/go.owl#Pathway_R-HSA-195253
2256	http://purl.obolibrary.org/obo/go.owl#Reaction_R-HSA-9021334
2257	http://purl.obolibrary.org/obo/go.owl#Reaction_R-NUL-3907289
2258	http://purl.obolibrary.org/obo/go.owl#Reaction_R-HSA-9835266
2259	http://purl.obolibrary.org/obo/go.owl#Protein_FASTK
2260	http://purl.obolibrary.org/obo/GO_0009894_instance
2261	http://purl.obolibrary.org/obo/go.owl#Reaction_R-HSA-199161
2262	http://purl.obolibrary.org/obo/go.owl#Pathway_R-HSA-2206292
2263	http://purl.obolibrary.org/obo/go.owl#Protein_EMG1
2264	http://purl.obolibrary.org/obo/go.owl#Reaction_R-HSA-749452
2265	http://purl.obolibrary.org/obo/GO_0030163_instance
2266	http://purl.obolibrary.org/obo/go.owl#Reaction_R-HSA-9733316
2267	http://purl.obolibrary.org/obo/go.owl#Pathway_R-HSA-9680350
2268	http://purl.obolibrary.org/obo/GO_0002682_instance
2269	http://purl.obolibrary.org/obo/go.owl#Reaction_R-NUL-4085088
2270	http://purl.obolibrary.org/obo/go.owl#Pathway_R-HSA-174084
2271	http://purl.obolibrary.org/obo/go.owl#Protein_ATP6AP2
2272	http://purl.obolibrary.org/obo/go.owl#Reaction_R-HSA-372697
2273	http://purl.obolibrary.org/obo/go.owl#Pathway_R-HSA-372708
2274	http://purl.obolibrary.org/obo/go.owl#Reaction_R-HSA-198613
2275	http://purl.obolibrary.org/obo/go.owl#Pathway_R-HSA-1257604
2276	http://purl.obolibrary.org/obo/go.owl#Protein_ATG101
2277	http://purl.obolibrary.org/obo/go.owl#Reaction_R-HSA-9649732
2278	http://purl.obolibrary.org/obo/go.owl#Reaction_R-HSA-9664976
2279	http://purl.obolibrary.org/obo/go.owl#Pathway_R-HSA-8874211
2280	http://purl.obolibrary.org/obo/go.owl#Protein_ABAT
2281	http://purl.obolibrary.org/obo/go.owl#Pathway_R-HSA-189483
2282	http://purl.obolibrary.org/obo/go.owl#Protein_LIN7C
2283	http://purl.obolibrary.org/obo/go.owl#Pathway_R-HSA-9609736
2284	http://purl.obolibrary.org/obo/go.owl#Reaction_R-HSA-9013021
2285	http://purl.obolibrary.org/obo/go.owl#Protein_CERK
2286	http://purl.obolibrary.org/obo/go.owl#Protein_TWSG1
2287	http://purl.obolibrary.org/obo/go.owl#Pathway_R-HSA-917729
2288	http://purl.obolibrary.org/obo/go.owl#Reaction_R-HSA-9858646
2289	http://purl.obolibrary.org/obo/go.owl#Pathway_R-HSA-3214841
2290	http://purl.obolibrary.org/obo/go.owl#Reaction_R-HSA-199587
2291	http://purl.obolibrary.org/obo/go.owl#Reaction_R-HSA-9755306
2292	http://purl.obolibrary.org/obo/go.owl#Protein_IQGAP2
2293	http://purl.obolibrary.org/obo/go.owl#Protein_HEBP2
2294	http://purl.obolibrary.org/obo/GO_0030496_instance
2295	http://purl.obolibrary.org/obo/go.owl#Reaction_R-HSA-165043
2296	http://purl.obolibrary.org/obo/GO_0006325_instance
2297	http://purl.obolibrary.org/obo/go.owl#Reaction_R-HSA-9729454
2298	http://purl.obolibrary.org/obo/go.owl#Protein_WDR77
2299	http://purl.obolibrary.org/obo/go.owl#Protein_TMEM62
2300	http://purl.obolibrary.org/obo/go.owl#Reaction_R-HSA-2514854
2301	http://purl.obolibrary.org/obo/go.owl#Pathway_R-HSA-68877
2302	http://purl.obolibrary.org/obo/go.owl#Reaction_R-HSA-376119
2303	http://purl.obolibrary.org/obo/go.owl#Reaction_R-HSA-264418
2304	http://purl.obolibrary.org/obo/go.owl#Pathway_R-HSA-69563
2305	http://purl.obolibrary.org/obo/go.owl#Reaction_R-HSA-9024361
2306	http://purl.obolibrary.org/obo/go.owl#Protein_FGF13
2307	http://purl.obolibrary.org/obo/GO_0032970_instance
2308	http://purl.obolibrary.org/obo/go.owl#Protein_KIR2DL3
2309	http://purl.obolibrary.org/obo/go.owl#Protein_VAC14
2310	http://purl.obolibrary.org/obo/go.owl#Pathway_R-HSA-2426168
2311	http://purl.obolibrary.org/obo/go.owl#Reaction_R-HSA-933539
2312	http://purl.obolibrary.org/obo/GO_0000323_instance
2313	http://purl.obolibrary.org/obo/go.owl#Reaction_R-HSA-9611158
2314	http://purl.obolibrary.org/obo/go.owl#Reaction_R-HSA-9654523
2315	http://purl.obolibrary.org/obo/go.owl#Reaction_R-HSA-870437
2316	http://purl.obolibrary.org/obo/go.owl#Reaction_R-HSA-8865256
2317	http://purl.obolibrary.org/obo/go.owl#Pathway_R-HSA-8866911
2318	http://purl.obolibrary.org/obo/go.owl#Protein_PDCL
2319	http://purl.obolibrary.org/obo/go.owl#Reaction_R-HSA-6814121
2320	http://purl.obolibrary.org/obo/GO_0051603_instance
2321	http://purl.obolibrary.org/obo/go.owl#Reaction_R-HSA-9835940
2322	http://purl.obolibrary.org/obo/go.owl#Protein_MYDGF
2323	http://purl.obolibrary.org/obo/go.owl#Reaction_R-HSA-8934465
2324	http://purl.obolibrary.org/obo/go.owl#Reaction_R-HSA-9614816
2325	http://purl.obolibrary.org/obo/GO_0002683_instance
2326	http://purl.obolibrary.org/obo/go.owl#Protein_CDC14A
2327	http://purl.obolibrary.org/obo/go.owl#Protein_CYB5R4
2328	http://purl.obolibrary.org/obo/go.owl#Reaction_R-HSA-419002
2329	http://purl.obolibrary.org/obo/GO_0010972_instance
2330	http://purl.obolibrary.org/obo/go.owl#Reaction_R-HSA-379982
2331	http://purl.obolibrary.org/obo/go.owl#Reaction_R-HSA-450387
2332	http://purl.obolibrary.org/obo/go.owl#Pathway_R-HSA-450520
2333	http://purl.obolibrary.org/obo/GO_0036211_instance
2334	http://purl.obolibrary.org/obo/go.owl#Reaction_R-HSA-2466367
2335	http://purl.obolibrary.org/obo/go.owl#Pathway_R-HSA-1852241
2336	http://purl.obolibrary.org/obo/go.owl#Reaction_R-HSA-162425
2337	http://purl.obolibrary.org/obo/go.owl#Protein_SPATA13
2338	http://purl.obolibrary.org/obo/go.owl#Reaction_R-HSA-9824981
2339	http://purl.obolibrary.org/obo/GO_0005764_instance
2340	http://purl.obolibrary.org/obo/go.owl#Pathway_R-HSA-74749
2341	http://purl.obolibrary.org/obo/go.owl#Reaction_R-HSA-9693198
2342	http://purl.obolibrary.org/obo/go.owl#Pathway_R-HSA-9603798
2343	http://purl.obolibrary.org/obo/go.owl#Pathway_R-HSA-5688426
2344	http://purl.obolibrary.org/obo/go.owl#Protein_P2RY13
2345	http://purl.obolibrary.org/obo/go.owl#Protein_RPP25
2346	http://purl.obolibrary.org/obo/go.owl#Protein_TERF1
2347	http://purl.obolibrary.org/obo/GO_0097435_instance
2348	http://purl.obolibrary.org/obo/go.owl#Protein_PPWD1
2349	http://purl.obolibrary.org/obo/go.owl#Reaction_R-NUL-4084908
2350	http://purl.obolibrary.org/obo/go.owl#Reaction_R-HSA-5672828
2351	http://purl.obolibrary.org/obo/go.owl#Pathway_R-HSA-983168
2352	http://purl.obolibrary.org/obo/go.owl#Protein_BTLA
2353	http://purl.obolibrary.org/obo/go.owl#Pathway_R-HSA-392517
2354	http://purl.obolibrary.org/obo/go.owl#Protein_GORASP1
2355	http://purl.obolibrary.org/obo/go.owl#Protein_DCAF6
2356	http://purl.obolibrary.org/obo/go.owl#Protein_STAB1
2357	http://purl.obolibrary.org/obo/go.owl#Protein_ELMOD3
2358	http://purl.obolibrary.org/obo/go.owl#Reaction_R-HSA-112383
2359	http://purl.obolibrary.org/obo/GO_0043069_instance
2360	http://purl.obolibrary.org/obo/go.owl#Reaction_R-HSA-5602353
2361	http://purl.obolibrary.org/obo/go.owl#Pathway_R-HSA-68867
2362	http://purl.obolibrary.org/obo/go.owl#Reaction_R-HSA-9008480
2363	http://purl.obolibrary.org/obo/go.owl#Protein_FYB1
2364	http://purl.obolibrary.org/obo/go.owl#Reaction_R-HSA-205244
2365	http://purl.obolibrary.org/obo/go.owl#Reaction_R-HSA-5624492
2366	http://purl.obolibrary.org/obo/go.owl#Reaction_R-HSA-9647982
2367	http://purl.obolibrary.org/obo/go.owl#Protein_AP1S1
2368	http://purl.obolibrary.org/obo/go.owl#Pathway_R-HSA-2160916
2369	http://purl.obolibrary.org/obo/go.owl#Reaction_R-HSA-182279
2370	http://purl.obolibrary.org/obo/GO_0006302_instance
2371	http://purl.obolibrary.org/obo/go.owl#Protein_TMEM128
2372	http://purl.obolibrary.org/obo/go.owl#Protein_EFHC2
2373	http://purl.obolibrary.org/obo/go.owl#Pathway_R-HSA-9762114
2374	http://purl.obolibrary.org/obo/go.owl#Protein_AFTPH
2375	http://purl.obolibrary.org/obo/go.owl#Protein_MRPS12
2376	http://purl.obolibrary.org/obo/go.owl#Protein_UNC119
2377	http://purl.obolibrary.org/obo/go.owl#Protein_ZFYVE27
2378	http://purl.obolibrary.org/obo/go.owl#Reaction_R-HSA-6803836
2379	http://purl.obolibrary.org/obo/go.owl#Reaction_R-HSA-9836362
2380	http://purl.obolibrary.org/obo/go.owl#Protein_LMNB2
2381	http://purl.obolibrary.org/obo/go.owl#Protein_AGGF1
2382	http://purl.obolibrary.org/obo/go.owl#Reaction_R-HSA-9008110
2383	http://purl.obolibrary.org/obo/go.owl#Protein_CYBC1
2384	http://purl.obolibrary.org/obo/go.owl#Reaction_R-HSA-1676109
2385	http://purl.obolibrary.org/obo/go.owl#Pathway_R-HSA-1989781
2386	http://purl.obolibrary.org/obo/go.owl#Protein_RDH11
2387	http://purl.obolibrary.org/obo/go.owl#Pathway_R-HSA-389960
2388	http://purl.obolibrary.org/obo/go.owl#Protein_HYOU1
2389	http://purl.obolibrary.org/obo/go.owl#Protein_UBAP2L
2390	http://purl.obolibrary.org/obo/GO_0030234_instance
2391	http://purl.obolibrary.org/obo/go.owl#Reaction_R-HSA-9038545
2392	http://purl.obolibrary.org/obo/go.owl#Protein_RPS7
2393	http://purl.obolibrary.org/obo/go.owl#Reaction_R-HSA-5690159
2394	http://purl.obolibrary.org/obo/go.owl#Reaction_R-HSA-443779
2395	http://purl.obolibrary.org/obo/go.owl#Pathway_R-HSA-373760
2396	http://purl.obolibrary.org/obo/go.owl#Protein_IER3IP1
2397	http://purl.obolibrary.org/obo/go.owl#Reaction_R-HSA-8857925
2398	http://purl.obolibrary.org/obo/go.owl#Reaction_R-HSA-1362270
2399	http://purl.obolibrary.org/obo/go.owl#Reaction_R-HSA-8964567
2400	http://purl.obolibrary.org/obo/GO_0043254_instance
2401	http://purl.obolibrary.org/obo/go.owl#Protein_U2AF1
2402	http://purl.obolibrary.org/obo/go.owl#Protein_BIN2
2403	http://purl.obolibrary.org/obo/go.owl#Reaction_R-HSA-9768511
2404	http://purl.obolibrary.org/obo/go.owl#Protein_SP4
2405	http://purl.obolibrary.org/obo/GO_0000910_instance
2406	http://purl.obolibrary.org/obo/go.owl#Protein_DRC7
2407	http://purl.obolibrary.org/obo/GO_0023051_instance
2408	http://purl.obolibrary.org/obo/go.owl#Protein_PRDM1
2409	http://purl.obolibrary.org/obo/go.owl#Reaction_R-HSA-8941618
2410	http://purl.obolibrary.org/obo/go.owl#Reaction_R-HSA-6786058
2411	http://purl.obolibrary.org/obo/go.owl#Reaction_R-HSA-2671829
2412	http://purl.obolibrary.org/obo/GO_0005794_instance
2413	http://purl.obolibrary.org/obo/go.owl#Reaction_R-HSA-179417
2414	http://purl.obolibrary.org/obo/go.owl#Reaction_R-HSA-9749505
2415	http://purl.obolibrary.org/obo/go.owl#Protein_RABIF
2416	http://purl.obolibrary.org/obo/go.owl#Reaction_R-HSA-8987266
2417	http://purl.obolibrary.org/obo/GO_0019900_instance
2418	http://purl.obolibrary.org/obo/go.owl#Pathway_R-HSA-5689603
2419	http://purl.obolibrary.org/obo/go.owl#Pathway_R-HSA-174178
2420	http://purl.obolibrary.org/obo/go.owl#Pathway_R-HSA-453276
2421	http://purl.obolibrary.org/obo/go.owl#Reaction_R-HSA-9725357
2422	http://purl.obolibrary.org/obo/go.owl#Pathway_R-HSA-8854691
2423	http://purl.obolibrary.org/obo/go.owl#Reaction_R-HSA-8985591
2424	http://purl.obolibrary.org/obo/go.owl#Pathway_R-HSA-422475
2425	http://purl.obolibrary.org/obo/go.owl#Reaction_R-HSA-9818954
2426	http://purl.obolibrary.org/obo/go.owl#Reaction_R-HSA-5625901
2427	http://purl.obolibrary.org/obo/GO_0023057_instance
2428	http://purl.obolibrary.org/obo/go.owl#Reaction_R-HSA-390470
2429	http://purl.obolibrary.org/obo/go.owl#Reaction_R-HSA-3928601
2430	http://purl.obolibrary.org/obo/GO_0140297_instance
2431	http://purl.obolibrary.org/obo/go.owl#Reaction_R-HSA-9606894
2432	http://purl.obolibrary.org/obo/go.owl#Reaction_R-HSA-392263
2433	http://purl.obolibrary.org/obo/go.owl#Reaction_R-HSA-9842659
2434	http://purl.obolibrary.org/obo/GO_0044839_instance
2435	http://purl.obolibrary.org/obo/go.owl#Reaction_R-HSA-8982709
2436	http://purl.obolibrary.org/obo/go.owl#Reaction_R-HSA-376357
2437	http://purl.obolibrary.org/obo/go.owl#Reaction_R-HSA-2467436
2438	http://purl.obolibrary.org/obo/go.owl#Pathway_R-HSA-1234158
2439	http://purl.obolibrary.org/obo/go.owl#Protein_MED24
2440	http://purl.obolibrary.org/obo/go.owl#Reaction_R-HSA-5687091
2441	http://purl.obolibrary.org/obo/go.owl#Reaction_R-HSA-9606887
2442	http://purl.obolibrary.org/obo/go.owl#Pathway_R-HSA-983695
2443	http://purl.obolibrary.org/obo/go.owl#Reaction_R-HSA-6800490
2444	http://purl.obolibrary.org/obo/GO_0000228_instance
2445	http://purl.obolibrary.org/obo/go.owl#Protein_PDE7A
2446	http://purl.obolibrary.org/obo/GO_0141124_instance
2447	http://purl.obolibrary.org/obo/go.owl#Reaction_R-HSA-2267372
2448	http://purl.obolibrary.org/obo/go.owl#Pathway_R-HSA-983231
2449	http://purl.obolibrary.org/obo/go.owl#Protein_PHAX
2450	http://purl.obolibrary.org/obo/go.owl#Reaction_R-HSA-8867041
2451	http://purl.obolibrary.org/obo/go.owl#Pathway_R-HSA-182971
2452	http://purl.obolibrary.org/obo/go.owl#Reaction_R-HSA-3108209
2453	http://purl.obolibrary.org/obo/go.owl#Reaction_R-HSA-389788
2454	http://purl.obolibrary.org/obo/go.owl#Reaction_R-HSA-9615501
2455	http://purl.obolibrary.org/obo/go.owl#Reaction_R-HSA-2172666
2456	http://purl.obolibrary.org/obo/go.owl#Reaction_R-HSA-8940007
2457	http://purl.obolibrary.org/obo/go.owl#Protein_ARHGAP18
2458	http://purl.obolibrary.org/obo/go.owl#Reaction_R-HSA-4615905
2459	http://purl.obolibrary.org/obo/go.owl#Reaction_R-HSA-3790130
2460	http://purl.obolibrary.org/obo/go.owl#Protein_RHOT1
2461	http://purl.obolibrary.org/obo/go.owl#Pathway_R-HSA-2565942
2462	http://purl.obolibrary.org/obo/go.owl#Reaction_R-HSA-3928660
2463	http://purl.obolibrary.org/obo/go.owl#Pathway_R-HSA-3928665
2464	http://purl.obolibrary.org/obo/GO_0140535_instance
2465	http://purl.obolibrary.org/obo/GO_0043161_instance
2466	http://purl.obolibrary.org/obo/go.owl#Protein_IFIT3
2467	http://purl.obolibrary.org/obo/go.owl#Reaction_R-HSA-9823959
2468	http://purl.obolibrary.org/obo/go.owl#Protein_SWSAP1
2469	http://purl.obolibrary.org/obo/go.owl#Protein_PPP1CB
2470	http://purl.obolibrary.org/obo/GO_0015031_instance
2471	http://purl.obolibrary.org/obo/go.owl#Reaction_R-HSA-187934
2472	http://purl.obolibrary.org/obo/go.owl#Reaction_R-HSA-3149518
2473	http://purl.obolibrary.org/obo/go.owl#Protein_ELF1
2474	http://purl.obolibrary.org/obo/go.owl#Pathway_R-HSA-427389
2475	http://purl.obolibrary.org/obo/go.owl#Reaction_R-HSA-6802924
2476	http://purl.obolibrary.org/obo/go.owl#Pathway_R-HSA-6802949
2477	http://purl.obolibrary.org/obo/go.owl#Reaction_R-HSA-9937719
2478	http://purl.obolibrary.org/obo/GO_0043632_instance
2479	http://purl.obolibrary.org/obo/go.owl#Reaction_R-HSA-9716836
2480	http://purl.obolibrary.org/obo/go.owl#Pathway_R-HSA-8978868
2481	http://purl.obolibrary.org/obo/go.owl#Reaction_R-HSA-913529
2482	http://purl.obolibrary.org/obo/go.owl#Pathway_R-HSA-2029480
2483	http://purl.obolibrary.org/obo/go.owl#Protein_DARS1
2484	http://purl.obolibrary.org/obo/go.owl#Reaction_R-HSA-5690152
2485	http://purl.obolibrary.org/obo/go.owl#Protein_RRBP1
2486	http://purl.obolibrary.org/obo/go.owl#Reaction_R-HSA-264458
2487	http://purl.obolibrary.org/obo/go.owl#Reaction_R-HSA-199583
2488	http://purl.obolibrary.org/obo/go.owl#Reaction_R-HSA-5684250
2489	http://purl.obolibrary.org/obo/go.owl#Reaction_R-HSA-5693539
2490	http://purl.obolibrary.org/obo/go.owl#Reaction_R-HSA-73946
2491	http://purl.obolibrary.org/obo/go.owl#Reaction_R-HSA-8942836
2492	http://purl.obolibrary.org/obo/go.owl#Reaction_R-HSA-9925246
2493	http://purl.obolibrary.org/obo/go.owl#Reaction_R-HSA-921155
2494	http://purl.obolibrary.org/obo/GO_0016605_instance
2495	http://purl.obolibrary.org/obo/go.owl#Pathway_R-HSA-1237112
2496	http://purl.obolibrary.org/obo/go.owl#Reaction_R-HSA-76576
2497	http://purl.obolibrary.org/obo/go.owl#Reaction_R-HSA-8868651
2498	http://purl.obolibrary.org/obo/go.owl#Reaction_R-HSA-9931298
2499	http://purl.obolibrary.org/obo/go.owl#Reaction_R-HSA-3465429
2500	http://purl.obolibrary.org/obo/go.owl#Protein_LYG1
2501	http://purl.obolibrary.org/obo/go.owl#Reaction_R-HSA-9672163
2502	http://purl.obolibrary.org/obo/go.owl#Pathway_R-HSA-9733458
2503	http://purl.obolibrary.org/obo/go.owl#Reaction_R-HSA-9011300
2504	http://purl.obolibrary.org/obo/GO_0006888_instance
2505	http://purl.obolibrary.org/obo/go.owl#Reaction_R-HSA-6782628
2506	http://purl.obolibrary.org/obo/go.owl#Protein_THOP1
2507	http://purl.obolibrary.org/obo/GO_0030659_instance
2508	http://purl.obolibrary.org/obo/go.owl#Reaction_R-HSA-5357831
2509	http://purl.obolibrary.org/obo/go.owl#Protein_ACIN1
2510	http://purl.obolibrary.org/obo/go.owl#Reaction_R-HSA-5336420
2511	http://purl.obolibrary.org/obo/go.owl#Reaction_R-HSA-2429719
2512	http://purl.obolibrary.org/obo/go.owl#Reaction_R-HSA-5686900
2513	http://purl.obolibrary.org/obo/go.owl#Pathway_R-HSA-5693571
2514	http://purl.obolibrary.org/obo/go.owl#Pathway_R-HSA-75153
2515	http://purl.obolibrary.org/obo/go.owl#Reaction_R-HSA-5357860
2516	http://purl.obolibrary.org/obo/go.owl#Reaction_R-HSA-392195
2517	http://purl.obolibrary.org/obo/go.owl#Reaction_R-HSA-9634390
2518	http://purl.obolibrary.org/obo/go.owl#Pathway_R-HSA-9634285
2519	http://purl.obolibrary.org/obo/GO_0005769_instance
2520	http://purl.obolibrary.org/obo/go.owl#Reaction_R-HSA-8856930
2521	http://purl.obolibrary.org/obo/go.owl#Pathway_R-HSA-8849473
2522	http://purl.obolibrary.org/obo/go.owl#Protein_ACKR3
2523	http://purl.obolibrary.org/obo/go.owl#Protein_MUC1
2524	http://purl.obolibrary.org/obo/go.owl#Reaction_R-HSA-168184
2525	http://purl.obolibrary.org/obo/go.owl#Pathway_R-HSA-9705671
2526	http://purl.obolibrary.org/obo/go.owl#Reaction_R-HSA-933527
2527	http://purl.obolibrary.org/obo/go.owl#Reaction_R-HSA-9825754
2528	http://purl.obolibrary.org/obo/go.owl#Protein_REPS2
2529	http://purl.obolibrary.org/obo/GO_0016192_instance
2530	http://purl.obolibrary.org/obo/go.owl#Protein_GTSE1
2531	http://purl.obolibrary.org/obo/go.owl#Reaction_R-HSA-6791227
2532	http://purl.obolibrary.org/obo/go.owl#Reaction_R-HSA-5674373
2533	http://purl.obolibrary.org/obo/go.owl#Protein_ISOC1
2534	http://purl.obolibrary.org/obo/go.owl#Reaction_R-HSA-6798751
2535	http://purl.obolibrary.org/obo/go.owl#Protein_ZNF580
2536	http://purl.obolibrary.org/obo/go.owl#Protein_ING3
2537	http://purl.obolibrary.org/obo/GO_0006913_instance
2538	http://purl.obolibrary.org/obo/go.owl#Reaction_R-HSA-418856
2539	http://purl.obolibrary.org/obo/go.owl#Reaction_R-HSA-75125
2540	http://purl.obolibrary.org/obo/go.owl#Protein_ATG3
2541	http://purl.obolibrary.org/obo/go.owl#Protein_WDSUB1
2542	http://purl.obolibrary.org/obo/go.owl#Reaction_R-HSA-5672972
2543	http://purl.obolibrary.org/obo/go.owl#Protein_TMSB4X
2544	http://purl.obolibrary.org/obo/go.owl#Reaction_R-HSA-9912527
2545	http://purl.obolibrary.org/obo/go.owl#Reaction_R-HSA-2168079
2546	http://purl.obolibrary.org/obo/go.owl#Reaction_R-HSA-6802934
2547	http://purl.obolibrary.org/obo/GO_1903706_instance
2548	http://purl.obolibrary.org/obo/GO_0051640_instance
2549	http://purl.obolibrary.org/obo/go.owl#Reaction_R-HSA-9860500
2550	http://purl.obolibrary.org/obo/go.owl#Pathway_R-HSA-9856530
2551	http://purl.obolibrary.org/obo/go.owl#Reaction_R-HSA-8952039
2552	http://purl.obolibrary.org/obo/go.owl#Reaction_R-HSA-8851827
2553	http://purl.obolibrary.org/obo/go.owl#Protein_TCN2
2554	http://purl.obolibrary.org/obo/go.owl#Pathway_R-HSA-9686347
2555	http://purl.obolibrary.org/obo/go.owl#Pathway_R-HSA-9693928
2556	http://purl.obolibrary.org/obo/go.owl#Protein_MAPRE3
2557	http://purl.obolibrary.org/obo/go.owl#Pathway_R-HSA-8851708
2558	http://purl.obolibrary.org/obo/go.owl#Protein_PAK1IP1
2559	http://purl.obolibrary.org/obo/go.owl#Reaction_R-HSA-201640
2560	http://purl.obolibrary.org/obo/go.owl#Pathway_R-HSA-111465
2561	http://purl.obolibrary.org/obo/go.owl#Reaction_R-HSA-9835358
2562	http://purl.obolibrary.org/obo/go.owl#Reaction_R-HSA-5686483
2563	http://purl.obolibrary.org/obo/go.owl#Reaction_R-HSA-8951499
2564	http://purl.obolibrary.org/obo/go.owl#Protein_SURF4
2565	http://purl.obolibrary.org/obo/go.owl#Reaction_R-HSA-4086059
2566	http://purl.obolibrary.org/obo/GO_0001817_instance
2567	http://purl.obolibrary.org/obo/go.owl#Reaction_R-HSA-4551683
2568	http://purl.obolibrary.org/obo/go.owl#Reaction_R-HSA-174171
2569	http://purl.obolibrary.org/obo/go.owl#Reaction_R-HSA-434990
2570	http://purl.obolibrary.org/obo/go.owl#Protein_SPATC1L
2571	http://purl.obolibrary.org/obo/go.owl#Reaction_R-HSA-9820895
2572	http://purl.obolibrary.org/obo/go.owl#Reaction_R-HSA-8953946
2573	http://purl.obolibrary.org/obo/go.owl#Protein_KDM5C
2574	http://purl.obolibrary.org/obo/go.owl#Pathway_R-HSA-69656
2575	http://purl.obolibrary.org/obo/go.owl#Pathway_R-HSA-69242
2576	http://purl.obolibrary.org/obo/go.owl#Protein_FAM170B
2577	http://purl.obolibrary.org/obo/go.owl#Protein_SGTB
2578	http://purl.obolibrary.org/obo/go.owl#Protein_EXOC7
2579	http://purl.obolibrary.org/obo/GO_0051258_instance
2580	http://purl.obolibrary.org/obo/go.owl#Reaction_R-HSA-3311014
2581	http://purl.obolibrary.org/obo/go.owl#Pathway_R-HSA-3311021
2582	http://purl.obolibrary.org/obo/go.owl#Reaction_R-HSA-8938507
2583	http://purl.obolibrary.org/obo/go.owl#Reaction_R-HSA-9843900
2584	http://purl.obolibrary.org/obo/go.owl#Pathway_R-HSA-176814
2585	http://purl.obolibrary.org/obo/go.owl#Protein_UBE2W
2586	http://purl.obolibrary.org/obo/go.owl#Reaction_R-HSA-422320
2587	http://purl.obolibrary.org/obo/go.owl#Protein_SULT1A3
2588	http://purl.obolibrary.org/obo/go.owl#Pathway_R-HSA-114608
2589	http://purl.obolibrary.org/obo/go.owl#Pathway_R-HSA-9755511
2590	http://purl.obolibrary.org/obo/GO_0043412_instance
2591	http://purl.obolibrary.org/obo/go.owl#Reaction_R-HSA-9823939
2592	http://purl.obolibrary.org/obo/go.owl#Reaction_R-HSA-5687123
2593	http://purl.obolibrary.org/obo/go.owl#Pathway_R-HSA-9735871
2594	http://purl.obolibrary.org/obo/go.owl#Reaction_R-HSA-452331
2595	http://purl.obolibrary.org/obo/go.owl#Pathway_R-HSA-9754189
2596	http://purl.obolibrary.org/obo/go.owl#Protein_REEP4
2597	http://purl.obolibrary.org/obo/go.owl#Pathway_R-HSA-3214842
2598	http://purl.obolibrary.org/obo/go.owl#Protein_LYPLA2
2599	http://purl.obolibrary.org/obo/go.owl#Reaction_R-HSA-168326
2600	http://purl.obolibrary.org/obo/go.owl#Pathway_R-HSA-69202
2601	http://purl.obolibrary.org/obo/go.owl#Reaction_R-HSA-3209151
2602	http://purl.obolibrary.org/obo/go.owl#Reaction_R-HSA-419049
2603	http://purl.obolibrary.org/obo/go.owl#Protein_AUNIP
2604	http://purl.obolibrary.org/obo/go.owl#Reaction_R-HSA-8956140
2605	http://purl.obolibrary.org/obo/go.owl#Protein_SH3KBP1
2606	http://purl.obolibrary.org/obo/go.owl#Pathway_R-HSA-9679191
2607	http://purl.obolibrary.org/obo/go.owl#Reaction_R-HSA-9824579
2608	http://purl.obolibrary.org/obo/GO_0032984_instance
2609	http://purl.obolibrary.org/obo/go.owl#Protein_MED29
2610	http://purl.obolibrary.org/obo/go.owl#Reaction_R-HSA-5654659
2611	http://purl.obolibrary.org/obo/go.owl#Pathway_R-HSA-1236973
2612	http://purl.obolibrary.org/obo/go.owl#Pathway_R-HSA-1168372
2613	http://purl.obolibrary.org/obo/go.owl#Pathway_R-HSA-9754560
2614	http://purl.obolibrary.org/obo/go.owl#Reaction_R-HSA-5684261
2615	http://purl.obolibrary.org/obo/go.owl#Reaction_R-HSA-3247493
2616	http://purl.obolibrary.org/obo/go.owl#Reaction_R-HSA-5665751
2617	http://purl.obolibrary.org/obo/go.owl#Pathway_R-HSA-165158
2618	http://purl.obolibrary.org/obo/go.owl#Reaction_R-HSA-983421
2619	http://purl.obolibrary.org/obo/go.owl#Reaction_R-HSA-8954185
2620	http://purl.obolibrary.org/obo/go.owl#Reaction_R-HSA-9698170
2621	http://purl.obolibrary.org/obo/GO_0002684_instance
2622	http://purl.obolibrary.org/obo/GO_0033116_instance
2623	http://purl.obolibrary.org/obo/go.owl#Reaction_R-HSA-6809006
2624	http://purl.obolibrary.org/obo/go.owl#Reaction_R-HSA-164521
2625	http://purl.obolibrary.org/obo/go.owl#Reaction_R-HSA-447246
2626	http://purl.obolibrary.org/obo/GO_0030832_instance
2627	http://purl.obolibrary.org/obo/go.owl#Pathway_R-HSA-2559583
2628	http://purl.obolibrary.org/obo/go.owl#Reaction_R-HSA-3364026
2629	http://purl.obolibrary.org/obo/go.owl#Protein_PCDHA1
2630	http://purl.obolibrary.org/obo/go.owl#Pathway_R-HSA-9648025
2631	http://purl.obolibrary.org/obo/go.owl#Reaction_R-HSA-418576
2632	http://purl.obolibrary.org/obo/go.owl#Reaction_R-HSA-8942803
2633	http://purl.obolibrary.org/obo/go.owl#Pathway_R-HSA-70921
2634	http://purl.obolibrary.org/obo/go.owl#Protein_NUS1
2635	http://purl.obolibrary.org/obo/go.owl#Protein_COL7A1
2636	http://purl.obolibrary.org/obo/go.owl#Reaction_R-HSA-9909628
2637	http://purl.obolibrary.org/obo/go.owl#Reaction_R-HSA-9604738
2638	http://purl.obolibrary.org/obo/go.owl#Pathway_R-HSA-9607240
2639	http://purl.obolibrary.org/obo/go.owl#Reaction_R-HSA-9925158
2640	http://purl.obolibrary.org/obo/go.owl#Pathway_R-HSA-9673768
2641	http://purl.obolibrary.org/obo/go.owl#Protein_ING1
2642	http://purl.obolibrary.org/obo/GO_0048193_instance
2643	http://purl.obolibrary.org/obo/go.owl#Reaction_R-HSA-419087
2644	http://purl.obolibrary.org/obo/go.owl#Protein_ATMIN
2645	http://purl.obolibrary.org/obo/go.owl#Protein_MED15
2646	http://purl.obolibrary.org/obo/GO_0090575_instance
2647	http://purl.obolibrary.org/obo/go.owl#Reaction_R-HSA-2197645
2648	http://purl.obolibrary.org/obo/go.owl#Pathway_R-HSA-3000484
2649	http://purl.obolibrary.org/obo/go.owl#Pathway_R-HSA-400206
2650	http://purl.obolibrary.org/obo/go.owl#Protein_TRMT1
2651	http://purl.obolibrary.org/obo/go.owl#Reaction_R-HSA-6814675
2652	http://purl.obolibrary.org/obo/go.owl#Pathway_R-HSA-6811440
2653	http://purl.obolibrary.org/obo/go.owl#Reaction_R-HSA-9664268
2654	http://purl.obolibrary.org/obo/go.owl#Pathway_R-HSA-9658195
2655	http://purl.obolibrary.org/obo/go.owl#Pathway_R-HSA-9018519
2656	http://purl.obolibrary.org/obo/go.owl#Protein_RCN2
2657	http://purl.obolibrary.org/obo/go.owl#Pathway_R-HSA-110331
2658	http://purl.obolibrary.org/obo/go.owl#Reaction_R-HSA-9770236
2659	http://purl.obolibrary.org/obo/go.owl#Pathway_R-HSA-163615
2660	http://purl.obolibrary.org/obo/go.owl#Pathway_R-HSA-5620916
2661	http://purl.obolibrary.org/obo/go.owl#Protein_SLC39A6
2662	http://purl.obolibrary.org/obo/go.owl#Protein_CCDC91
2663	http://purl.obolibrary.org/obo/go.owl#Reaction_R-HSA-9851534
2664	http://purl.obolibrary.org/obo/go.owl#Reaction_R-HSA-8935730
2665	http://purl.obolibrary.org/obo/go.owl#Protein_PLPP3
2666	http://purl.obolibrary.org/obo/go.owl#Reaction_R-HSA-9009451
2667	http://purl.obolibrary.org/obo/go.owl#Pathway_R-HSA-8939902
2668	http://purl.obolibrary.org/obo/go.owl#Reaction_R-HSA-5654730
2669	http://purl.obolibrary.org/obo/go.owl#Pathway_R-HSA-69275
2670	http://purl.obolibrary.org/obo/go.owl#Pathway_R-HSA-912446
2671	http://purl.obolibrary.org/obo/go.owl#Reaction_R-HSA-8937113
2672	http://purl.obolibrary.org/obo/go.owl#Pathway_R-HSA-72706
2673	http://purl.obolibrary.org/obo/go.owl#Pathway_R-HSA-912631
2674	http://purl.obolibrary.org/obo/go.owl#Reaction_R-HSA-5654612
2675	http://purl.obolibrary.org/obo/go.owl#Reaction_R-HSA-8982019
2676	http://purl.obolibrary.org/obo/go.owl#Reaction_R-HSA-8985988
2677	http://purl.obolibrary.org/obo/go.owl#Reaction_R-HSA-8848005
2678	http://purl.obolibrary.org/obo/go.owl#Pathway_R-HSA-8847993
2679	http://purl.obolibrary.org/obo/go.owl#Reaction_R-HSA-8847887
2680	http://purl.obolibrary.org/obo/go.owl#Reaction_R-HSA-1980047
2681	http://purl.obolibrary.org/obo/go.owl#Protein_SLC5A6
2682	http://purl.obolibrary.org/obo/go.owl#Reaction_R-HSA-5218845
2683	http://purl.obolibrary.org/obo/go.owl#Reaction_R-HSA-2467811
2684	http://purl.obolibrary.org/obo/go.owl#Reaction_R-HSA-1839107
2685	http://purl.obolibrary.org/obo/go.owl#Pathway_R-HSA-1839124
2686	http://purl.obolibrary.org/obo/go.owl#Protein_HNRNPH1
2687	http://purl.obolibrary.org/obo/go.owl#Protein_VAMP5
2688	http://purl.obolibrary.org/obo/GO_0009895_instance
2689	http://purl.obolibrary.org/obo/go.owl#Reaction_R-HSA-2424477
2690	http://purl.obolibrary.org/obo/go.owl#Protein_SETBP1
2691	http://purl.obolibrary.org/obo/go.owl#Reaction_R-HSA-5690856
2692	http://purl.obolibrary.org/obo/go.owl#Pathway_R-HSA-5603041
2693	http://purl.obolibrary.org/obo/go.owl#Protein_THOC6
2694	http://purl.obolibrary.org/obo/GO_0051656_instance
2695	http://purl.obolibrary.org/obo/go.owl#Protein_NABP2
2696	http://purl.obolibrary.org/obo/go.owl#Protein_N4BP2L1
2697	http://purl.obolibrary.org/obo/go.owl#Reaction_R-HSA-8862280
2698	http://purl.obolibrary.org/obo/go.owl#Pathway_R-HSA-8856828
2699	http://purl.obolibrary.org/obo/go.owl#Pathway_R-HSA-159227
2700	http://purl.obolibrary.org/obo/go.owl#Reaction_R-HSA-450325
2701	http://purl.obolibrary.org/obo/go.owl#Protein_NCDN
2702	http://purl.obolibrary.org/obo/go.owl#Reaction_R-HSA-5618080
2703	http://purl.obolibrary.org/obo/go.owl#Reaction_R-HSA-5617431
2704	http://purl.obolibrary.org/obo/go.owl#Pathway_R-HSA-376176
2705	http://purl.obolibrary.org/obo/go.owl#Reaction_R-HSA-9036068
2706	http://purl.obolibrary.org/obo/go.owl#Reaction_R-HSA-2288097
2707	http://purl.obolibrary.org/obo/go.owl#Reaction_R-HSA-1912366
2708	http://purl.obolibrary.org/obo/go.owl#Reaction_R-HSA-8964317
2709	http://purl.obolibrary.org/obo/go.owl#Protein_KRIT1
2710	http://purl.obolibrary.org/obo/go.owl#Reaction_R-HSA-9839025
2711	http://purl.obolibrary.org/obo/go.owl#Pathway_R-HSA-9833482
2712	http://purl.obolibrary.org/obo/go.owl#Reaction_R-HSA-5675868
2713	http://purl.obolibrary.org/obo/go.owl#Pathway_R-HSA-9008059
2714	http://purl.obolibrary.org/obo/go.owl#Reaction_R-HSA-428752
2715	http://purl.obolibrary.org/obo/go.owl#Reaction_R-HSA-6802935
2716	http://purl.obolibrary.org/obo/go.owl#Reaction_R-HSA-1236971
2717	http://purl.obolibrary.org/obo/go.owl#Reaction_R-HSA-3927886
2718	http://purl.obolibrary.org/obo/go.owl#Protein_VPS41
2719	http://purl.obolibrary.org/obo/go.owl#Reaction_R-HSA-5625784
2720	http://purl.obolibrary.org/obo/go.owl#Reaction_R-HSA-9647987
2721	http://purl.obolibrary.org/obo/go.owl#Reaction_R-HSA-947591
2722	http://purl.obolibrary.org/obo/GO_0050776_instance
2723	http://purl.obolibrary.org/obo/go.owl#Reaction_R-HSA-5218891
2724	http://purl.obolibrary.org/obo/go.owl#Pathway_R-HSA-5213460
2725	http://purl.obolibrary.org/obo/go.owl#Reaction_R-HSA-560473
2726	http://purl.obolibrary.org/obo/go.owl#Reaction_R-HSA-175174
2727	http://purl.obolibrary.org/obo/go.owl#Pathway_R-HSA-4641257
2728	http://purl.obolibrary.org/obo/go.owl#Reaction_R-HSA-167117
2729	http://purl.obolibrary.org/obo/go.owl#Pathway_R-HSA-5693579
2730	http://purl.obolibrary.org/obo/go.owl#Pathway_R-HSA-6791226
2731	http://purl.obolibrary.org/obo/go.owl#Protein_FMNL1
2732	http://purl.obolibrary.org/obo/go.owl#Reaction_R-HSA-9860292
2733	http://purl.obolibrary.org/obo/go.owl#Reaction_R-HSA-2046085
2734	http://purl.obolibrary.org/obo/go.owl#Reaction_R-HSA-9684068
2735	http://purl.obolibrary.org/obo/go.owl#Reaction_R-HSA-2272795
2736	http://purl.obolibrary.org/obo/go.owl#Protein_ZFAND1
2737	http://purl.obolibrary.org/obo/GO_0033554_instance
2738	http://purl.obolibrary.org/obo/go.owl#Reaction_R-HSA-70482
2739	http://purl.obolibrary.org/obo/go.owl#Pathway_R-HSA-71387
2740	http://purl.obolibrary.org/obo/go.owl#Protein_HEATR1
2741	http://purl.obolibrary.org/obo/go.owl#Reaction_R-HSA-6798749
2742	http://purl.obolibrary.org/obo/GO_0010324_instance
2743	http://purl.obolibrary.org/obo/go.owl#Reaction_R-HSA-419083
2744	http://purl.obolibrary.org/obo/go.owl#Reaction_R-HSA-169921
2745	http://purl.obolibrary.org/obo/go.owl#Pathway_R-HSA-3371556
2746	http://purl.obolibrary.org/obo/go.owl#Reaction_R-HSA-112150
2747	http://purl.obolibrary.org/obo/go.owl#Reaction_R-HSA-9664879
2748	http://purl.obolibrary.org/obo/go.owl#Pathway_R-HSA-9664407
2749	http://purl.obolibrary.org/obo/go.owl#Pathway_R-HSA-6781827
2750	http://purl.obolibrary.org/obo/go.owl#Reaction_R-HSA-9649733
2751	http://purl.obolibrary.org/obo/go.owl#Reaction_R-HSA-389954
2752	http://purl.obolibrary.org/obo/go.owl#Reaction_R-HSA-9765973
2753	http://purl.obolibrary.org/obo/go.owl#Reaction_R-HSA-5632738
2754	http://purl.obolibrary.org/obo/go.owl#Reaction_R-HSA-203979
2755	http://purl.obolibrary.org/obo/go.owl#Reaction_R-HSA-162657
2756	http://purl.obolibrary.org/obo/go.owl#Reaction_R-HSA-1363274
2757	http://purl.obolibrary.org/obo/go.owl#Reaction_R-HSA-5625416
2758	http://purl.obolibrary.org/obo/go.owl#Pathway_R-HSA-5620924
2759	http://purl.obolibrary.org/obo/go.owl#Reaction_R-HSA-5651805
2760	http://purl.obolibrary.org/obo/go.owl#Pathway_R-HSA-167243
2761	http://purl.obolibrary.org/obo/go.owl#Reaction_R-HSA-9842833
2762	http://purl.obolibrary.org/obo/go.owl#Reaction_R-HSA-8937654
2763	http://purl.obolibrary.org/obo/go.owl#Pathway_R-HSA-6783783
2764	http://purl.obolibrary.org/obo/go.owl#Reaction_R-HSA-9011313
2765	http://purl.obolibrary.org/obo/go.owl#Reaction_R-HSA-2160935
2766	http://purl.obolibrary.org/obo/go.owl#Pathway_R-HSA-2173791
2767	http://purl.obolibrary.org/obo/go.owl#Protein_EAPP
2768	http://purl.obolibrary.org/obo/go.owl#Reaction_R-HSA-9842669
2769	http://purl.obolibrary.org/obo/go.owl#Pathway_R-HSA-9700645
2770	http://purl.obolibrary.org/obo/go.owl#Reaction_R-HSA-174121
2771	http://purl.obolibrary.org/obo/go.owl#Reaction_R-HSA-8983371
2772	http://purl.obolibrary.org/obo/go.owl#Reaction_R-HSA-4551724
2773	http://purl.obolibrary.org/obo/go.owl#Reaction_R-HSA-6797712
2774	http://purl.obolibrary.org/obo/GO_0051254_instance
2775	http://purl.obolibrary.org/obo/go.owl#Reaction_R-HSA-4719424
2776	http://purl.obolibrary.org/obo/go.owl#Reaction_R-HSA-4839635
2777	http://purl.obolibrary.org/obo/go.owl#Reaction_R-HSA-8955289
2778	http://purl.obolibrary.org/obo/GO_0033043_instance
2779	http://purl.obolibrary.org/obo/go.owl#Pathway_R-HSA-416993
2780	http://purl.obolibrary.org/obo/go.owl#Reaction_R-HSA-5159245
2781	http://purl.obolibrary.org/obo/go.owl#Reaction_R-HSA-184269
2782	http://purl.obolibrary.org/obo/go.owl#Reaction_R-HSA-9013978
2783	http://purl.obolibrary.org/obo/GO_0045184_instance
2784	http://purl.obolibrary.org/obo/go.owl#Pathway_R-HSA-110320
2785	http://purl.obolibrary.org/obo/GO_0006886_instance
2786	http://purl.obolibrary.org/obo/go.owl#Reaction_R-HSA-69140
2787	http://purl.obolibrary.org/obo/go.owl#Pathway_R-HSA-168275
2788	http://purl.obolibrary.org/obo/go.owl#Reaction_R-HSA-3601585
2789	http://purl.obolibrary.org/obo/GO_1901991_instance
2790	http://purl.obolibrary.org/obo/go.owl#Reaction_R-HSA-744887
2791	http://purl.obolibrary.org/obo/go.owl#Pathway_R-HSA-3371453
2792	http://purl.obolibrary.org/obo/go.owl#Reaction_R-HSA-8852306
2793	http://purl.obolibrary.org/obo/go.owl#Pathway_R-HSA-4615885
2794	http://purl.obolibrary.org/obo/go.owl#Reaction_R-HSA-354165
2795	http://purl.obolibrary.org/obo/go.owl#Pathway_R-HSA-354194
2796	http://purl.obolibrary.org/obo/go.owl#Pathway_R-HSA-450341
2797	http://purl.obolibrary.org/obo/go.owl#Reaction_R-HSA-9013895
2798	http://purl.obolibrary.org/obo/go.owl#Reaction_R-HSA-482772
2799	http://purl.obolibrary.org/obo/go.owl#Pathway_R-HSA-76005
2800	http://purl.obolibrary.org/obo/go.owl#Reaction_R-HSA-174157
2801	http://purl.obolibrary.org/obo/go.owl#Protein_TRIM23
2802	http://purl.obolibrary.org/obo/go.owl#Reaction_R-HSA-3238999
2803	http://purl.obolibrary.org/obo/go.owl#Reaction_R-HSA-4615873
2804	http://purl.obolibrary.org/obo/GO_0002757_instance
2805	http://purl.obolibrary.org/obo/go.owl#Reaction_R-HSA-167130
2806	http://purl.obolibrary.org/obo/go.owl#Pathway_R-HSA-1227990
2807	http://purl.obolibrary.org/obo/go.owl#Pathway_R-HSA-9772755
2808	http://purl.obolibrary.org/obo/go.owl#Protein_CCR5
2809	http://purl.obolibrary.org/obo/go.owl#Pathway_R-HSA-975163
2810	http://purl.obolibrary.org/obo/go.owl#Reaction_R-HSA-5693580
2811	http://purl.obolibrary.org/obo/go.owl#Pathway_R-HSA-8866427
2812	http://purl.obolibrary.org/obo/GO_0006914_instance
2813	http://purl.obolibrary.org/obo/go.owl#Pathway_R-HSA-5689901
2814	http://purl.obolibrary.org/obo/go.owl#Pathway_R-HSA-264870
2815	http://purl.obolibrary.org/obo/go.owl#Pathway_R-HSA-2122947
2816	http://purl.obolibrary.org/obo/go.owl#Pathway_R-HSA-3000178
2817	http://purl.obolibrary.org/obo/go.owl#Reaction_R-HSA-75097
2818	http://purl.obolibrary.org/obo/go.owl#Reaction_R-HSA-4655440
2819	http://purl.obolibrary.org/obo/go.owl#Protein_ATPAF1
2820	http://purl.obolibrary.org/obo/go.owl#Reaction_R-HSA-5694436
2821	http://purl.obolibrary.org/obo/go.owl#Pathway_R-HSA-5694530
2822	http://purl.obolibrary.org/obo/GO_0007049_instance
2823	http://purl.obolibrary.org/obo/go.owl#Reaction_R-HSA-8871194
2824	http://purl.obolibrary.org/obo/go.owl#Protein_TDP2
2825	http://purl.obolibrary.org/obo/go.owl#Protein_IGSF8
2826	http://purl.obolibrary.org/obo/GO_1902903_instance
2827	http://purl.obolibrary.org/obo/go.owl#Protein_HERPUD2
2828	http://purl.obolibrary.org/obo/go.owl#Reaction_R-HSA-9705320
2829	http://purl.obolibrary.org/obo/go.owl#Reaction_R-HSA-2064932
2830	http://purl.obolibrary.org/obo/go.owl#Pathway_R-HSA-442729
2831	http://purl.obolibrary.org/obo/go.owl#Pathway_R-HSA-112315
2832	http://purl.obolibrary.org/obo/go.owl#Reaction_R-HSA-450400
2833	http://purl.obolibrary.org/obo/go.owl#Protein_LEPR
2834	http://purl.obolibrary.org/obo/go.owl#Reaction_R-HSA-2671868
2835	http://purl.obolibrary.org/obo/go.owl#Reaction_R-HSA-1013012
2836	http://purl.obolibrary.org/obo/go.owl#Pathway_R-HSA-1296041
2837	http://purl.obolibrary.org/obo/go.owl#Pathway_R-HSA-68949
2838	http://purl.obolibrary.org/obo/GO_0000118_instance
2839	http://purl.obolibrary.org/obo/GO_1903561_instance
2840	http://purl.obolibrary.org/obo/go.owl#Pathway_R-HSA-3214858
2841	http://purl.obolibrary.org/obo/go.owl#Protein_WTAP
2842	http://purl.obolibrary.org/obo/go.owl#Reaction_R-HSA-9824586
2843	http://purl.obolibrary.org/obo/go.owl#Reaction_R-HSA-8952638
2844	http://purl.obolibrary.org/obo/go.owl#Reaction_R-HSA-2666278
2845	http://purl.obolibrary.org/obo/go.owl#Pathway_R-HSA-2660826
2846	http://purl.obolibrary.org/obo/go.owl#Pathway_R-HSA-9665249
2847	http://purl.obolibrary.org/obo/go.owl#Pathway_R-HSA-113418
2848	http://purl.obolibrary.org/obo/go.owl#Reaction_R-HSA-380455
2849	http://purl.obolibrary.org/obo/go.owl#Pathway_R-HSA-75876
2850	http://purl.obolibrary.org/obo/GO_0000281_instance
2851	http://purl.obolibrary.org/obo/go.owl#Pathway_R-HSA-8951664
2852	http://purl.obolibrary.org/obo/go.owl#Pathway_R-HSA-3700989
2853	http://purl.obolibrary.org/obo/go.owl#Reaction_R-HSA-2130641
2854	http://purl.obolibrary.org/obo/go.owl#Reaction_R-HSA-139906
2855	http://purl.obolibrary.org/obo/go.owl#Pathway_R-HSA-109606
2856	http://purl.obolibrary.org/obo/go.owl#Pathway_R-HSA-450294
2857	http://purl.obolibrary.org/obo/go.owl#Reaction_R-HSA-2029452
2858	http://purl.obolibrary.org/obo/go.owl#Pathway_R-HSA-112314
2859	http://purl.obolibrary.org/obo/go.owl#Protein_STRAP
2860	http://purl.obolibrary.org/obo/go.owl#Reaction_R-HSA-9007686
2861	http://purl.obolibrary.org/obo/go.owl#Reaction_R-HSA-9700131
2862	http://purl.obolibrary.org/obo/GO_0000313_instance
2863	http://purl.obolibrary.org/obo/go.owl#Protein_MAP7
2864	http://purl.obolibrary.org/obo/go.owl#Protein_SFR1
2865	http://purl.obolibrary.org/obo/GO_0051049_instance
2866	http://purl.obolibrary.org/obo/go.owl#Reaction_R-HSA-9934751
2867	http://purl.obolibrary.org/obo/go.owl#Pathway_R-HSA-159236
2868	http://purl.obolibrary.org/obo/go.owl#Reaction_R-HSA-9009401
2869	http://purl.obolibrary.org/obo/go.owl#Reaction_R-HSA-2130279
2870	http://purl.obolibrary.org/obo/go.owl#Reaction_R-HSA-9009403
2871	http://purl.obolibrary.org/obo/go.owl#Reaction_R-HSA-5689317
2872	http://purl.obolibrary.org/obo/go.owl#Pathway_R-HSA-5696395
2873	http://purl.obolibrary.org/obo/go.owl#Reaction_R-HSA-74736
2874	http://purl.obolibrary.org/obo/go.owl#Pathway_R-HSA-112399
2875	http://purl.obolibrary.org/obo/go.owl#Reaction_R-HSA-3927824
2876	http://purl.obolibrary.org/obo/go.owl#Reaction_R-HSA-8876616
2877	http://purl.obolibrary.org/obo/go.owl#Pathway_R-HSA-3134963
2878	http://purl.obolibrary.org/obo/go.owl#Pathway_R-HSA-1834949
2879	http://purl.obolibrary.org/obo/go.owl#Reaction_R-HSA-2045911
2880	http://purl.obolibrary.org/obo/go.owl#Reaction_R-HSA-186826
2881	http://purl.obolibrary.org/obo/go.owl#Reaction_R-HSA-75873
2882	http://purl.obolibrary.org/obo/go.owl#Pathway_R-HSA-204005
2883	http://purl.obolibrary.org/obo/go.owl#Pathway_R-HSA-446203
2884	http://purl.obolibrary.org/obo/go.owl#Reaction_R-HSA-9936620
2885	http://purl.obolibrary.org/obo/go.owl#Reaction_R-HSA-5638014
2886	http://purl.obolibrary.org/obo/go.owl#Protein_GHDC
2887	http://purl.obolibrary.org/obo/go.owl#Pathway_R-HSA-9954709
2888	http://purl.obolibrary.org/obo/go.owl#Pathway_R-HSA-69231
2889	http://purl.obolibrary.org/obo/go.owl#Pathway_R-HSA-5696399
2890	http://purl.obolibrary.org/obo/go.owl#Reaction_R-HSA-373739
2891	http://purl.obolibrary.org/obo/go.owl#Reaction_R-HSA-9653585
2892	http://purl.obolibrary.org/obo/go.owl#Pathway_R-HSA-9648002
2893	http://purl.obolibrary.org/obo/go.owl#Pathway_R-HSA-446652
2894	http://purl.obolibrary.org/obo/go.owl#Reaction_R-HSA-1306953
2895	http://purl.obolibrary.org/obo/go.owl#Pathway_R-HSA-1306955
2896	http://purl.obolibrary.org/obo/go.owl#Reaction_R-HSA-5654662
2897	http://purl.obolibrary.org/obo/go.owl#Reaction_R-HSA-382096
2898	http://purl.obolibrary.org/obo/go.owl#Pathway_R-HSA-383280
2899	http://purl.obolibrary.org/obo/go.owl#Reaction_R-HSA-1676174
2900	http://purl.obolibrary.org/obo/go.owl#Pathway_R-HSA-1483255
2901	http://purl.obolibrary.org/obo/go.owl#Reaction_R-HSA-5696914
2902	http://purl.obolibrary.org/obo/go.owl#Reaction_R-HSA-8878186
2903	http://purl.obolibrary.org/obo/go.owl#Pathway_R-HSA-8941855
2904	http://purl.obolibrary.org/obo/go.owl#Reaction_R-HSA-5668984
2905	http://purl.obolibrary.org/obo/go.owl#Reaction_R-HSA-927889
2906	http://purl.obolibrary.org/obo/go.owl#Reaction_R-HSA-5691512
2907	http://purl.obolibrary.org/obo/go.owl#Reaction_R-HSA-205112
2908	http://purl.obolibrary.org/obo/go.owl#Pathway_R-HSA-9912633
2909	http://purl.obolibrary.org/obo/go.owl#Reaction_R-HSA-175117
2910	http://purl.obolibrary.org/obo/go.owl#Pathway_R-HSA-162592
2911	http://purl.obolibrary.org/obo/go.owl#Reaction_R-HSA-5578965
2912	http://purl.obolibrary.org/obo/go.owl#Reaction_R-HSA-6791228
2913	http://purl.obolibrary.org/obo/go.owl#Reaction_R-HSA-168166
2914	http://purl.obolibrary.org/obo/go.owl#Reaction_R-HSA-8951727
2915	http://purl.obolibrary.org/obo/go.owl#Reaction_R-HSA-8961619
2916	http://purl.obolibrary.org/obo/go.owl#Pathway_R-HSA-174403
2917	http://purl.obolibrary.org/obo/go.owl#Pathway_R-HSA-75102
2918	http://purl.obolibrary.org/obo/go.owl#Reaction_R-HSA-141671
2919	http://purl.obolibrary.org/obo/go.owl#Pathway_R-HSA-72764
2920	http://purl.obolibrary.org/obo/go.owl#Reaction_R-HSA-9665705
2921	http://purl.obolibrary.org/obo/go.owl#Reaction_R-HSA-8938371
2922	http://purl.obolibrary.org/obo/go.owl#Pathway_R-HSA-8941333
2923	http://purl.obolibrary.org/obo/GO_0019899_instance
2924	http://purl.obolibrary.org/obo/go.owl#Reaction_R-HSA-2424476
2925	http://purl.obolibrary.org/obo/go.owl#Reaction_R-HSA-1250380
2926	http://purl.obolibrary.org/obo/go.owl#Reaction_R-HSA-2976551
2927	http://purl.obolibrary.org/obo/go.owl#Pathway_R-HSA-2197563
2928	http://purl.obolibrary.org/obo/go.owl#Pathway_R-HSA-8964041
2929	http://purl.obolibrary.org/obo/go.owl#Reaction_R-HSA-9670416
2930	http://purl.obolibrary.org/obo/go.owl#Reaction_R-HSA-6803789
2931	http://purl.obolibrary.org/obo/go.owl#Pathway_R-HSA-446210
2932	http://purl.obolibrary.org/obo/go.owl#Reaction_R-HSA-9664950
2933	http://purl.obolibrary.org/obo/go.owl#Pathway_R-HSA-9664565
2934	http://purl.obolibrary.org/obo/go.owl#Reaction_R-HSA-75081
2935	http://purl.obolibrary.org/obo/go.owl#Reaction_R-HSA-1671691
2936	http://purl.obolibrary.org/obo/go.owl#Pathway_R-HSA-397795
2937	http://purl.obolibrary.org/obo/go.owl#Reaction_R-HSA-5389857
2938	http://purl.obolibrary.org/obo/go.owl#Protein_RADIL
2939	http://purl.obolibrary.org/obo/go.owl#Reaction_R-HSA-177930
2940	http://purl.obolibrary.org/obo/go.owl#Reaction_R-HSA-3785711
2941	http://purl.obolibrary.org/obo/go.owl#Pathway_R-HSA-2559586
2942	http://purl.obolibrary.org/obo/go.owl#Reaction_R-HSA-8938382
2943	http://purl.obolibrary.org/obo/go.owl#Reaction_R-HSA-9765974
2944	http://purl.obolibrary.org/obo/go.owl#Pathway_R-HSA-6796648
2945	http://purl.obolibrary.org/obo/go.owl#Reaction_R-HSA-8983841
2946	http://purl.obolibrary.org/obo/go.owl#Pathway_R-HSA-8984722
2947	http://purl.obolibrary.org/obo/go.owl#Pathway_R-HSA-69002
2948	http://purl.obolibrary.org/obo/go.owl#Reaction_R-HSA-9680443
2949	http://purl.obolibrary.org/obo/go.owl#Pathway_R-HSA-9610379
2950	http://purl.obolibrary.org/obo/go.owl#Reaction_R-HSA-451649
2951	http://purl.obolibrary.org/obo/go.owl#Reaction_R-HSA-109862
2952	http://purl.obolibrary.org/obo/go.owl#Pathway_R-HSA-5683057
2953	http://purl.obolibrary.org/obo/go.owl#Reaction_R-HSA-430183
2954	http://purl.obolibrary.org/obo/go.owl#Reaction_R-HSA-8876190
2955	http://purl.obolibrary.org/obo/go.owl#Protein_ITM2B
2956	http://purl.obolibrary.org/obo/go.owl#Reaction_R-HSA-3315483
2957	http://purl.obolibrary.org/obo/go.owl#Reaction_R-HSA-9830951
2958	http://purl.obolibrary.org/obo/go.owl#Protein_MCM4
2959	http://purl.obolibrary.org/obo/go.owl#Pathway_R-HSA-168316
2960	http://purl.obolibrary.org/obo/go.owl#Reaction_R-HSA-432188
2961	http://purl.obolibrary.org/obo/go.owl#Reaction_R-HSA-751029
2962	http://purl.obolibrary.org/obo/go.owl#Pathway_R-HSA-416482
2963	http://purl.obolibrary.org/obo/go.owl#Protein_TMF1
2964	http://purl.obolibrary.org/obo/go.owl#Reaction_R-HSA-8956103
2965	http://purl.obolibrary.org/obo/go.owl#Pathway_R-HSA-9841922
2966	http://purl.obolibrary.org/obo/go.owl#Reaction_R-HSA-5693644
2967	http://purl.obolibrary.org/obo/go.owl#Reaction_R-HSA-909721
2968	http://purl.obolibrary.org/obo/go.owl#Protein_TMEM223
2969	http://purl.obolibrary.org/obo/go.owl#Protein_PUSL1
2970	http://purl.obolibrary.org/obo/go.owl#Reaction_R-HSA-5693589
2971	http://purl.obolibrary.org/obo/go.owl#Reaction_R-HSA-983138
2972	http://purl.obolibrary.org/obo/go.owl#Reaction_R-HSA-5333615
2973	http://purl.obolibrary.org/obo/go.owl#Protein_SPSB1
2974	http://purl.obolibrary.org/obo/go.owl#Pathway_R-HSA-179409
2975	http://purl.obolibrary.org/obo/go.owl#Reaction_R-HSA-1676005
2976	http://purl.obolibrary.org/obo/go.owl#Reaction_R-HSA-3788708
2977	http://purl.obolibrary.org/obo/go.owl#Reaction_R-HSA-9018806
2978	http://purl.obolibrary.org/obo/go.owl#Protein_RHOT2
2979	http://purl.obolibrary.org/obo/go.owl#Reaction_R-HSA-9610627
2980	http://purl.obolibrary.org/obo/go.owl#Reaction_R-HSA-5666178
2981	http://purl.obolibrary.org/obo/go.owl#Pathway_R-HSA-5666185
2982	http://purl.obolibrary.org/obo/go.owl#Pathway_R-HSA-427413
2983	http://purl.obolibrary.org/obo/go.owl#Reaction_R-HSA-380294
2984	http://purl.obolibrary.org/obo/go.owl#Reaction_R-HSA-8952630
2985	http://purl.obolibrary.org/obo/go.owl#Reaction_R-HSA-9859273
2986	http://purl.obolibrary.org/obo/GO_0031966_instance
2987	http://purl.obolibrary.org/obo/go.owl#Reaction_R-HSA-5655326
2988	http://purl.obolibrary.org/obo/go.owl#Reaction_R-HSA-4647594
2989	http://purl.obolibrary.org/obo/go.owl#Reaction_R-HSA-9925879
2990	http://purl.obolibrary.org/obo/go.owl#Pathway_R-HSA-9954714
2991	http://purl.obolibrary.org/obo/go.owl#Pathway_R-HSA-964739
2992	http://purl.obolibrary.org/obo/go.owl#Reaction_R-HSA-870449
2993	http://purl.obolibrary.org/obo/go.owl#Pathway_R-HSA-170834
2994	http://purl.obolibrary.org/obo/go.owl#Reaction_R-HSA-9758604
2995	http://purl.obolibrary.org/obo/go.owl#Reaction_R-HSA-77614
2996	http://purl.obolibrary.org/obo/go.owl#Reaction_R-HSA-112396
2997	http://purl.obolibrary.org/obo/go.owl#Pathway_R-HSA-75955
2998	http://purl.obolibrary.org/obo/go.owl#Pathway_R-HSA-168638
2999	http://purl.obolibrary.org/obo/GO_0009615_instance
3000	http://purl.obolibrary.org/obo/go.owl#Reaction_R-HSA-9935552
3001	http://purl.obolibrary.org/obo/go.owl#Pathway_R-HSA-159740
3002	http://purl.obolibrary.org/obo/go.owl#Pathway_R-HSA-9824443
3003	http://purl.obolibrary.org/obo/go.owl#Protein_ARL4A
3004	http://purl.obolibrary.org/obo/go.owl#Protein_OSGIN1
3005	http://purl.obolibrary.org/obo/go.owl#Protein_LRRC45
3006	http://purl.obolibrary.org/obo/go.owl#Reaction_R-HSA-202706
3007	http://purl.obolibrary.org/obo/go.owl#Protein_EVA1B
3008	http://purl.obolibrary.org/obo/go.owl#Protein_ARRDC2
3009	http://purl.obolibrary.org/obo/go.owl#Pathway_R-HSA-159234
3010	http://purl.obolibrary.org/obo/go.owl#Reaction_R-HSA-2559414
3011	http://purl.obolibrary.org/obo/go.owl#Pathway_R-HSA-114508
3012	http://purl.obolibrary.org/obo/go.owl#Protein_ATG4B
3013	http://purl.obolibrary.org/obo/go.owl#Reaction_R-HSA-9860295
3014	http://purl.obolibrary.org/obo/go.owl#Reaction_R-HSA-9828209
3015	http://purl.obolibrary.org/obo/go.owl#Reaction_R-HSA-5693561
3016	http://purl.obolibrary.org/obo/go.owl#Pathway_R-HSA-164940
3017	http://purl.obolibrary.org/obo/go.owl#Pathway_R-HSA-5635838
3018	http://purl.obolibrary.org/obo/go.owl#Reaction_R-HSA-9670149
3019	http://purl.obolibrary.org/obo/go.owl#Reaction_R-HSA-167128
3020	http://purl.obolibrary.org/obo/go.owl#Pathway_R-HSA-167160
3021	http://purl.obolibrary.org/obo/GO_0060090_instance
3022	http://purl.obolibrary.org/obo/go.owl#Protein_TTC21A
3023	http://purl.obolibrary.org/obo/go.owl#Reaction_R-HSA-6811415
3024	http://purl.obolibrary.org/obo/go.owl#Pathway_R-HSA-8856688
3025	http://purl.obolibrary.org/obo/go.owl#Reaction_R-HSA-9009371
3026	http://purl.obolibrary.org/obo/go.owl#Reaction_R-HSA-9622738
3027	http://purl.obolibrary.org/obo/go.owl#Reaction_R-HSA-9825788
3028	http://purl.obolibrary.org/obo/go.owl#Reaction_R-HSA-354087
3029	http://purl.obolibrary.org/obo/go.owl#Protein_SLC41A3
3030	http://purl.obolibrary.org/obo/go.owl#Reaction_R-HSA-9700998
3031	http://purl.obolibrary.org/obo/go.owl#Pathway_R-HSA-163680
3032	http://purl.obolibrary.org/obo/go.owl#Reaction_R-HSA-997314
3033	http://purl.obolibrary.org/obo/go.owl#Pathway_R-HSA-909733
3034	http://purl.obolibrary.org/obo/go.owl#Reaction_R-HSA-4341073
3035	http://purl.obolibrary.org/obo/go.owl#Reaction_R-HSA-5625797
3036	http://purl.obolibrary.org/obo/go.owl#Protein_MYO19
3037	http://purl.obolibrary.org/obo/go.owl#Reaction_R-HSA-430347
3038	http://purl.obolibrary.org/obo/go.owl#Reaction_R-HSA-750988
3039	http://purl.obolibrary.org/obo/go.owl#Reaction_R-HSA-3000383
3040	http://purl.obolibrary.org/obo/go.owl#Reaction_R-HSA-353125
3041	http://purl.obolibrary.org/obo/go.owl#Pathway_R-HSA-351202
3042	http://purl.obolibrary.org/obo/go.owl#Reaction_R-HSA-8876262
3043	http://purl.obolibrary.org/obo/go.owl#Reaction_R-HSA-9956624
3044	http://purl.obolibrary.org/obo/go.owl#Reaction_R-HSA-9653592
3045	http://purl.obolibrary.org/obo/go.owl#Pathway_R-HSA-5684996
3046	http://purl.obolibrary.org/obo/go.owl#Reaction_R-HSA-964768
3047	http://purl.obolibrary.org/obo/go.owl#Protein_EPHX2
3048	http://purl.obolibrary.org/obo/go.owl#Reaction_R-HSA-8944599
3049	http://purl.obolibrary.org/obo/go.owl#Reaction_R-HSA-112395
3050	http://purl.obolibrary.org/obo/go.owl#Reaction_R-HSA-5672957
3051	http://purl.obolibrary.org/obo/go.owl#Pathway_R-HSA-9636383
3052	http://purl.obolibrary.org/obo/go.owl#Pathway_R-HSA-9696270
3053	http://purl.obolibrary.org/obo/go.owl#Pathway_R-HSA-9845614
3054	http://purl.obolibrary.org/obo/go.owl#Reaction_R-HSA-9851539
3055	http://purl.obolibrary.org/obo/go.owl#Reaction_R-HSA-2314686
3056	http://purl.obolibrary.org/obo/go.owl#Pathway_R-HSA-9841251
3057	http://purl.obolibrary.org/obo/go.owl#Reaction_R-HSA-9676257
3058	http://purl.obolibrary.org/obo/go.owl#Reaction_R-HSA-445072
3059	http://purl.obolibrary.org/obo/go.owl#Reaction_R-HSA-5607731
3060	http://purl.obolibrary.org/obo/go.owl#Reaction_R-HSA-1306957
3061	http://purl.obolibrary.org/obo/go.owl#Reaction_R-HSA-983157
3062	http://purl.obolibrary.org/obo/go.owl#Pathway_R-HSA-5689877
3063	http://purl.obolibrary.org/obo/GO_0016070_instance
3064	http://purl.obolibrary.org/obo/go.owl#Reaction_R-HSA-5389839
3065	http://purl.obolibrary.org/obo/go.owl#Pathway_R-HSA-1428517
3066	http://purl.obolibrary.org/obo/GO_0000775_instance
3067	http://purl.obolibrary.org/obo/go.owl#Pathway_R-HSA-1650814
3068	http://purl.obolibrary.org/obo/go.owl#Reaction_R-HSA-9612501
3069	http://purl.obolibrary.org/obo/go.owl#Pathway_R-HSA-198323
3070	http://purl.obolibrary.org/obo/go.owl#Reaction_R-HSA-396996
3071	http://purl.obolibrary.org/obo/go.owl#Reaction_R-HSA-9614369
3072	http://purl.obolibrary.org/obo/go.owl#Reaction_R-HSA-199062
3073	http://purl.obolibrary.org/obo/go.owl#Reaction_R-HSA-3239014
3074	http://purl.obolibrary.org/obo/go.owl#Reaction_R-HSA-212356
3075	http://purl.obolibrary.org/obo/go.owl#Reaction_R-HSA-1799330
3076	http://purl.obolibrary.org/obo/GO_0097193_instance
3077	http://purl.obolibrary.org/obo/go.owl#Protein_DEFB123
3078	http://purl.obolibrary.org/obo/go.owl#Protein_PARP10
3079	http://purl.obolibrary.org/obo/go.owl#Pathway_R-HSA-9683701
3080	http://purl.obolibrary.org/obo/go.owl#Reaction_R-HSA-2179415
3081	http://purl.obolibrary.org/obo/go.owl#Reaction_R-HSA-211716
3082	http://purl.obolibrary.org/obo/go.owl#Pathway_R-HSA-169911
3083	http://purl.obolibrary.org/obo/go.owl#Reaction_R-HSA-167282
3084	http://purl.obolibrary.org/obo/go.owl#Reaction_R-HSA-6794356
3085	http://purl.obolibrary.org/obo/go.owl#Reaction_R-HSA-166038
3086	http://purl.obolibrary.org/obo/GO_0019941_instance
3087	http://purl.obolibrary.org/obo/go.owl#Reaction_R-HSA-9859007
3088	http://purl.obolibrary.org/obo/go.owl#Pathway_R-HSA-6807070
3089	http://purl.obolibrary.org/obo/go.owl#Reaction_R-HSA-1839098
3090	http://purl.obolibrary.org/obo/go.owl#Reaction_R-HSA-110145
3091	http://purl.obolibrary.org/obo/go.owl#Reaction_R-HSA-5668417
3092	http://purl.obolibrary.org/obo/go.owl#Reaction_R-HSA-5617862
3093	http://purl.obolibrary.org/obo/go.owl#Reaction_R-HSA-751027
3094	http://purl.obolibrary.org/obo/go.owl#Reaction_R-HSA-9647999
3095	http://purl.obolibrary.org/obo/go.owl#Reaction_R-HSA-8961934
3096	http://purl.obolibrary.org/obo/go.owl#Pathway_R-HSA-69206
3097	http://purl.obolibrary.org/obo/go.owl#Reaction_R-HSA-5357928
3098	http://purl.obolibrary.org/obo/go.owl#Reaction_R-HSA-9731018
3099	http://purl.obolibrary.org/obo/go.owl#Reaction_R-HSA-9934330
3100	http://purl.obolibrary.org/obo/GO_0051301_instance
3101	http://purl.obolibrary.org/obo/go.owl#Reaction_R-HSA-2317314
3102	http://purl.obolibrary.org/obo/go.owl#Pathway_R-HSA-5654732
3103	http://purl.obolibrary.org/obo/go.owl#Reaction_R-HSA-1980067
3104	http://purl.obolibrary.org/obo/GO_0006403_instance
3105	http://purl.obolibrary.org/obo/go.owl#Reaction_R-HSA-5654646
3106	http://purl.obolibrary.org/obo/go.owl#Reaction_R-HSA-9691174
3107	http://purl.obolibrary.org/obo/go.owl#Reaction_R-HSA-3000112
3108	http://purl.obolibrary.org/obo/go.owl#Pathway_R-HSA-196849
3109	http://purl.obolibrary.org/obo/go.owl#Reaction_R-HSA-975040
3110	http://purl.obolibrary.org/obo/go.owl#Reaction_R-HSA-114264
3111	http://purl.obolibrary.org/obo/go.owl#Pathway_R-HSA-167290
3112	http://purl.obolibrary.org/obo/go.owl#Pathway_R-HSA-167152
3113	http://purl.obolibrary.org/obo/go.owl#Reaction_R-HSA-163214
3114	http://purl.obolibrary.org/obo/go.owl#Pathway_R-HSA-9711123
3115	http://purl.obolibrary.org/obo/GO_0030141_instance
3116	http://purl.obolibrary.org/obo/go.owl#Reaction_R-HSA-749453
3117	http://purl.obolibrary.org/obo/go.owl#Pathway_R-HSA-5607763
3118	http://purl.obolibrary.org/obo/go.owl#Reaction_R-HSA-168950
3119	http://purl.obolibrary.org/obo/go.owl#Reaction_R-HSA-2134519
3120	http://purl.obolibrary.org/obo/go.owl#Pathway_R-HSA-1483248
3121	http://purl.obolibrary.org/obo/go.owl#Reaction_R-HSA-5250930
3122	http://purl.obolibrary.org/obo/go.owl#Reaction_R-HSA-9937412
3123	http://purl.obolibrary.org/obo/go.owl#Pathway_R-HSA-5368287
3124	http://purl.obolibrary.org/obo/go.owl#Reaction_R-HSA-73718
3125	http://purl.obolibrary.org/obo/go.owl#Reaction_R-HSA-442592
3126	http://purl.obolibrary.org/obo/go.owl#Reaction_R-HSA-380303
3127	http://purl.obolibrary.org/obo/go.owl#Pathway_R-HSA-5654727
3128	http://purl.obolibrary.org/obo/go.owl#Reaction_R-HSA-174425
3129	http://purl.obolibrary.org/obo/go.owl#Pathway_R-HSA-174430
3130	http://purl.obolibrary.org/obo/go.owl#Reaction_R-HSA-9924921
3131	http://purl.obolibrary.org/obo/go.owl#Reaction_R-HSA-4655374
3132	http://purl.obolibrary.org/obo/go.owl#Pathway_R-HSA-4655427
3133	http://purl.obolibrary.org/obo/GO_0098827_instance
3134	http://purl.obolibrary.org/obo/go.owl#Protein_C2orf69
3135	http://purl.obolibrary.org/obo/go.owl#Reaction_R-HSA-2029454
3136	http://purl.obolibrary.org/obo/go.owl#Reaction_R-HSA-1168768
3137	http://purl.obolibrary.org/obo/go.owl#Pathway_R-HSA-982772
3138	http://purl.obolibrary.org/obo/go.owl#Pathway_R-HSA-8853659
3139	http://purl.obolibrary.org/obo/go.owl#Pathway_R-HSA-9753281
3140	http://purl.obolibrary.org/obo/go.owl#Protein_SCAF8
3141	http://purl.obolibrary.org/obo/GO_0005925_instance
3142	http://purl.obolibrary.org/obo/go.owl#Pathway_R-HSA-3232142
3143	http://purl.obolibrary.org/obo/go.owl#Pathway_R-HSA-201722
3144	http://purl.obolibrary.org/obo/go.owl#Pathway_R-HSA-9725371
3145	http://purl.obolibrary.org/obo/go.owl#Pathway_R-HSA-9634638
3146	http://purl.obolibrary.org/obo/go.owl#Pathway_R-HSA-9694548
3147	http://purl.obolibrary.org/obo/go.owl#Pathway_R-HSA-8964315
3148	http://purl.obolibrary.org/obo/go.owl#Reaction_R-HSA-8964614
3149	http://purl.obolibrary.org/obo/go.owl#Reaction_R-HSA-74994
3150	http://purl.obolibrary.org/obo/go.owl#Pathway_R-HSA-73863
3151	http://purl.obolibrary.org/obo/GO_0044389_instance
3152	http://purl.obolibrary.org/obo/go.owl#Reaction_R-HSA-8984021
3153	http://purl.obolibrary.org/obo/go.owl#Reaction_R-HSA-376419
3154	http://purl.obolibrary.org/obo/go.owl#Reaction_R-HSA-8950453
3155	http://purl.obolibrary.org/obo/go.owl#Reaction_R-HSA-9698043
3156	http://purl.obolibrary.org/obo/go.owl#Protein_JOSD2
3157	http://purl.obolibrary.org/obo/go.owl#Reaction_R-HSA-8952044
3158	http://purl.obolibrary.org/obo/go.owl#Pathway_R-HSA-187024
3159	http://purl.obolibrary.org/obo/go.owl#Reaction_R-HSA-3322424
3160	http://purl.obolibrary.org/obo/go.owl#Reaction_R-HSA-4090288
3161	http://purl.obolibrary.org/obo/go.owl#Reaction_R-HSA-751024
3162	http://purl.obolibrary.org/obo/go.owl#Reaction_R-HSA-198746
3163	http://purl.obolibrary.org/obo/go.owl#Pathway_R-HSA-9759218
3164	http://purl.obolibrary.org/obo/go.owl#Reaction_R-HSA-6811479
3165	http://purl.obolibrary.org/obo/go.owl#Pathway_R-HSA-417957
3166	http://purl.obolibrary.org/obo/go.owl#Reaction_R-HSA-69019
3167	http://purl.obolibrary.org/obo/go.owl#Pathway_R-HSA-8964616
3168	http://purl.obolibrary.org/obo/go.owl#Reaction_R-HSA-5637798
3169	http://purl.obolibrary.org/obo/go.owl#Reaction_R-HSA-9793679
3170	http://purl.obolibrary.org/obo/go.owl#Reaction_R-HSA-9913335
3171	http://purl.obolibrary.org/obo/go.owl#Pathway_R-HSA-3000171
3172	http://purl.obolibrary.org/obo/GO_0034976_instance
3173	http://purl.obolibrary.org/obo/go.owl#Reaction_R-HSA-8944522
3174	http://purl.obolibrary.org/obo/go.owl#Reaction_R-HSA-5672817
3175	http://purl.obolibrary.org/obo/go.owl#Reaction_R-HSA-2213243
3176	http://purl.obolibrary.org/obo/go.owl#Reaction_R-HSA-4088141
3177	http://purl.obolibrary.org/obo/go.owl#Reaction_R-HSA-9664940
3178	http://purl.obolibrary.org/obo/go.owl#Protein_POU2AF1
3179	http://purl.obolibrary.org/obo/go.owl#Pathway_R-HSA-1237044
3180	http://purl.obolibrary.org/obo/go.owl#Reaction_R-HSA-9701548
3181	http://purl.obolibrary.org/obo/go.owl#Reaction_R-HSA-9835385
3182	http://purl.obolibrary.org/obo/go.owl#Pathway_R-HSA-70171
3183	http://purl.obolibrary.org/obo/go.owl#Pathway_R-HSA-9931529
3184	http://purl.obolibrary.org/obo/GO_0006281_instance
3185	http://purl.obolibrary.org/obo/go.owl#Reaction_R-HSA-9725621
3186	http://purl.obolibrary.org/obo/go.owl#Pathway_R-HSA-9725554
3187	http://purl.obolibrary.org/obo/go.owl#Pathway_R-HSA-9764302
3188	http://purl.obolibrary.org/obo/go.owl#Reaction_R-HSA-6803527
3189	http://purl.obolibrary.org/obo/go.owl#Protein_SCAF1
3190	http://purl.obolibrary.org/obo/go.owl#Reaction_R-HSA-8853405
3191	http://purl.obolibrary.org/obo/go.owl#Pathway_R-HSA-975634
3192	http://purl.obolibrary.org/obo/go.owl#Reaction_R-HSA-9844549
3193	http://purl.obolibrary.org/obo/go.owl#Protein_DCTN6
3194	http://purl.obolibrary.org/obo/go.owl#Reaction_R-HSA-2396606
3195	http://purl.obolibrary.org/obo/go.owl#Reaction_R-HSA-392051
3196	http://purl.obolibrary.org/obo/go.owl#Reaction_R-HSA-5419271
3197	http://purl.obolibrary.org/obo/go.owl#Protein_IKBIP
3198	http://purl.obolibrary.org/obo/go.owl#Pathway_R-HSA-165054
3199	http://purl.obolibrary.org/obo/go.owl#Reaction_R-HSA-9011985
3200	http://purl.obolibrary.org/obo/go.owl#Reaction_R-HSA-3371586
3201	http://purl.obolibrary.org/obo/go.owl#Pathway_R-HSA-3371511
3202	http://purl.obolibrary.org/obo/go.owl#Reaction_R-HSA-380927
3203	http://purl.obolibrary.org/obo/go.owl#Pathway_R-HSA-171306
3204	http://purl.obolibrary.org/obo/go.owl#Reaction_R-HSA-9755757
3205	http://purl.obolibrary.org/obo/go.owl#Reaction_R-HSA-75083
3206	http://purl.obolibrary.org/obo/go.owl#Pathway_R-HSA-1660517
3207	http://purl.obolibrary.org/obo/go.owl#Reaction_R-HSA-4755411
3208	http://purl.obolibrary.org/obo/go.owl#Reaction_R-HSA-77077
3209	http://purl.obolibrary.org/obo/go.owl#Pathway_R-HSA-72086
3210	http://purl.obolibrary.org/obo/go.owl#Reaction_R-HSA-2220957
3211	http://purl.obolibrary.org/obo/go.owl#Protein_TIGAR
3212	http://purl.obolibrary.org/obo/GO_0061919_instance
3213	http://purl.obolibrary.org/obo/go.owl#Reaction_R-HSA-9758090
3214	http://purl.obolibrary.org/obo/go.owl#Reaction_R-HSA-167077
3215	http://purl.obolibrary.org/obo/go.owl#Reaction_R-HSA-9664261
3216	http://purl.obolibrary.org/obo/go.owl#Pathway_R-HSA-9664422
3217	http://purl.obolibrary.org/obo/go.owl#Reaction_R-HSA-9837149
3218	http://purl.obolibrary.org/obo/go.owl#Pathway_R-HSA-5627123
3219	http://purl.obolibrary.org/obo/go.owl#Reaction_R-HSA-6798745
3220	http://purl.obolibrary.org/obo/go.owl#Reaction_R-HSA-8854759
3221	http://purl.obolibrary.org/obo/go.owl#Pathway_R-HSA-9007101
3222	http://purl.obolibrary.org/obo/go.owl#Pathway_R-HSA-9634635
3223	http://purl.obolibrary.org/obo/go.owl#Reaction_R-HSA-5607724
3224	http://purl.obolibrary.org/obo/go.owl#Pathway_R-HSA-5607764
3225	http://purl.obolibrary.org/obo/go.owl#Pathway_R-HSA-6802955
3226	http://purl.obolibrary.org/obo/go.owl#Reaction_R-HSA-937044
3227	http://purl.obolibrary.org/obo/GO_0005886_instance
3228	http://purl.obolibrary.org/obo/go.owl#Reaction_R-HSA-9793680
3229	http://purl.obolibrary.org/obo/go.owl#Reaction_R-HSA-5654600
3230	http://purl.obolibrary.org/obo/go.owl#Reaction_R-HSA-8964492
3231	http://purl.obolibrary.org/obo/go.owl#Reaction_R-HSA-165047
3232	http://purl.obolibrary.org/obo/go.owl#Reaction_R-HSA-76031
3233	http://purl.obolibrary.org/obo/go.owl#Pathway_R-HSA-3299685
3234	http://purl.obolibrary.org/obo/go.owl#Pathway_R-HSA-6811442
3235	http://purl.obolibrary.org/obo/go.owl#Reaction_R-HSA-182243
3236	http://purl.obolibrary.org/obo/go.owl#Reaction_R-HSA-381290
3237	http://purl.obolibrary.org/obo/go.owl#Reaction_R-HSA-9678935
3238	http://purl.obolibrary.org/obo/go.owl#Pathway_R-HSA-2173788
3239	http://purl.obolibrary.org/obo/go.owl#Pathway_R-HSA-9006936
3240	http://purl.obolibrary.org/obo/go.owl#Pathway_R-HSA-9027604
3241	http://purl.obolibrary.org/obo/go.owl#Reaction_R-HSA-163750
3242	http://purl.obolibrary.org/obo/GO_0045934_instance
3243	http://purl.obolibrary.org/obo/go.owl#Reaction_R-HSA-6800870
3244	http://purl.obolibrary.org/obo/go.owl#Pathway_R-HSA-6799198
3245	http://purl.obolibrary.org/obo/go.owl#Reaction_R-HSA-9851102
3246	http://purl.obolibrary.org/obo/go.owl#Reaction_R-HSA-1169406
3247	http://purl.obolibrary.org/obo/go.owl#Reaction_R-HSA-1504193
3248	http://purl.obolibrary.org/obo/go.owl#Reaction_R-HSA-9031624
3249	http://purl.obolibrary.org/obo/go.owl#Pathway_R-HSA-9031628
3250	http://purl.obolibrary.org/obo/go.owl#Reaction_R-HSA-5665727
3251	http://purl.obolibrary.org/obo/go.owl#Reaction_R-HSA-73813
3252	http://purl.obolibrary.org/obo/go.owl#Reaction_R-HSA-8948226
3253	http://purl.obolibrary.org/obo/go.owl#Reaction_R-HSA-2574845
3254	http://purl.obolibrary.org/obo/go.owl#Pathway_R-HSA-453274
3255	http://purl.obolibrary.org/obo/go.owl#Pathway_R-HSA-167200
3256	http://purl.obolibrary.org/obo/go.owl#Reaction_R-HSA-451634
3257	http://purl.obolibrary.org/obo/GO_0000776_instance
3258	http://purl.obolibrary.org/obo/go.owl#Reaction_R-HSA-210977
3259	http://purl.obolibrary.org/obo/go.owl#Reaction_R-HSA-9768618
3260	http://purl.obolibrary.org/obo/go.owl#Pathway_R-HSA-2980736
3261	http://purl.obolibrary.org/obo/go.owl#Reaction_R-HSA-5696945
3262	http://purl.obolibrary.org/obo/go.owl#Reaction_R-HSA-9948362
3263	http://purl.obolibrary.org/obo/go.owl#Reaction_R-HSA-8948582
3264	http://purl.obolibrary.org/obo/go.owl#Protein_KLRD1
3265	http://purl.obolibrary.org/obo/go.owl#Reaction_R-HSA-5694445
3266	http://purl.obolibrary.org/obo/go.owl#Reaction_R-HSA-8956106
3267	http://purl.obolibrary.org/obo/go.owl#Reaction_R-HSA-5618099
3268	http://purl.obolibrary.org/obo/GO_0070062_instance
3269	http://purl.obolibrary.org/obo/go.owl#Reaction_R-NUL-428519
3270	http://purl.obolibrary.org/obo/go.owl#Reaction_R-HSA-3928639
3271	http://purl.obolibrary.org/obo/go.owl#Pathway_R-HSA-3928664
3272	http://purl.obolibrary.org/obo/go.owl#Reaction_R-HSA-2046098
3273	http://purl.obolibrary.org/obo/go.owl#Pathway_R-HSA-2046105
3274	http://purl.obolibrary.org/obo/go.owl#Reaction_R-HSA-5218804
3275	http://purl.obolibrary.org/obo/go.owl#Reaction_R-HSA-5389848
3276	http://purl.obolibrary.org/obo/go.owl#Reaction_R-HSA-8983424
3277	http://purl.obolibrary.org/obo/go.owl#Reaction_R-HSA-9915968
3278	http://purl.obolibrary.org/obo/go.owl#Reaction_R-HSA-937337
3279	http://purl.obolibrary.org/obo/go.owl#Pathway_R-HSA-164952
3280	http://purl.obolibrary.org/obo/GO_0097190_instance
3281	http://purl.obolibrary.org/obo/go.owl#Protein_LRFN4
3282	http://purl.obolibrary.org/obo/go.owl#Protein_CCDC15
3283	http://purl.obolibrary.org/obo/GO_0043068_instance
3284	http://purl.obolibrary.org/obo/go.owl#Protein_THAP1
3285	http://purl.obolibrary.org/obo/go.owl#Pathway_R-HSA-3238698
3286	http://purl.obolibrary.org/obo/go.owl#Reaction_R-HSA-9833777
3287	http://purl.obolibrary.org/obo/go.owl#Reaction_R-HSA-873917
3288	http://purl.obolibrary.org/obo/go.owl#Pathway_R-HSA-168325
3289	http://purl.obolibrary.org/obo/go.owl#Reaction_R-HSA-5683425
3290	http://purl.obolibrary.org/obo/go.owl#Pathway_R-HSA-73854
3291	http://purl.obolibrary.org/obo/go.owl#Reaction_R-HSA-3159227
3292	http://purl.obolibrary.org/obo/go.owl#Pathway_R-HSA-9649948
3293	http://purl.obolibrary.org/obo/go.owl#Reaction_R-HSA-5138459
3294	http://purl.obolibrary.org/obo/go.owl#Protein_MSANTD3
3295	http://purl.obolibrary.org/obo/go.owl#Reaction_R-HSA-9617207
3296	http://purl.obolibrary.org/obo/go.owl#Pathway_R-HSA-6811555
3297	http://purl.obolibrary.org/obo/go.owl#Pathway_R-HSA-168273
3298	http://purl.obolibrary.org/obo/go.owl#Protein_PLEKHA3
3299	http://purl.obolibrary.org/obo/go.owl#Reaction_R-HSA-9665700
3300	http://purl.obolibrary.org/obo/go.owl#Reaction_R-HSA-156915
3301	http://purl.obolibrary.org/obo/go.owl#Reaction_R-HSA-174452
3302	http://purl.obolibrary.org/obo/go.owl#Reaction_R-HSA-9617596
3303	http://purl.obolibrary.org/obo/go.owl#Reaction_R-HSA-9036301
3304	http://purl.obolibrary.org/obo/go.owl#Reaction_R-HSA-175108
3305	http://purl.obolibrary.org/obo/go.owl#Pathway_R-HSA-175567
3306	http://purl.obolibrary.org/obo/go.owl#Pathway_R-HSA-380972
3307	http://purl.obolibrary.org/obo/go.owl#Reaction_R-HSA-164514
3308	http://purl.obolibrary.org/obo/go.owl#Reaction_R-HSA-166072
3309	http://purl.obolibrary.org/obo/GO_0051650_instance
3310	http://purl.obolibrary.org/obo/go.owl#Reaction_R-HSA-8950522
3311	http://purl.obolibrary.org/obo/go.owl#Pathway_R-HSA-381038
3312	http://purl.obolibrary.org/obo/go.owl#Reaction_R-HSA-9909622
3313	http://purl.obolibrary.org/obo/go.owl#Reaction_R-HSA-9668597
3314	http://purl.obolibrary.org/obo/go.owl#Protein_SAMSN1
3315	http://purl.obolibrary.org/obo/GO_0031252_instance
3316	http://purl.obolibrary.org/obo/go.owl#Protein_SLC1A4
3317	http://purl.obolibrary.org/obo/go.owl#Reaction_R-HSA-5623519
3318	http://purl.obolibrary.org/obo/go.owl#Pathway_R-HSA-5617833
3319	http://purl.obolibrary.org/obo/go.owl#Reaction_R-HSA-508247
3320	http://purl.obolibrary.org/obo/go.owl#Reaction_R-HSA-166363
3321	http://purl.obolibrary.org/obo/go.owl#Reaction_R-HSA-2408546
3322	http://purl.obolibrary.org/obo/go.owl#Reaction_R-HSA-3788748
3323	http://purl.obolibrary.org/obo/go.owl#Pathway_R-HSA-2559582
3324	http://purl.obolibrary.org/obo/go.owl#Reaction_R-HSA-9796072
3325	http://purl.obolibrary.org/obo/go.owl#Pathway_R-HSA-9818030
3326	http://purl.obolibrary.org/obo/go.owl#Protein_CA11
3327	http://purl.obolibrary.org/obo/GO_0015931_instance
3328	http://purl.obolibrary.org/obo/go.owl#Reaction_R-HSA-1168394
3329	http://purl.obolibrary.org/obo/go.owl#Reaction_R-HSA-9762282
3330	http://purl.obolibrary.org/obo/go.owl#Pathway_R-HSA-9683610
3331	http://purl.obolibrary.org/obo/go.owl#Reaction_R-HSA-1247668
3332	http://purl.obolibrary.org/obo/go.owl#Reaction_R-HSA-8937037
3333	http://purl.obolibrary.org/obo/go.owl#Protein_GMCL1
3334	http://purl.obolibrary.org/obo/go.owl#Pathway_R-HSA-1251985
3335	http://purl.obolibrary.org/obo/go.owl#Reaction_R-HSA-5686071
3336	http://purl.obolibrary.org/obo/go.owl#Pathway_R-HSA-2428933
3337	http://purl.obolibrary.org/obo/go.owl#Reaction_R-HSA-9664275
3338	http://purl.obolibrary.org/obo/GO_0005684_instance
3339	http://purl.obolibrary.org/obo/go.owl#Reaction_R-HSA-3928619
3340	http://purl.obolibrary.org/obo/go.owl#Pathway_R-HSA-3928662
3341	http://purl.obolibrary.org/obo/go.owl#Pathway_R-HSA-2299718
3342	http://purl.obolibrary.org/obo/go.owl#Reaction_R-HSA-182986
3343	http://purl.obolibrary.org/obo/go.owl#Reaction_R-HSA-109823
3344	http://purl.obolibrary.org/obo/go.owl#Reaction_R-HSA-5138433
3345	http://purl.obolibrary.org/obo/go.owl#Pathway_R-HSA-9864848
3346	http://purl.obolibrary.org/obo/go.owl#Reaction_R-HSA-2130640
3347	http://purl.obolibrary.org/obo/go.owl#Pathway_R-HSA-380287
3348	http://purl.obolibrary.org/obo/go.owl#Pathway_R-HSA-4719360
3349	http://purl.obolibrary.org/obo/go.owl#Pathway_R-HSA-68616
3350	http://purl.obolibrary.org/obo/go.owl#Reaction_R-HSA-6803234
3351	http://purl.obolibrary.org/obo/go.owl#Reaction_R-HSA-8869694
3352	http://purl.obolibrary.org/obo/go.owl#Reaction_R-HSA-9756948
3353	http://purl.obolibrary.org/obo/go.owl#Reaction_R-HSA-188371
3354	http://purl.obolibrary.org/obo/go.owl#Pathway_R-HSA-176408
3355	http://purl.obolibrary.org/obo/go.owl#Reaction_R-HSA-73769
3356	http://purl.obolibrary.org/obo/go.owl#Pathway_R-HSA-73772
3357	http://purl.obolibrary.org/obo/go.owl#Pathway_R-HSA-9013423
3358	http://purl.obolibrary.org/obo/go.owl#Reaction_R-HSA-176700
3359	http://purl.obolibrary.org/obo/go.owl#Reaction_R-HSA-5655892
3360	http://purl.obolibrary.org/obo/go.owl#Reaction_R-HSA-350769
3361	http://purl.obolibrary.org/obo/go.owl#Reaction_R-HSA-2730885
3362	http://purl.obolibrary.org/obo/go.owl#Reaction_R-HSA-9834807
3363	http://purl.obolibrary.org/obo/go.owl#Reaction_R-HSA-1168393
3364	http://purl.obolibrary.org/obo/go.owl#Reaction_R-HSA-6786124
3365	http://purl.obolibrary.org/obo/go.owl#Reaction_R-HSA-419197
3366	http://purl.obolibrary.org/obo/go.owl#Reaction_R-HSA-2029476
3367	http://purl.obolibrary.org/obo/go.owl#Reaction_R-HSA-168053
3368	http://purl.obolibrary.org/obo/go.owl#Pathway_R-HSA-879415
3369	http://purl.obolibrary.org/obo/go.owl#Reaction_R-HSA-9764800
3370	http://purl.obolibrary.org/obo/go.owl#Reaction_R-HSA-9700154
3371	http://purl.obolibrary.org/obo/go.owl#Reaction_R-HSA-8982026
3372	http://purl.obolibrary.org/obo/go.owl#Reaction_R-HSA-8865626
3373	http://purl.obolibrary.org/obo/go.owl#Pathway_R-HSA-1266695
3374	http://purl.obolibrary.org/obo/go.owl#Pathway_R-HSA-5250941
3375	http://purl.obolibrary.org/obo/go.owl#Reaction_R-HSA-2466391
3376	http://purl.obolibrary.org/obo/go.owl#Reaction_R-HSA-1791108
3377	http://purl.obolibrary.org/obo/go.owl#Reaction_R-HSA-8941628
3378	http://purl.obolibrary.org/obo/go.owl#Reaction_R-HSA-9836383
3379	http://purl.obolibrary.org/obo/go.owl#Reaction_R-HSA-450517
3380	http://purl.obolibrary.org/obo/go.owl#Pathway_R-HSA-450385
3381	http://purl.obolibrary.org/obo/go.owl#Pathway_R-HSA-9675136
3382	http://purl.obolibrary.org/obo/go.owl#Reaction_R-HSA-2168885
3383	http://purl.obolibrary.org/obo/go.owl#Reaction_R-HSA-1839100
3384	http://purl.obolibrary.org/obo/go.owl#Reaction_R-HSA-5610749
3385	http://purl.obolibrary.org/obo/go.owl#Reaction_R-HSA-879925
3386	http://purl.obolibrary.org/obo/go.owl#Pathway_R-HSA-9637628
3387	http://purl.obolibrary.org/obo/go.owl#Reaction_R-HSA-9665701
3388	http://purl.obolibrary.org/obo/go.owl#Pathway_R-HSA-9665686
3389	http://purl.obolibrary.org/obo/go.owl#Reaction_R-HSA-167288
3390	http://purl.obolibrary.org/obo/go.owl#Reaction_R-HSA-9766223
3391	http://purl.obolibrary.org/obo/go.owl#Protein_AKAP7
3392	http://purl.obolibrary.org/obo/go.owl#Reaction_R-HSA-2187388
3393	http://purl.obolibrary.org/obo/go.owl#Pathway_R-HSA-2173795
3394	http://purl.obolibrary.org/obo/go.owl#Reaction_R-HSA-167111
3395	http://purl.obolibrary.org/obo/go.owl#Pathway_R-HSA-8941284
3396	http://purl.obolibrary.org/obo/go.owl#Pathway_R-HSA-8941326
3397	http://purl.obolibrary.org/obo/go.owl#Reaction_R-HSA-6791223
3398	http://purl.obolibrary.org/obo/go.owl#Reaction_R-HSA-1855169
3399	http://purl.obolibrary.org/obo/go.owl#Reaction_R-HSA-202534
3400	http://purl.obolibrary.org/obo/go.owl#Pathway_R-HSA-8948751
3401	http://purl.obolibrary.org/obo/GO_0001816_instance
3402	http://purl.obolibrary.org/obo/go.owl#Reaction_R-HSA-8868658
3403	http://purl.obolibrary.org/obo/go.owl#Reaction_R-HSA-193703
3404	http://purl.obolibrary.org/obo/go.owl#Reaction_R-HSA-9679740
3405	http://purl.obolibrary.org/obo/go.owl#Reaction_R-HSA-212432
3406	http://purl.obolibrary.org/obo/go.owl#Pathway_R-HSA-111447
3407	http://purl.obolibrary.org/obo/go.owl#Pathway_R-HSA-202427
3408	http://purl.obolibrary.org/obo/go.owl#Pathway_R-HSA-9013149
3409	http://purl.obolibrary.org/obo/GO_0005819_instance
3410	http://purl.obolibrary.org/obo/go.owl#Protein_MYOM2
3411	http://purl.obolibrary.org/obo/go.owl#Pathway_R-HSA-73779
3412	http://purl.obolibrary.org/obo/go.owl#Reaction_R-HSA-8985900
3413	http://purl.obolibrary.org/obo/go.owl#Pathway_R-HSA-8985947
3414	http://purl.obolibrary.org/obo/go.owl#Reaction_R-HSA-9651280
3415	http://purl.obolibrary.org/obo/go.owl#Reaction_R-HSA-167197
3416	http://purl.obolibrary.org/obo/go.owl#Reaction_R-HSA-3371360
3417	http://purl.obolibrary.org/obo/go.owl#Pathway_R-HSA-140534
3418	http://purl.obolibrary.org/obo/go.owl#Pathway_R-HSA-5358752
3419	http://purl.obolibrary.org/obo/go.owl#Reaction_R-HSA-9011983
3420	http://purl.obolibrary.org/obo/go.owl#Reaction_R-HSA-6807877
3421	http://purl.obolibrary.org/obo/go.owl#Reaction_R-HSA-9018815
3422	http://purl.obolibrary.org/obo/go.owl#Pathway_R-HSA-9715370
3423	http://purl.obolibrary.org/obo/go.owl#Reaction_R-HSA-8875558
3424	http://purl.obolibrary.org/obo/go.owl#Pathway_R-HSA-8875555
3425	http://purl.obolibrary.org/obo/GO_0008064_instance
3426	http://purl.obolibrary.org/obo/go.owl#Reaction_R-HSA-6811423
3427	http://purl.obolibrary.org/obo/go.owl#Reaction_R-HSA-5655466
3428	http://purl.obolibrary.org/obo/go.owl#Reaction_R-HSA-9008389
3429	http://purl.obolibrary.org/obo/go.owl#Protein_AMDHD2
3430	http://purl.obolibrary.org/obo/go.owl#Reaction_R-HSA-5684267
3431	http://purl.obolibrary.org/obo/go.owl#Reaction_R-HSA-9714361
3432	http://purl.obolibrary.org/obo/go.owl#Reaction_R-HSA-5654425
3433	http://purl.obolibrary.org/obo/go.owl#Reaction_R-HSA-8878243
3434	http://purl.obolibrary.org/obo/go.owl#Reaction_R-HSA-606287
3435	http://purl.obolibrary.org/obo/go.owl#Reaction_R-HSA-389963
3436	http://purl.obolibrary.org/obo/go.owl#Reaction_R-HSA-5663122
3437	http://purl.obolibrary.org/obo/go.owl#Pathway_R-HSA-446343
3438	http://purl.obolibrary.org/obo/go.owl#Pathway_R-HSA-1362300
3439	http://purl.obolibrary.org/obo/go.owl#Reaction_R-HSA-9013284
3440	http://purl.obolibrary.org/obo/go.owl#Protein_MRPL19
3441	http://purl.obolibrary.org/obo/go.owl#Pathway_R-HSA-9937383
3442	http://purl.obolibrary.org/obo/go.owl#Pathway_R-HSA-167161
3443	http://purl.obolibrary.org/obo/go.owl#Reaction_R-HSA-165708
3444	http://purl.obolibrary.org/obo/go.owl#Pathway_R-HSA-166208
3445	http://purl.obolibrary.org/obo/go.owl#Pathway_R-HSA-2024101
3446	http://purl.obolibrary.org/obo/go.owl#Reaction_R-HSA-9670414
3447	http://purl.obolibrary.org/obo/go.owl#Reaction_R-HSA-2730872
3448	http://purl.obolibrary.org/obo/GO_0097367_instance
3449	http://purl.obolibrary.org/obo/go.owl#Reaction_R-HSA-9012186
3450	http://purl.obolibrary.org/obo/go.owl#Reaction_R-HSA-9733330
3451	http://purl.obolibrary.org/obo/go.owl#Reaction_R-HSA-9604831
3452	http://purl.obolibrary.org/obo/go.owl#Pathway_R-HSA-73886
3453	http://purl.obolibrary.org/obo/go.owl#Reaction_R-HSA-983152
3454	http://purl.obolibrary.org/obo/go.owl#Reaction_R-HSA-9821902
3455	http://purl.obolibrary.org/obo/go.owl#Reaction_R-HSA-9686969
3456	http://purl.obolibrary.org/obo/go.owl#Reaction_R-NUL-8955873
3457	http://purl.obolibrary.org/obo/go.owl#Reaction_R-HSA-8981931
3458	http://purl.obolibrary.org/obo/go.owl#Reaction_R-HSA-9770847
3459	http://purl.obolibrary.org/obo/go.owl#Reaction_R-HSA-1295599
3460	http://purl.obolibrary.org/obo/go.owl#Pathway_R-HSA-5654726
3461	http://purl.obolibrary.org/obo/go.owl#Reaction_R-HSA-399944
3462	http://purl.obolibrary.org/obo/go.owl#Reaction_R-HSA-177925
3463	http://purl.obolibrary.org/obo/GO_0046785_instance
3464	http://purl.obolibrary.org/obo/go.owl#Reaction_R-HSA-4551738
3465	http://purl.obolibrary.org/obo/go.owl#Reaction_R-HSA-9634402
3466	http://purl.obolibrary.org/obo/go.owl#Reaction_R-HSA-9837231
3467	http://purl.obolibrary.org/obo/go.owl#Reaction_R-HSA-9037040
3468	http://purl.obolibrary.org/obo/go.owl#Reaction_R-HSA-5419273
3469	http://purl.obolibrary.org/obo/go.owl#Reaction_R-HSA-174438
3470	http://purl.obolibrary.org/obo/go.owl#Pathway_R-HSA-389661
3471	http://purl.obolibrary.org/obo/go.owl#Pathway_R-HSA-2219530
3472	http://purl.obolibrary.org/obo/go.owl#Reaction_R-HSA-114683
3473	http://purl.obolibrary.org/obo/go.owl#Reaction_R-HSA-2029272
3474	http://purl.obolibrary.org/obo/go.owl#Reaction_R-HSA-177924
3475	http://purl.obolibrary.org/obo/go.owl#Reaction_R-HSA-5637686
3476	http://purl.obolibrary.org/obo/go.owl#Reaction_R-HSA-983146
3477	http://purl.obolibrary.org/obo/go.owl#Pathway_R-HSA-983170
3478	http://purl.obolibrary.org/obo/go.owl#Pathway_R-HSA-69273
3479	http://purl.obolibrary.org/obo/go.owl#Pathway_R-HSA-432040
3480	http://purl.obolibrary.org/obo/go.owl#Reaction_R-HSA-9014434
3481	http://purl.obolibrary.org/obo/go.owl#Pathway_R-HSA-9013408
3482	http://purl.obolibrary.org/obo/go.owl#Reaction_R-HSA-9843122
3483	http://purl.obolibrary.org/obo/go.owl#Protein_PLCXD1
3484	http://purl.obolibrary.org/obo/go.owl#Reaction_R-HSA-2396594
3485	http://purl.obolibrary.org/obo/go.owl#Protein_PLEKHF2
3486	http://purl.obolibrary.org/obo/go.owl#Reaction_R-HSA-5654647
3487	http://purl.obolibrary.org/obo/go.owl#Reaction_R-HSA-688985
3488	http://purl.obolibrary.org/obo/go.owl#Protein_TC2N
3489	http://purl.obolibrary.org/obo/go.owl#Reaction_R-HSA-9956602
3490	http://purl.obolibrary.org/obo/go.owl#Reaction_R-HSA-4090281
3491	http://purl.obolibrary.org/obo/go.owl#Pathway_R-HSA-9823730
3492	http://purl.obolibrary.org/obo/go.owl#Reaction_R-HSA-157640
3493	http://purl.obolibrary.org/obo/go.owl#Pathway_R-HSA-5684264
3494	http://purl.obolibrary.org/obo/go.owl#Reaction_R-HSA-9727450
3495	http://purl.obolibrary.org/obo/go.owl#Pathway_R-HSA-9845323
3496	http://purl.obolibrary.org/obo/go.owl#Reaction_R-HSA-9705323
3497	http://purl.obolibrary.org/obo/go.owl#Reaction_R-HSA-209815
3498	http://purl.obolibrary.org/obo/go.owl#Reaction_R-HSA-5579023
3499	http://purl.obolibrary.org/obo/go.owl#Reaction_R-HSA-156826
3500	http://purl.obolibrary.org/obo/go.owl#Reaction_R-HSA-879584
3501	http://purl.obolibrary.org/obo/go.owl#Pathway_R-HSA-879518
3502	http://purl.obolibrary.org/obo/go.owl#Reaction_R-HSA-390453
3503	http://purl.obolibrary.org/obo/go.owl#Pathway_R-HSA-391251
3504	http://purl.obolibrary.org/obo/go.owl#Reaction_R-HSA-2106579
3505	http://purl.obolibrary.org/obo/go.owl#Pathway_R-HSA-141424
3506	http://purl.obolibrary.org/obo/go.owl#Reaction_R-HSA-936563
3507	http://purl.obolibrary.org/obo/go.owl#Reaction_R-HSA-8985627
3508	http://purl.obolibrary.org/obo/go.owl#Reaction_R-HSA-428909
3509	http://purl.obolibrary.org/obo/go.owl#Reaction_R-HSA-5621425
3510	http://purl.obolibrary.org/obo/go.owl#Pathway_R-HSA-5619099
3511	http://purl.obolibrary.org/obo/go.owl#Reaction_R-HSA-8865505
3512	http://purl.obolibrary.org/obo/go.owl#Reaction_R-HSA-9686790
3513	http://purl.obolibrary.org/obo/go.owl#Reaction_R-HSA-9818010
3514	http://purl.obolibrary.org/obo/go.owl#Reaction_R-HSA-109858
3515	http://purl.obolibrary.org/obo/go.owl#Pathway_R-HSA-112409
3516	http://purl.obolibrary.org/obo/go.owl#Reaction_R-HSA-9773803
3517	http://purl.obolibrary.org/obo/go.owl#Pathway_R-HSA-168176
3518	http://purl.obolibrary.org/obo/go.owl#Reaction_R-HSA-8853737
3519	http://purl.obolibrary.org/obo/go.owl#Pathway_R-HSA-389357
3520	http://purl.obolibrary.org/obo/go.owl#Reaction_R-HSA-2309773
3521	http://purl.obolibrary.org/obo/go.owl#Reaction_R-HSA-5250938
3522	http://purl.obolibrary.org/obo/go.owl#Reaction_R-HSA-210404
3523	http://purl.obolibrary.org/obo/go.owl#Reaction_R-HSA-6807864
3524	http://purl.obolibrary.org/obo/go.owl#Reaction_R-HSA-389348
3525	http://purl.obolibrary.org/obo/go.owl#Reaction_R-HSA-8938440
3526	http://purl.obolibrary.org/obo/go.owl#Pathway_R-HSA-9772573
3527	http://purl.obolibrary.org/obo/go.owl#Protein_SBDS
3528	http://purl.obolibrary.org/obo/go.owl#Protein_TMCC1
3529	http://purl.obolibrary.org/obo/go.owl#Reaction_R-HSA-8849350
3530	http://purl.obolibrary.org/obo/go.owl#Reaction_R-HSA-164508
3531	http://purl.obolibrary.org/obo/go.owl#Pathway_R-HSA-173107
3532	http://purl.obolibrary.org/obo/go.owl#Pathway_R-HSA-167162
3533	http://purl.obolibrary.org/obo/go.owl#Reaction_R-HSA-9948291
3534	http://purl.obolibrary.org/obo/go.owl#Pathway_R-HSA-9954716
3535	http://purl.obolibrary.org/obo/go.owl#Reaction_R-HSA-174195
3536	http://purl.obolibrary.org/obo/go.owl#Reaction_R-HSA-4717406
3537	http://purl.obolibrary.org/obo/GO_1990234_instance
3538	http://purl.obolibrary.org/obo/go.owl#Protein_C8orf82
3539	http://purl.obolibrary.org/obo/go.owl#Protein_ADI1
3540	http://purl.obolibrary.org/obo/go.owl#Reaction_R-HSA-421007
3541	http://purl.obolibrary.org/obo/go.owl#Reaction_R-HSA-375140
3542	http://purl.obolibrary.org/obo/go.owl#Protein_NMD3
3543	http://purl.obolibrary.org/obo/go.owl#Reaction_R-HSA-8943780
3544	http://purl.obolibrary.org/obo/go.owl#Reaction_R-HSA-5684052
3545	http://purl.obolibrary.org/obo/go.owl#Reaction_R-HSA-264848
3546	http://purl.obolibrary.org/obo/go.owl#Reaction_R-HSA-8950190
3547	http://purl.obolibrary.org/obo/go.owl#Pathway_R-HSA-9909505
3548	http://purl.obolibrary.org/obo/go.owl#Reaction_R-HSA-934559
3549	http://purl.obolibrary.org/obo/go.owl#Pathway_R-HSA-5654733
3550	http://purl.obolibrary.org/obo/go.owl#Reaction_R-HSA-2730841
3551	http://purl.obolibrary.org/obo/go.owl#Reaction_R-HSA-1483222
3552	http://purl.obolibrary.org/obo/go.owl#Reaction_R-HSA-72672
3553	http://purl.obolibrary.org/obo/go.owl#Pathway_R-HSA-432142
3554	http://purl.obolibrary.org/obo/go.owl#Reaction_R-HSA-72671
3555	http://purl.obolibrary.org/obo/go.owl#Reaction_R-HSA-77587
3556	http://purl.obolibrary.org/obo/go.owl#Reaction_R-HSA-9821366
3557	http://purl.obolibrary.org/obo/go.owl#Reaction_R-HSA-8950782
3558	http://purl.obolibrary.org/obo/go.owl#Reaction_R-HSA-1112587
3559	http://purl.obolibrary.org/obo/go.owl#Pathway_R-HSA-5625970
3560	http://purl.obolibrary.org/obo/go.owl#Reaction_R-HSA-9749286
3561	http://purl.obolibrary.org/obo/go.owl#Reaction_R-HSA-170847
3562	http://purl.obolibrary.org/obo/go.owl#Pathway_R-HSA-1181150
3563	http://purl.obolibrary.org/obo/go.owl#Reaction_R-HSA-9908178
3564	http://purl.obolibrary.org/obo/go.owl#Reaction_R-HSA-2507854
3565	http://purl.obolibrary.org/obo/go.owl#Reaction_R-HSA-8877922
3566	http://purl.obolibrary.org/obo/go.owl#Reaction_R-HSA-351222
3567	http://purl.obolibrary.org/obo/go.owl#Pathway_R-HSA-8878166
3568	http://purl.obolibrary.org/obo/go.owl#Pathway_R-HSA-6781823
3569	http://purl.obolibrary.org/obo/go.owl#Reaction_R-HSA-8950485
3570	http://purl.obolibrary.org/obo/go.owl#Reaction_R-HSA-168933
3571	http://purl.obolibrary.org/obo/go.owl#Reaction_R-HSA-5668454
3572	http://purl.obolibrary.org/obo/go.owl#Pathway_R-HSA-5668541
3573	http://purl.obolibrary.org/obo/go.owl#Pathway_R-HSA-2485179
3574	http://purl.obolibrary.org/obo/go.owl#Reaction_R-HSA-5685341
3575	http://purl.obolibrary.org/obo/go.owl#Reaction_R-HSA-9929319
3576	http://purl.obolibrary.org/obo/go.owl#Reaction_R-HSA-5675456
3577	http://purl.obolibrary.org/obo/go.owl#Pathway_R-HSA-5218900
3578	http://purl.obolibrary.org/obo/go.owl#Pathway_R-HSA-5601884
3579	http://purl.obolibrary.org/obo/go.owl#Reaction_R-HSA-6799199
3580	http://purl.obolibrary.org/obo/go.owl#Reaction_R-HSA-9836184
3581	http://purl.obolibrary.org/obo/go.owl#Pathway_R-HSA-5576892
3582	http://purl.obolibrary.org/obo/go.owl#Reaction_R-HSA-9825275
3583	http://purl.obolibrary.org/obo/go.owl#Pathway_R-HSA-9793380
3584	http://purl.obolibrary.org/obo/go.owl#Reaction_R-HSA-5637765
3585	http://purl.obolibrary.org/obo/go.owl#Reaction_R-HSA-8956045
3586	http://purl.obolibrary.org/obo/GO_0032271_instance
3587	http://purl.obolibrary.org/obo/go.owl#Reaction_R-HSA-8953418
3588	http://purl.obolibrary.org/obo/go.owl#Reaction_R-HSA-4839638
3589	http://purl.obolibrary.org/obo/go.owl#Reaction_R-HSA-201035
3590	http://purl.obolibrary.org/obo/go.owl#Protein_ACAD8
3591	http://purl.obolibrary.org/obo/go.owl#Reaction_R-HSA-5607728
3592	http://purl.obolibrary.org/obo/go.owl#Reaction_R-HSA-5655252
3593	http://purl.obolibrary.org/obo/go.owl#Reaction_R-HSA-6799197
3594	http://purl.obolibrary.org/obo/go.owl#Reaction_R-HSA-5694425
3595	http://purl.obolibrary.org/obo/go.owl#Reaction_R-HSA-9626817
3596	http://purl.obolibrary.org/obo/go.owl#Pathway_R-HSA-382556
3597	http://purl.obolibrary.org/obo/go.owl#Reaction_R-HSA-1470012
3598	http://purl.obolibrary.org/obo/go.owl#Reaction_R-HSA-112055
3599	http://purl.obolibrary.org/obo/go.owl#Pathway_R-HSA-445355
3600	http://purl.obolibrary.org/obo/go.owl#Pathway_R-HSA-9620244
3601	http://purl.obolibrary.org/obo/go.owl#Pathway_R-HSA-442755
3602	http://purl.obolibrary.org/obo/go.owl#Reaction_R-HSA-879377
3603	http://purl.obolibrary.org/obo/go.owl#Reaction_R-HSA-3928632
3604	http://purl.obolibrary.org/obo/go.owl#Reaction_R-HSA-9838004
3605	http://purl.obolibrary.org/obo/go.owl#Protein_TMEM106B
3606	http://purl.obolibrary.org/obo/go.owl#Reaction_R-HSA-8852280
3607	http://purl.obolibrary.org/obo/go.owl#Reaction_R-HSA-9647994
3608	http://purl.obolibrary.org/obo/go.owl#Reaction_R-HSA-8867288
3609	http://purl.obolibrary.org/obo/go.owl#Reaction_R-HSA-427366
3610	http://purl.obolibrary.org/obo/go.owl#Reaction_R-HSA-77068
3611	http://purl.obolibrary.org/obo/go.owl#Reaction_R-HSA-162590
3612	http://purl.obolibrary.org/obo/go.owl#Pathway_R-HSA-2162123
3613	http://purl.obolibrary.org/obo/go.owl#Reaction_R-HSA-167090
3614	http://purl.obolibrary.org/obo/go.owl#Reaction_R-HSA-9954728
3615	http://purl.obolibrary.org/obo/go.owl#Reaction_R-HSA-427527
3616	http://purl.obolibrary.org/obo/GO_0006412_instance
3617	http://purl.obolibrary.org/obo/go.owl#Reaction_R-HSA-9796387
3618	http://purl.obolibrary.org/obo/go.owl#Reaction_R-HSA-437195
3619	http://purl.obolibrary.org/obo/go.owl#Reaction_R-HSA-9664933
3620	http://purl.obolibrary.org/obo/go.owl#Protein_SAP30BP
3621	http://purl.obolibrary.org/obo/go.owl#Pathway_R-HSA-5625886
3622	http://purl.obolibrary.org/obo/go.owl#Protein_SLC38A10
3623	http://purl.obolibrary.org/obo/go.owl#Reaction_R-HSA-8948063
3624	http://purl.obolibrary.org/obo/go.owl#Pathway_R-HSA-913709
3625	http://purl.obolibrary.org/obo/go.owl#Reaction_R-HSA-9755734
3626	http://purl.obolibrary.org/obo/go.owl#Reaction_R-HSA-389350
3627	http://purl.obolibrary.org/obo/go.owl#Pathway_R-HSA-9704646
3628	http://purl.obolibrary.org/obo/go.owl#Pathway_R-HSA-9609690
3629	http://purl.obolibrary.org/obo/go.owl#Reaction_R-HSA-6802933
3630	http://purl.obolibrary.org/obo/go.owl#Reaction_R-HSA-2430552
3631	http://purl.obolibrary.org/obo/go.owl#Reaction_R-HSA-9629372
3632	http://purl.obolibrary.org/obo/go.owl#Reaction_R-HSA-9014424
3633	http://purl.obolibrary.org/obo/go.owl#Protein_EEF1B2
3634	http://purl.obolibrary.org/obo/go.owl#Reaction_R-HSA-75080
3635	http://purl.obolibrary.org/obo/GO_0043065_instance
3636	http://purl.obolibrary.org/obo/go.owl#Protein_ANKZF1
3637	http://purl.obolibrary.org/obo/go.owl#Reaction_R-HSA-9927247
3638	http://purl.obolibrary.org/obo/go.owl#Reaction_R-HSA-9937508
3639	http://purl.obolibrary.org/obo/go.owl#Pathway_R-HSA-9937008
3640	http://purl.obolibrary.org/obo/go.owl#Reaction_R-HSA-156923
3641	http://purl.obolibrary.org/obo/go.owl#Pathway_R-HSA-9824878
3642	http://purl.obolibrary.org/obo/go.owl#Pathway_R-HSA-2465910
3643	http://purl.obolibrary.org/obo/go.owl#Pathway_R-HSA-9820952
3644	http://purl.obolibrary.org/obo/go.owl#Protein_NT5DC1
3645	http://purl.obolibrary.org/obo/go.owl#Reaction_R-HSA-9623355
3646	http://purl.obolibrary.org/obo/go.owl#Reaction_R-HSA-9708525
3647	http://purl.obolibrary.org/obo/go.owl#Pathway_R-HSA-9708530
3648	http://purl.obolibrary.org/obo/go.owl#Reaction_R-HSA-5660665
3649	http://purl.obolibrary.org/obo/go.owl#Protein_MZB1
3650	http://purl.obolibrary.org/obo/go.owl#Reaction_R-HSA-5218819
3651	http://purl.obolibrary.org/obo/go.owl#Reaction_R-HSA-388829
3652	http://purl.obolibrary.org/obo/go.owl#Pathway_R-HSA-389513
3653	http://purl.obolibrary.org/obo/go.owl#Protein_LENG8
3654	http://purl.obolibrary.org/obo/go.owl#Reaction_R-HSA-5694433
3655	http://purl.obolibrary.org/obo/go.owl#Reaction_R-HSA-9632910
3656	http://purl.obolibrary.org/obo/go.owl#Pathway_R-HSA-9009391
3657	http://purl.obolibrary.org/obo/go.owl#Reaction_R-HSA-6782224
3658	http://purl.obolibrary.org/obo/go.owl#Protein_GLT8D1
3659	http://purl.obolibrary.org/obo/go.owl#Protein_AEBP2
3660	http://purl.obolibrary.org/obo/go.owl#Reaction_R-HSA-9013110
3661	http://purl.obolibrary.org/obo/go.owl#Reaction_R-HSA-380508
3662	http://purl.obolibrary.org/obo/go.owl#Pathway_R-HSA-199220
3663	http://purl.obolibrary.org/obo/go.owl#Reaction_R-HSA-114548
3664	http://purl.obolibrary.org/obo/go.owl#Reaction_R-HSA-9700181
3665	http://purl.obolibrary.org/obo/go.owl#Reaction_R-HSA-264435
3666	http://purl.obolibrary.org/obo/go.owl#Reaction_R-HSA-8986985
3667	http://purl.obolibrary.org/obo/go.owl#Reaction_R-HSA-2316429
3668	http://purl.obolibrary.org/obo/GO_0050658_instance
3669	http://purl.obolibrary.org/obo/go.owl#Reaction_R-HSA-5432814
3670	http://purl.obolibrary.org/obo/go.owl#Reaction_R-HSA-8985343
3671	http://purl.obolibrary.org/obo/go.owl#Reaction_R-HSA-9706390
3672	http://purl.obolibrary.org/obo/go.owl#Reaction_R-HSA-9737710
3673	http://purl.obolibrary.org/obo/go.owl#Reaction_R-HSA-380008
3674	http://purl.obolibrary.org/obo/go.owl#Reaction_R-HSA-374701
3675	http://purl.obolibrary.org/obo/go.owl#Pathway_R-HSA-373752
3676	http://purl.obolibrary.org/obo/go.owl#Pathway_R-HSA-1369062
3677	http://purl.obolibrary.org/obo/go.owl#Pathway_R-HSA-196025
3678	http://purl.obolibrary.org/obo/go.owl#Reaction_R-HSA-4341070
3679	http://purl.obolibrary.org/obo/go.owl#Reaction_R-HSA-5694427
3680	http://purl.obolibrary.org/obo/GO_0005681_instance
3681	http://purl.obolibrary.org/obo/go.owl#Pathway_R-HSA-8876493
3682	http://purl.obolibrary.org/obo/go.owl#Reaction_R-HSA-9818789
3683	http://purl.obolibrary.org/obo/go.owl#Reaction_R-HSA-9842876
3684	http://purl.obolibrary.org/obo/go.owl#Reaction_R-HSA-8939829
3685	http://purl.obolibrary.org/obo/go.owl#Pathway_R-HSA-8941332
3686	http://purl.obolibrary.org/obo/go.owl#Pathway_R-HSA-9912529
3687	http://purl.obolibrary.org/obo/go.owl#Reaction_R-HSA-5690988
3688	http://purl.obolibrary.org/obo/go.owl#Reaction_R-HSA-9759709
3689	http://purl.obolibrary.org/obo/go.owl#Reaction_R-HSA-5675376
3690	http://purl.obolibrary.org/obo/go.owl#Reaction_R-HSA-2247513
3691	http://purl.obolibrary.org/obo/go.owl#Pathway_R-HSA-3000497
3692	http://purl.obolibrary.org/obo/go.owl#Pathway_R-HSA-72649
3693	http://purl.obolibrary.org/obo/go.owl#Reaction_R-HSA-8853325
3694	http://purl.obolibrary.org/obo/go.owl#Reaction_R-HSA-68960
3695	http://purl.obolibrary.org/obo/go.owl#Reaction_R-HSA-5610718
3696	http://purl.obolibrary.org/obo/go.owl#Pathway_R-HSA-5610783
3697	http://purl.obolibrary.org/obo/go.owl#Reaction_R-HSA-6790022
3698	http://purl.obolibrary.org/obo/go.owl#Reaction_R-HSA-9773218
3699	http://purl.obolibrary.org/obo/go.owl#Protein_CHPF
3700	http://purl.obolibrary.org/obo/go.owl#Reaction_R-HSA-1971491
3701	http://purl.obolibrary.org/obo/GO_1903311_instance
3702	http://purl.obolibrary.org/obo/go.owl#Reaction_R-HSA-912629
3703	http://purl.obolibrary.org/obo/go.owl#Reaction_R-HSA-2186741
3704	http://purl.obolibrary.org/obo/go.owl#Reaction_R-HSA-9013159
3705	http://purl.obolibrary.org/obo/go.owl#Reaction_R-HSA-5655241
3706	http://purl.obolibrary.org/obo/go.owl#Pathway_R-HSA-5655253
3707	http://purl.obolibrary.org/obo/go.owl#Pathway_R-HSA-8878171
3708	http://purl.obolibrary.org/obo/go.owl#Reaction_R-HSA-9660828
3709	http://purl.obolibrary.org/obo/go.owl#Pathway_R-HSA-9660821
3710	http://purl.obolibrary.org/obo/go.owl#Reaction_R-HSA-202726
3711	http://purl.obolibrary.org/obo/go.owl#Pathway_R-HSA-202733
3712	http://purl.obolibrary.org/obo/go.owl#Reaction_R-HSA-9759206
3713	http://purl.obolibrary.org/obo/go.owl#Pathway_R-HSA-9758890
3714	http://purl.obolibrary.org/obo/go.owl#Reaction_R-HSA-9755507
3715	http://purl.obolibrary.org/obo/go.owl#Reaction_R-HSA-8983335
3716	http://purl.obolibrary.org/obo/go.owl#Reaction_R-HSA-8952289
3717	http://purl.obolibrary.org/obo/go.owl#Reaction_R-HSA-983142
3718	http://purl.obolibrary.org/obo/go.owl#Reaction_R-HSA-9839772
3719	http://purl.obolibrary.org/obo/go.owl#Reaction_R-HSA-1169399
3720	http://purl.obolibrary.org/obo/go.owl#Reaction_R-HSA-9859082
3721	http://purl.obolibrary.org/obo/go.owl#Pathway_R-HSA-9014325
3722	http://purl.obolibrary.org/obo/go.owl#Pathway_R-HSA-9730414
3723	http://purl.obolibrary.org/obo/go.owl#Reaction_R-HSA-166362
3724	http://purl.obolibrary.org/obo/go.owl#Protein_EXOC8
3725	http://purl.obolibrary.org/obo/go.owl#Protein_TVP23B
3726	http://purl.obolibrary.org/obo/go.owl#Pathway_R-HSA-6803529
3727	http://purl.obolibrary.org/obo/go.owl#Reaction_R-HSA-9658253
3728	http://purl.obolibrary.org/obo/go.owl#Reaction_R-HSA-1676203
3729	http://purl.obolibrary.org/obo/go.owl#Pathway_R-HSA-1660499
3730	http://purl.obolibrary.org/obo/go.owl#Reaction_R-HSA-9796346
3731	http://purl.obolibrary.org/obo/go.owl#Pathway_R-HSA-5357905
3732	http://purl.obolibrary.org/obo/go.owl#Pathway_R-HSA-1483101
3733	http://purl.obolibrary.org/obo/go.owl#Reaction_R-HSA-9796342
3734	http://purl.obolibrary.org/obo/go.owl#Reaction_R-HSA-9843927
3735	http://purl.obolibrary.org/obo/go.owl#Pathway_R-HSA-176407
3736	http://purl.obolibrary.org/obo/go.owl#Reaction_R-HSA-2408529
3737	http://purl.obolibrary.org/obo/go.owl#Reaction_R-HSA-5672969
3738	http://purl.obolibrary.org/obo/go.owl#Pathway_R-HSA-9758274
3739	http://purl.obolibrary.org/obo/go.owl#Reaction_R-HSA-8938487
3740	http://purl.obolibrary.org/obo/go.owl#Reaction_R-HSA-9681616
3741	http://purl.obolibrary.org/obo/go.owl#Reaction_R-HSA-9750946
3742	http://purl.obolibrary.org/obo/go.owl#Reaction_R-HSA-8950314
3743	http://purl.obolibrary.org/obo/go.owl#Reaction_R-HSA-2213248
3744	http://purl.obolibrary.org/obo/go.owl#Pathway_R-HSA-9856649
3745	http://purl.obolibrary.org/obo/go.owl#Reaction_R-HSA-1524186
3746	http://purl.obolibrary.org/obo/go.owl#Reaction_R-HSA-9008839
3747	http://purl.obolibrary.org/obo/go.owl#Reaction_R-HSA-9909602
3748	http://purl.obolibrary.org/obo/go.owl#Pathway_R-HSA-9909649
3749	http://purl.obolibrary.org/obo/go.owl#Reaction_R-HSA-914012
3750	http://purl.obolibrary.org/obo/go.owl#Reaction_R-HSA-5694421
3751	http://purl.obolibrary.org/obo/go.owl#Reaction_R-HSA-2395328
3752	http://purl.obolibrary.org/obo/go.owl#Reaction_R-HSA-174105
3753	http://purl.obolibrary.org/obo/go.owl#Reaction_R-HSA-8937869
3754	http://purl.obolibrary.org/obo/go.owl#Pathway_R-HSA-430039
3755	http://purl.obolibrary.org/obo/go.owl#Pathway_R-HSA-1250196
3756	http://purl.obolibrary.org/obo/go.owl#Reaction_R-HSA-6787525
3757	http://purl.obolibrary.org/obo/go.owl#Reaction_R-HSA-2318373
3758	http://purl.obolibrary.org/obo/go.owl#Reaction_R-HSA-9856510
3759	http://purl.obolibrary.org/obo/go.owl#Pathway_R-HSA-167287
3760	http://purl.obolibrary.org/obo/go.owl#Reaction_R-HSA-5223313
3761	http://purl.obolibrary.org/obo/go.owl#Pathway_R-HSA-9758881
3762	http://purl.obolibrary.org/obo/go.owl#Reaction_R-HSA-9734687
3763	http://purl.obolibrary.org/obo/go.owl#Reaction_R-HSA-9817397
3764	http://purl.obolibrary.org/obo/GO_0022411_instance
3765	http://purl.obolibrary.org/obo/go.owl#Protein_TUBE1
3766	http://purl.obolibrary.org/obo/go.owl#Pathway_R-HSA-975144
3767	http://purl.obolibrary.org/obo/GO_0002764_instance
3768	http://purl.obolibrary.org/obo/go.owl#Reaction_R-HSA-1839095
3769	http://purl.obolibrary.org/obo/go.owl#Reaction_R-HSA-177690
3770	http://purl.obolibrary.org/obo/go.owl#Reaction_R-HSA-5419277
3771	http://purl.obolibrary.org/obo/go.owl#Reaction_R-HSA-5218847
3772	http://purl.obolibrary.org/obo/go.owl#Reaction_R-HSA-4641345
3773	http://purl.obolibrary.org/obo/go.owl#Reaction_R-HSA-560472
3774	http://purl.obolibrary.org/obo/go.owl#Reaction_R-HSA-1250315
3775	http://purl.obolibrary.org/obo/go.owl#Reaction_R-HSA-9833635
3776	http://purl.obolibrary.org/obo/go.owl#Reaction_R-HSA-9750226
3777	http://purl.obolibrary.org/obo/go.owl#Reaction_R-HSA-5620914
3778	http://purl.obolibrary.org/obo/go.owl#Reaction_R-HSA-751013
3779	http://purl.obolibrary.org/obo/go.owl#Reaction_R-HSA-751039
3780	http://purl.obolibrary.org/obo/go.owl#Reaction_R-HSA-9616243
3781	http://purl.obolibrary.org/obo/go.owl#Reaction_R-HSA-9698174
3782	http://purl.obolibrary.org/obo/go.owl#Pathway_R-HSA-9703648
3783	http://purl.obolibrary.org/obo/go.owl#Reaction_R-HSA-6802943
3784	http://purl.obolibrary.org/obo/go.owl#Reaction_R-HSA-5690702
3785	http://purl.obolibrary.org/obo/go.owl#Pathway_R-HSA-4717374
3786	http://purl.obolibrary.org/obo/go.owl#Reaction_R-HSA-8943040
3787	http://purl.obolibrary.org/obo/go.owl#Reaction_R-HSA-1236943
3788	http://purl.obolibrary.org/obo/go.owl#Reaction_R-HSA-6809003
3789	http://purl.obolibrary.org/obo/go.owl#Pathway_R-HSA-9662361
3790	http://purl.obolibrary.org/obo/go.owl#Reaction_R-HSA-2022381
3791	http://purl.obolibrary.org/obo/go.owl#Pathway_R-HSA-2022377
3792	http://purl.obolibrary.org/obo/go.owl#Reaction_R-HSA-9712084
3793	http://purl.obolibrary.org/obo/go.owl#Reaction_R-HSA-6802919
3794	http://purl.obolibrary.org/obo/go.owl#Pathway_R-HSA-9013420
3795	http://purl.obolibrary.org/obo/go.owl#Reaction_R-HSA-5625738
3796	http://purl.obolibrary.org/obo/go.owl#Pathway_R-HSA-9013422
3797	http://purl.obolibrary.org/obo/go.owl#Reaction_R-HSA-9768477
3798	http://purl.obolibrary.org/obo/go.owl#Reaction_R-HSA-997309
3799	http://purl.obolibrary.org/obo/go.owl#Reaction_R-HSA-5623527
3800	http://purl.obolibrary.org/obo/go.owl#Reaction_R-HSA-75240
3801	http://purl.obolibrary.org/obo/go.owl#Reaction_R-HSA-6814682
3802	http://purl.obolibrary.org/obo/go.owl#Reaction_R-HSA-112156
3803	http://purl.obolibrary.org/obo/go.owl#Reaction_R-HSA-8850040
3804	http://purl.obolibrary.org/obo/go.owl#Reaction_R-HSA-9923005
3805	http://purl.obolibrary.org/obo/go.owl#Pathway_R-HSA-9931521
3806	http://purl.obolibrary.org/obo/go.owl#Reaction_R-HSA-9844536
3807	http://purl.obolibrary.org/obo/go.owl#Reaction_R-HSA-975814
3808	http://purl.obolibrary.org/obo/go.owl#Pathway_R-HSA-975578
3809	http://purl.obolibrary.org/obo/go.owl#Reaction_R-HSA-9693978
3810	http://purl.obolibrary.org/obo/go.owl#Pathway_R-HSA-72695
3811	http://purl.obolibrary.org/obo/go.owl#Reaction_R-HSA-2467809
3812	http://purl.obolibrary.org/obo/go.owl#Reaction_R-HSA-2990882
3813	http://purl.obolibrary.org/obo/go.owl#Reaction_R-HSA-9021596
3814	http://purl.obolibrary.org/obo/go.owl#Pathway_R-HSA-5660668
3815	http://purl.obolibrary.org/obo/go.owl#Reaction_R-HSA-6803523
3816	http://purl.obolibrary.org/obo/go.owl#Reaction_R-HSA-381309
3817	http://purl.obolibrary.org/obo/go.owl#Reaction_R-HSA-389083
3818	http://purl.obolibrary.org/obo/go.owl#Pathway_R-HSA-8953750
3819	http://purl.obolibrary.org/obo/go.owl#Reaction_R-HSA-72095
3820	http://purl.obolibrary.org/obo/go.owl#Protein_CAPN7
3821	http://purl.obolibrary.org/obo/go.owl#Reaction_R-HSA-9754191
3822	http://purl.obolibrary.org/obo/go.owl#Reaction_R-HSA-9007465
3823	http://purl.obolibrary.org/obo/go.owl#Pathway_R-HSA-69017
3824	http://purl.obolibrary.org/obo/go.owl#Reaction_R-HSA-8942607
3825	http://purl.obolibrary.org/obo/go.owl#Reaction_R-HSA-8981637
3826	http://purl.obolibrary.org/obo/go.owl#Protein_DDX27
3827	http://purl.obolibrary.org/obo/go.owl#Pathway_R-HSA-2029482
3828	http://purl.obolibrary.org/obo/go.owl#Pathway_R-HSA-3214815
3829	http://purl.obolibrary.org/obo/go.owl#Reaction_R-HSA-981809
3830	http://purl.obolibrary.org/obo/go.owl#Reaction_R-HSA-9861616
3831	http://purl.obolibrary.org/obo/go.owl#Reaction_R-HSA-380073
3832	http://purl.obolibrary.org/obo/go.owl#Reaction_R-HSA-9770141
3833	http://purl.obolibrary.org/obo/go.owl#Reaction_R-HSA-8852324
3834	http://purl.obolibrary.org/obo/go.owl#Reaction_R-HSA-451403
3835	http://purl.obolibrary.org/obo/go.owl#Reaction_R-HSA-6809720
3836	http://purl.obolibrary.org/obo/go.owl#Pathway_R-HSA-1660516
3837	http://purl.obolibrary.org/obo/go.owl#Reaction_R-HSA-188350
3838	http://purl.obolibrary.org/obo/go.owl#Reaction_R-HSA-936960
3839	http://purl.obolibrary.org/obo/go.owl#Reaction_R-HSA-200423
3840	http://purl.obolibrary.org/obo/go.owl#Reaction_R-HSA-167478
3841	http://purl.obolibrary.org/obo/go.owl#Pathway_R-HSA-9860276
3842	http://purl.obolibrary.org/obo/go.owl#Reaction_R-HSA-5693390
3843	http://purl.obolibrary.org/obo/go.owl#Reaction_R-HSA-6787594
3844	http://purl.obolibrary.org/obo/go.owl#Pathway_R-HSA-9013405
3845	http://purl.obolibrary.org/obo/go.owl#Reaction_R-HSA-9701055
3846	http://purl.obolibrary.org/obo/go.owl#Pathway_R-HSA-3295583
3847	http://purl.obolibrary.org/obo/go.owl#Reaction_R-HSA-9821412
3848	http://purl.obolibrary.org/obo/go.owl#Reaction_R-HSA-9674131
3849	http://purl.obolibrary.org/obo/go.owl#Reaction_R-HSA-201423
3850	http://purl.obolibrary.org/obo/go.owl#Pathway_R-HSA-2730905
3851	http://purl.obolibrary.org/obo/go.owl#Reaction_R-HSA-9664855
3852	http://purl.obolibrary.org/obo/go.owl#Reaction_R-HSA-5668414
3853	http://purl.obolibrary.org/obo/go.owl#Reaction_R-HSA-2029457
3854	http://purl.obolibrary.org/obo/go.owl#Reaction_R-HSA-9614773
3855	http://purl.obolibrary.org/obo/go.owl#Pathway_R-HSA-9619665
3856	http://purl.obolibrary.org/obo/go.owl#Reaction_R-HSA-9796617
3857	http://purl.obolibrary.org/obo/go.owl#Pathway_R-HSA-176187
3858	http://purl.obolibrary.org/obo/go.owl#Pathway_R-HSA-9706574
3859	http://purl.obolibrary.org/obo/go.owl#Protein_ITPRID2
3860	http://purl.obolibrary.org/obo/go.owl#Pathway_R-HSA-9674555
3861	http://purl.obolibrary.org/obo/go.owl#Reaction_R-HSA-2168960
3862	http://purl.obolibrary.org/obo/go.owl#Pathway_R-HSA-9035034
3863	http://purl.obolibrary.org/obo/go.owl#Pathway_R-HSA-8985586
3864	http://purl.obolibrary.org/obo/go.owl#Reaction_R-HSA-2029466
3865	http://purl.obolibrary.org/obo/go.owl#Reaction_R-HSA-1250462
3866	http://purl.obolibrary.org/obo/go.owl#Reaction_R-HSA-9657608
3867	http://purl.obolibrary.org/obo/GO_0006997_instance
3868	http://purl.obolibrary.org/obo/go.owl#Reaction_R-HSA-560498
3869	http://purl.obolibrary.org/obo/go.owl#Reaction_R-HSA-5623525
3870	http://purl.obolibrary.org/obo/go.owl#Pathway_R-HSA-8852276
3871	http://purl.obolibrary.org/obo/go.owl#Reaction_R-HSA-3000434
3872	http://purl.obolibrary.org/obo/go.owl#Reaction_R-HSA-2466068
3873	http://purl.obolibrary.org/obo/go.owl#Pathway_R-HSA-140342
3874	http://purl.obolibrary.org/obo/go.owl#Reaction_R-HSA-174079
3875	http://purl.obolibrary.org/obo/GO_0007154_instance
3876	http://purl.obolibrary.org/obo/go.owl#Reaction_R-HSA-9750942
3877	http://purl.obolibrary.org/obo/go.owl#Reaction_R-HSA-2179276
3878	http://purl.obolibrary.org/obo/go.owl#Reaction_R-HSA-419166
3879	http://purl.obolibrary.org/obo/go.owl#Reaction_R-HSA-379865
3880	http://purl.obolibrary.org/obo/go.owl#Reaction_R-HSA-9636128
3881	http://purl.obolibrary.org/obo/go.owl#Reaction_R-HSA-1368140
3882	http://purl.obolibrary.org/obo/go.owl#Pathway_R-HSA-9931509
3883	http://purl.obolibrary.org/obo/go.owl#Reaction_R-HSA-2161961
3884	http://purl.obolibrary.org/obo/go.owl#Pathway_R-HSA-2142670
3885	http://purl.obolibrary.org/obo/go.owl#Reaction_R-HSA-9021935
3886	http://purl.obolibrary.org/obo/go.owl#Reaction_R-HSA-9736979
3887	http://purl.obolibrary.org/obo/go.owl#Reaction_R-HSA-9770129
3888	http://purl.obolibrary.org/obo/go.owl#Reaction_R-HSA-5692770
3889	http://purl.obolibrary.org/obo/go.owl#Reaction_R-HSA-201790
3890	http://purl.obolibrary.org/obo/go.owl#Pathway_R-HSA-180024
3891	http://purl.obolibrary.org/obo/go.owl#Reaction_R-HSA-5624952
3892	http://purl.obolibrary.org/obo/go.owl#Protein_TSPAN18
3893	http://purl.obolibrary.org/obo/go.owl#Reaction_R-HSA-164845
3894	http://purl.obolibrary.org/obo/go.owl#Pathway_R-HSA-8940973
3895	http://purl.obolibrary.org/obo/go.owl#Reaction_R-HSA-3371518
3896	http://purl.obolibrary.org/obo/go.owl#Reaction_R-HSA-2179274
3897	http://purl.obolibrary.org/obo/go.owl#Reaction_R-HSA-6790487
3898	http://purl.obolibrary.org/obo/go.owl#Pathway_R-HSA-442720
3899	http://purl.obolibrary.org/obo/go.owl#Reaction_R-HSA-1295622
3900	http://purl.obolibrary.org/obo/go.owl#Pathway_R-HSA-1295596
3901	http://purl.obolibrary.org/obo/go.owl#Reaction_R-HSA-72619
3902	http://purl.obolibrary.org/obo/go.owl#Reaction_R-HSA-6814409
3903	http://purl.obolibrary.org/obo/go.owl#Protein_TAF1D
3904	http://purl.obolibrary.org/obo/go.owl#Reaction_R-HSA-1225952
3905	http://purl.obolibrary.org/obo/go.owl#Reaction_R-HSA-8852134
3906	http://purl.obolibrary.org/obo/go.owl#Pathway_R-HSA-9646399
3907	http://purl.obolibrary.org/obo/go.owl#Reaction_R-HSA-391868
3908	http://purl.obolibrary.org/obo/go.owl#Reaction_R-HSA-9647977
3909	http://purl.obolibrary.org/obo/go.owl#Pathway_R-HSA-8951936
3910	http://purl.obolibrary.org/obo/go.owl#Reaction_R-HSA-3321805
3911	http://purl.obolibrary.org/obo/go.owl#Reaction_R-HSA-174441
3912	http://purl.obolibrary.org/obo/go.owl#Reaction_R-HSA-3321918
3913	http://purl.obolibrary.org/obo/go.owl#Protein_HNRNPH3
3914	http://purl.obolibrary.org/obo/go.owl#Reaction_R-HSA-6781824
3915	http://purl.obolibrary.org/obo/go.owl#Reaction_R-HSA-5626228
3916	http://purl.obolibrary.org/obo/go.owl#Reaction_R-HSA-5623521
3917	http://purl.obolibrary.org/obo/go.owl#Pathway_R-HSA-2995383
3918	http://purl.obolibrary.org/obo/go.owl#Reaction_R-HSA-6810233
3919	http://purl.obolibrary.org/obo/go.owl#Reaction_R-HSA-111919
3920	http://purl.obolibrary.org/obo/go.owl#Reaction_R-HSA-4570463
3921	http://purl.obolibrary.org/obo/go.owl#Reaction_R-HSA-9716947
3922	http://purl.obolibrary.org/obo/go.owl#Protein_MTMR12
3923	http://purl.obolibrary.org/obo/go.owl#Pathway_R-HSA-937072
3924	http://purl.obolibrary.org/obo/go.owl#Reaction_R-HSA-2213192
3925	http://purl.obolibrary.org/obo/go.owl#Pathway_R-HSA-2022090
3926	http://purl.obolibrary.org/obo/go.owl#Reaction_R-HSA-8938913
3927	http://purl.obolibrary.org/obo/go.owl#Reaction_R-HSA-3928614
3928	http://purl.obolibrary.org/obo/go.owl#Reaction_R-HSA-1655825
3929	http://purl.obolibrary.org/obo/go.owl#Pathway_R-HSA-1655829
3930	http://purl.obolibrary.org/obo/go.owl#Pathway_R-HSA-1834941
3931	http://purl.obolibrary.org/obo/go.owl#Reaction_R-HSA-9839110
3932	http://purl.obolibrary.org/obo/go.owl#Reaction_R-HSA-192704
3933	http://purl.obolibrary.org/obo/go.owl#Pathway_R-HSA-192823
3934	http://purl.obolibrary.org/obo/go.owl#Protein_ZBTB11
3935	http://purl.obolibrary.org/obo/go.owl#Pathway_R-HSA-9028335
3936	http://purl.obolibrary.org/obo/go.owl#Reaction_R-HSA-8984023
3937	http://purl.obolibrary.org/obo/GO_0110053_instance
3938	http://purl.obolibrary.org/obo/go.owl#Reaction_R-HSA-5617483
3939	http://purl.obolibrary.org/obo/go.owl#Reaction_R-HSA-5661256
3940	http://purl.obolibrary.org/obo/go.owl#Reaction_R-HSA-8952620
3941	http://purl.obolibrary.org/obo/GO_0007165_instance
3942	http://purl.obolibrary.org/obo/go.owl#Reaction_R-HSA-1791069
3943	http://purl.obolibrary.org/obo/go.owl#Reaction_R-HSA-203946
3944	http://purl.obolibrary.org/obo/go.owl#Pathway_R-HSA-9861718
3945	http://purl.obolibrary.org/obo/go.owl#Reaction_R-HSA-5654690
3946	http://purl.obolibrary.org/obo/go.owl#Pathway_R-HSA-69052
3947	http://purl.obolibrary.org/obo/go.owl#Reaction_R-HSA-5626507
3948	http://purl.obolibrary.org/obo/go.owl#Reaction_R-HSA-71775
3949	http://purl.obolibrary.org/obo/go.owl#Reaction_R-HSA-390459
3950	http://purl.obolibrary.org/obo/go.owl#Reaction_R-HSA-5684248
3951	http://purl.obolibrary.org/obo/go.owl#Reaction_R-HSA-5686642
3952	http://purl.obolibrary.org/obo/go.owl#Pathway_R-HSA-5685938
3953	http://purl.obolibrary.org/obo/go.owl#Reaction_R-HSA-2130725
3954	http://purl.obolibrary.org/obo/go.owl#Reaction_R-HSA-2395320
3955	http://purl.obolibrary.org/obo/go.owl#Pathway_R-HSA-2173789
3956	http://purl.obolibrary.org/obo/go.owl#Reaction_R-HSA-140216
3957	http://purl.obolibrary.org/obo/go.owl#Pathway_R-HSA-111448
3958	http://purl.obolibrary.org/obo/go.owl#Reaction_R-HSA-9664214
3959	http://purl.obolibrary.org/obo/go.owl#Pathway_R-HSA-9662360
3960	http://purl.obolibrary.org/obo/go.owl#Reaction_R-HSA-1888198
3961	http://purl.obolibrary.org/obo/GO_0007346_instance
3962	http://purl.obolibrary.org/obo/go.owl#Pathway_R-HSA-9725370
3963	http://purl.obolibrary.org/obo/go.owl#Reaction_R-HSA-1250189
3964	http://purl.obolibrary.org/obo/go.owl#Reaction_R-HSA-9836857
3965	http://purl.obolibrary.org/obo/go.owl#Reaction_R-HSA-9768643
3966	http://purl.obolibrary.org/obo/go.owl#Reaction_R-HSA-168880
3967	http://purl.obolibrary.org/obo/go.owl#Pathway_R-HSA-446193
3968	http://purl.obolibrary.org/obo/go.owl#Reaction_R-HSA-8940388
3969	http://purl.obolibrary.org/obo/go.owl#Protein_GPT2
3970	http://purl.obolibrary.org/obo/go.owl#Reaction_R-HSA-5617486
3971	http://purl.obolibrary.org/obo/go.owl#Reaction_R-HSA-6781779
3972	http://purl.obolibrary.org/obo/go.owl#Reaction_R-HSA-9613498
3973	http://purl.obolibrary.org/obo/go.owl#Reaction_R-HSA-354066
3974	http://purl.obolibrary.org/obo/go.owl#Pathway_R-HSA-354192
3975	http://purl.obolibrary.org/obo/go.owl#Reaction_R-HSA-389550
3976	http://purl.obolibrary.org/obo/go.owl#Reaction_R-HSA-6784735
3977	http://purl.obolibrary.org/obo/go.owl#Pathway_R-HSA-8964038
3978	http://purl.obolibrary.org/obo/go.owl#Reaction_R-HSA-8849882
3979	http://purl.obolibrary.org/obo/go.owl#Reaction_R-HSA-109701
3980	http://purl.obolibrary.org/obo/go.owl#Reaction_R-HSA-5651657
3981	http://purl.obolibrary.org/obo/go.owl#Pathway_R-HSA-442742
3982	http://purl.obolibrary.org/obo/go.owl#Reaction_R-HSA-9933559
3983	http://purl.obolibrary.org/obo/go.owl#Reaction_R-HSA-1306972
3984	http://purl.obolibrary.org/obo/go.owl#Reaction_R-HSA-9836322
3985	http://purl.obolibrary.org/obo/go.owl#Pathway_R-HSA-381119
3986	http://purl.obolibrary.org/obo/go.owl#Reaction_R-HSA-4719413
3987	http://purl.obolibrary.org/obo/go.owl#Reaction_R-HSA-9729232
3988	http://purl.obolibrary.org/obo/go.owl#Pathway_R-HSA-5621575
3989	http://purl.obolibrary.org/obo/go.owl#Pathway_R-HSA-72613
3990	http://purl.obolibrary.org/obo/go.owl#Reaction_R-HSA-174058
3991	http://purl.obolibrary.org/obo/go.owl#Pathway_R-HSA-204174
3992	http://purl.obolibrary.org/obo/go.owl#Reaction_R-HSA-446221
3993	http://purl.obolibrary.org/obo/go.owl#Pathway_R-HSA-446205
3994	http://purl.obolibrary.org/obo/go.owl#Reaction_R-HSA-68954
3995	http://purl.obolibrary.org/obo/go.owl#Reaction_R-HSA-9823958
3996	http://purl.obolibrary.org/obo/go.owl#Reaction_R-HSA-5675373
3997	http://purl.obolibrary.org/obo/go.owl#Reaction_R-HSA-168883
3998	http://purl.obolibrary.org/obo/go.owl#Reaction_R-HSA-2470935
3999	http://purl.obolibrary.org/obo/go.owl#Protein_SLC43A3
4000	http://purl.obolibrary.org/obo/go.owl#Pathway_R-HSA-6804756
4001	http://purl.obolibrary.org/obo/go.owl#Reaction_R-HSA-186800
4002	http://purl.obolibrary.org/obo/GO_0016607_instance
4003	http://purl.obolibrary.org/obo/go.owl#Reaction_R-HSA-9707645
4004	http://purl.obolibrary.org/obo/go.owl#Pathway_R-HSA-9707587
4005	http://purl.obolibrary.org/obo/go.owl#Reaction_R-HSA-2029455
4006	http://purl.obolibrary.org/obo/go.owl#Reaction_R-HSA-374665
4007	http://purl.obolibrary.org/obo/go.owl#Reaction_R-HSA-1250383
4008	http://purl.obolibrary.org/obo/go.owl#Reaction_R-HSA-4793819
4009	http://purl.obolibrary.org/obo/go.owl#Reaction_R-HSA-6803227
4010	http://purl.obolibrary.org/obo/go.owl#Reaction_R-HSA-9668389
4011	http://purl.obolibrary.org/obo/go.owl#Reaction_R-HSA-880053
4012	http://purl.obolibrary.org/obo/go.owl#Pathway_R-HSA-2978092
4013	http://purl.obolibrary.org/obo/go.owl#Pathway_R-HSA-174048
4014	http://purl.obolibrary.org/obo/go.owl#Reaction_R-HSA-352364
4015	http://purl.obolibrary.org/obo/go.owl#Reaction_R-HSA-9604664
4016	http://purl.obolibrary.org/obo/go.owl#Reaction_R-HSA-9014296
4017	http://purl.obolibrary.org/obo/go.owl#Reaction_R-HSA-975103
4018	http://purl.obolibrary.org/obo/go.owl#Reaction_R-HSA-3662318
4019	http://purl.obolibrary.org/obo/go.owl#Pathway_R-HSA-3214847
4020	http://purl.obolibrary.org/obo/go.owl#Pathway_R-HSA-111931
4021	http://purl.obolibrary.org/obo/go.owl#Pathway_R-HSA-392451
4022	http://purl.obolibrary.org/obo/go.owl#Reaction_R-HSA-5676597
4023	http://purl.obolibrary.org/obo/go.owl#Reaction_R-HSA-3451153
4024	http://purl.obolibrary.org/obo/go.owl#Protein_CYB5D1
4025	http://purl.obolibrary.org/obo/go.owl#Pathway_R-HSA-196854
4026	http://purl.obolibrary.org/obo/go.owl#Reaction_R-HSA-389158
4027	http://purl.obolibrary.org/obo/go.owl#Pathway_R-HSA-442380
4028	http://purl.obolibrary.org/obo/go.owl#Pathway_R-HSA-425410
4029	http://purl.obolibrary.org/obo/go.owl#Reaction_R-HSA-9613490
4030	http://purl.obolibrary.org/obo/GO_0043484_instance
4031	http://purl.obolibrary.org/obo/go.owl#Reaction_R-HSA-5626962
4032	http://purl.obolibrary.org/obo/go.owl#Reaction_R-HSA-9929321
4033	http://purl.obolibrary.org/obo/go.owl#Reaction_R-HSA-141423
4034	http://purl.obolibrary.org/obo/go.owl#Reaction_R-HSA-1168373
4035	http://purl.obolibrary.org/obo/go.owl#Pathway_R-HSA-381070
4036	http://purl.obolibrary.org/obo/go.owl#Reaction_R-HSA-9646348
4037	http://purl.obolibrary.org/obo/go.owl#Reaction_R-HSA-5654679
4038	http://purl.obolibrary.org/obo/go.owl#Reaction_R-HSA-3965441
4039	http://purl.obolibrary.org/obo/go.owl#Pathway_R-HSA-3858494
4040	http://purl.obolibrary.org/obo/go.owl#Reaction_R-HSA-196964
4041	http://purl.obolibrary.org/obo/go.owl#Pathway_R-HSA-196843
4042	http://purl.obolibrary.org/obo/go.owl#Pathway_R-HSA-3134975
4043	http://purl.obolibrary.org/obo/go.owl#Reaction_R-HSA-9014652
4044	http://purl.obolibrary.org/obo/go.owl#Reaction_R-HSA-9694656
4045	http://purl.obolibrary.org/obo/go.owl#Reaction_R-HSA-5654684
4046	http://purl.obolibrary.org/obo/go.owl#Reaction_R-HSA-445077
4047	http://purl.obolibrary.org/obo/GO_0000086_instance
4048	http://purl.obolibrary.org/obo/go.owl#Reaction_R-HSA-113454
4049	http://purl.obolibrary.org/obo/go.owl#Reaction_R-HSA-5696968
4050	http://purl.obolibrary.org/obo/go.owl#Reaction_R-HSA-9932859
4051	http://purl.obolibrary.org/obo/go.owl#Pathway_R-HSA-5654700
4052	http://purl.obolibrary.org/obo/go.owl#Reaction_R-HSA-5683967
4053	http://purl.obolibrary.org/obo/GO_0031984_instance
4054	http://purl.obolibrary.org/obo/go.owl#Reaction_R-HSA-193682
4055	http://purl.obolibrary.org/obo/go.owl#Reaction_R-HSA-158447
4056	http://purl.obolibrary.org/obo/go.owl#Protein_PDE1B
4057	http://purl.obolibrary.org/obo/go.owl#Reaction_R-HSA-5362500
4058	http://purl.obolibrary.org/obo/go.owl#Reaction_R-HSA-2396234
4059	http://purl.obolibrary.org/obo/go.owl#Pathway_R-HSA-2214320
4060	http://purl.obolibrary.org/obo/go.owl#Reaction_R-HSA-1247497
4061	http://purl.obolibrary.org/obo/go.owl#Pathway_R-HSA-380284
4062	http://purl.obolibrary.org/obo/go.owl#Pathway_R-HSA-8948747
4063	http://purl.obolibrary.org/obo/go.owl#Reaction_R-HSA-4615910
4064	http://purl.obolibrary.org/obo/go.owl#Reaction_R-HSA-909730
4065	http://purl.obolibrary.org/obo/go.owl#Pathway_R-HSA-1358803
4066	http://purl.obolibrary.org/obo/go.owl#Pathway_R-HSA-174154
4067	http://purl.obolibrary.org/obo/go.owl#Reaction_R-HSA-176318
4068	http://purl.obolibrary.org/obo/go.owl#Pathway_R-HSA-9844594
4069	http://purl.obolibrary.org/obo/go.owl#Reaction_R-HSA-5675431
4070	http://purl.obolibrary.org/obo/go.owl#Reaction_R-HSA-399952
4071	http://purl.obolibrary.org/obo/go.owl#Reaction_R-HSA-3788745
4072	http://purl.obolibrary.org/obo/GO_0035770_instance
4073	http://purl.obolibrary.org/obo/go.owl#Reaction_R-HSA-9729500
4074	http://purl.obolibrary.org/obo/go.owl#Reaction_R-HSA-195300
4075	http://purl.obolibrary.org/obo/go.owl#Reaction_R-HSA-180573
4076	http://purl.obolibrary.org/obo/go.owl#Reaction_R-HSA-446198
4077	http://purl.obolibrary.org/obo/go.owl#Reaction_R-HSA-9736836
4078	http://purl.obolibrary.org/obo/go.owl#Reaction_R-HSA-9624014
4079	http://purl.obolibrary.org/obo/go.owl#Pathway_R-HSA-9634597
4080	http://purl.obolibrary.org/obo/go.owl#Reaction_R-HSA-445089
4081	http://purl.obolibrary.org/obo/go.owl#Reaction_R-HSA-5419261
4082	http://purl.obolibrary.org/obo/go.owl#Pathway_R-HSA-5389840
4083	http://purl.obolibrary.org/obo/go.owl#Pathway_R-HSA-392170
4084	http://purl.obolibrary.org/obo/go.owl#Reaction_R-HSA-170796
4085	http://purl.obolibrary.org/obo/go.owl#Reaction_R-HSA-913374
4086	http://purl.obolibrary.org/obo/go.owl#Pathway_R-HSA-912526
4087	http://purl.obolibrary.org/obo/go.owl#Pathway_R-HSA-3769402
4088	http://purl.obolibrary.org/obo/go.owl#Reaction_R-HSA-6810234
4089	http://purl.obolibrary.org/obo/go.owl#Pathway_R-HSA-6807505
4090	http://purl.obolibrary.org/obo/go.owl#Reaction_R-HSA-8848414
4091	http://purl.obolibrary.org/obo/go.owl#Pathway_R-HSA-9764725
4092	http://purl.obolibrary.org/obo/go.owl#Pathway_R-HSA-9759811
4093	http://purl.obolibrary.org/obo/go.owl#Reaction_R-HSA-157849
4094	http://purl.obolibrary.org/obo/go.owl#Pathway_R-HSA-72662
4095	http://purl.obolibrary.org/obo/go.owl#Reaction_R-HSA-9934884
4096	http://purl.obolibrary.org/obo/go.owl#Reaction_R-HSA-1250370
4097	http://purl.obolibrary.org/obo/go.owl#Reaction_R-HSA-9036308
4098	http://purl.obolibrary.org/obo/go.owl#Reaction_R-HSA-8944650
4099	http://purl.obolibrary.org/obo/go.owl#Reaction_R-HSA-9670620
4100	http://purl.obolibrary.org/obo/go.owl#Reaction_R-HSA-5683384
4101	http://purl.obolibrary.org/obo/go.owl#Reaction_R-HSA-9017507
4102	http://purl.obolibrary.org/obo/go.owl#Pathway_R-HSA-9013409
4103	http://purl.obolibrary.org/obo/go.owl#Reaction_R-HSA-913424
4104	http://purl.obolibrary.org/obo/go.owl#Reaction_R-HSA-264871
4105	http://purl.obolibrary.org/obo/go.owl#Pathway_R-HSA-349425
4106	http://purl.obolibrary.org/obo/go.owl#Reaction_R-HSA-9027627
4107	http://purl.obolibrary.org/obo/go.owl#Reaction_R-HSA-2530501
4108	http://purl.obolibrary.org/obo/go.owl#Pathway_R-HSA-2514859
4109	http://purl.obolibrary.org/obo/go.owl#Pathway_R-HSA-450513
4110	http://purl.obolibrary.org/obo/go.owl#Reaction_R-HSA-937022
4111	http://purl.obolibrary.org/obo/go.owl#Reaction_R-HSA-8868236
4112	http://purl.obolibrary.org/obo/go.owl#Pathway_R-HSA-8862803
4113	http://purl.obolibrary.org/obo/go.owl#Reaction_R-HSA-6809011
4114	http://purl.obolibrary.org/obo/GO_0007015_instance
4115	http://purl.obolibrary.org/obo/go.owl#Reaction_R-HSA-9708533
4116	http://purl.obolibrary.org/obo/go.owl#Reaction_R-HSA-6811472
4117	http://purl.obolibrary.org/obo/go.owl#Reaction_R-HSA-8939129
4118	http://purl.obolibrary.org/obo/go.owl#Reaction_R-HSA-5660757
4119	http://purl.obolibrary.org/obo/go.owl#Reaction_R-HSA-5655245
4120	http://purl.obolibrary.org/obo/go.owl#Reaction_R-HSA-6781818
4121	http://purl.obolibrary.org/obo/go.owl#Reaction_R-HSA-9038161
4122	http://purl.obolibrary.org/obo/go.owl#Reaction_R-HSA-8951977
4123	http://purl.obolibrary.org/obo/go.owl#Reaction_R-HSA-3299569
4124	http://purl.obolibrary.org/obo/go.owl#Reaction_R-HSA-9632918
4125	http://purl.obolibrary.org/obo/go.owl#Reaction_R-HSA-2029473
4126	http://purl.obolibrary.org/obo/go.owl#Reaction_R-HSA-5218829
4127	http://purl.obolibrary.org/obo/go.owl#Reaction_R-HSA-8856813
4128	http://purl.obolibrary.org/obo/go.owl#Reaction_R-HSA-9736992
4129	http://purl.obolibrary.org/obo/go.owl#Pathway_R-HSA-180585
4130	http://purl.obolibrary.org/obo/go.owl#Reaction_R-HSA-555065
4131	http://purl.obolibrary.org/obo/go.owl#Reaction_R-HSA-8874191
4132	http://purl.obolibrary.org/obo/go.owl#Reaction_R-HSA-1183032
4133	http://purl.obolibrary.org/obo/go.owl#Pathway_R-HSA-9854311
4134	http://purl.obolibrary.org/obo/go.owl#Reaction_R-HSA-9912480
4135	http://purl.obolibrary.org/obo/go.owl#Pathway_R-HSA-9912481
4136	http://purl.obolibrary.org/obo/go.owl#Reaction_R-HSA-9820464
4137	http://purl.obolibrary.org/obo/go.owl#Pathway_R-HSA-9925561
4138	http://purl.obolibrary.org/obo/go.owl#Reaction_R-HSA-110317
4139	http://purl.obolibrary.org/obo/go.owl#Reaction_R-HSA-450474
4140	http://purl.obolibrary.org/obo/go.owl#Reaction_R-HSA-5334097
4141	http://purl.obolibrary.org/obo/go.owl#Pathway_R-HSA-5334118
4142	http://purl.obolibrary.org/obo/go.owl#Reaction_R-HSA-110311
4143	http://purl.obolibrary.org/obo/go.owl#Pathway_R-HSA-110312
4144	http://purl.obolibrary.org/obo/go.owl#Reaction_R-HSA-4641260
4145	http://purl.obolibrary.org/obo/go.owl#Pathway_R-HSA-4641258
4146	http://purl.obolibrary.org/obo/go.owl#Reaction_R-HSA-442317
4147	http://purl.obolibrary.org/obo/go.owl#Reaction_R-HSA-6810239
4148	http://purl.obolibrary.org/obo/GO_0098852_instance
4149	http://purl.obolibrary.org/obo/GO_0005774_instance
4150	http://purl.obolibrary.org/obo/go.owl#Reaction_R-HSA-203973
4151	http://purl.obolibrary.org/obo/go.owl#Reaction_R-HSA-8852351
4152	http://purl.obolibrary.org/obo/go.owl#Reaction_R-HSA-9819106
4153	http://purl.obolibrary.org/obo/go.owl#Reaction_R-HSA-9934411
4154	http://purl.obolibrary.org/obo/go.owl#Reaction_R-HSA-5690669
4155	http://purl.obolibrary.org/obo/go.owl#Protein_PRPF18
4156	http://purl.obolibrary.org/obo/go.owl#Reaction_R-HSA-399933
4157	http://purl.obolibrary.org/obo/go.owl#Pathway_R-HSA-399955
4158	http://purl.obolibrary.org/obo/go.owl#Pathway_R-HSA-109704
4159	http://purl.obolibrary.org/obo/go.owl#Reaction_R-HSA-2990880
4160	http://purl.obolibrary.org/obo/go.owl#Pathway_R-HSA-9694631
4161	http://purl.obolibrary.org/obo/go.owl#Pathway_R-HSA-5610780
4162	http://purl.obolibrary.org/obo/go.owl#Protein_ETV5
4163	http://purl.obolibrary.org/obo/go.owl#Reaction_R-HSA-9749471
4164	http://purl.obolibrary.org/obo/go.owl#Pathway_R-HSA-9018682
4165	http://purl.obolibrary.org/obo/go.owl#Reaction_R-HSA-9839016
4166	http://purl.obolibrary.org/obo/go.owl#Reaction_R-HSA-1839039
4167	http://purl.obolibrary.org/obo/go.owl#Reaction_R-HSA-983147
4168	http://purl.obolibrary.org/obo/go.owl#Reaction_R-HSA-9670428
4169	http://purl.obolibrary.org/obo/go.owl#Pathway_R-HSA-9670439
4170	http://purl.obolibrary.org/obo/go.owl#Reaction_R-HSA-9604480
4171	http://purl.obolibrary.org/obo/go.owl#Pathway_R-HSA-2500257
4172	http://purl.obolibrary.org/obo/go.owl#Reaction_R-HSA-8964531
4173	http://purl.obolibrary.org/obo/go.owl#Reaction_R-HSA-5687115
4174	http://purl.obolibrary.org/obo/go.owl#Pathway_R-HSA-420029
4175	http://purl.obolibrary.org/obo/go.owl#Reaction_R-HSA-5665854
4176	http://purl.obolibrary.org/obo/go.owl#Pathway_R-HSA-1433557
4177	http://purl.obolibrary.org/obo/go.owl#Reaction_R-HSA-2029459
4178	http://purl.obolibrary.org/obo/go.owl#Reaction_R-HSA-4656914
4179	http://purl.obolibrary.org/obo/go.owl#Pathway_R-HSA-4755510
4180	http://purl.obolibrary.org/obo/go.owl#Reaction_R-HSA-5675198
4181	http://purl.obolibrary.org/obo/go.owl#Reaction_R-HSA-9909646
4182	http://purl.obolibrary.org/obo/go.owl#Reaction_R-HSA-909552
4183	http://purl.obolibrary.org/obo/go.owl#Reaction_R-HSA-451895
4184	http://purl.obolibrary.org/obo/go.owl#Reaction_R-HSA-8866857
4185	http://purl.obolibrary.org/obo/go.owl#Pathway_R-HSA-9700206
4186	http://purl.obolibrary.org/obo/go.owl#Reaction_R-HSA-6797616
4187	http://purl.obolibrary.org/obo/go.owl#Reaction_R-HSA-9698928
4188	http://purl.obolibrary.org/obo/go.owl#Reaction_R-HSA-8939066
4189	http://purl.obolibrary.org/obo/go.owl#Reaction_R-HSA-5637766
4190	http://purl.obolibrary.org/obo/go.owl#Reaction_R-HSA-2993790
4191	http://purl.obolibrary.org/obo/go.owl#Reaction_R-HSA-2399999
4192	http://purl.obolibrary.org/obo/go.owl#Pathway_R-HSA-5674400
4193	http://purl.obolibrary.org/obo/go.owl#Reaction_R-HSA-5693551
4194	http://purl.obolibrary.org/obo/go.owl#Reaction_R-HSA-2213246
4195	http://purl.obolibrary.org/obo/go.owl#Pathway_R-HSA-70263
4196	http://purl.obolibrary.org/obo/go.owl#Pathway_R-HSA-8853336
4197	http://purl.obolibrary.org/obo/go.owl#Reaction_R-HSA-6799332
4198	http://purl.obolibrary.org/obo/go.owl#Reaction_R-HSA-9604829
4199	http://purl.obolibrary.org/obo/go.owl#Pathway_R-HSA-1912408
4200	http://purl.obolibrary.org/obo/go.owl#Reaction_R-HSA-9687458
4201	http://purl.obolibrary.org/obo/go.owl#Pathway_R-HSA-927802
4202	http://purl.obolibrary.org/obo/go.owl#Reaction_R-HSA-70837
4203	http://purl.obolibrary.org/obo/go.owl#Reaction_R-HSA-5626699
4204	http://purl.obolibrary.org/obo/go.owl#Pathway_R-HSA-163765
4205	http://purl.obolibrary.org/obo/go.owl#Reaction_R-HSA-167083
4206	http://purl.obolibrary.org/obo/go.owl#Reaction_R-HSA-9686980
4207	http://purl.obolibrary.org/obo/go.owl#Reaction_R-HSA-204008
4208	http://purl.obolibrary.org/obo/GO_0051249_instance
4209	http://purl.obolibrary.org/obo/go.owl#Reaction_R-HSA-9835496
4210	http://purl.obolibrary.org/obo/go.owl#Pathway_R-HSA-9834899
4211	http://purl.obolibrary.org/obo/go.owl#Reaction_R-HSA-354124
4212	http://purl.obolibrary.org/obo/go.owl#Protein_AUH
4213	http://purl.obolibrary.org/obo/go.owl#Reaction_R-HSA-9937521
4214	http://purl.obolibrary.org/obo/go.owl#Reaction_R-HSA-8936989
4215	http://purl.obolibrary.org/obo/go.owl#Reaction_R-HSA-210289
4216	http://purl.obolibrary.org/obo/go.owl#Pathway_R-HSA-390247
4217	http://purl.obolibrary.org/obo/go.owl#Reaction_R-HSA-9009065
4218	http://purl.obolibrary.org/obo/go.owl#Reaction_R-HSA-2187325
4219	http://purl.obolibrary.org/obo/go.owl#Reaction_R-HSA-5633314
4220	http://purl.obolibrary.org/obo/go.owl#Reaction_R-HSA-8939203
4221	http://purl.obolibrary.org/obo/go.owl#Reaction_R-HSA-9674563
4222	http://purl.obolibrary.org/obo/go.owl#Pathway_R-HSA-4570464
4223	http://purl.obolibrary.org/obo/go.owl#Protein_SLC22A16
4224	http://purl.obolibrary.org/obo/go.owl#Reaction_R-HSA-9865748
4225	http://purl.obolibrary.org/obo/go.owl#Reaction_R-HSA-2408525
4226	http://purl.obolibrary.org/obo/go.owl#Reaction_R-HSA-174104
4227	http://purl.obolibrary.org/obo/go.owl#Reaction_R-HSA-418200
4228	http://purl.obolibrary.org/obo/go.owl#Pathway_R-HSA-456926
4229	http://purl.obolibrary.org/obo/go.owl#Reaction_R-HSA-4570553
4230	http://purl.obolibrary.org/obo/go.owl#Pathway_R-HSA-3108214
4231	http://purl.obolibrary.org/obo/go.owl#Reaction_R-HSA-380283
4232	http://purl.obolibrary.org/obo/go.owl#Reaction_R-HSA-9007816
4233	http://purl.obolibrary.org/obo/go.owl#Reaction_R-HSA-9934763
4234	http://purl.obolibrary.org/obo/go.owl#Reaction_R-HSA-5683801
4235	http://purl.obolibrary.org/obo/go.owl#Reaction_R-HSA-8955241
4236	http://purl.obolibrary.org/obo/go.owl#Reaction_R-HSA-9633742
4237	http://purl.obolibrary.org/obo/go.owl#Reaction_R-HSA-426240
4238	http://purl.obolibrary.org/obo/go.owl#Reaction_R-HSA-72647
4239	http://purl.obolibrary.org/obo/go.owl#Reaction_R-HSA-6802910
4240	http://purl.obolibrary.org/obo/go.owl#Pathway_R-HSA-388479
4241	http://purl.obolibrary.org/obo/go.owl#Pathway_R-HSA-156827
4242	http://purl.obolibrary.org/obo/go.owl#Reaction_R-HSA-5665871
4243	http://purl.obolibrary.org/obo/go.owl#Reaction_R-HSA-399939
4244	http://purl.obolibrary.org/obo/go.owl#Pathway_R-HSA-399954
4245	http://purl.obolibrary.org/obo/go.owl#Reaction_R-HSA-8984964
4246	http://purl.obolibrary.org/obo/go.owl#Reaction_R-HSA-9834809
4247	http://purl.obolibrary.org/obo/go.owl#Reaction_R-HSA-8875531
4248	http://purl.obolibrary.org/obo/go.owl#Pathway_R-HSA-8875513
4249	http://purl.obolibrary.org/obo/go.owl#Reaction_R-HSA-5668520
4250	http://purl.obolibrary.org/obo/go.owl#Reaction_R-HSA-9635743
4251	http://purl.obolibrary.org/obo/go.owl#Reaction_R-HSA-1675994
4252	http://purl.obolibrary.org/obo/go.owl#Reaction_R-HSA-8878013
4253	http://purl.obolibrary.org/obo/go.owl#Reaction_R-HSA-179410
4254	http://purl.obolibrary.org/obo/go.owl#Reaction_R-HSA-1250195
4255	http://purl.obolibrary.org/obo/go.owl#Reaction_R-HSA-6802921
4256	http://purl.obolibrary.org/obo/go.owl#Reaction_R-HSA-8875490
4257	http://purl.obolibrary.org/obo/go.owl#Reaction_R-HSA-5665608
4258	http://purl.obolibrary.org/obo/GO_0042953_instance
4259	http://purl.obolibrary.org/obo/GO_0044872_instance
4260	http://purl.obolibrary.org/obo/go.owl#Reaction_R-HSA-9668398
4261	http://purl.obolibrary.org/obo/go.owl#Reaction_R-HSA-8983384
4262	http://purl.obolibrary.org/obo/go.owl#Reaction_R-HSA-2176475
4263	http://purl.obolibrary.org/obo/go.owl#Pathway_R-HSA-2173796
4264	http://purl.obolibrary.org/obo/go.owl#Reaction_R-HSA-5336417
4265	http://purl.obolibrary.org/obo/go.owl#Protein_CARNMT1
4266	http://purl.obolibrary.org/obo/go.owl#Reaction_R-HSA-202168
4267	http://purl.obolibrary.org/obo/go.owl#Reaction_R-HSA-917693
4268	http://purl.obolibrary.org/obo/go.owl#Reaction_R-HSA-4551616
4269	http://purl.obolibrary.org/obo/go.owl#Reaction_R-HSA-5218806
4270	http://purl.obolibrary.org/obo/go.owl#Reaction_R-HSA-8983298
4271	http://purl.obolibrary.org/obo/go.owl#Reaction_R-HSA-75891
4272	http://purl.obolibrary.org/obo/go.owl#Pathway_R-HSA-9932298
4273	http://purl.obolibrary.org/obo/go.owl#Reaction_R-HSA-167597
4274	http://purl.obolibrary.org/obo/go.owl#Reaction_R-HSA-2424487
4275	http://purl.obolibrary.org/obo/go.owl#Reaction_R-HSA-9725030
4276	http://purl.obolibrary.org/obo/go.owl#Reaction_R-HSA-9859005
4277	http://purl.obolibrary.org/obo/go.owl#Reaction_R-HSA-9008433
4278	http://purl.obolibrary.org/obo/go.owl#Pathway_R-HSA-5685942
4279	http://purl.obolibrary.org/obo/go.owl#Reaction_R-HSA-3928647
4280	http://purl.obolibrary.org/obo/GO_0051236_instance
4281	http://purl.obolibrary.org/obo/go.owl#Reaction_R-HSA-9712190
4282	http://purl.obolibrary.org/obo/go.owl#Pathway_R-HSA-381753
4283	http://purl.obolibrary.org/obo/go.owl#Reaction_R-HSA-8875576
4284	http://purl.obolibrary.org/obo/go.owl#Reaction_R-HSA-5696664
4285	http://purl.obolibrary.org/obo/go.owl#Pathway_R-HSA-6803207
4286	http://purl.obolibrary.org/obo/go.owl#Reaction_R-HSA-3968362
4287	http://purl.obolibrary.org/obo/go.owl#Reaction_R-HSA-2730847
4288	http://purl.obolibrary.org/obo/go.owl#Protein_C21orf91
4289	http://purl.obolibrary.org/obo/go.owl#Reaction_R-HSA-6811414
4290	http://purl.obolibrary.org/obo/go.owl#Pathway_R-HSA-5654712
4291	http://purl.obolibrary.org/obo/go.owl#Pathway_R-HSA-15869
4292	http://purl.obolibrary.org/obo/go.owl#Reaction_R-HSA-5655285
4293	http://purl.obolibrary.org/obo/go.owl#Reaction_R-HSA-5683735
4294	http://purl.obolibrary.org/obo/go.owl#Reaction_R-HSA-9861293
4295	http://purl.obolibrary.org/obo/go.owl#Reaction_R-HSA-5653786
4296	http://purl.obolibrary.org/obo/go.owl#Pathway_R-HSA-5656169
4297	http://purl.obolibrary.org/obo/go.owl#Reaction_R-HSA-507937
4298	http://purl.obolibrary.org/obo/go.owl#Reaction_R-HSA-2172126
4299	http://purl.obolibrary.org/obo/go.owl#Reaction_R-HSA-3209177
4300	http://purl.obolibrary.org/obo/go.owl#Reaction_R-HSA-9668405
4301	http://purl.obolibrary.org/obo/go.owl#Pathway_R-HSA-6803204
4302	http://purl.obolibrary.org/obo/go.owl#Reaction_R-HSA-74737
4303	http://purl.obolibrary.org/obo/go.owl#Reaction_R-HSA-389532
4304	http://purl.obolibrary.org/obo/go.owl#Reaction_R-HSA-2187303
4305	http://purl.obolibrary.org/obo/go.owl#Pathway_R-HSA-8943724
4306	http://purl.obolibrary.org/obo/go.owl#Reaction_R-HSA-2317530
4307	http://purl.obolibrary.org/obo/go.owl#Protein_CD302
4308	http://purl.obolibrary.org/obo/go.owl#Pathway_R-HSA-209543
4309	http://purl.obolibrary.org/obo/go.owl#Pathway_R-HSA-9762292
4310	http://purl.obolibrary.org/obo/go.owl#Reaction_R-HSA-1839065
4311	http://purl.obolibrary.org/obo/go.owl#Reaction_R-HSA-1236965
4312	http://purl.obolibrary.org/obo/go.owl#Reaction_R-HSA-6799179
4313	http://purl.obolibrary.org/obo/go.owl#Reaction_R-HSA-5654615
4314	http://purl.obolibrary.org/obo/go.owl#Reaction_R-HSA-8871366
4315	http://purl.obolibrary.org/obo/go.owl#Reaction_R-HSA-8874079
4316	http://purl.obolibrary.org/obo/go.owl#Reaction_R-HSA-9008137
4317	http://purl.obolibrary.org/obo/go.owl#Reaction_R-HSA-5660663
4318	http://purl.obolibrary.org/obo/go.owl#Pathway_R-HSA-9768777
4319	http://purl.obolibrary.org/obo/go.owl#Reaction_R-HSA-8952618
4320	http://purl.obolibrary.org/obo/go.owl#Reaction_R-HSA-983153
4321	http://purl.obolibrary.org/obo/go.owl#Reaction_R-HSA-1449574
4322	http://purl.obolibrary.org/obo/go.owl#Reaction_R-HSA-1234177
4323	http://purl.obolibrary.org/obo/go.owl#Pathway_R-HSA-5658442
4324	http://purl.obolibrary.org/obo/go.owl#Reaction_R-HSA-2730867
4325	http://purl.obolibrary.org/obo/go.owl#Reaction_R-HSA-9909635
4326	http://purl.obolibrary.org/obo/go.owl#Reaction_R-HSA-166082
4327	http://purl.obolibrary.org/obo/go.owl#Reaction_R-HSA-870538
4328	http://purl.obolibrary.org/obo/go.owl#Reaction_R-HSA-5618328
4329	http://purl.obolibrary.org/obo/go.owl#Reaction_R-HSA-373813
4330	http://purl.obolibrary.org/obo/go.owl#Reaction_R-HSA-1222516
4331	http://purl.obolibrary.org/obo/go.owl#Reaction_R-HSA-8853774
4332	http://purl.obolibrary.org/obo/go.owl#Reaction_R-HSA-9908026
4333	http://purl.obolibrary.org/obo/go.owl#Reaction_R-HSA-2404193
4334	http://purl.obolibrary.org/obo/go.owl#Reaction_R-HSA-936462
4335	http://purl.obolibrary.org/obo/go.owl#Reaction_R-HSA-9665404
4336	http://purl.obolibrary.org/obo/go.owl#Reaction_R-HSA-9824268
4337	http://purl.obolibrary.org/obo/go.owl#Reaction_R-HSA-6805620
4338	http://purl.obolibrary.org/obo/go.owl#Reaction_R-HSA-909718
4339	http://purl.obolibrary.org/obo/go.owl#Reaction_R-HSA-1306979
4340	http://purl.obolibrary.org/obo/go.owl#Pathway_R-HSA-9856651
4341	http://purl.obolibrary.org/obo/go.owl#Pathway_R-HSA-5607761
4342	http://purl.obolibrary.org/obo/go.owl#Reaction_R-HSA-912503
4343	http://purl.obolibrary.org/obo/go.owl#Reaction_R-HSA-1013020
4344	http://purl.obolibrary.org/obo/go.owl#Pathway_R-HSA-977443
4345	http://purl.obolibrary.org/obo/go.owl#Reaction_R-HSA-5653780
4346	http://purl.obolibrary.org/obo/go.owl#Pathway_R-HSA-5173214
4347	http://purl.obolibrary.org/obo/go.owl#Reaction_R-HSA-9960183
4348	http://purl.obolibrary.org/obo/go.owl#Pathway_R-HSA-9927418
4349	http://purl.obolibrary.org/obo/go.owl#Reaction_R-HSA-5687103
4350	http://purl.obolibrary.org/obo/go.owl#Pathway_R-HSA-437239
4351	http://purl.obolibrary.org/obo/go.owl#Reaction_R-HSA-2220966
4352	http://purl.obolibrary.org/obo/go.owl#Reaction_R-HSA-9664991
4353	http://purl.obolibrary.org/obo/go.owl#Reaction_R-HSA-2564828
4354	http://purl.obolibrary.org/obo/go.owl#Reaction_R-HSA-918225
4355	http://purl.obolibrary.org/obo/go.owl#Reaction_R-HSA-2562564
4356	http://purl.obolibrary.org/obo/go.owl#Reaction_R-HSA-4551727
4357	http://purl.obolibrary.org/obo/go.owl#Reaction_R-HSA-188345
4358	http://purl.obolibrary.org/obo/go.owl#Reaction_R-HSA-376369
4359	http://purl.obolibrary.org/obo/go.owl#Reaction_R-HSA-9665121
4360	http://purl.obolibrary.org/obo/go.owl#Reaction_R-HSA-6782138
4361	http://purl.obolibrary.org/obo/go.owl#Reaction_R-HSA-2029453
4362	http://purl.obolibrary.org/obo/go.owl#Pathway_R-HSA-198753
4363	http://purl.obolibrary.org/obo/go.owl#Reaction_R-HSA-975097
4364	http://purl.obolibrary.org/obo/go.owl#Reaction_R-HSA-9759513
4365	http://purl.obolibrary.org/obo/go.owl#Reaction_R-HSA-5666169
4366	http://purl.obolibrary.org/obo/go.owl#Pathway_R-HSA-5637810
4367	http://purl.obolibrary.org/obo/go.owl#Reaction_R-HSA-9860785
4368	http://purl.obolibrary.org/obo/go.owl#Pathway_R-HSA-174184
4369	http://purl.obolibrary.org/obo/go.owl#Reaction_R-HSA-167113
4370	http://purl.obolibrary.org/obo/go.owl#Reaction_R-HSA-9665284
4371	http://purl.obolibrary.org/obo/go.owl#Reaction_R-HSA-8877813
4372	http://purl.obolibrary.org/obo/go.owl#Reaction_R-HSA-3928576
4373	http://purl.obolibrary.org/obo/go.owl#Reaction_R-HSA-933525
4374	http://purl.obolibrary.org/obo/go.owl#Reaction_R-HSA-3371527
4375	http://purl.obolibrary.org/obo/go.owl#Reaction_R-HSA-5618073
4376	http://purl.obolibrary.org/obo/go.owl#Reaction_R-HSA-203553
4377	http://purl.obolibrary.org/obo/go.owl#Reaction_R-HSA-1358792
4378	http://purl.obolibrary.org/obo/go.owl#Reaction_R-HSA-2730887
4379	http://purl.obolibrary.org/obo/go.owl#Reaction_R-HSA-9925087
4380	http://purl.obolibrary.org/obo/go.owl#Reaction_R-HSA-9652264
4381	http://purl.obolibrary.org/obo/go.owl#Pathway_R-HSA-177539
4382	http://purl.obolibrary.org/obo/go.owl#Reaction_R-HSA-1168640
4383	http://purl.obolibrary.org/obo/go.owl#Protein_TRPA1
4384	http://purl.obolibrary.org/obo/go.owl#Reaction_R-HSA-5665659
4385	http://purl.obolibrary.org/obo/go.owl#Reaction_R-HSA-6782141
4386	http://purl.obolibrary.org/obo/go.owl#Reaction_R-HSA-5651809
4387	http://purl.obolibrary.org/obo/go.owl#Reaction_R-HSA-9612514
4388	http://purl.obolibrary.org/obo/go.owl#Reaction_R-HSA-5617816
4389	http://purl.obolibrary.org/obo/go.owl#Reaction_R-HSA-9665408
4390	http://purl.obolibrary.org/obo/go.owl#Pathway_R-HSA-111452
4391	http://purl.obolibrary.org/obo/go.owl#Reaction_R-HSA-9680388
4392	http://purl.obolibrary.org/obo/go.owl#Reaction_R-HSA-9665707
4393	http://purl.obolibrary.org/obo/go.owl#Reaction_R-HSA-9674567
4394	http://purl.obolibrary.org/obo/go.owl#Reaction_R-HSA-6810235
4395	http://purl.obolibrary.org/obo/go.owl#Reaction_R-HSA-5679266
4396	http://purl.obolibrary.org/obo/go.owl#Reaction_R-HSA-68919
4397	http://purl.obolibrary.org/obo/go.owl#Reaction_R-HSA-5419279
4398	http://purl.obolibrary.org/obo/go.owl#Reaction_R-HSA-9865309
4399	http://purl.obolibrary.org/obo/go.owl#Pathway_R-HSA-8868773
4400	http://purl.obolibrary.org/obo/go.owl#Reaction_R-HSA-2671850
4401	http://purl.obolibrary.org/obo/go.owl#Reaction_R-HSA-3134914
4402	http://purl.obolibrary.org/obo/go.owl#Pathway_R-HSA-3134973
4403	http://purl.obolibrary.org/obo/go.owl#Reaction_R-HSA-9762209
4404	http://purl.obolibrary.org/obo/go.owl#Reaction_R-HSA-5692768
4405	http://purl.obolibrary.org/obo/go.owl#Reaction_R-HSA-983156
4406	http://purl.obolibrary.org/obo/go.owl#Reaction_R-HSA-8956040
4407	http://purl.obolibrary.org/obo/go.owl#Reaction_R-HSA-9724099
4408	http://purl.obolibrary.org/obo/go.owl#Reaction_R-HSA-6802932
4409	http://purl.obolibrary.org/obo/go.owl#Reaction_R-HSA-5362721
4410	http://purl.obolibrary.org/obo/go.owl#Reaction_R-HSA-912680
4411	http://purl.obolibrary.org/obo/go.owl#Reaction_R-HSA-9937394
4412	http://purl.obolibrary.org/obo/go.owl#Reaction_R-HSA-8853793
4413	http://purl.obolibrary.org/obo/go.owl#Reaction_R-HSA-9749098
4414	http://purl.obolibrary.org/obo/go.owl#Reaction_R-HSA-560510
4415	http://purl.obolibrary.org/obo/go.owl#Reaction_R-HSA-9707516
4416	http://purl.obolibrary.org/obo/go.owl#Pathway_R-HSA-9707616
4417	http://purl.obolibrary.org/obo/go.owl#Reaction_R-HSA-5357445
4418	http://purl.obolibrary.org/obo/go.owl#Reaction_R-HSA-8943003
4419	http://purl.obolibrary.org/obo/go.owl#Reaction_R-HSA-8985275
4420	http://purl.obolibrary.org/obo/go.owl#Reaction_R-HSA-452353
4421	http://purl.obolibrary.org/obo/go.owl#Reaction_R-HSA-9817400
4422	http://purl.obolibrary.org/obo/go.owl#Pathway_R-HSA-418555
4423	http://purl.obolibrary.org/obo/go.owl#Reaction_R-HSA-420883
4424	http://purl.obolibrary.org/obo/go.owl#Pathway_R-HSA-9692916
4425	http://purl.obolibrary.org/obo/go.owl#Reaction_R-HSA-2243942
4426	http://purl.obolibrary.org/obo/go.owl#Reaction_R-HSA-5661116
4427	http://purl.obolibrary.org/obo/go.owl#Pathway_R-HSA-2562578
4428	http://purl.obolibrary.org/obo/go.owl#Reaction_R-HSA-9794008
4429	http://purl.obolibrary.org/obo/go.owl#Reaction_R-HSA-5685838
4430	http://purl.obolibrary.org/obo/go.owl#Reaction_R-HSA-8952639
4431	http://purl.obolibrary.org/obo/go.owl#Reaction_R-HSA-927813
4432	http://purl.obolibrary.org/obo/go.owl#Reaction_R-HSA-9865520
4433	http://purl.obolibrary.org/obo/GO_0010389_instance
4434	http://purl.obolibrary.org/obo/go.owl#Pathway_R-HSA-168927
4435	http://purl.obolibrary.org/obo/go.owl#Reaction_R-HSA-5419281
4436	http://purl.obolibrary.org/obo/go.owl#Reaction_R-HSA-5635868
4437	http://purl.obolibrary.org/obo/go.owl#Reaction_R-HSA-1031713
4438	http://purl.obolibrary.org/obo/go.owl#Pathway_R-HSA-1474151
4439	http://purl.obolibrary.org/obo/go.owl#Pathway_R-HSA-156842
4440	http://purl.obolibrary.org/obo/go.owl#Reaction_R-HSA-5685011
4441	http://purl.obolibrary.org/obo/go.owl#Reaction_R-HSA-5632892
4442	http://purl.obolibrary.org/obo/go.owl#Pathway_R-HSA-8866376
4443	http://purl.obolibrary.org/obo/go.owl#Reaction_R-HSA-113429
4444	http://purl.obolibrary.org/obo/go.owl#Reaction_R-HSA-1980233
4445	http://purl.obolibrary.org/obo/go.owl#Reaction_R-HSA-199219
4446	http://purl.obolibrary.org/obo/go.owl#Reaction_R-HSA-437118
4447	http://purl.obolibrary.org/obo/go.owl#Reaction_R-HSA-9615571
4448	http://purl.obolibrary.org/obo/go.owl#Reaction_R-HSA-8932355
4449	http://purl.obolibrary.org/obo/go.owl#Reaction_R-HSA-8950637
4450	http://purl.obolibrary.org/obo/go.owl#Pathway_R-HSA-8950505
4451	http://purl.obolibrary.org/obo/go.owl#Reaction_R-HSA-9704408
4452	http://purl.obolibrary.org/obo/go.owl#Reaction_R-HSA-5623622
4453	http://purl.obolibrary.org/obo/go.owl#Pathway_R-HSA-5625740
4454	http://purl.obolibrary.org/obo/go.owl#Pathway_R-HSA-6803211
4455	http://purl.obolibrary.org/obo/go.owl#Reaction_R-HSA-9824222
4456	http://purl.obolibrary.org/obo/go.owl#Reaction_R-HSA-379426
4457	http://purl.obolibrary.org/obo/go.owl#Reaction_R-HSA-5658092
4458	http://purl.obolibrary.org/obo/go.owl#Pathway_R-HSA-977225
4459	http://purl.obolibrary.org/obo/go.owl#Reaction_R-HSA-9934755
4460	http://purl.obolibrary.org/obo/go.owl#Reaction_R-HSA-6814676
4461	http://purl.obolibrary.org/obo/go.owl#Reaction_R-HSA-8986083
4462	http://purl.obolibrary.org/obo/go.owl#Protein_UEVLD
4463	http://purl.obolibrary.org/obo/go.owl#Pathway_R-HSA-2132295
4464	http://purl.obolibrary.org/obo/go.owl#Pathway_R-HSA-210993
4465	http://purl.obolibrary.org/obo/go.owl#Reaction_R-HSA-186780
4466	http://purl.obolibrary.org/obo/go.owl#Reaction_R-HSA-9906017
4467	http://purl.obolibrary.org/obo/go.owl#Reaction_R-HSA-873921
4468	http://purl.obolibrary.org/obo/go.owl#Reaction_R-HSA-2468041
4469	http://purl.obolibrary.org/obo/go.owl#Reaction_R-HSA-8848436
4470	http://purl.obolibrary.org/obo/go.owl#Pathway_R-HSA-8849470
4471	http://purl.obolibrary.org/obo/go.owl#Reaction_R-HSA-164651
4472	http://purl.obolibrary.org/obo/go.owl#Reaction_R-HSA-9707690
4473	http://purl.obolibrary.org/obo/go.owl#Reaction_R-HSA-9757257
4474	http://purl.obolibrary.org/obo/go.owl#Reaction_R-HSA-1250353
4475	http://purl.obolibrary.org/obo/go.owl#Pathway_R-HSA-389977
4476	http://purl.obolibrary.org/obo/go.owl#Reaction_R-HSA-9008832
4477	http://purl.obolibrary.org/obo/go.owl#Reaction_R-HSA-9684118
4478	http://purl.obolibrary.org/obo/go.owl#Reaction_R-HSA-9645134
4479	http://purl.obolibrary.org/obo/go.owl#Reaction_R-HSA-1549564
4480	http://purl.obolibrary.org/obo/go.owl#Pathway_R-HSA-9768919
4481	http://purl.obolibrary.org/obo/go.owl#Reaction_R-HSA-1799326
4482	http://purl.obolibrary.org/obo/go.owl#Pathway_R-HSA-2022870
4483	http://purl.obolibrary.org/obo/go.owl#Reaction_R-HSA-5684887
4484	http://purl.obolibrary.org/obo/go.owl#Pathway_R-HSA-5693607
4485	http://purl.obolibrary.org/obo/go.owl#Pathway_R-HSA-6794361
4486	http://purl.obolibrary.org/obo/go.owl#Pathway_R-HSA-5654688
4487	http://purl.obolibrary.org/obo/go.owl#Reaction_R-HSA-72697
4488	http://purl.obolibrary.org/obo/go.owl#Pathway_R-HSA-2129379
4489	http://purl.obolibrary.org/obo/go.owl#Reaction_R-HSA-75090
4490	http://purl.obolibrary.org/obo/go.owl#Pathway_R-HSA-5675482
4491	http://purl.obolibrary.org/obo/go.owl#Reaction_R-HSA-9934893
4492	http://purl.obolibrary.org/obo/go.owl#Reaction_R-HSA-9855212
4493	http://purl.obolibrary.org/obo/go.owl#Reaction_R-HSA-177945
4494	http://purl.obolibrary.org/obo/go.owl#Reaction_R-HSA-9687435
4495	http://purl.obolibrary.org/obo/go.owl#Reaction_R-HSA-9014449
4496	http://purl.obolibrary.org/obo/go.owl#Reaction_R-HSA-6805638
4497	http://purl.obolibrary.org/obo/go.owl#Pathway_R-HSA-5083636
4498	http://purl.obolibrary.org/obo/go.owl#Pathway_R-HSA-844456
4499	http://purl.obolibrary.org/obo/go.owl#Reaction_R-HSA-5691001
4500	http://purl.obolibrary.org/obo/go.owl#Reaction_R-HSA-4717461
4501	http://purl.obolibrary.org/obo/go.owl#Reaction_R-HSA-9937403
4502	http://purl.obolibrary.org/obo/go.owl#Reaction_R-HSA-917730
4503	http://purl.obolibrary.org/obo/go.owl#Reaction_R-HSA-421835
4504	http://purl.obolibrary.org/obo/go.owl#Reaction_R-HSA-9709601
4505	http://purl.obolibrary.org/obo/go.owl#Pathway_R-HSA-9709603
4506	http://purl.obolibrary.org/obo/go.owl#Reaction_R-HSA-8850992
4507	http://purl.obolibrary.org/obo/go.owl#Protein_COMMD8
4508	http://purl.obolibrary.org/obo/go.owl#Reaction_R-HSA-9842839
4509	http://purl.obolibrary.org/obo/go.owl#Reaction_R-HSA-1839031
4510	http://purl.obolibrary.org/obo/go.owl#Reaction_R-HSA-9831948
4511	http://purl.obolibrary.org/obo/go.owl#Reaction_R-HSA-9645137
4512	http://purl.obolibrary.org/obo/go.owl#Pathway_R-HSA-9013957
4513	http://purl.obolibrary.org/obo/go.owl#Pathway_R-HSA-389542
4514	http://purl.obolibrary.org/obo/go.owl#Reaction_R-HSA-9736970
4515	http://purl.obolibrary.org/obo/go.owl#Reaction_R-HSA-9612516
4516	http://purl.obolibrary.org/obo/go.owl#Reaction_R-HSA-6800035
4517	http://purl.obolibrary.org/obo/go.owl#Reaction_R-HSA-5387392
4518	http://purl.obolibrary.org/obo/go.owl#Pathway_R-HSA-5362768
4519	http://purl.obolibrary.org/obo/go.owl#Pathway_R-HSA-9665233
4520	http://purl.obolibrary.org/obo/go.owl#Reaction_R-HSA-452108
4521	http://purl.obolibrary.org/obo/go.owl#Reaction_R-HSA-4088298
4522	http://purl.obolibrary.org/obo/go.owl#Reaction_R-HSA-9665278
4523	http://purl.obolibrary.org/obo/go.owl#Pathway_R-HSA-9665250
4524	http://purl.obolibrary.org/obo/go.owl#Pathway_R-HSA-9927426
4525	http://purl.obolibrary.org/obo/go.owl#Reaction_R-HSA-8964525
4526	http://purl.obolibrary.org/obo/go.owl#Reaction_R-HSA-3215448
4527	http://purl.obolibrary.org/obo/go.owl#Reaction_R-HSA-2201338
4528	http://purl.obolibrary.org/obo/go.owl#Reaction_R-HSA-9012268
4529	http://purl.obolibrary.org/obo/go.owl#Reaction_R-HSA-1963578
4530	http://purl.obolibrary.org/obo/go.owl#Reaction_R-HSA-9956308
4531	http://purl.obolibrary.org/obo/go.owl#Reaction_R-HSA-4396393
4532	http://purl.obolibrary.org/obo/go.owl#Reaction_R-HSA-114600
4533	http://purl.obolibrary.org/obo/go.owl#Reaction_R-HSA-9934024
4534	http://purl.obolibrary.org/obo/go.owl#Pathway_R-HSA-4755609
4535	http://purl.obolibrary.org/obo/go.owl#Reaction_R-HSA-8936621
4536	http://purl.obolibrary.org/obo/go.owl#Reaction_R-HSA-913675
4537	http://purl.obolibrary.org/obo/go.owl#Reaction_R-HSA-167150
4538	http://purl.obolibrary.org/obo/go.owl#Reaction_R-HSA-9734475
4539	http://purl.obolibrary.org/obo/go.owl#Reaction_R-HSA-8866856
4540	http://purl.obolibrary.org/obo/go.owl#Reaction_R-HSA-9932344
4541	http://purl.obolibrary.org/obo/go.owl#Reaction_R-HSA-139893
4542	http://purl.obolibrary.org/obo/go.owl#Reaction_R-HSA-8865276
4543	http://purl.obolibrary.org/obo/go.owl#Reaction_R-HSA-9018778
4544	http://purl.obolibrary.org/obo/go.owl#Reaction_R-HSA-77095
4545	http://purl.obolibrary.org/obo/go.owl#Protein_OR10Q1
4546	http://purl.obolibrary.org/obo/go.owl#Reaction_R-HSA-9752950
4547	http://purl.obolibrary.org/obo/go.owl#Pathway_R-HSA-9687136
4548	http://purl.obolibrary.org/obo/go.owl#Reaction_R-HSA-8964241
4549	http://purl.obolibrary.org/obo/go.owl#Reaction_R-HSA-5671749
4550	http://purl.obolibrary.org/obo/go.owl#Reaction_R-HSA-9943736
4551	http://purl.obolibrary.org/obo/go.owl#Reaction_R-HSA-443905
4552	http://purl.obolibrary.org/obo/go.owl#Reaction_R-HSA-8864453
4553	http://purl.obolibrary.org/obo/go.owl#Reaction_R-HSA-8877451
4554	http://purl.obolibrary.org/obo/go.owl#Reaction_R-HSA-9729279
4555	http://purl.obolibrary.org/obo/go.owl#Reaction_R-HSA-3200023
4556	http://purl.obolibrary.org/obo/go.owl#Reaction_R-HSA-8937022
4557	http://purl.obolibrary.org/obo/go.owl#Reaction_R-HSA-914018
4558	http://purl.obolibrary.org/obo/go.owl#Pathway_R-HSA-73776
4559	http://purl.obolibrary.org/obo/go.owl#Pathway_R-HSA-5689896
4560	http://purl.obolibrary.org/obo/go.owl#Reaction_R-HSA-976734
4561	http://purl.obolibrary.org/obo/go.owl#Pathway_R-HSA-2672351
4562	http://purl.obolibrary.org/obo/go.owl#Reaction_R-HSA-392530
4563	http://purl.obolibrary.org/obo/go.owl#Reaction_R-HSA-9833723
4564	http://purl.obolibrary.org/obo/go.owl#Pathway_R-HSA-9029569
4565	http://purl.obolibrary.org/obo/go.owl#Pathway_R-HSA-187577
4566	http://purl.obolibrary.org/obo/go.owl#Reaction_R-HSA-8983845
4567	http://purl.obolibrary.org/obo/go.owl#Reaction_R-HSA-9012651
4568	http://purl.obolibrary.org/obo/go.owl#Pathway_R-HSA-9027283
4569	http://purl.obolibrary.org/obo/go.owl#Reaction_R-HSA-190520
4570	http://purl.obolibrary.org/obo/go.owl#Reaction_R-HSA-5694415
4571	http://purl.obolibrary.org/obo/go.owl#Reaction_R-HSA-9665000
4572	http://purl.obolibrary.org/obo/go.owl#Reaction_R-HSA-5252001
4573	http://purl.obolibrary.org/obo/go.owl#Reaction_R-HSA-5682983
4574	http://purl.obolibrary.org/obo/go.owl#Protein_SMC2
4575	http://purl.obolibrary.org/obo/go.owl#Reaction_R-HSA-113407
4576	http://purl.obolibrary.org/obo/go.owl#Reaction_R-HSA-9033499
4577	http://purl.obolibrary.org/obo/go.owl#Pathway_R-HSA-5674135
4578	http://purl.obolibrary.org/obo/go.owl#Reaction_R-HSA-2022403
4579	http://purl.obolibrary.org/obo/go.owl#Reaction_R-HSA-6783238
4580	http://purl.obolibrary.org/obo/go.owl#Pathway_R-HSA-9692914
4581	http://purl.obolibrary.org/obo/go.owl#Reaction_R-HSA-4570467
4582	http://purl.obolibrary.org/obo/go.owl#Reaction_R-HSA-380782
4583	http://purl.obolibrary.org/obo/go.owl#Reaction_R-HSA-68914
4584	http://purl.obolibrary.org/obo/go.owl#Reaction_R-HSA-9729725
4585	http://purl.obolibrary.org/obo/go.owl#Reaction_R-HSA-429415
4586	http://purl.obolibrary.org/obo/go.owl#Reaction_R-HSA-8868230
4587	http://purl.obolibrary.org/obo/go.owl#Reaction_R-HSA-9909608
4588	http://purl.obolibrary.org/obo/go.owl#Reaction_R-HSA-373716
4589	http://purl.obolibrary.org/obo/go.owl#Reaction_R-HSA-176250
4590	http://purl.obolibrary.org/obo/go.owl#Pathway_R-HSA-112412
4591	http://purl.obolibrary.org/obo/go.owl#Reaction_R-HSA-1295613
4592	http://purl.obolibrary.org/obo/go.owl#Reaction_R-HSA-8862084
4593	http://purl.obolibrary.org/obo/go.owl#Pathway_R-HSA-5357786
4594	http://purl.obolibrary.org/obo/go.owl#Reaction_R-HSA-5655269
4595	http://purl.obolibrary.org/obo/go.owl#Reaction_R-HSA-2467798
4596	http://purl.obolibrary.org/obo/go.owl#Pathway_R-HSA-167590
4597	http://purl.obolibrary.org/obo/go.owl#Reaction_R-HSA-9843121
4598	http://purl.obolibrary.org/obo/go.owl#Reaction_R-HSA-177920
4599	http://purl.obolibrary.org/obo/go.owl#Pathway_R-HSA-177929
4600	http://purl.obolibrary.org/obo/go.owl#Reaction_R-HSA-5654566
4601	http://purl.obolibrary.org/obo/go.owl#Reaction_R-HSA-5687112
4602	http://purl.obolibrary.org/obo/go.owl#Pathway_R-HSA-8936459
4603	http://purl.obolibrary.org/obo/go.owl#Pathway_R-HSA-391908
4604	http://purl.obolibrary.org/obo/go.owl#Reaction_R-HSA-5324632
4605	http://purl.obolibrary.org/obo/go.owl#Reaction_R-HSA-927832
4606	http://purl.obolibrary.org/obo/go.owl#Reaction_R-HSA-4568863
4607	http://purl.obolibrary.org/obo/go.owl#Reaction_R-HSA-1168374
4608	http://purl.obolibrary.org/obo/go.owl#Reaction_R-HSA-1839067
4609	http://purl.obolibrary.org/obo/go.owl#Reaction_R-HSA-1839078
4610	http://purl.obolibrary.org/obo/go.owl#Reaction_R-HSA-4086216
4611	http://purl.obolibrary.org/obo/go.owl#Pathway_R-HSA-216083
4612	http://purl.obolibrary.org/obo/go.owl#Reaction_R-HSA-8951751
4613	http://purl.obolibrary.org/obo/go.owl#Pathway_R-HSA-1362277
4614	http://purl.obolibrary.org/obo/go.owl#Pathway_R-HSA-201451
4615	http://purl.obolibrary.org/obo/GO_0098772_instance
4616	http://purl.obolibrary.org/obo/go.owl#Reaction_R-HSA-508292
4617	http://purl.obolibrary.org/obo/go.owl#Protein_THEMIS
4618	http://purl.obolibrary.org/obo/go.owl#Reaction_R-HSA-180622
4619	http://purl.obolibrary.org/obo/go.owl#Reaction_R-HSA-9825848
4620	http://purl.obolibrary.org/obo/go.owl#Reaction_R-HSA-5696547
4621	http://purl.obolibrary.org/obo/go.owl#Reaction_R-HSA-195287
4622	http://purl.obolibrary.org/obo/go.owl#Reaction_R-HSA-77586
4623	http://purl.obolibrary.org/obo/go.owl#Reaction_R-HSA-9844438
4624	http://purl.obolibrary.org/obo/GO_1902750_instance
4625	http://purl.obolibrary.org/obo/go.owl#Pathway_R-HSA-9664417
4626	http://purl.obolibrary.org/obo/go.owl#Reaction_R-HSA-183084
4627	http://purl.obolibrary.org/obo/go.owl#Reaction_R-HSA-9821931
4628	http://purl.obolibrary.org/obo/go.owl#Reaction_R-HSA-4088306
4629	http://purl.obolibrary.org/obo/go.owl#Reaction_R-HSA-9664881
4630	http://purl.obolibrary.org/obo/go.owl#Reaction_R-HSA-9013143
4631	http://purl.obolibrary.org/obo/go.owl#Reaction_R-HSA-187552
4632	http://purl.obolibrary.org/obo/go.owl#Reaction_R-HSA-1606561
4633	http://purl.obolibrary.org/obo/go.owl#Reaction_R-HSA-9033509
4634	http://purl.obolibrary.org/obo/go.owl#Reaction_R-HSA-9731031
4635	http://purl.obolibrary.org/obo/GO_0006470_instance
4636	http://purl.obolibrary.org/obo/go.owl#Pathway_R-HSA-8878159
4637	http://purl.obolibrary.org/obo/go.owl#Reaction_R-HSA-196026
4638	http://purl.obolibrary.org/obo/go.owl#Reaction_R-HSA-399928
4639	http://purl.obolibrary.org/obo/go.owl#Reaction_R-HSA-9649736
4640	http://purl.obolibrary.org/obo/go.owl#Reaction_R-HSA-5672980
4641	http://purl.obolibrary.org/obo/go.owl#Reaction_R-HSA-3928616
4642	http://purl.obolibrary.org/obo/GO_1990778_instance
4643	http://purl.obolibrary.org/obo/go.owl#Reaction_R-HSA-560491
4644	http://purl.obolibrary.org/obo/go.owl#Reaction_R-HSA-3928648
4645	http://purl.obolibrary.org/obo/go.owl#Reaction_R-HSA-1989749
4646	http://purl.obolibrary.org/obo/go.owl#Reaction_R-HSA-5096537
4647	http://purl.obolibrary.org/obo/go.owl#Reaction_R-HSA-9861640
4648	http://purl.obolibrary.org/obo/go.owl#Reaction_R-HSA-4717521
4649	http://purl.obolibrary.org/obo/go.owl#Reaction_R-HSA-9018794
4650	http://purl.obolibrary.org/obo/go.owl#Reaction_R-HSA-9610270
4651	http://purl.obolibrary.org/obo/go.owl#Pathway_R-HSA-9753510
4652	http://purl.obolibrary.org/obo/go.owl#Reaction_R-HSA-9604294
4653	http://purl.obolibrary.org/obo/go.owl#Reaction_R-NUL-4551334
4654	http://purl.obolibrary.org/obo/go.owl#Reaction_R-HSA-9733207
4655	http://purl.obolibrary.org/obo/go.owl#Reaction_R-HSA-5693566
4656	http://purl.obolibrary.org/obo/go.owl#Reaction_R-HSA-4551661
4657	http://purl.obolibrary.org/obo/go.owl#Reaction_R-HSA-2029469
4658	http://purl.obolibrary.org/obo/go.owl#Reaction_R-HSA-5357479
4659	http://purl.obolibrary.org/obo/go.owl#Pathway_R-HSA-9953078
4660	http://purl.obolibrary.org/obo/go.owl#Reaction_R-HSA-9836515
4661	http://purl.obolibrary.org/obo/go.owl#Reaction_R-HSA-9665698
4662	http://purl.obolibrary.org/obo/go.owl#Reaction_R-HSA-389523
4663	http://purl.obolibrary.org/obo/go.owl#Reaction_R-HSA-8952626
4664	http://purl.obolibrary.org/obo/go.owl#Pathway_R-HSA-182218
4665	http://purl.obolibrary.org/obo/go.owl#Reaction_R-HSA-3364014
4666	http://purl.obolibrary.org/obo/go.owl#Reaction_R-HSA-1963563
4667	http://purl.obolibrary.org/obo/go.owl#Pathway_R-HSA-162791
4668	http://purl.obolibrary.org/obo/go.owl#Reaction_R-HSA-5228523
4669	http://purl.obolibrary.org/obo/go.owl#Reaction_R-HSA-6782004
4670	http://purl.obolibrary.org/obo/go.owl#Reaction_R-HSA-5666008
4671	http://purl.obolibrary.org/obo/go.owl#Reaction_R-HSA-2976563
4672	http://purl.obolibrary.org/obo/go.owl#Reaction_R-HSA-2990833
4673	http://purl.obolibrary.org/obo/go.owl#Reaction_R-HSA-6785178
4674	http://purl.obolibrary.org/obo/go.owl#Pathway_R-HSA-8963889
4675	http://purl.obolibrary.org/obo/go.owl#Reaction_R-HSA-8936599
4676	http://purl.obolibrary.org/obo/go.owl#Reaction_R-HSA-2470555
4677	http://purl.obolibrary.org/obo/go.owl#Reaction_R-HSA-9604499
4678	http://purl.obolibrary.org/obo/go.owl#Reaction_R-HSA-1592250
4679	http://purl.obolibrary.org/obo/go.owl#Pathway_R-HSA-5467348
4680	http://purl.obolibrary.org/obo/go.owl#Reaction_R-HSA-8851899
4681	http://purl.obolibrary.org/obo/go.owl#Pathway_R-HSA-8851805
4682	http://purl.obolibrary.org/obo/go.owl#Reaction_R-HSA-9013024
4683	http://purl.obolibrary.org/obo/go.owl#Reaction_R-HSA-9934028
4684	http://purl.obolibrary.org/obo/go.owl#Reaction_R-HSA-9908186
4685	http://purl.obolibrary.org/obo/go.owl#Pathway_R-HSA-9907900
4686	http://purl.obolibrary.org/obo/go.owl#Reaction_R-HSA-9836500
4687	http://purl.obolibrary.org/obo/go.owl#Reaction_R-HSA-3928625
4688	http://purl.obolibrary.org/obo/go.owl#Reaction_R-HSA-8952232
4689	http://purl.obolibrary.org/obo/go.owl#Reaction_R-HSA-5637808
4690	http://purl.obolibrary.org/obo/go.owl#Reaction_R-HSA-9699578
4691	http://purl.obolibrary.org/obo/go.owl#Reaction_R-HSA-8849353
4692	http://purl.obolibrary.org/obo/go.owl#Pathway_R-HSA-9933939
4693	http://purl.obolibrary.org/obo/go.owl#Reaction_R-HSA-706479
4694	http://purl.obolibrary.org/obo/go.owl#Reaction_R-HSA-397835
4695	http://purl.obolibrary.org/obo/go.owl#Reaction_R-HSA-4641342
4696	http://purl.obolibrary.org/obo/go.owl#Pathway_R-HSA-209560
4697	http://purl.obolibrary.org/obo/go.owl#Reaction_R-HSA-113413
4698	http://purl.obolibrary.org/obo/go.owl#Reaction_R-HSA-1592236
4699	http://purl.obolibrary.org/obo/go.owl#Pathway_R-HSA-2151201
4700	http://purl.obolibrary.org/obo/go.owl#Reaction_R-HSA-5334050
4701	http://purl.obolibrary.org/obo/go.owl#Reaction_R-HSA-936412
4702	http://purl.obolibrary.org/obo/go.owl#Pathway_R-HSA-9022702
4703	http://purl.obolibrary.org/obo/go.owl#Pathway_R-HSA-70268
4704	http://purl.obolibrary.org/obo/go.owl#Reaction_R-HSA-8866854
4705	http://purl.obolibrary.org/obo/go.owl#Reaction_R-HSA-382054
4706	http://purl.obolibrary.org/obo/go.owl#Reaction_R-HSA-9033236
4707	http://purl.obolibrary.org/obo/go.owl#Pathway_R-HSA-167246
4708	http://purl.obolibrary.org/obo/go.owl#Reaction_R-HSA-1306969
4709	http://purl.obolibrary.org/obo/go.owl#Reaction_R-HSA-9925892
4710	http://purl.obolibrary.org/obo/go.owl#Reaction_R-HSA-5635854
4711	http://purl.obolibrary.org/obo/go.owl#Reaction_R-HSA-1655849
4712	http://purl.obolibrary.org/obo/go.owl#Reaction_R-HSA-74742
4713	http://purl.obolibrary.org/obo/go.owl#Reaction_R-HSA-2076220
4714	http://purl.obolibrary.org/obo/go.owl#Pathway_R-HSA-9706019
4715	http://purl.obolibrary.org/obo/go.owl#Reaction_R-HSA-392513
4716	http://purl.obolibrary.org/obo/go.owl#Protein_ANO2
4717	http://purl.obolibrary.org/obo/go.owl#Reaction_R-HSA-9686920
4718	http://purl.obolibrary.org/obo/go.owl#Pathway_R-HSA-8854518
4719	http://purl.obolibrary.org/obo/go.owl#Reaction_R-HSA-9712204
4720	http://purl.obolibrary.org/obo/go.owl#Reaction_R-HSA-2396599
4721	http://purl.obolibrary.org/obo/go.owl#Reaction_R-HSA-170825
4722	http://purl.obolibrary.org/obo/go.owl#Reaction_R-HSA-8963734
4723	http://purl.obolibrary.org/obo/go.owl#Reaction_R-HSA-9836227
4724	http://purl.obolibrary.org/obo/go.owl#Reaction_R-HSA-936475
4725	http://purl.obolibrary.org/obo/go.owl#Pathway_R-HSA-9013424
4726	http://purl.obolibrary.org/obo/go.owl#Reaction_R-HSA-9686338
4727	http://purl.obolibrary.org/obo/go.owl#Pathway_R-HSA-9692913
4728	http://purl.obolibrary.org/obo/go.owl#Reaction_R-HSA-373061
4729	http://purl.obolibrary.org/obo/go.owl#Reaction_R-HSA-5676595
4730	http://purl.obolibrary.org/obo/go.owl#Reaction_R-HSA-6805126
4731	http://purl.obolibrary.org/obo/go.owl#Reaction_R-HSA-5682629
4732	http://purl.obolibrary.org/obo/go.owl#Reaction_R-HSA-3769392
4733	http://purl.obolibrary.org/obo/go.owl#Reaction_R-HSA-6810139
4734	http://purl.obolibrary.org/obo/go.owl#Reaction_R-HSA-5625849
4735	http://purl.obolibrary.org/obo/GO_0032774_instance
4736	http://purl.obolibrary.org/obo/go.owl#Reaction_R-HSA-508369
4737	http://purl.obolibrary.org/obo/go.owl#Pathway_R-HSA-70895
4738	http://purl.obolibrary.org/obo/go.owl#Reaction_R-HSA-8956200
4739	http://purl.obolibrary.org/obo/go.owl#Pathway_R-HSA-5693568
4740	http://purl.obolibrary.org/obo/go.owl#Reaction_R-HSA-69015
4741	http://purl.obolibrary.org/obo/go.owl#Reaction_R-HSA-3364042
4742	http://purl.obolibrary.org/obo/go.owl#Reaction_R-HSA-9610166
4743	http://purl.obolibrary.org/obo/go.owl#Reaction_R-HSA-5654709
4744	http://purl.obolibrary.org/obo/go.owl#Protein_LYSMD3
4745	http://purl.obolibrary.org/obo/go.owl#Reaction_R-HSA-446870
4746	http://purl.obolibrary.org/obo/go.owl#Reaction_R-HSA-933537
4747	http://purl.obolibrary.org/obo/go.owl#Reaction_R-HSA-451758
4748	http://purl.obolibrary.org/obo/go.owl#Reaction_R-HSA-8877902
4749	http://purl.obolibrary.org/obo/go.owl#Reaction_R-HSA-9014294
4750	http://purl.obolibrary.org/obo/go.owl#Reaction_R-HSA-5685318
4751	http://purl.obolibrary.org/obo/go.owl#Reaction_R-HSA-8867756
4752	http://purl.obolibrary.org/obo/go.owl#Reaction_R-HSA-9854128
4753	http://purl.obolibrary.org/obo/go.owl#Reaction_R-HSA-5694435
4754	http://purl.obolibrary.org/obo/go.owl#Reaction_R-HSA-426489
4755	http://purl.obolibrary.org/obo/go.owl#Protein_MASTL
4756	http://purl.obolibrary.org/obo/go.owl#Pathway_R-HSA-9652282
4757	http://purl.obolibrary.org/obo/go.owl#Reaction_R-HSA-450063
4758	http://purl.obolibrary.org/obo/go.owl#Reaction_R-HSA-9032751
4759	http://purl.obolibrary.org/obo/go.owl#Reaction_R-HSA-73729
4760	http://purl.obolibrary.org/obo/go.owl#Reaction_R-HSA-9733772
4761	http://purl.obolibrary.org/obo/go.owl#Reaction_R-HSA-167121
4762	http://purl.obolibrary.org/obo/go.owl#Reaction_R-HSA-156907
4763	http://purl.obolibrary.org/obo/go.owl#Reaction_R-HSA-5205799
4764	http://purl.obolibrary.org/obo/go.owl#Reaction_R-HSA-391866
4765	http://purl.obolibrary.org/obo/go.owl#Pathway_R-HSA-2979096
4766	http://purl.obolibrary.org/obo/go.owl#Reaction_R-HSA-4341016
4767	http://purl.obolibrary.org/obo/go.owl#Reaction_R-HSA-442739
4768	http://purl.obolibrary.org/obo/go.owl#Reaction_R-HSA-201669
4769	http://purl.obolibrary.org/obo/go.owl#Reaction_R-HSA-1855168
4770	http://purl.obolibrary.org/obo/go.owl#Reaction_R-HSA-167284
4771	http://purl.obolibrary.org/obo/go.owl#Reaction_R-HSA-9757951
4772	http://purl.obolibrary.org/obo/go.owl#Pathway_R-HSA-5578775
4773	http://purl.obolibrary.org/obo/go.owl#Pathway_R-HSA-380259
4774	http://purl.obolibrary.org/obo/go.owl#Reaction_R-HSA-8987007
4775	http://purl.obolibrary.org/obo/go.owl#Reaction_R-HSA-176264
4776	http://purl.obolibrary.org/obo/go.owl#Pathway_R-HSA-2142770
4777	http://purl.obolibrary.org/obo/go.owl#Reaction_R-HSA-198270
4778	http://purl.obolibrary.org/obo/go.owl#Reaction_R-HSA-8852298
4779	http://purl.obolibrary.org/obo/go.owl#Reaction_R-HSA-1295540
4780	http://purl.obolibrary.org/obo/go.owl#Reaction_R-HSA-5668978
4781	http://purl.obolibrary.org/obo/go.owl#Reaction_R-HSA-5617642
4782	http://purl.obolibrary.org/obo/go.owl#Pathway_R-HSA-9020958
4783	http://purl.obolibrary.org/obo/go.owl#Reaction_R-HSA-8867044
4784	http://purl.obolibrary.org/obo/go.owl#Reaction_R-HSA-109699
4785	http://purl.obolibrary.org/obo/go.owl#Reaction_R-HSA-6810376
4786	http://purl.obolibrary.org/obo/go.owl#Reaction_R-HSA-508451
4787	http://purl.obolibrary.org/obo/go.owl#Reaction_R-HSA-3321883
4788	http://purl.obolibrary.org/obo/go.owl#Reaction_R-HSA-3341296
4789	http://purl.obolibrary.org/obo/go.owl#Reaction_R-HSA-5610757
4790	http://purl.obolibrary.org/obo/go.owl#Reaction_R-HSA-2468287
4791	http://purl.obolibrary.org/obo/go.owl#Reaction_R-HSA-68948
4792	http://purl.obolibrary.org/obo/go.owl#Pathway_R-HSA-69239
4793	http://purl.obolibrary.org/obo/go.owl#Protein_PDIA4
4794	http://purl.obolibrary.org/obo/go.owl#Reaction_R-HSA-9013979
4795	http://purl.obolibrary.org/obo/go.owl#Pathway_R-HSA-9679504
4796	http://purl.obolibrary.org/obo/go.owl#Reaction_R-HSA-8955245
4797	http://purl.obolibrary.org/obo/go.owl#Pathway_R-HSA-9768727
4798	http://purl.obolibrary.org/obo/go.owl#Reaction_R-HSA-351894
4799	http://purl.obolibrary.org/obo/go.owl#Reaction_R-HSA-9657599
4800	http://purl.obolibrary.org/obo/go.owl#Reaction_R-HSA-202466
4801	http://purl.obolibrary.org/obo/go.owl#Pathway_R-HSA-416476
4802	http://purl.obolibrary.org/obo/go.owl#Reaction_R-HSA-1235070
4803	http://purl.obolibrary.org/obo/GO_0030154_instance
4804	http://purl.obolibrary.org/obo/go.owl#Reaction_R-HSA-8952408
4805	http://purl.obolibrary.org/obo/go.owl#Pathway_R-HSA-8941858
4806	http://purl.obolibrary.org/obo/go.owl#Reaction_R-HSA-9854142
4807	http://purl.obolibrary.org/obo/go.owl#Reaction_R-HSA-9694364
4808	http://purl.obolibrary.org/obo/go.owl#Reaction_R-HSA-9854141
4809	http://purl.obolibrary.org/obo/go.owl#Reaction_R-HSA-9665304
4810	http://purl.obolibrary.org/obo/go.owl#Reaction_R-HSA-75864
4811	http://purl.obolibrary.org/obo/go.owl#Reaction_R-HSA-5693148
4812	http://purl.obolibrary.org/obo/go.owl#Reaction_R-HSA-9664646
4813	http://purl.obolibrary.org/obo/go.owl#Reaction_R-HSA-163090
4814	http://purl.obolibrary.org/obo/go.owl#Pathway_R-HSA-171319
4815	http://purl.obolibrary.org/obo/go.owl#Reaction_R-HSA-1638821
4816	http://purl.obolibrary.org/obo/go.owl#Reaction_R-HSA-9842649
4817	http://purl.obolibrary.org/obo/go.owl#Pathway_R-HSA-2029481
4818	http://purl.obolibrary.org/obo/go.owl#Reaction_R-HSA-8878679
4819	http://purl.obolibrary.org/obo/go.owl#Reaction_R-HSA-9708497
4820	http://purl.obolibrary.org/obo/go.owl#Reaction_R-HSA-6804193
4821	http://purl.obolibrary.org/obo/go.owl#Reaction_R-HSA-202248
4822	http://purl.obolibrary.org/obo/go.owl#Pathway_R-HSA-9013026
4823	http://purl.obolibrary.org/obo/go.owl#Reaction_R-HSA-156910
4824	http://purl.obolibrary.org/obo/go.owl#Reaction_R-HSA-5655277
4825	http://purl.obolibrary.org/obo/go.owl#Reaction_R-HSA-167153
4826	http://purl.obolibrary.org/obo/go.owl#Reaction_R-HSA-9710294
4827	http://purl.obolibrary.org/obo/go.owl#Pathway_R-HSA-936440
4828	http://purl.obolibrary.org/obo/go.owl#Reaction_R-HSA-5687086
4829	http://purl.obolibrary.org/obo/go.owl#Reaction_R-HSA-2520883
4830	http://purl.obolibrary.org/obo/go.owl#Reaction_R-HSA-5625424
4831	http://purl.obolibrary.org/obo/go.owl#Protein_DOP1B
4832	http://purl.obolibrary.org/obo/go.owl#Reaction_R-HSA-9911214
4833	http://purl.obolibrary.org/obo/go.owl#Reaction_R-HSA-139842
4834	http://purl.obolibrary.org/obo/go.owl#Reaction_R-HSA-379977
4835	http://purl.obolibrary.org/obo/go.owl#Pathway_R-HSA-9766229
4836	http://purl.obolibrary.org/obo/go.owl#Pathway_R-HSA-5619107
4837	http://purl.obolibrary.org/obo/go.owl#Reaction_R-HSA-3000411
4838	http://purl.obolibrary.org/obo/go.owl#Protein_GTSF1L
4839	http://purl.obolibrary.org/obo/go.owl#Reaction_R-HSA-9011950
4840	http://purl.obolibrary.org/obo/go.owl#Reaction_R-HSA-9754839
4841	http://purl.obolibrary.org/obo/go.owl#Reaction_R-HSA-9018017
4842	http://purl.obolibrary.org/obo/go.owl#Pathway_R-HSA-71403
4843	http://purl.obolibrary.org/obo/go.owl#Pathway_R-HSA-379716
4844	http://purl.obolibrary.org/obo/go.owl#Reaction_R-HSA-167484
4845	http://purl.obolibrary.org/obo/go.owl#Reaction_R-HSA-418581
4846	http://purl.obolibrary.org/obo/go.owl#Reaction_R-HSA-5625774
4847	http://purl.obolibrary.org/obo/go.owl#Reaction_R-HSA-1650808
4848	http://purl.obolibrary.org/obo/go.owl#Reaction_R-HSA-9648114
4849	http://purl.obolibrary.org/obo/go.owl#Pathway_R-HSA-432722
4850	http://purl.obolibrary.org/obo/go.owl#Pathway_R-HSA-5083625
4851	http://purl.obolibrary.org/obo/go.owl#Reaction_R-HSA-449958
4852	http://purl.obolibrary.org/obo/go.owl#Reaction_R-HSA-9710963
4853	http://purl.obolibrary.org/obo/go.owl#Reaction_R-HSA-193643
4854	http://purl.obolibrary.org/obo/go.owl#Pathway_R-HSA-193670
4855	http://purl.obolibrary.org/obo/go.owl#Reaction_R-HSA-1799329
4856	http://purl.obolibrary.org/obo/go.owl#Reaction_R-HSA-9821941
4857	http://purl.obolibrary.org/obo/go.owl#Reaction_R-HSA-9843120
4858	http://purl.obolibrary.org/obo/go.owl#Reaction_R-HSA-9686922
4859	http://purl.obolibrary.org/obo/go.owl#Reaction_R-HSA-8850041
4860	http://purl.obolibrary.org/obo/go.owl#Pathway_R-HSA-6811436
4861	http://purl.obolibrary.org/obo/go.owl#Reaction_R-HSA-8954110
4862	http://purl.obolibrary.org/obo/go.owl#Reaction_R-HSA-177941
4863	http://purl.obolibrary.org/obo/go.owl#Reaction_R-HSA-182186
4864	http://purl.obolibrary.org/obo/go.owl#Reaction_R-HSA-909719
4865	http://purl.obolibrary.org/obo/go.owl#Reaction_R-HSA-9844598
4866	http://purl.obolibrary.org/obo/go.owl#Reaction_R-HSA-450551
4867	http://purl.obolibrary.org/obo/go.owl#Reaction_R-HSA-8961665
4868	http://purl.obolibrary.org/obo/go.owl#Reaction_R-HSA-179421
4869	http://purl.obolibrary.org/obo/go.owl#Reaction_R-HSA-68825
4870	http://purl.obolibrary.org/obo/go.owl#Reaction_R-HSA-9825790
4871	http://purl.obolibrary.org/obo/go.owl#Reaction_R-HSA-1524182
4872	http://purl.obolibrary.org/obo/go.owl#Pathway_R-HSA-186797
4873	http://purl.obolibrary.org/obo/go.owl#Reaction_R-HSA-5683405
4874	http://purl.obolibrary.org/obo/go.owl#Reaction_R-HSA-6814678
4875	http://purl.obolibrary.org/obo/go.owl#Reaction_R-HSA-163120
4876	http://purl.obolibrary.org/obo/go.owl#Pathway_R-HSA-9934037
4877	http://purl.obolibrary.org/obo/go.owl#Reaction_R-HSA-9610867
4878	http://purl.obolibrary.org/obo/go.owl#Reaction_R-HSA-1168894
4879	http://purl.obolibrary.org/obo/go.owl#Pathway_R-HSA-5632684
4880	http://purl.obolibrary.org/obo/go.owl#Reaction_R-HSA-5693584
4881	http://purl.obolibrary.org/obo/go.owl#Reaction_R-HSA-2672196
4882	http://purl.obolibrary.org/obo/go.owl#Reaction_R-HSA-6803946
4883	http://purl.obolibrary.org/obo/go.owl#Reaction_R-HSA-1225947
4884	http://purl.obolibrary.org/obo/go.owl#Pathway_R-HSA-156902
4885	http://purl.obolibrary.org/obo/go.owl#Reaction_R-HSA-9839371
4886	http://purl.obolibrary.org/obo/go.owl#Reaction_R-HSA-8951442
4887	http://purl.obolibrary.org/obo/go.owl#Pathway_R-HSA-9020956
4888	http://purl.obolibrary.org/obo/go.owl#Reaction_R-HSA-167136
4889	http://purl.obolibrary.org/obo/go.owl#Pathway_R-HSA-69166
4890	http://purl.obolibrary.org/obo/go.owl#Reaction_R-HSA-8985485
4891	http://purl.obolibrary.org/obo/go.owl#Reaction_R-HSA-5218832
4892	http://purl.obolibrary.org/obo/go.owl#Reaction_R-HSA-8957265
4893	http://purl.obolibrary.org/obo/go.owl#Protein_NUDCD3
4894	http://purl.obolibrary.org/obo/go.owl#Pathway_R-HSA-5358747
4895	http://purl.obolibrary.org/obo/go.owl#Reaction_R-HSA-9018826
4896	http://purl.obolibrary.org/obo/go.owl#Reaction_R-HSA-8877475
4897	http://purl.obolibrary.org/obo/go.owl#Reaction_R-HSA-8876246
4898	http://purl.obolibrary.org/obo/go.owl#Reaction_R-HSA-6804194
4899	http://purl.obolibrary.org/obo/go.owl#Reaction_R-HSA-507775
4900	http://purl.obolibrary.org/obo/go.owl#Reaction_R-HSA-5655233
4901	http://purl.obolibrary.org/obo/go.owl#Reaction_R-HSA-8854899
4902	http://purl.obolibrary.org/obo/go.owl#Reaction_R-HSA-9860290
4903	http://purl.obolibrary.org/obo/go.owl#Reaction_R-HSA-1861595
4904	http://purl.obolibrary.org/obo/go.owl#Reaction_R-HSA-3769391
4905	http://purl.obolibrary.org/obo/go.owl#Pathway_R-HSA-380320
4906	http://purl.obolibrary.org/obo/go.owl#Reaction_R-HSA-6788582
4907	http://purl.obolibrary.org/obo/go.owl#Reaction_R-HSA-1912415
4908	http://purl.obolibrary.org/obo/go.owl#Reaction_R-HSA-388832
4909	http://purl.obolibrary.org/obo/go.owl#Reaction_R-HSA-5658430
4910	http://purl.obolibrary.org/obo/go.owl#Reaction_R-HSA-9716838
4911	http://purl.obolibrary.org/obo/go.owl#Reaction_R-HSA-167133
4912	http://purl.obolibrary.org/obo/go.owl#Protein_PLEKHA2
4913	http://purl.obolibrary.org/obo/go.owl#Reaction_R-HSA-5686315
4914	http://purl.obolibrary.org/obo/go.owl#Reaction_R-HSA-9008215
4915	http://purl.obolibrary.org/obo/go.owl#Pathway_R-HSA-75035
4916	http://purl.obolibrary.org/obo/go.owl#Reaction_R-HSA-5682377
4917	http://purl.obolibrary.org/obo/go.owl#Reaction_R-HSA-6782943
4918	http://purl.obolibrary.org/obo/go.owl#Reaction_R-HSA-9768614
4919	http://purl.obolibrary.org/obo/go.owl#Reaction_R-HSA-5669158
4920	http://purl.obolibrary.org/obo/go.owl#Protein_SUCO
4921	http://purl.obolibrary.org/obo/go.owl#Reaction_R-HSA-9664332
4922	http://purl.obolibrary.org/obo/go.owl#Reaction_R-HSA-2197698
4923	http://purl.obolibrary.org/obo/go.owl#Reaction_R-HSA-5694409
4924	http://purl.obolibrary.org/obo/go.owl#Pathway_R-HSA-174490
4925	http://purl.obolibrary.org/obo/go.owl#Pathway_R-HSA-3232118
4926	http://purl.obolibrary.org/obo/go.owl#Reaction_R-HSA-5252133
4927	http://purl.obolibrary.org/obo/go.owl#Reaction_R-HSA-3662335
4928	http://purl.obolibrary.org/obo/go.owl#Reaction_R-HSA-5607741
4929	http://purl.obolibrary.org/obo/go.owl#Reaction_R-HSA-8852337
4930	http://purl.obolibrary.org/obo/go.owl#Reaction_R-HSA-111898
4931	http://purl.obolibrary.org/obo/go.owl#Pathway_R-HSA-532668
4932	http://purl.obolibrary.org/obo/go.owl#Reaction_R-HSA-9859188
4933	http://purl.obolibrary.org/obo/go.owl#Reaction_R-HSA-9652277
4934	http://purl.obolibrary.org/obo/go.owl#Reaction_R-HSA-2671872
4935	http://purl.obolibrary.org/obo/go.owl#Reaction_R-HSA-8952226
4936	http://purl.obolibrary.org/obo/go.owl#Reaction_R-HSA-8876193
4937	http://purl.obolibrary.org/obo/go.owl#Reaction_R-HSA-9927438
4938	http://purl.obolibrary.org/obo/go.owl#Reaction_R-HSA-430311
4939	http://purl.obolibrary.org/obo/go.owl#Reaction_R-HSA-8852132
4940	http://purl.obolibrary.org/obo/go.owl#Reaction_R-HSA-888572
4941	http://purl.obolibrary.org/obo/go.owl#Pathway_R-HSA-888568
4942	http://purl.obolibrary.org/obo/go.owl#Reaction_R-HSA-9954727
4943	http://purl.obolibrary.org/obo/go.owl#Reaction_R-HSA-5685156
4944	http://purl.obolibrary.org/obo/go.owl#Reaction_R-HSA-164507
4945	http://purl.obolibrary.org/obo/go.owl#Reaction_R-HSA-933533
4946	http://purl.obolibrary.org/obo/go.owl#Pathway_R-HSA-933541
4947	http://purl.obolibrary.org/obo/GO_0071013_instance
4948	http://purl.obolibrary.org/obo/go.owl#Reaction_R-HSA-9683687
4949	http://purl.obolibrary.org/obo/go.owl#Reaction_R-HSA-1839114
4950	http://purl.obolibrary.org/obo/go.owl#Pathway_R-HSA-193634
4951	http://purl.obolibrary.org/obo/go.owl#Reaction_R-HSA-3465459
4952	http://purl.obolibrary.org/obo/go.owl#Reaction_R-HSA-9670426
4953	http://purl.obolibrary.org/obo/go.owl#Reaction_R-HSA-5686318
4954	http://purl.obolibrary.org/obo/go.owl#Reaction_R-HSA-2219524
4955	http://purl.obolibrary.org/obo/go.owl#Reaction_R-HSA-6798743
4956	http://purl.obolibrary.org/obo/go.owl#Reaction_R-HSA-9729849
4957	http://purl.obolibrary.org/obo/go.owl#Reaction_R-HSA-2473151
4958	http://purl.obolibrary.org/obo/go.owl#Pathway_R-HSA-2468052
4959	http://purl.obolibrary.org/obo/go.owl#Reaction_R-HSA-9659782
4960	http://purl.obolibrary.org/obo/go.owl#Reaction_R-HSA-166175
4961	http://purl.obolibrary.org/obo/go.owl#Pathway_R-HSA-180910
4962	http://purl.obolibrary.org/obo/go.owl#Reaction_R-HSA-9018594
4963	http://purl.obolibrary.org/obo/go.owl#Reaction_R-HSA-5578744
4964	http://purl.obolibrary.org/obo/go.owl#Pathway_R-HSA-69205
4965	http://purl.obolibrary.org/obo/go.owl#Reaction_R-HSA-879798
4966	http://purl.obolibrary.org/obo/go.owl#Reaction_R-HSA-870477
4967	http://purl.obolibrary.org/obo/go.owl#Reaction_R-HSA-5205861
4968	http://purl.obolibrary.org/obo/go.owl#Reaction_R-HSA-8939852
4969	http://purl.obolibrary.org/obo/go.owl#Reaction_R-HSA-9937374
4970	http://purl.obolibrary.org/obo/go.owl#Reaction_R-HSA-8878266
4971	http://purl.obolibrary.org/obo/go.owl#Reaction_R-HSA-379848
4972	http://purl.obolibrary.org/obo/go.owl#Reaction_R-HSA-187575
4973	http://purl.obolibrary.org/obo/go.owl#Reaction_R-HSA-9021601
4974	http://purl.obolibrary.org/obo/go.owl#Reaction_R-HSA-9725855
4975	http://purl.obolibrary.org/obo/go.owl#Reaction_R-HSA-9755777
4976	http://purl.obolibrary.org/obo/go.owl#Reaction_R-HSA-354060
4977	http://purl.obolibrary.org/obo/go.owl#Reaction_R-HSA-5690991
4978	http://purl.obolibrary.org/obo/go.owl#Reaction_R-HSA-373738
4979	http://purl.obolibrary.org/obo/go.owl#Reaction_R-HSA-6805981
4980	http://purl.obolibrary.org/obo/go.owl#Reaction_R-HSA-5357828
4981	http://purl.obolibrary.org/obo/go.owl#Reaction_R-HSA-379415
4982	http://purl.obolibrary.org/obo/go.owl#Reaction_R-HSA-6792863
4983	http://purl.obolibrary.org/obo/go.owl#Reaction_R-HSA-8943817
4984	http://purl.obolibrary.org/obo/go.owl#Reaction_R-HSA-5173192
4985	http://purl.obolibrary.org/obo/go.owl#Reaction_R-HSA-2559439
4986	http://purl.obolibrary.org/obo/go.owl#Reaction_R-HSA-1918092
4987	http://purl.obolibrary.org/obo/go.owl#Pathway_R-HSA-8951430
4988	http://purl.obolibrary.org/obo/go.owl#Reaction_R-HSA-9668395
4989	http://purl.obolibrary.org/obo/go.owl#Reaction_R-HSA-418579
4990	http://purl.obolibrary.org/obo/go.owl#Pathway_R-HSA-418592
4991	http://purl.obolibrary.org/obo/go.owl#Reaction_R-HSA-176585
4992	http://purl.obolibrary.org/obo/go.owl#Pathway_R-HSA-156584
4993	http://purl.obolibrary.org/obo/go.owl#Reaction_R-HSA-8964482
4994	http://purl.obolibrary.org/obo/go.owl#Reaction_R-HSA-5682388
4995	http://purl.obolibrary.org/obo/go.owl#Reaction_R-HSA-418925
4996	http://purl.obolibrary.org/obo/go.owl#Reaction_R-HSA-9704330
4997	http://purl.obolibrary.org/obo/go.owl#Reaction_R-HSA-1250346
4998	http://purl.obolibrary.org/obo/go.owl#Pathway_R-HSA-937039
4999	http://purl.obolibrary.org/obo/go.owl#Reaction_R-HSA-4615839
5000	http://purl.obolibrary.org/obo/go.owl#Reaction_R-HSA-186765
5001	http://purl.obolibrary.org/obo/go.owl#Pathway_R-HSA-9865113
5002	http://purl.obolibrary.org/obo/go.owl#Reaction_R-HSA-2172678
5003	http://purl.obolibrary.org/obo/go.owl#Pathway_R-HSA-5339716
5004	http://purl.obolibrary.org/obo/go.owl#Reaction_R-HSA-141691
5005	http://purl.obolibrary.org/obo/go.owl#Reaction_R-NUL-2064916
5006	http://purl.obolibrary.org/obo/go.owl#Reaction_R-HSA-983422
5007	http://purl.obolibrary.org/obo/go.owl#Pathway_R-HSA-9764561
5008	http://purl.obolibrary.org/obo/go.owl#Reaction_R-HSA-5621010
5009	http://purl.obolibrary.org/obo/go.owl#Reaction_R-HSA-909720
5010	http://purl.obolibrary.org/obo/go.owl#Pathway_R-HSA-8874081
5011	http://purl.obolibrary.org/obo/go.owl#Reaction_R-HSA-5655240
5012	http://purl.obolibrary.org/obo/go.owl#Pathway_R-HSA-1538133
5013	http://purl.obolibrary.org/obo/GO_0098687_instance
5014	http://purl.obolibrary.org/obo/go.owl#Reaction_R-HSA-9757258
5015	http://purl.obolibrary.org/obo/go.owl#Pathway_R-HSA-8957275
5016	http://purl.obolibrary.org/obo/go.owl#Reaction_R-HSA-8955869
5017	http://purl.obolibrary.org/obo/go.owl#Reaction_R-HSA-9606160
5018	http://purl.obolibrary.org/obo/go.owl#Reaction_R-HSA-8877918
5019	http://purl.obolibrary.org/obo/go.owl#Reaction_R-HSA-2186643
5020	http://purl.obolibrary.org/obo/go.owl#Reaction_R-HSA-428185
5021	http://purl.obolibrary.org/obo/go.owl#Pathway_R-HSA-1660661
5022	http://purl.obolibrary.org/obo/go.owl#Reaction_R-HSA-9855252
5023	http://purl.obolibrary.org/obo/go.owl#Reaction_R-HSA-8948651
5024	http://purl.obolibrary.org/obo/go.owl#Reaction_R-HSA-2473511
5025	http://purl.obolibrary.org/obo/go.owl#Reaction_R-HSA-70785
5026	http://purl.obolibrary.org/obo/go.owl#Pathway_R-HSA-8952158
5027	http://purl.obolibrary.org/obo/go.owl#Reaction_R-HSA-8876948
5028	http://purl.obolibrary.org/obo/go.owl#Reaction_R-HSA-163843
5029	http://purl.obolibrary.org/obo/go.owl#Pathway_R-HSA-159782
5030	http://purl.obolibrary.org/obo/go.owl#Reaction_R-HSA-9833671
5031	http://purl.obolibrary.org/obo/go.owl#Reaction_R-HSA-1235035
5032	http://purl.obolibrary.org/obo/go.owl#Reaction_R-HSA-350158
5033	http://purl.obolibrary.org/obo/go.owl#Pathway_R-HSA-196791
5034	http://purl.obolibrary.org/obo/go.owl#Reaction_R-HSA-165680
5035	http://purl.obolibrary.org/obo/go.owl#Reaction_R-HSA-6798748
5036	http://purl.obolibrary.org/obo/go.owl#Reaction_R-HSA-5654573
5037	http://purl.obolibrary.org/obo/go.owl#Pathway_R-HSA-2408522
5038	http://purl.obolibrary.org/obo/go.owl#Reaction_R-HSA-9714691
5039	http://purl.obolibrary.org/obo/go.owl#Pathway_R-HSA-5693616
5040	http://purl.obolibrary.org/obo/go.owl#Reaction_R-HSA-9665416
5041	http://purl.obolibrary.org/obo/go.owl#Protein_BRI3BP
5042	http://purl.obolibrary.org/obo/go.owl#Reaction_R-HSA-997326
5043	http://purl.obolibrary.org/obo/go.owl#Pathway_R-HSA-77305
5044	http://purl.obolibrary.org/obo/go.owl#Reaction_R-HSA-9664850
5045	http://purl.obolibrary.org/obo/go.owl#Reaction_R-HSA-5692232
5046	http://purl.obolibrary.org/obo/go.owl#Reaction_R-HSA-4396401
5047	http://purl.obolibrary.org/obo/go.owl#Protein_DMXL1
5048	http://purl.obolibrary.org/obo/go.owl#Reaction_R-HSA-3928604
5049	http://purl.obolibrary.org/obo/go.owl#Protein_CEP85L
5050	http://purl.obolibrary.org/obo/go.owl#Reaction_R-HSA-6801456
5051	http://purl.obolibrary.org/obo/go.owl#Reaction_R-HSA-8936979
5052	http://purl.obolibrary.org/obo/go.owl#Reaction_R-HSA-72103
5053	http://purl.obolibrary.org/obo/go.owl#Reaction_R-HSA-8863914
5054	http://purl.obolibrary.org/obo/go.owl#Reaction_R-HSA-9768067
5055	http://purl.obolibrary.org/obo/go.owl#Reaction_R-HSA-6783483
5056	http://purl.obolibrary.org/obo/go.owl#Reaction_R-HSA-983426
5057	http://purl.obolibrary.org/obo/go.owl#Reaction_R-HSA-3000348
5058	http://purl.obolibrary.org/obo/go.owl#Reaction_R-HSA-5686469
5059	http://purl.obolibrary.org/obo/go.owl#Pathway_R-HSA-9754678
5060	http://purl.obolibrary.org/obo/go.owl#Reaction_R-HSA-9859206
5061	http://purl.obolibrary.org/obo/go.owl#Reaction_R-HSA-8982017
5062	http://purl.obolibrary.org/obo/go.owl#Reaction_R-HSA-1234163
5063	http://purl.obolibrary.org/obo/go.owl#Reaction_R-HSA-6814418
5064	http://purl.obolibrary.org/obo/go.owl#Pathway_R-HSA-6814122
5065	http://purl.obolibrary.org/obo/go.owl#Reaction_R-HSA-6798317
5066	http://purl.obolibrary.org/obo/go.owl#Reaction_R-HSA-4755479
5067	http://purl.obolibrary.org/obo/go.owl#Reaction_R-HSA-933531
5068	http://purl.obolibrary.org/obo/go.owl#Reaction_R-HSA-8985227
5069	http://purl.obolibrary.org/obo/go.owl#Reaction_R-HSA-448958
5070	http://purl.obolibrary.org/obo/go.owl#Reaction_R-HSA-377644
5071	http://purl.obolibrary.org/obo/go.owl#Reaction_R-HSA-3782637
5072	http://purl.obolibrary.org/obo/go.owl#Reaction_R-HSA-110141
5073	http://purl.obolibrary.org/obo/go.owl#Reaction_R-HSA-8964604
5074	http://purl.obolibrary.org/obo/go.owl#Pathway_R-HSA-9013407
5075	http://purl.obolibrary.org/obo/go.owl#Reaction_R-HSA-1791082
5076	http://purl.obolibrary.org/obo/go.owl#Pathway_R-HSA-381183
5077	http://purl.obolibrary.org/obo/go.owl#Reaction_R-HSA-5654643
5078	http://purl.obolibrary.org/obo/go.owl#Reaction_R-HSA-5218826
5079	http://purl.obolibrary.org/obo/go.owl#Reaction_R-HSA-445700
5080	http://purl.obolibrary.org/obo/go.owl#Reaction_R-HSA-3325546
5081	http://purl.obolibrary.org/obo/go.owl#Reaction_R-HSA-201787
5082	http://purl.obolibrary.org/obo/go.owl#Reaction_R-HSA-5671993
5083	http://purl.obolibrary.org/obo/go.owl#Pathway_R-HSA-5625900
5084	http://purl.obolibrary.org/obo/go.owl#Reaction_R-HSA-203625
5085	http://purl.obolibrary.org/obo/go.owl#Pathway_R-HSA-203641
5086	http://purl.obolibrary.org/obo/go.owl#Reaction_R-HSA-9009085
5087	http://purl.obolibrary.org/obo/go.owl#Pathway_R-HSA-6790901
5088	http://purl.obolibrary.org/obo/go.owl#Reaction_R-HSA-453183
5089	http://purl.obolibrary.org/obo/go.owl#Reaction_R-HSA-2559464
5090	http://purl.obolibrary.org/obo/go.owl#Reaction_R-HSA-429845
5091	http://purl.obolibrary.org/obo/go.owl#Reaction_R-HSA-2176502
5092	http://purl.obolibrary.org/obo/go.owl#Reaction_R-HSA-9620723
5093	http://purl.obolibrary.org/obo/go.owl#Reaction_R-HSA-9026890
5094	http://purl.obolibrary.org/obo/go.owl#Pathway_R-HSA-73980
5095	http://purl.obolibrary.org/obo/go.owl#Reaction_R-HSA-9690404
5096	http://purl.obolibrary.org/obo/go.owl#Protein_FCRL5
5097	http://purl.obolibrary.org/obo/go.owl#Reaction_R-HSA-877281
5098	http://purl.obolibrary.org/obo/go.owl#Reaction_R-HSA-2128994
5099	http://purl.obolibrary.org/obo/go.owl#Pathway_R-HSA-9828806
5100	http://purl.obolibrary.org/obo/go.owl#Pathway_R-HSA-9764790
5101	http://purl.obolibrary.org/obo/GO_0051028_instance
5102	http://purl.obolibrary.org/obo/go.owl#Reaction_R-HSA-5686440
5103	http://purl.obolibrary.org/obo/go.owl#Pathway_R-HSA-5678895
5104	http://purl.obolibrary.org/obo/go.owl#Reaction_R-HSA-163809
5105	http://purl.obolibrary.org/obo/GO_0045088_instance
5106	http://purl.obolibrary.org/obo/go.owl#Reaction_R-HSA-4411351
5107	http://purl.obolibrary.org/obo/go.owl#Reaction_R-HSA-9620004
5108	http://purl.obolibrary.org/obo/go.owl#Reaction_R-HSA-6802914
5109	http://purl.obolibrary.org/obo/go.owl#Reaction_R-HSA-1912368
5110	http://purl.obolibrary.org/obo/go.owl#Pathway_R-HSA-9619483
5111	http://purl.obolibrary.org/obo/go.owl#Reaction_R-HSA-1799335
5112	http://purl.obolibrary.org/obo/go.owl#Reaction_R-HSA-201611
5113	http://purl.obolibrary.org/obo/go.owl#Reaction_R-HSA-879930
5114	http://purl.obolibrary.org/obo/go.owl#Pathway_R-HSA-8852135
5115	http://purl.obolibrary.org/obo/go.owl#Reaction_R-HSA-109638
5116	http://purl.obolibrary.org/obo/go.owl#Reaction_R-HSA-2395801
5117	http://purl.obolibrary.org/obo/go.owl#Reaction_R-HSA-9734670
5118	http://purl.obolibrary.org/obo/go.owl#Reaction_R-HSA-4839634
5119	http://purl.obolibrary.org/obo/go.owl#Reaction_R-HSA-9830371
5120	http://purl.obolibrary.org/obo/go.owl#Pathway_R-HSA-8866904
5121	http://purl.obolibrary.org/obo/go.owl#Reaction_R-HSA-8935766
5122	http://purl.obolibrary.org/obo/go.owl#Reaction_R-HSA-9927428
5123	http://purl.obolibrary.org/obo/go.owl#Reaction_R-HSA-8944569
5124	http://purl.obolibrary.org/obo/go.owl#Reaction_R-HSA-4085994
5125	http://purl.obolibrary.org/obo/go.owl#Reaction_R-NUL-3876071
5126	http://purl.obolibrary.org/obo/go.owl#Reaction_R-HSA-389352
5127	http://purl.obolibrary.org/obo/go.owl#Reaction_R-HSA-5684882
5128	http://purl.obolibrary.org/obo/go.owl#Reaction_R-HSA-6782416
5129	http://purl.obolibrary.org/obo/go.owl#Reaction_R-HSA-2730844
5130	http://purl.obolibrary.org/obo/go.owl#Reaction_R-HSA-205056
5131	http://purl.obolibrary.org/obo/go.owl#Reaction_R-HSA-5666070
5132	http://purl.obolibrary.org/obo/go.owl#Reaction_R-HSA-8852127
5133	http://purl.obolibrary.org/obo/go.owl#Reaction_R-HSA-418865
5134	http://purl.obolibrary.org/obo/go.owl#Pathway_R-HSA-5696394
5135	http://purl.obolibrary.org/obo/go.owl#Reaction_R-HSA-167601
5136	http://purl.obolibrary.org/obo/go.owl#Reaction_R-HSA-912408
5137	http://purl.obolibrary.org/obo/go.owl#Pathway_R-HSA-1221632
5138	http://purl.obolibrary.org/obo/go.owl#Reaction_R-HSA-1112538
5139	http://purl.obolibrary.org/obo/go.owl#Reaction_R-HSA-750993
5140	http://purl.obolibrary.org/obo/go.owl#Reaction_R-HSA-6814670
5141	http://purl.obolibrary.org/obo/go.owl#Reaction_R-HSA-9662096
5142	http://purl.obolibrary.org/obo/go.owl#Reaction_R-HSA-427514
5143	http://purl.obolibrary.org/obo/go.owl#Reaction_R-HSA-9692241
5144	http://purl.obolibrary.org/obo/go.owl#Pathway_R-HSA-9690406
5145	http://purl.obolibrary.org/obo/go.owl#Reaction_R-HSA-5694428
5146	http://purl.obolibrary.org/obo/go.owl#Reaction_R-HSA-70454
5147	http://purl.obolibrary.org/obo/go.owl#Reaction_R-HSA-5660503
5148	http://purl.obolibrary.org/obo/go.owl#Reaction_R-HSA-210290
5149	http://purl.obolibrary.org/obo/go.owl#Pathway_R-HSA-210990
5150	http://purl.obolibrary.org/obo/go.owl#Reaction_R-HSA-9830706
5151	http://purl.obolibrary.org/obo/go.owl#Reaction_R-HSA-1169405
5152	http://purl.obolibrary.org/obo/go.owl#Reaction_R-HSA-9835189
5153	http://purl.obolibrary.org/obo/go.owl#Reaction_R-HSA-1247910
5154	http://purl.obolibrary.org/obo/go.owl#Reaction_R-HSA-8848663
5155	http://purl.obolibrary.org/obo/go.owl#Reaction_R-HSA-9664862
5156	http://purl.obolibrary.org/obo/go.owl#Reaction_R-HSA-68918
5157	http://purl.obolibrary.org/obo/go.owl#Pathway_R-HSA-9664323
5158	http://purl.obolibrary.org/obo/go.owl#Reaction_R-HSA-1445149
5159	http://purl.obolibrary.org/obo/go.owl#Pathway_R-HSA-167158
5160	http://purl.obolibrary.org/obo/go.owl#Reaction_R-HSA-9023909
5161	http://purl.obolibrary.org/obo/go.owl#Reaction_R-HSA-163217
5162	http://purl.obolibrary.org/obo/go.owl#Reaction_R-HSA-5655266
5163	http://purl.obolibrary.org/obo/go.owl#Reaction_R-HSA-9842815
5164	http://purl.obolibrary.org/obo/go.owl#Reaction_R-HSA-9662708
5165	http://purl.obolibrary.org/obo/go.owl#Protein_MPI
5166	http://purl.obolibrary.org/obo/go.owl#Reaction_R-HSA-8867754
5167	http://purl.obolibrary.org/obo/go.owl#Reaction_R-HSA-9674562
5168	http://purl.obolibrary.org/obo/go.owl#Reaction_R-HSA-8853322
5169	http://purl.obolibrary.org/obo/go.owl#Reaction_R-HSA-917696
5170	http://purl.obolibrary.org/obo/go.owl#Pathway_R-HSA-177504
5171	http://purl.obolibrary.org/obo/go.owl#Reaction_R-HSA-3928595
5172	http://purl.obolibrary.org/obo/go.owl#Reaction_R-HSA-9948415
5173	http://purl.obolibrary.org/obo/go.owl#Protein_GIMAP7
5174	http://purl.obolibrary.org/obo/go.owl#Reaction_R-HSA-9860160
5175	http://purl.obolibrary.org/obo/go.owl#Pathway_R-HSA-5675221
5176	http://purl.obolibrary.org/obo/go.owl#Reaction_R-HSA-9922982
5177	http://purl.obolibrary.org/obo/go.owl#Reaction_R-HSA-399942
5178	http://purl.obolibrary.org/obo/go.owl#Reaction_R-HSA-9664983
5179	http://purl.obolibrary.org/obo/go.owl#Reaction_R-HSA-376117
5180	http://purl.obolibrary.org/obo/go.owl#Reaction_R-HSA-8953556
5181	http://purl.obolibrary.org/obo/go.owl#Reaction_R-HSA-9021325
5182	http://purl.obolibrary.org/obo/go.owl#Reaction_R-HSA-9820887
5183	http://purl.obolibrary.org/obo/go.owl#Reaction_R-HSA-427404
5184	http://purl.obolibrary.org/obo/go.owl#Reaction_R-HSA-2187330
5185	http://purl.obolibrary.org/obo/go.owl#Reaction_R-HSA-873927
5186	http://purl.obolibrary.org/obo/go.owl#Reaction_R-HSA-8982640
5187	http://purl.obolibrary.org/obo/go.owl#Reaction_R-HSA-199895
5188	http://purl.obolibrary.org/obo/go.owl#Reaction_R-HSA-9934021
5189	http://purl.obolibrary.org/obo/go.owl#Reaction_R-HSA-9707523
5190	http://purl.obolibrary.org/obo/go.owl#Pathway_R-HSA-9843940
5191	http://purl.obolibrary.org/obo/go.owl#Reaction_R-HSA-5682858
5192	http://purl.obolibrary.org/obo/go.owl#Reaction_R-HSA-9793887
5193	http://purl.obolibrary.org/obo/go.owl#Reaction_R-HSA-9012319
5194	http://purl.obolibrary.org/obo/go.owl#Reaction_R-HSA-77081
5195	http://purl.obolibrary.org/obo/go.owl#Reaction_R-HSA-9668415
5196	http://purl.obolibrary.org/obo/go.owl#Reaction_R-HSA-5692754
5197	http://purl.obolibrary.org/obo/go.owl#Reaction_R-HSA-5336413
5198	http://purl.obolibrary.org/obo/go.owl#Reaction_R-HSA-5637801
5199	http://purl.obolibrary.org/obo/go.owl#Reaction_R-HSA-114552
5200	http://purl.obolibrary.org/obo/go.owl#Reaction_R-HSA-113503
5201	http://purl.obolibrary.org/obo/go.owl#Reaction_R-HSA-8950733
5202	http://purl.obolibrary.org/obo/go.owl#Pathway_R-HSA-170968
5203	http://purl.obolibrary.org/obo/go.owl#Reaction_R-HSA-9629216
5204	http://purl.obolibrary.org/obo/go.owl#Reaction_R-HSA-166284
5205	http://purl.obolibrary.org/obo/go.owl#Reaction_R-HSA-4793947
5206	http://purl.obolibrary.org/obo/go.owl#Reaction_R-HSA-9937724
5207	http://purl.obolibrary.org/obo/go.owl#Reaction_R-HSA-2316349
5208	http://purl.obolibrary.org/obo/go.owl#Reaction_R-HSA-5621355
5209	http://purl.obolibrary.org/obo/go.owl#Pathway_R-HSA-5621480
5210	http://purl.obolibrary.org/obo/go.owl#Reaction_R-HSA-4396347
5211	http://purl.obolibrary.org/obo/go.owl#Pathway_R-HSA-8941856
5212	http://purl.obolibrary.org/obo/go.owl#Reaction_R-HSA-9658445
5213	http://purl.obolibrary.org/obo/go.owl#Pathway_R-HSA-5673000
5214	http://purl.obolibrary.org/obo/go.owl#Pathway_R-HSA-73728
5215	http://purl.obolibrary.org/obo/go.owl#Reaction_R-HSA-174451
5216	http://purl.obolibrary.org/obo/go.owl#Reaction_R-HSA-2029445
5217	http://purl.obolibrary.org/obo/go.owl#Reaction_R-HSA-9629004
5218	http://purl.obolibrary.org/obo/go.owl#Reaction_R-HSA-5228508
5219	http://purl.obolibrary.org/obo/go.owl#Reaction_R-HSA-2186747
5220	http://purl.obolibrary.org/obo/go.owl#Reaction_R-HSA-2730840
5221	http://purl.obolibrary.org/obo/go.owl#Reaction_R-HSA-977136
5222	http://purl.obolibrary.org/obo/go.owl#Reaction_R-HSA-9033516
5223	http://purl.obolibrary.org/obo/GO_0007032_instance
5224	http://purl.obolibrary.org/obo/go.owl#Reaction_R-HSA-9705926
5225	http://purl.obolibrary.org/obo/go.owl#Reaction_R-HSA-9617595
5226	http://purl.obolibrary.org/obo/go.owl#Pathway_R-HSA-193692
5227	http://purl.obolibrary.org/obo/go.owl#Reaction_R-HSA-6788556
5228	http://purl.obolibrary.org/obo/go.owl#Pathway_R-HSA-167044
5229	http://purl.obolibrary.org/obo/go.owl#Reaction_R-HSA-5358619
5230	http://purl.obolibrary.org/obo/go.owl#Reaction_R-HSA-8964605
5231	http://purl.obolibrary.org/obo/go.owl#Reaction_R-HSA-9823910
5232	http://purl.obolibrary.org/obo/go.owl#Reaction_R-HSA-8935785
5233	http://purl.obolibrary.org/obo/go.owl#Reaction_R-HSA-912527
5234	http://purl.obolibrary.org/obo/go.owl#Reaction_R-HSA-391865
5235	http://purl.obolibrary.org/obo/GO_0061659_instance
5236	http://purl.obolibrary.org/obo/go.owl#Pathway_R-HSA-4687000
5237	http://purl.obolibrary.org/obo/go.owl#Reaction_R-HSA-201685
5238	http://purl.obolibrary.org/obo/go.owl#Reaction_R-HSA-442832
5239	http://purl.obolibrary.org/obo/go.owl#Reaction_R-HSA-445088
5240	http://purl.obolibrary.org/obo/go.owl#Pathway_R-HSA-447041
5241	http://purl.obolibrary.org/obo/go.owl#Reaction_R-HSA-211731
5242	http://purl.obolibrary.org/obo/go.owl#Reaction_R-HSA-9033524
5243	http://purl.obolibrary.org/obo/go.owl#Reaction_R-HSA-5626549
5244	http://purl.obolibrary.org/obo/go.owl#Pathway_R-HSA-5626467
5245	http://purl.obolibrary.org/obo/go.owl#Reaction_R-HSA-9674808
5246	http://purl.obolibrary.org/obo/go.owl#Reaction_R-HSA-112385
5247	http://purl.obolibrary.org/obo/go.owl#Reaction_R-HSA-5653766
5248	http://purl.obolibrary.org/obo/go.owl#Reaction_R-HSA-9613494
5249	http://purl.obolibrary.org/obo/go.owl#Reaction_R-HSA-8868659
5250	http://purl.obolibrary.org/obo/go.owl#Reaction_R-HSA-8980691
5251	http://purl.obolibrary.org/obo/go.owl#Pathway_R-HSA-202430
5252	http://purl.obolibrary.org/obo/go.owl#Reaction_R-HSA-2466392
5253	http://purl.obolibrary.org/obo/go.owl#Reaction_R-HSA-167181
5254	http://purl.obolibrary.org/obo/go.owl#Reaction_R-HSA-162363
5255	http://purl.obolibrary.org/obo/go.owl#Reaction_R-HSA-6800434
5256	http://purl.obolibrary.org/obo/go.owl#Reaction_R-HSA-9688832
5257	http://purl.obolibrary.org/obo/GO_0070936_instance
5258	http://purl.obolibrary.org/obo/go.owl#Reaction_R-HSA-1912409
5259	http://purl.obolibrary.org/obo/go.owl#Reaction_R-HSA-9021660
5260	http://purl.obolibrary.org/obo/go.owl#Reaction_R-HSA-141409
5261	http://purl.obolibrary.org/obo/go.owl#Reaction_R-HSA-8938300
5262	http://purl.obolibrary.org/obo/go.owl#Reaction_R-HSA-5334160
5263	http://purl.obolibrary.org/obo/go.owl#Reaction_R-HSA-9618004
5264	http://purl.obolibrary.org/obo/go.owl#Pathway_R-HSA-9617828
5265	http://purl.obolibrary.org/obo/go.owl#Reaction_R-HSA-9013145
5266	http://purl.obolibrary.org/obo/go.owl#Reaction_R-HSA-2730870
5267	http://purl.obolibrary.org/obo/go.owl#Reaction_R-HSA-9629591
5268	http://purl.obolibrary.org/obo/go.owl#Pathway_R-HSA-9629569
5269	http://purl.obolibrary.org/obo/go.owl#Reaction_R-HSA-83805
5270	http://purl.obolibrary.org/obo/go.owl#Pathway_R-HSA-76066
5271	http://purl.obolibrary.org/obo/go.owl#Reaction_R-HSA-6790029
5272	http://purl.obolibrary.org/obo/go.owl#Reaction_R-HSA-450187
5273	http://purl.obolibrary.org/obo/go.owl#Protein_BEGAIN
5274	http://purl.obolibrary.org/obo/go.owl#Reaction_R-HSA-9909623
5275	http://purl.obolibrary.org/obo/go.owl#Pathway_R-HSA-1461973
5276	http://purl.obolibrary.org/obo/go.owl#Pathway_R-HSA-264876
5277	http://purl.obolibrary.org/obo/go.owl#Reaction_R-HSA-69891
5278	http://purl.obolibrary.org/obo/go.owl#Reaction_R-HSA-2127562
5279	http://purl.obolibrary.org/obo/go.owl#Reaction_R-HSA-9923006
5280	http://purl.obolibrary.org/obo/go.owl#Pathway_R-HSA-2559585
5281	http://purl.obolibrary.org/obo/go.owl#Pathway_R-HSA-3928663
5282	http://purl.obolibrary.org/obo/go.owl#Reaction_R-HSA-8987097
5283	http://purl.obolibrary.org/obo/go.owl#Reaction_R-HSA-9843990
5284	http://purl.obolibrary.org/obo/go.owl#Pathway_R-HSA-9843970
5285	http://purl.obolibrary.org/obo/go.owl#Reaction_R-HSA-5674022
5286	http://purl.obolibrary.org/obo/go.owl#Reaction_R-HSA-9914537
5287	http://purl.obolibrary.org/obo/go.owl#Reaction_R-HSA-177944
5288	http://purl.obolibrary.org/obo/go.owl#Pathway_R-HSA-202040
5289	http://purl.obolibrary.org/obo/go.owl#Pathway_R-HSA-5654693
5290	http://purl.obolibrary.org/obo/go.owl#Reaction_R-HSA-5674132
5291	http://purl.obolibrary.org/obo/go.owl#Reaction_R-HSA-8862184
5292	http://purl.obolibrary.org/obo/go.owl#Reaction_R-HSA-9666425
5293	http://purl.obolibrary.org/obo/go.owl#Reaction_R-HSA-8876191
5294	http://purl.obolibrary.org/obo/go.owl#Reaction_R-HSA-9624798
5295	http://purl.obolibrary.org/obo/go.owl#Reaction_R-HSA-167148
5296	http://purl.obolibrary.org/obo/go.owl#Reaction_R-HSA-376121
5297	http://purl.obolibrary.org/obo/go.owl#Reaction_R-HSA-2213017
5298	http://purl.obolibrary.org/obo/go.owl#Reaction_R-HSA-5686398
5299	http://purl.obolibrary.org/obo/go.owl#Reaction_R-HSA-168934
5300	http://purl.obolibrary.org/obo/go.owl#Pathway_R-HSA-933543
5301	http://purl.obolibrary.org/obo/go.owl#Reaction_R-HSA-5689630
5302	http://purl.obolibrary.org/obo/go.owl#Pathway_R-HSA-72187
5303	http://purl.obolibrary.org/obo/go.owl#Reaction_R-HSA-8852354
5304	http://purl.obolibrary.org/obo/go.owl#Reaction_R-HSA-9708517
5305	http://purl.obolibrary.org/obo/go.owl#Reaction_R-HSA-9009452
5306	http://purl.obolibrary.org/obo/go.owl#Reaction_R-HSA-8848804
5307	http://purl.obolibrary.org/obo/go.owl#Reaction_R-HSA-9009282
5308	http://purl.obolibrary.org/obo/go.owl#Reaction_R-HSA-176175
5309	http://purl.obolibrary.org/obo/go.owl#Reaction_R-HSA-5654673
5310	http://purl.obolibrary.org/obo/go.owl#Reaction_R-HSA-2029456
5311	http://purl.obolibrary.org/obo/go.owl#Reaction_R-HSA-399935
5312	http://purl.obolibrary.org/obo/go.owl#Reaction_R-HSA-8851900
5313	http://purl.obolibrary.org/obo/go.owl#Reaction_R-HSA-9835949
5314	http://purl.obolibrary.org/obo/go.owl#Reaction_R-HSA-4086083
5315	http://purl.obolibrary.org/obo/go.owl#Reaction_R-HSA-9666426
5316	http://purl.obolibrary.org/obo/go.owl#Reaction_R-HSA-9618486
5317	http://purl.obolibrary.org/obo/go.owl#Pathway_R-HSA-9830674
5318	http://purl.obolibrary.org/obo/go.owl#Reaction_R-HSA-9821476
5319	http://purl.obolibrary.org/obo/go.owl#Reaction_R-HSA-109702
5320	http://purl.obolibrary.org/obo/go.owl#Pathway_R-HSA-3322077
5321	http://purl.obolibrary.org/obo/go.owl#Pathway_R-HSA-9627069
5322	http://purl.obolibrary.org/obo/go.owl#Pathway_R-HSA-9013425
5323	http://purl.obolibrary.org/obo/go.owl#Pathway_R-HSA-209968
5324	http://purl.obolibrary.org/obo/go.owl#Pathway_R-HSA-4793954
5325	http://purl.obolibrary.org/obo/GO_0008150_instance
5326	http://purl.obolibrary.org/obo/go.owl#Reaction_R-HSA-5690740
5327	http://purl.obolibrary.org/obo/go.owl#Pathway_R-HSA-5690714
5328	http://purl.obolibrary.org/obo/go.owl#Reaction_R-HSA-190829
5329	http://purl.obolibrary.org/obo/go.owl#Reaction_R-HSA-9026408
5330	http://purl.obolibrary.org/obo/go.owl#Reaction_R-HSA-6782204
5331	http://purl.obolibrary.org/obo/go.owl#Reaction_R-HSA-8944104
5332	http://purl.obolibrary.org/obo/go.owl#Reaction_R-HSA-9836585
5333	http://purl.obolibrary.org/obo/go.owl#Pathway_R-HSA-9836573
5334	http://purl.obolibrary.org/obo/go.owl#Pathway_R-HSA-210500
5335	http://purl.obolibrary.org/obo/go.owl#Reaction_R-HSA-392202
5336	http://purl.obolibrary.org/obo/go.owl#Reaction_R-HSA-983707
5337	http://purl.obolibrary.org/obo/go.owl#Reaction_R-HSA-5610754
5338	http://purl.obolibrary.org/obo/go.owl#Reaction_R-HSA-9758088
5339	http://purl.obolibrary.org/obo/go.owl#Reaction_R-HSA-448957
5340	http://purl.obolibrary.org/obo/go.owl#Pathway_R-HSA-1236394
5341	http://purl.obolibrary.org/obo/go.owl#Reaction_R-HSA-8936584
5342	http://purl.obolibrary.org/obo/go.owl#Reaction_R-HSA-2187309
5343	http://purl.obolibrary.org/obo/go.owl#Reaction_R-HSA-8932184
5344	http://purl.obolibrary.org/obo/go.owl#Reaction_R-HSA-9859182
5345	http://purl.obolibrary.org/obo/go.owl#Pathway_R-HSA-1971475
5346	http://purl.obolibrary.org/obo/go.owl#Pathway_R-HSA-9694635
5347	http://purl.obolibrary.org/obo/go.owl#Reaction_R-HSA-5661517
5348	http://purl.obolibrary.org/obo/go.owl#Pathway_R-HSA-350054
5349	http://purl.obolibrary.org/obo/go.owl#Reaction_R-HSA-8874685
5350	http://purl.obolibrary.org/obo/go.owl#Reaction_R-HSA-5693061
5351	http://purl.obolibrary.org/obo/go.owl#Pathway_R-HSA-5610785
5352	http://purl.obolibrary.org/obo/go.owl#Reaction_R-HSA-8866542
5353	http://purl.obolibrary.org/obo/go.owl#Reaction_R-HSA-203977
5354	http://purl.obolibrary.org/obo/go.owl#Reaction_R-HSA-174057
5355	http://purl.obolibrary.org/obo/go.owl#Reaction_R-HSA-266204
5356	http://purl.obolibrary.org/obo/go.owl#Reaction_R-HSA-5672965
5357	http://purl.obolibrary.org/obo/go.owl#Reaction_R-HSA-6809010
5358	http://purl.obolibrary.org/obo/go.owl#Reaction_R-HSA-69600
5359	http://purl.obolibrary.org/obo/go.owl#Reaction_R-HSA-6782227
5360	http://purl.obolibrary.org/obo/go.owl#Reaction_R-HSA-9007283
5361	http://purl.obolibrary.org/obo/go.owl#Reaction_R-HSA-5357904
5362	http://purl.obolibrary.org/obo/go.owl#Reaction_R-HSA-168849
5363	http://purl.obolibrary.org/obo/go.owl#Reaction_R-HSA-9729307
5364	http://purl.obolibrary.org/obo/go.owl#Reaction_R-HSA-5690996
5365	http://purl.obolibrary.org/obo/go.owl#Pathway_R-HSA-350562
5366	http://purl.obolibrary.org/obo/go.owl#Reaction_R-HSA-5696627
5367	http://purl.obolibrary.org/obo/go.owl#Reaction_R-HSA-9948300
5368	http://purl.obolibrary.org/obo/go.owl#Reaction_R-HSA-9758501
5369	http://purl.obolibrary.org/obo/go.owl#Reaction_R-HSA-450466
5370	http://purl.obolibrary.org/obo/go.owl#Reaction_R-HSA-9012657
5371	http://purl.obolibrary.org/obo/go.owl#Pathway_R-HSA-9027276
5372	http://purl.obolibrary.org/obo/go.owl#Reaction_R-HSA-5607757
5373	http://purl.obolibrary.org/obo/go.owl#Reaction_R-HSA-1912388
5374	http://purl.obolibrary.org/obo/go.owl#Reaction_R-NUL-5610751
5375	http://purl.obolibrary.org/obo/go.owl#Reaction_R-HSA-5654734
5376	http://purl.obolibrary.org/obo/go.owl#Reaction_R-HSA-1013013
5377	http://purl.obolibrary.org/obo/go.owl#Reaction_R-HSA-389961
5378	http://purl.obolibrary.org/obo/go.owl#Pathway_R-HSA-69473
5379	http://purl.obolibrary.org/obo/go.owl#Reaction_R-HSA-9824582
5380	http://purl.obolibrary.org/obo/go.owl#Reaction_R-HSA-9610408
5381	http://purl.obolibrary.org/obo/go.owl#Reaction_R-HSA-429955
5382	http://purl.obolibrary.org/obo/go.owl#Pathway_R-HSA-203615
5383	http://purl.obolibrary.org/obo/go.owl#Reaction_R-HSA-205039
5384	http://purl.obolibrary.org/obo/go.owl#Reaction_R-HSA-5693583
5385	http://purl.obolibrary.org/obo/go.owl#Reaction_R-HSA-1977959
5386	http://purl.obolibrary.org/obo/go.owl#Reaction_R-HSA-1855172
5387	http://purl.obolibrary.org/obo/go.owl#Pathway_R-HSA-8868766
5388	http://purl.obolibrary.org/obo/go.owl#Reaction_R-HSA-9764930
5389	http://purl.obolibrary.org/obo/go.owl#Reaction_R-HSA-9626816
5390	http://purl.obolibrary.org/obo/go.owl#Reaction_R-HSA-9932512
5391	http://purl.obolibrary.org/obo/go.owl#Reaction_R-HSA-9712079
5392	http://purl.obolibrary.org/obo/go.owl#Reaction_R-HSA-352191
5393	http://purl.obolibrary.org/obo/go.owl#Reaction_R-HSA-5618110
5394	http://purl.obolibrary.org/obo/go.owl#Reaction_R-HSA-2294580
5395	http://purl.obolibrary.org/obo/go.owl#Pathway_R-HSA-391160
5396	http://purl.obolibrary.org/obo/go.owl#Reaction_R-HSA-264997
5397	http://purl.obolibrary.org/obo/go.owl#Pathway_R-HSA-4085377
5398	http://purl.obolibrary.org/obo/go.owl#Reaction_R-HSA-2213236
5399	http://purl.obolibrary.org/obo/go.owl#Pathway_R-HSA-450321
5400	http://purl.obolibrary.org/obo/go.owl#Reaction_R-HSA-9603775
5401	http://purl.obolibrary.org/obo/go.owl#Reaction_R-HSA-75850
5402	http://purl.obolibrary.org/obo/go.owl#Pathway_R-HSA-9825892
5403	http://purl.obolibrary.org/obo/go.owl#Reaction_R-HSA-4088299
5404	http://purl.obolibrary.org/obo/go.owl#Reaction_R-HSA-5654402
5405	http://purl.obolibrary.org/obo/go.owl#Reaction_R-HSA-212263
5406	http://purl.obolibrary.org/obo/go.owl#Reaction_R-HSA-6798268
5407	http://purl.obolibrary.org/obo/go.owl#Reaction_R-HSA-9908800
5408	http://purl.obolibrary.org/obo/go.owl#Reaction_R-HSA-180732
5409	http://purl.obolibrary.org/obo/go.owl#Reaction_R-HSA-8956099
5410	http://purl.obolibrary.org/obo/go.owl#Reaction_R-HSA-6811417
5411	http://purl.obolibrary.org/obo/go.owl#Reaction_R-HSA-8964561
5412	http://purl.obolibrary.org/obo/go.owl#Reaction_R-HSA-1234161
5413	http://purl.obolibrary.org/obo/go.owl#Pathway_R-HSA-1234174
5414	http://purl.obolibrary.org/obo/go.owl#Pathway_R-HSA-9706374
5415	http://purl.obolibrary.org/obo/go.owl#Reaction_R-HSA-8867344
5416	http://purl.obolibrary.org/obo/go.owl#Reaction_R-HSA-9823816
5417	http://purl.obolibrary.org/obo/go.owl#Pathway_R-HSA-6803205
5418	http://purl.obolibrary.org/obo/go.owl#Reaction_R-HSA-983259
5419	http://purl.obolibrary.org/obo/go.owl#Reaction_R-HSA-9931313
5420	http://purl.obolibrary.org/obo/go.owl#Reaction_R-HSA-209973
5421	http://purl.obolibrary.org/obo/go.owl#Pathway_R-HSA-5365859
5422	http://purl.obolibrary.org/obo/go.owl#Reaction_R-HSA-182198
5423	http://purl.obolibrary.org/obo/go.owl#Pathway_R-HSA-2046106
5424	http://purl.obolibrary.org/obo/go.owl#Reaction_R-HSA-6805061
5425	http://purl.obolibrary.org/obo/go.owl#Reaction_R-HSA-391871
5426	http://purl.obolibrary.org/obo/go.owl#Reaction_R-HSA-73739
5427	http://purl.obolibrary.org/obo/go.owl#Reaction_R-HSA-9756724
5428	http://purl.obolibrary.org/obo/go.owl#Reaction_R-HSA-8855259
5429	http://purl.obolibrary.org/obo/go.owl#Reaction_R-HSA-453104
5430	http://purl.obolibrary.org/obo/go.owl#Reaction_R-HSA-6802922
5431	http://purl.obolibrary.org/obo/go.owl#Reaction_R-HSA-9816148
5432	http://purl.obolibrary.org/obo/go.owl#Reaction_R-HSA-428696
5433	http://purl.obolibrary.org/obo/go.owl#Reaction_R-HSA-9663194
5434	http://purl.obolibrary.org/obo/go.owl#Reaction_R-HSA-532603
5435	http://purl.obolibrary.org/obo/go.owl#Reaction_R-HSA-177935
5436	http://purl.obolibrary.org/obo/go.owl#Pathway_R-HSA-180292
5437	http://purl.obolibrary.org/obo/go.owl#Pathway_R-HSA-114516
5438	http://purl.obolibrary.org/obo/go.owl#Reaction_R-HSA-349444
5439	http://purl.obolibrary.org/obo/go.owl#Pathway_R-HSA-9762293
5440	http://purl.obolibrary.org/obo/go.owl#Reaction_R-HSA-9842667
5441	http://purl.obolibrary.org/obo/GO_0032153_instance
5442	http://purl.obolibrary.org/obo/go.owl#Reaction_R-HSA-3371353
5443	http://purl.obolibrary.org/obo/go.owl#Reaction_R-HSA-9701556
5444	http://purl.obolibrary.org/obo/go.owl#Pathway_R-HSA-201556
5445	http://purl.obolibrary.org/obo/go.owl#Reaction_R-HSA-1678842
5446	http://purl.obolibrary.org/obo/go.owl#Reaction_R-HSA-9833155
5447	http://purl.obolibrary.org/obo/go.owl#Reaction_R-HSA-8869438
5448	http://purl.obolibrary.org/obo/go.owl#Reaction_R-HSA-382575
5449	http://purl.obolibrary.org/obo/go.owl#Reaction_R-HSA-169719
5450	http://purl.obolibrary.org/obo/go.owl#Reaction_R-HSA-6798747
5451	http://purl.obolibrary.org/obo/go.owl#Pathway_R-HSA-77387
5452	http://purl.obolibrary.org/obo/go.owl#Reaction_R-HSA-6807868
5453	http://purl.obolibrary.org/obo/go.owl#Reaction_R-HSA-5205798
5454	http://purl.obolibrary.org/obo/go.owl#Reaction_R-HSA-167147
5455	http://purl.obolibrary.org/obo/go.owl#Pathway_R-HSA-9665246
5456	http://purl.obolibrary.org/obo/go.owl#Reaction_R-HSA-5681981
5457	http://purl.obolibrary.org/obo/go.owl#Pathway_R-HSA-8856825
5458	http://purl.obolibrary.org/obo/go.owl#Pathway_R-HSA-9683686
5459	http://purl.obolibrary.org/obo/go.owl#Reaction_R-HSA-6782208
5460	http://purl.obolibrary.org/obo/go.owl#Reaction_R-HSA-187506
5461	http://purl.obolibrary.org/obo/go.owl#Reaction_R-HSA-1368119
5462	http://purl.obolibrary.org/obo/go.owl#Reaction_R-HSA-933532
5463	http://purl.obolibrary.org/obo/go.owl#Reaction_R-HSA-6807077
5464	http://purl.obolibrary.org/obo/go.owl#Reaction_R-HSA-421831
5465	http://purl.obolibrary.org/obo/go.owl#Reaction_R-HSA-392053
5466	http://purl.obolibrary.org/obo/go.owl#Reaction_R-HSA-3247849
5467	http://purl.obolibrary.org/obo/go.owl#Pathway_R-HSA-9616222
5468	http://purl.obolibrary.org/obo/go.owl#Reaction_R-HSA-1234167
5469	http://purl.obolibrary.org/obo/go.owl#Reaction_R-HSA-192627
5470	http://purl.obolibrary.org/obo/go.owl#Reaction_R-HSA-9856668
5471	http://purl.obolibrary.org/obo/go.owl#Reaction_R-HSA-1592252
5472	http://purl.obolibrary.org/obo/go.owl#Reaction_R-HSA-2106586
5473	http://purl.obolibrary.org/obo/go.owl#Reaction_R-HSA-9696179
5474	http://purl.obolibrary.org/obo/go.owl#Reaction_R-HSA-1368889
5475	http://purl.obolibrary.org/obo/go.owl#Pathway_R-HSA-4086398
5476	http://purl.obolibrary.org/obo/go.owl#Reaction_R-HSA-380780
5477	http://purl.obolibrary.org/obo/go.owl#Reaction_R-HSA-8964465
5478	http://purl.obolibrary.org/obo/go.owl#Reaction_R-HSA-5673768
5479	http://purl.obolibrary.org/obo/go.owl#Reaction_R-HSA-9603598
5480	http://purl.obolibrary.org/obo/go.owl#Reaction_R-HSA-432712
5481	http://purl.obolibrary.org/obo/go.owl#Reaction_R-HSA-392749
5482	http://purl.obolibrary.org/obo/go.owl#Reaction_R-HSA-9007462
5483	http://purl.obolibrary.org/obo/go.owl#Pathway_R-HSA-9665247
5484	http://purl.obolibrary.org/obo/go.owl#Reaction_R-HSA-203901
5485	http://purl.obolibrary.org/obo/go.owl#Reaction_R-HSA-888589
5486	http://purl.obolibrary.org/obo/go.owl#Pathway_R-HSA-888590
5487	http://purl.obolibrary.org/obo/go.owl#Reaction_R-HSA-9772351
5488	http://purl.obolibrary.org/obo/go.owl#Reaction_R-HSA-429992
5489	http://purl.obolibrary.org/obo/go.owl#Reaction_R-HSA-164840
5490	http://purl.obolibrary.org/obo/go.owl#Reaction_R-HSA-5626681
5491	http://purl.obolibrary.org/obo/go.owl#Reaction_R-HSA-904830
5492	http://purl.obolibrary.org/obo/go.owl#Pathway_R-HSA-9668328
5493	http://purl.obolibrary.org/obo/go.owl#Reaction_R-HSA-3928602
5494	http://purl.obolibrary.org/obo/go.owl#Reaction_R-HSA-9033485
5495	http://purl.obolibrary.org/obo/go.owl#Reaction_R-HSA-5689649
5496	http://purl.obolibrary.org/obo/go.owl#Reaction_R-HSA-6791221
5497	http://purl.obolibrary.org/obo/go.owl#Reaction_R-HSA-69227
5498	http://purl.obolibrary.org/obo/go.owl#Reaction_R-HSA-936897
5499	http://purl.obolibrary.org/obo/go.owl#Reaction_R-HSA-419841
5500	http://purl.obolibrary.org/obo/go.owl#Pathway_R-HSA-419771
5501	http://purl.obolibrary.org/obo/go.owl#Reaction_R-HSA-918232
5502	http://purl.obolibrary.org/obo/go.owl#Reaction_R-HSA-173481
5503	http://purl.obolibrary.org/obo/go.owl#Pathway_R-HSA-5668599
5504	http://purl.obolibrary.org/obo/go.owl#Reaction_R-HSA-8985644
5505	http://purl.obolibrary.org/obo/go.owl#Reaction_R-HSA-204861
5506	http://purl.obolibrary.org/obo/go.owl#Reaction_R-HSA-175250
5507	http://purl.obolibrary.org/obo/go.owl#Reaction_R-HSA-4411372
5508	http://purl.obolibrary.org/obo/go.owl#Reaction_R-HSA-879362
5509	http://purl.obolibrary.org/obo/go.owl#Reaction_R-HSA-2130286
5510	http://purl.obolibrary.org/obo/go.owl#Reaction_R-HSA-9924908
5511	http://purl.obolibrary.org/obo/go.owl#Reaction_R-HSA-2294574
5512	http://purl.obolibrary.org/obo/go.owl#Pathway_R-HSA-1250347
5513	http://purl.obolibrary.org/obo/go.owl#Reaction_R-HSA-3134822
5514	http://purl.obolibrary.org/obo/go.owl#Reaction_R-HSA-3318415
5515	http://purl.obolibrary.org/obo/go.owl#Reaction_R-HSA-2214330
5516	http://purl.obolibrary.org/obo/go.owl#Pathway_R-HSA-427975
5517	http://purl.obolibrary.org/obo/go.owl#Reaction_R-HSA-5654591
5518	http://purl.obolibrary.org/obo/go.owl#Reaction_R-HSA-212269
5519	http://purl.obolibrary.org/obo/go.owl#Pathway_R-HSA-5676590
5520	http://purl.obolibrary.org/obo/go.owl#Reaction_R-HSA-9914271
5521	http://purl.obolibrary.org/obo/go.owl#Reaction_R-HSA-9696271
5522	http://purl.obolibrary.org/obo/go.owl#Reaction_R-HSA-9619478
5523	http://purl.obolibrary.org/obo/go.owl#Reaction_R-HSA-5672329
5524	http://purl.obolibrary.org/obo/go.owl#Reaction_R-HSA-5656105
5525	http://purl.obolibrary.org/obo/go.owl#Reaction_R-HSA-1855173
5526	http://purl.obolibrary.org/obo/go.owl#Pathway_R-HSA-9020933
5527	http://purl.obolibrary.org/obo/go.owl#Reaction_R-HSA-1168637
5528	http://purl.obolibrary.org/obo/go.owl#Pathway_R-HSA-2644606
5529	http://purl.obolibrary.org/obo/go.owl#Reaction_R-HSA-3928594
5530	http://purl.obolibrary.org/obo/go.owl#Reaction_R-HSA-382058
5531	http://purl.obolibrary.org/obo/go.owl#Reaction_R-HSA-2201322
5532	http://purl.obolibrary.org/obo/go.owl#Reaction_R-HSA-391152
5533	http://purl.obolibrary.org/obo/go.owl#Reaction_R-HSA-112054
5534	http://purl.obolibrary.org/obo/go.owl#Pathway_R-HSA-5693554
5535	http://purl.obolibrary.org/obo/GO_0032501_instance
5536	http://purl.obolibrary.org/obo/go.owl#Reaction_R-HSA-9014610
5537	http://purl.obolibrary.org/obo/go.owl#Reaction_R-HSA-9854415
5538	http://purl.obolibrary.org/obo/go.owl#Reaction_R-HSA-9604642
5539	http://purl.obolibrary.org/obo/go.owl#Reaction_R-HSA-9636296
5540	http://purl.obolibrary.org/obo/go.owl#Reaction_R-HSA-4568914
5541	http://purl.obolibrary.org/obo/go.owl#Reaction_R-HSA-158481
5542	http://purl.obolibrary.org/obo/go.owl#Reaction_R-HSA-5250978
5543	http://purl.obolibrary.org/obo/go.owl#Pathway_R-HSA-8939236
5544	http://purl.obolibrary.org/obo/go.owl#Reaction_R-HSA-114577
5545	http://purl.obolibrary.org/obo/go.owl#Pathway_R-HSA-75892
5546	http://purl.obolibrary.org/obo/go.owl#Pathway_R-HSA-5368286
5547	http://purl.obolibrary.org/obo/go.owl#Reaction_R-HSA-5250947
5548	http://purl.obolibrary.org/obo/go.owl#Pathway_R-HSA-5250913
5549	http://purl.obolibrary.org/obo/go.owl#Reaction_R-HSA-9818975
5550	http://purl.obolibrary.org/obo/go.owl#Reaction_R-HSA-73736
5551	http://purl.obolibrary.org/obo/go.owl#Reaction_R-HSA-376364
5552	http://purl.obolibrary.org/obo/go.owl#Reaction_R-HSA-167072
5553	http://purl.obolibrary.org/obo/go.owl#Reaction_R-HSA-9632868
5554	http://purl.obolibrary.org/obo/go.owl#Reaction_R-HSA-9022186
5555	http://purl.obolibrary.org/obo/go.owl#Reaction_R-HSA-168915
5556	http://purl.obolibrary.org/obo/go.owl#Reaction_R-HSA-9625699
5557	http://purl.obolibrary.org/obo/go.owl#Reaction_R-HSA-9653503
5558	http://purl.obolibrary.org/obo/go.owl#Reaction_R-HSA-8854612
5559	http://purl.obolibrary.org/obo/go.owl#Reaction_R-HSA-9925320
5560	http://purl.obolibrary.org/obo/go.owl#Pathway_R-HSA-73762
5561	http://purl.obolibrary.org/obo/go.owl#Pathway_R-HSA-6804116
5562	http://purl.obolibrary.org/obo/go.owl#Reaction_R-HSA-2395439
5563	http://purl.obolibrary.org/obo/go.owl#Reaction_R-HSA-1433471
5564	http://purl.obolibrary.org/obo/go.owl#Pathway_R-HSA-174113
5565	http://purl.obolibrary.org/obo/go.owl#Pathway_R-HSA-6804758
5566	http://purl.obolibrary.org/obo/go.owl#Reaction_R-HSA-8866329
5567	http://purl.obolibrary.org/obo/go.owl#Pathway_R-HSA-8866423
5568	http://purl.obolibrary.org/obo/go.owl#Reaction_R-HSA-1168459
5569	http://purl.obolibrary.org/obo/go.owl#Reaction_R-HSA-1855211
5570	http://purl.obolibrary.org/obo/go.owl#Pathway_R-HSA-1855183
5571	http://purl.obolibrary.org/obo/GO_0006368_instance
5572	http://purl.obolibrary.org/obo/go.owl#Reaction_R-HSA-9697750
5573	http://purl.obolibrary.org/obo/go.owl#Reaction_R-HSA-9824882
5574	http://purl.obolibrary.org/obo/go.owl#Reaction_R-HSA-216048
5575	http://purl.obolibrary.org/obo/go.owl#Reaction_R-HSA-170704
5576	http://purl.obolibrary.org/obo/go.owl#Reaction_R-HSA-418574
5577	http://purl.obolibrary.org/obo/go.owl#Reaction_R-HSA-8950441
5578	http://purl.obolibrary.org/obo/go.owl#Reaction_R-HSA-9819200
5579	http://purl.obolibrary.org/obo/go.owl#Pathway_R-HSA-9820841
5580	http://purl.obolibrary.org/obo/go.owl#Pathway_R-HSA-9707564
5581	http://purl.obolibrary.org/obo/go.owl#Reaction_R-HSA-6781922
5582	http://purl.obolibrary.org/obo/go.owl#Reaction_R-HSA-9760402
5583	http://purl.obolibrary.org/obo/go.owl#Reaction_R-HSA-2247514
5584	http://purl.obolibrary.org/obo/go.owl#Reaction_R-HSA-380311
5585	http://purl.obolibrary.org/obo/go.owl#Reaction_R-HSA-5696655
5586	http://purl.obolibrary.org/obo/go.owl#Pathway_R-HSA-427359
5587	http://purl.obolibrary.org/obo/go.owl#Reaction_R-HSA-1433428
5588	http://purl.obolibrary.org/obo/go.owl#Pathway_R-HSA-392851
5589	http://purl.obolibrary.org/obo/go.owl#Reaction_R-HSA-9603804
5590	http://purl.obolibrary.org/obo/go.owl#Reaction_R-HSA-8951764
5591	http://purl.obolibrary.org/obo/go.owl#Reaction_R-HSA-9844955
5592	http://purl.obolibrary.org/obo/go.owl#Pathway_R-HSA-9845576
5593	http://purl.obolibrary.org/obo/go.owl#Reaction_R-HSA-8938217
5594	http://purl.obolibrary.org/obo/go.owl#Pathway_R-HSA-8939243
5595	http://purl.obolibrary.org/obo/go.owl#Reaction_R-HSA-9680348
5596	http://purl.obolibrary.org/obo/go.owl#Reaction_R-HSA-5683925
5597	http://purl.obolibrary.org/obo/go.owl#Reaction_R-HSA-3788705
5598	http://purl.obolibrary.org/obo/go.owl#Reaction_R-HSA-1592243
5599	http://purl.obolibrary.org/obo/go.owl#Reaction_R-HSA-114352
5600	http://purl.obolibrary.org/obo/go.owl#Pathway_R-HSA-176412
5601	http://purl.obolibrary.org/obo/go.owl#Pathway_R-HSA-71240
5602	http://purl.obolibrary.org/obo/go.owl#Reaction_R-HSA-4570489
5603	http://purl.obolibrary.org/obo/go.owl#Pathway_R-HSA-193144
5604	http://purl.obolibrary.org/obo/go.owl#Reaction_R-HSA-6805470
5605	http://purl.obolibrary.org/obo/go.owl#Reaction_R-HSA-3697008
5606	http://purl.obolibrary.org/obo/go.owl#Reaction_R-HSA-9009362
5607	http://purl.obolibrary.org/obo/go.owl#Reaction_R-HSA-9697747
5608	http://purl.obolibrary.org/obo/go.owl#Reaction_R-HSA-912450
5609	http://purl.obolibrary.org/obo/go.owl#Reaction_R-HSA-6782211
5610	http://purl.obolibrary.org/obo/go.owl#Pathway_R-HSA-426486
5611	http://purl.obolibrary.org/obo/go.owl#Reaction_R-HSA-2245218
5612	http://purl.obolibrary.org/obo/go.owl#Reaction_R-HSA-1006143
5613	http://purl.obolibrary.org/obo/go.owl#Reaction_R-HSA-159101
5614	http://purl.obolibrary.org/obo/go.owl#Reaction_R-HSA-9664892
5615	http://purl.obolibrary.org/obo/go.owl#Pathway_R-HSA-9837999
5616	http://purl.obolibrary.org/obo/go.owl#Reaction_R-HSA-167234
5617	http://purl.obolibrary.org/obo/go.owl#Pathway_R-HSA-169131
5618	http://purl.obolibrary.org/obo/go.owl#Reaction_R-HSA-5218814
5619	http://purl.obolibrary.org/obo/go.owl#Reaction_R-HSA-3465448
5620	http://purl.obolibrary.org/obo/go.owl#Reaction_R-HSA-9817325
5621	http://purl.obolibrary.org/obo/go.owl#Reaction_R-HSA-9762096
5622	http://purl.obolibrary.org/obo/go.owl#Reaction_R-HSA-9023132
5623	http://purl.obolibrary.org/obo/go.owl#Pathway_R-HSA-8986944
5624	http://purl.obolibrary.org/obo/go.owl#Reaction_R-HSA-1015699
5625	http://purl.obolibrary.org/obo/go.owl#Reaction_R-HSA-5675206
5626	http://purl.obolibrary.org/obo/go.owl#Reaction_R-HSA-5637764
5627	http://purl.obolibrary.org/obo/go.owl#Reaction_R-HSA-5655323
5628	http://purl.obolibrary.org/obo/go.owl#Reaction_R-HSA-6807872
5629	http://purl.obolibrary.org/obo/go.owl#Reaction_R-HSA-508163
5630	http://purl.obolibrary.org/obo/go.owl#Reaction_R-HSA-9657606
5631	http://purl.obolibrary.org/obo/go.owl#Reaction_R-HSA-2730833
5632	http://purl.obolibrary.org/obo/go.owl#Reaction_R-HSA-8983835
5633	http://purl.obolibrary.org/obo/go.owl#Reaction_R-HSA-111925
5634	http://purl.obolibrary.org/obo/go.owl#Reaction_R-HSA-442586
5635	http://purl.obolibrary.org/obo/go.owl#Pathway_R-HSA-6802953
5636	http://purl.obolibrary.org/obo/go.owl#Reaction_R-HSA-9605259
5637	http://purl.obolibrary.org/obo/go.owl#Reaction_R-HSA-4608855
5638	http://purl.obolibrary.org/obo/go.owl#Reaction_R-HSA-72673
5639	http://purl.obolibrary.org/obo/go.owl#Reaction_R-HSA-73757
5640	http://purl.obolibrary.org/obo/go.owl#Reaction_R-HSA-167433
5641	http://purl.obolibrary.org/obo/go.owl#Pathway_R-HSA-3296469
5642	http://purl.obolibrary.org/obo/go.owl#Pathway_R-HSA-983712
5643	http://purl.obolibrary.org/obo/go.owl#Pathway_R-HSA-9840373
5644	http://purl.obolibrary.org/obo/go.owl#Reaction_R-HSA-389970
5645	http://purl.obolibrary.org/obo/go.owl#Reaction_R-HSA-744886
5646	http://purl.obolibrary.org/obo/go.owl#Pathway_R-HSA-1810476
5647	http://purl.obolibrary.org/obo/go.owl#Reaction_R-HSA-392852
5648	http://purl.obolibrary.org/obo/go.owl#Reaction_R-HSA-5672017
5649	http://purl.obolibrary.org/obo/go.owl#Reaction_R-HSA-174132
5650	http://purl.obolibrary.org/obo/go.owl#Reaction_R-HSA-1912364
5651	http://purl.obolibrary.org/obo/go.owl#Reaction_R-HSA-9665703
5652	http://purl.obolibrary.org/obo/go.owl#Reaction_R-HSA-174139
5653	http://purl.obolibrary.org/obo/go.owl#Pathway_R-HSA-9013418
5654	http://purl.obolibrary.org/obo/go.owl#Reaction_R-HSA-4641350
5655	http://purl.obolibrary.org/obo/go.owl#Reaction_R-HSA-6800798
5656	http://purl.obolibrary.org/obo/go.owl#Reaction_R-HSA-71401
5657	http://purl.obolibrary.org/obo/go.owl#Pathway_R-HSA-9853506
5658	http://purl.obolibrary.org/obo/go.owl#Reaction_R-HSA-428750
5659	http://purl.obolibrary.org/obo/go.owl#Pathway_R-HSA-428930
5660	http://purl.obolibrary.org/obo/go.owl#Reaction_R-HSA-9686345
5661	http://purl.obolibrary.org/obo/go.owl#Reaction_R-HSA-5617859
5662	http://purl.obolibrary.org/obo/go.owl#Reaction_R-HSA-5658231
5663	http://purl.obolibrary.org/obo/go.owl#Pathway_R-HSA-6807878
5664	http://purl.obolibrary.org/obo/go.owl#Reaction_R-HSA-8868071
5665	http://purl.obolibrary.org/obo/go.owl#Reaction_R-HSA-9614343
5666	http://purl.obolibrary.org/obo/go.owl#Reaction_R-HSA-183067
5667	http://purl.obolibrary.org/obo/go.owl#Reaction_R-HSA-391151
5668	http://purl.obolibrary.org/obo/go.owl#Reaction_R-HSA-5694417
5669	http://purl.obolibrary.org/obo/go.owl#Reaction_R-HSA-5138432
5670	http://purl.obolibrary.org/obo/go.owl#Reaction_R-HSA-167474
5671	http://purl.obolibrary.org/obo/go.owl#Reaction_R-HSA-9755244
5672	http://purl.obolibrary.org/obo/go.owl#Reaction_R-HSA-2029451
5673	http://purl.obolibrary.org/obo/go.owl#Reaction_R-HSA-9023846
5674	http://purl.obolibrary.org/obo/go.owl#Reaction_R-HSA-216043
5675	http://purl.obolibrary.org/obo/go.owl#Reaction_R-HSA-8937016
5676	http://purl.obolibrary.org/obo/go.owl#Reaction_R-HSA-77589
5677	http://purl.obolibrary.org/obo/go.owl#Pathway_R-HSA-77595
5678	http://purl.obolibrary.org/obo/go.owl#Reaction_R-HSA-9734353
5679	http://purl.obolibrary.org/obo/go.owl#Pathway_R-HSA-9733709
5680	http://purl.obolibrary.org/obo/go.owl#Reaction_R-HSA-162721
5681	http://purl.obolibrary.org/obo/go.owl#Reaction_R-HSA-9932448
5682	http://purl.obolibrary.org/obo/go.owl#Reaction_R-HSA-6799350
5683	http://purl.obolibrary.org/obo/go.owl#Reaction_R-HSA-5625717
5684	http://purl.obolibrary.org/obo/GO_0003697_instance
5685	http://purl.obolibrary.org/obo/go.owl#Reaction_R-HSA-75016
5686	http://purl.obolibrary.org/obo/go.owl#Reaction_R-HSA-9948427
5687	http://purl.obolibrary.org/obo/go.owl#Reaction_R-HSA-9665407
5688	http://purl.obolibrary.org/obo/go.owl#Reaction_R-HSA-8852131
5689	http://purl.obolibrary.org/obo/go.owl#Pathway_R-HSA-8866652
5690	http://purl.obolibrary.org/obo/go.owl#Pathway_R-HSA-173599
5691	http://purl.obolibrary.org/obo/go.owl#Reaction_R-HSA-1250498
5692	http://purl.obolibrary.org/obo/go.owl#Pathway_R-HSA-1963640
5693	http://purl.obolibrary.org/obo/go.owl#Reaction_R-HSA-177927
5694	http://purl.obolibrary.org/obo/go.owl#Reaction_R-HSA-8944684
5695	http://purl.obolibrary.org/obo/go.owl#Reaction_R-HSA-1433514
5696	http://purl.obolibrary.org/obo/go.owl#Reaction_R-HSA-8948219
5697	http://purl.obolibrary.org/obo/go.owl#Reaction_R-HSA-9933575
5698	http://purl.obolibrary.org/obo/go.owl#Reaction_R-HSA-9674093
5699	http://purl.obolibrary.org/obo/go.owl#Reaction_R-HSA-177936
5700	http://purl.obolibrary.org/obo/go.owl#Pathway_R-HSA-196783
5701	http://purl.obolibrary.org/obo/go.owl#Reaction_R-HSA-418170
5702	http://purl.obolibrary.org/obo/go.owl#Reaction_R-HSA-4615872
5703	http://purl.obolibrary.org/obo/go.owl#Reaction_R-HSA-8866268
5704	http://purl.obolibrary.org/obo/go.owl#Pathway_R-HSA-389957
5705	http://purl.obolibrary.org/obo/go.owl#Reaction_R-HSA-5610722
5706	http://purl.obolibrary.org/obo/go.owl#Pathway_R-HSA-5610787
5707	http://purl.obolibrary.org/obo/go.owl#Pathway_R-HSA-933542
5708	http://purl.obolibrary.org/obo/go.owl#Reaction_R-HSA-186778
5709	http://purl.obolibrary.org/obo/go.owl#Pathway_R-HSA-9824585
5710	http://purl.obolibrary.org/obo/go.owl#Reaction_R-HSA-4720432
5711	http://purl.obolibrary.org/obo/go.owl#Reaction_R-HSA-8855508
5712	http://purl.obolibrary.org/obo/go.owl#Reaction_R-HSA-350319
5713	http://purl.obolibrary.org/obo/go.owl#Reaction_R-HSA-379044
5714	http://purl.obolibrary.org/obo/go.owl#Reaction_R-HSA-75861
5715	http://purl.obolibrary.org/obo/go.owl#Reaction_R-HSA-751001
5716	http://purl.obolibrary.org/obo/go.owl#Reaction_R-HSA-449115
5717	http://purl.obolibrary.org/obo/go.owl#Pathway_R-HSA-9937080
5718	http://purl.obolibrary.org/obo/go.owl#Reaction_R-HSA-8854897
5719	http://purl.obolibrary.org/obo/go.owl#Reaction_R-HSA-8983011
5720	http://purl.obolibrary.org/obo/go.owl#Reaction_R-HSA-1028820
5721	http://purl.obolibrary.org/obo/go.owl#Reaction_R-HSA-3234081
5722	http://purl.obolibrary.org/obo/go.owl#Reaction_R-HSA-170076
5723	http://purl.obolibrary.org/obo/go.owl#Reaction_R-HSA-390329
5724	http://purl.obolibrary.org/obo/go.owl#Reaction_R-HSA-977602
5725	http://purl.obolibrary.org/obo/go.owl#Reaction_R-HSA-2730871
5726	http://purl.obolibrary.org/obo/go.owl#Reaction_R-HSA-6802912
5727	http://purl.obolibrary.org/obo/go.owl#Reaction_R-HSA-9937529
5728	http://purl.obolibrary.org/obo/go.owl#Reaction_R-HSA-77078
5729	http://purl.obolibrary.org/obo/go.owl#Reaction_R-HSA-2130619
5730	http://purl.obolibrary.org/obo/go.owl#Pathway_R-HSA-5218921
5731	http://purl.obolibrary.org/obo/go.owl#Reaction_R-HSA-1226095
5732	http://purl.obolibrary.org/obo/go.owl#Reaction_R-HSA-9908101
5733	http://purl.obolibrary.org/obo/go.owl#Reaction_R-HSA-380272
5734	http://purl.obolibrary.org/obo/go.owl#Reaction_R-HSA-1031716
5735	http://purl.obolibrary.org/obo/go.owl#Reaction_R-HSA-5660965
5736	http://purl.obolibrary.org/obo/go.owl#Reaction_R-HSA-5672083
5737	http://purl.obolibrary.org/obo/go.owl#Reaction_R-HSA-947991
5738	http://purl.obolibrary.org/obo/go.owl#Reaction_R-HSA-392300
5739	http://purl.obolibrary.org/obo/go.owl#Reaction_R-HSA-9698762
5740	http://purl.obolibrary.org/obo/go.owl#Pathway_R-HSA-5674499
5741	http://purl.obolibrary.org/obo/go.owl#Reaction_R-HSA-77299
5742	http://purl.obolibrary.org/obo/go.owl#Reaction_R-HSA-9675026
5743	http://purl.obolibrary.org/obo/go.owl#Reaction_R-HSA-9816278
5744	http://purl.obolibrary.org/obo/go.owl#Reaction_R-HSA-2130282
5745	http://purl.obolibrary.org/obo/go.owl#Reaction_R-HSA-9009700
5746	http://purl.obolibrary.org/obo/go.owl#Protein_SLC35F5
5747	http://purl.obolibrary.org/obo/go.owl#Reaction_R-HSA-9664406
5748	http://purl.obolibrary.org/obo/go.owl#Reaction_R-HSA-4719447
5749	http://purl.obolibrary.org/obo/go.owl#Reaction_R-HSA-9954723
5750	http://purl.obolibrary.org/obo/go.owl#Reaction_R-HSA-1433454
5751	http://purl.obolibrary.org/obo/go.owl#Reaction_R-HSA-9605060
5752	http://purl.obolibrary.org/obo/go.owl#Pathway_R-HSA-9029558
5753	http://purl.obolibrary.org/obo/go.owl#Reaction_R-HSA-8852331
5754	http://purl.obolibrary.org/obo/go.owl#Reaction_R-HSA-5333051
5755	http://purl.obolibrary.org/obo/go.owl#Reaction_R-HSA-2187293
5756	http://purl.obolibrary.org/obo/go.owl#Pathway_R-HSA-5620971
5757	http://purl.obolibrary.org/obo/go.owl#Reaction_R-HSA-9695841
5758	http://purl.obolibrary.org/obo/go.owl#Reaction_R-HSA-164524
5759	http://purl.obolibrary.org/obo/go.owl#Reaction_R-HSA-1433456
5760	http://purl.obolibrary.org/obo/go.owl#Reaction_R-HSA-2025890
5761	http://purl.obolibrary.org/obo/go.owl#Reaction_R-HSA-6803892
5762	http://purl.obolibrary.org/obo/go.owl#Reaction_R-HSA-9865184
5763	http://purl.obolibrary.org/obo/go.owl#Reaction_R-HSA-8876993
5764	http://purl.obolibrary.org/obo/go.owl#Reaction_R-HSA-5690827
5765	http://purl.obolibrary.org/obo/go.owl#Reaction_R-HSA-9033235
5766	http://purl.obolibrary.org/obo/go.owl#Reaction_R-HSA-5687094
5767	http://purl.obolibrary.org/obo/go.owl#Reaction_R-HSA-9692129
5768	http://purl.obolibrary.org/obo/go.owl#Reaction_R-HSA-399946
5769	http://purl.obolibrary.org/obo/go.owl#Pathway_R-HSA-9633012
5770	http://purl.obolibrary.org/obo/go.owl#Reaction_R-HSA-9857682
5771	http://purl.obolibrary.org/obo/GO_1901981_instance
5772	http://purl.obolibrary.org/obo/go.owl#Reaction_R-HSA-9859334
5773	http://purl.obolibrary.org/obo/go.owl#Reaction_R-HSA-9733203
5774	http://purl.obolibrary.org/obo/go.owl#Reaction_R-HSA-2294590
5775	http://purl.obolibrary.org/obo/go.owl#Reaction_R-HSA-2730858
5776	http://purl.obolibrary.org/obo/go.owl#Reaction_R-HSA-9733216
5777	http://purl.obolibrary.org/obo/go.owl#Reaction_R-HSA-9858309
5778	http://purl.obolibrary.org/obo/go.owl#Reaction_R-HSA-9945017
5779	http://purl.obolibrary.org/obo/go.owl#Pathway_R-HSA-5654704
5780	http://purl.obolibrary.org/obo/go.owl#Reaction_R-NUL-2473498
5781	http://purl.obolibrary.org/obo/go.owl#Reaction_R-HSA-167087
5782	http://purl.obolibrary.org/obo/go.owl#Reaction_R-HSA-8950456
5783	http://purl.obolibrary.org/obo/go.owl#Pathway_R-HSA-9907570
5784	http://purl.obolibrary.org/obo/go.owl#Reaction_R-HSA-9947861
5785	http://purl.obolibrary.org/obo/go.owl#Reaction_R-HSA-177491
5786	http://purl.obolibrary.org/obo/go.owl#Reaction_R-HSA-9664588
5787	http://purl.obolibrary.org/obo/go.owl#Reaction_R-HSA-9837978
5788	http://purl.obolibrary.org/obo/go.owl#Reaction_R-HSA-9709360
5789	http://purl.obolibrary.org/obo/go.owl#Reaction_R-HSA-2545203
5790	http://purl.obolibrary.org/obo/go.owl#Pathway_R-HSA-420092
5791	http://purl.obolibrary.org/obo/go.owl#Reaction_R-HSA-3928623
5792	http://purl.obolibrary.org/obo/go.owl#Reaction_R-HSA-992708
5793	http://purl.obolibrary.org/obo/go.owl#Reaction_R-HSA-381706
5794	http://purl.obolibrary.org/obo/go.owl#Reaction_R-HSA-2394007
5795	http://purl.obolibrary.org/obo/go.owl#Reaction_R-HSA-68916
5796	http://purl.obolibrary.org/obo/go.owl#Reaction_R-HSA-2172194
5797	http://purl.obolibrary.org/obo/go.owl#Pathway_R-HSA-162658
5798	http://purl.obolibrary.org/obo/go.owl#Reaction_R-HSA-168951
5799	http://purl.obolibrary.org/obo/go.owl#Reaction_R-HSA-9032798
5800	http://purl.obolibrary.org/obo/go.owl#Pathway_R-HSA-9032759
5801	http://purl.obolibrary.org/obo/go.owl#Reaction_R-HSA-2065357
5802	http://purl.obolibrary.org/obo/go.owl#Reaction_R-HSA-8936058
5803	http://purl.obolibrary.org/obo/go.owl#Reaction_R-HSA-2186607
5804	http://purl.obolibrary.org/obo/go.owl#Pathway_R-HSA-165160
5805	http://purl.obolibrary.org/obo/go.owl#Pathway_R-HSA-77042
5806	http://purl.obolibrary.org/obo/go.owl#Pathway_R-HSA-8863795
5807	http://purl.obolibrary.org/obo/go.owl#Reaction_R-HSA-76056
5808	http://purl.obolibrary.org/obo/go.owl#Reaction_R-HSA-139952
5809	http://purl.obolibrary.org/obo/GO_0010494_instance
5810	http://purl.obolibrary.org/obo/go.owl#Reaction_R-HSA-8851890
5811	http://purl.obolibrary.org/obo/go.owl#Reaction_R-HSA-382055
5812	http://purl.obolibrary.org/obo/go.owl#Reaction_R-HSA-9639286
5813	http://purl.obolibrary.org/obo/go.owl#Pathway_R-HSA-446199
5814	http://purl.obolibrary.org/obo/go.owl#Protein_MICALL1
5815	http://purl.obolibrary.org/obo/go.owl#Reaction_R-HSA-5696810
5816	http://purl.obolibrary.org/obo/go.owl#Pathway_R-HSA-72306
5817	http://purl.obolibrary.org/obo/go.owl#Reaction_R-HSA-5693593
5818	http://purl.obolibrary.org/obo/go.owl#Reaction_R-HSA-2396029
5819	http://purl.obolibrary.org/obo/go.owl#Reaction_R-HSA-5357757
5820	http://purl.obolibrary.org/obo/go.owl#Pathway_R-HSA-9752946
5821	http://purl.obolibrary.org/obo/go.owl#Reaction_R-HSA-5689544
5822	http://purl.obolibrary.org/obo/go.owl#Reaction_R-HSA-5654597
5823	http://purl.obolibrary.org/obo/go.owl#Reaction_R-HSA-202459
5824	http://purl.obolibrary.org/obo/go.owl#Reaction_R-HSA-211734
5825	http://purl.obolibrary.org/obo/go.owl#Pathway_R-HSA-211733
5826	http://purl.obolibrary.org/obo/go.owl#Reaction_R-HSA-1855190
5827	http://purl.obolibrary.org/obo/go.owl#Reaction_R-HSA-9032067
5828	http://purl.obolibrary.org/obo/go.owl#Pathway_R-HSA-9028731
5829	http://purl.obolibrary.org/obo/go.owl#Reaction_R-HSA-9675215
5830	http://purl.obolibrary.org/obo/go.owl#Reaction_R-HSA-508162
5831	http://purl.obolibrary.org/obo/go.owl#Reaction_R-HSA-437192
5832	http://purl.obolibrary.org/obo/go.owl#Reaction_R-HSA-1678854
5833	http://purl.obolibrary.org/obo/go.owl#Pathway_R-HSA-9696264
5834	http://purl.obolibrary.org/obo/go.owl#Reaction_R-HSA-1791134
5835	http://purl.obolibrary.org/obo/go.owl#Pathway_R-HSA-418457
5836	http://purl.obolibrary.org/obo/go.owl#Reaction_R-HSA-9824593
5837	http://purl.obolibrary.org/obo/go.owl#Reaction_R-HSA-9634169
5838	http://purl.obolibrary.org/obo/go.owl#Reaction_R-HSA-9645608
5839	http://purl.obolibrary.org/obo/go.owl#Pathway_R-HSA-381340
5840	http://purl.obolibrary.org/obo/go.owl#Reaction_R-HSA-9796626
5841	http://purl.obolibrary.org/obo/go.owl#Reaction_R-HSA-9764741
5842	http://purl.obolibrary.org/obo/go.owl#Pathway_R-HSA-9673767
5843	http://purl.obolibrary.org/obo/go.owl#Reaction_R-HSA-2025882
5844	http://purl.obolibrary.org/obo/GO_1902749_instance
5845	http://purl.obolibrary.org/obo/go.owl#Reaction_R-HSA-446188
5846	http://purl.obolibrary.org/obo/go.owl#Reaction_R-HSA-416358
5847	http://purl.obolibrary.org/obo/go.owl#Reaction_R-HSA-3000399
5848	http://purl.obolibrary.org/obo/go.owl#Reaction_R-HSA-390593
5849	http://purl.obolibrary.org/obo/go.owl#Reaction_R-HSA-9028328
5850	http://purl.obolibrary.org/obo/go.owl#Pathway_R-HSA-9026519
5851	http://purl.obolibrary.org/obo/go.owl#Reaction_R-HSA-2134532
5852	http://purl.obolibrary.org/obo/go.owl#Reaction_R-HSA-9633008
5853	http://purl.obolibrary.org/obo/go.owl#Pathway_R-HSA-9820865
5854	http://purl.obolibrary.org/obo/go.owl#Reaction_R-HSA-9613497
5855	http://purl.obolibrary.org/obo/go.owl#Reaction_R-HSA-1592235
5856	http://purl.obolibrary.org/obo/go.owl#Reaction_R-HSA-159046
5857	http://purl.obolibrary.org/obo/go.owl#Reaction_R-HSA-182263
5858	http://purl.obolibrary.org/obo/go.owl#Reaction_R-HSA-8868134
5859	http://purl.obolibrary.org/obo/go.owl#Reaction_R-HSA-372693
5860	http://purl.obolibrary.org/obo/go.owl#Pathway_R-HSA-211736
5861	http://purl.obolibrary.org/obo/go.owl#Reaction_R-HSA-9836435
5862	http://purl.obolibrary.org/obo/go.owl#Pathway_R-HSA-2894862
5863	http://purl.obolibrary.org/obo/go.owl#Reaction_R-HSA-167085
5864	http://purl.obolibrary.org/obo/go.owl#Reaction_R-HSA-9670431
5865	http://purl.obolibrary.org/obo/go.owl#Reaction_R-HSA-9749351
5866	http://purl.obolibrary.org/obo/go.owl#Reaction_R-HSA-9755368
5867	http://purl.obolibrary.org/obo/go.owl#Pathway_R-HSA-5250989
5868	http://purl.obolibrary.org/obo/go.owl#Reaction_R-HSA-1912394
5869	http://purl.obolibrary.org/obo/go.owl#Reaction_R-NUL-9908700
5870	http://purl.obolibrary.org/obo/go.owl#Reaction_R-HSA-9668419
5871	http://purl.obolibrary.org/obo/go.owl#Reaction_R-HSA-187574
5872	http://purl.obolibrary.org/obo/go.owl#Reaction_R-HSA-9637635
5873	http://purl.obolibrary.org/obo/go.owl#Reaction_R-HSA-8948641
5874	http://purl.obolibrary.org/obo/go.owl#Reaction_R-HSA-9008456
5875	http://purl.obolibrary.org/obo/go.owl#Reaction_R-HSA-9705137
5876	http://purl.obolibrary.org/obo/go.owl#Reaction_R-HSA-5218813
5877	http://purl.obolibrary.org/obo/go.owl#Reaction_R-HSA-199518
5878	http://purl.obolibrary.org/obo/go.owl#Reaction_R-HSA-4570528
5879	http://purl.obolibrary.org/obo/go.owl#Reaction_R-HSA-201712
5880	http://purl.obolibrary.org/obo/go.owl#Pathway_R-HSA-5362517
5881	http://purl.obolibrary.org/obo/go.owl#Pathway_R-HSA-1268020
5882	http://purl.obolibrary.org/obo/go.owl#Reaction_R-HSA-3928642
5883	http://purl.obolibrary.org/obo/go.owl#Reaction_R-HSA-9663363
5884	http://purl.obolibrary.org/obo/go.owl#Reaction_R-HSA-5655235
5885	http://purl.obolibrary.org/obo/go.owl#Reaction_R-HSA-5671919
5886	http://purl.obolibrary.org/obo/go.owl#Reaction_R-HSA-9033514
5887	http://purl.obolibrary.org/obo/go.owl#Reaction_R-HSA-9859148
5888	http://purl.obolibrary.org/obo/go.owl#Reaction_R-HSA-140214
5889	http://purl.obolibrary.org/obo/go.owl#Reaction_R-HSA-5693055
5890	http://purl.obolibrary.org/obo/go.owl#Reaction_R-HSA-187916
5891	http://purl.obolibrary.org/obo/go.owl#Reaction_R-HSA-9620717
5892	http://purl.obolibrary.org/obo/go.owl#Reaction_R-HSA-2586559
5893	http://purl.obolibrary.org/obo/go.owl#Reaction_R-HSA-5336443
5894	http://purl.obolibrary.org/obo/go.owl#Reaction_R-HSA-8935731
5895	http://purl.obolibrary.org/obo/go.owl#Reaction_R-HSA-9925289
5896	http://purl.obolibrary.org/obo/go.owl#Reaction_R-HSA-73810
5897	http://purl.obolibrary.org/obo/go.owl#Reaction_R-HSA-396941
5898	http://purl.obolibrary.org/obo/go.owl#Reaction_R-HSA-380930
5899	http://purl.obolibrary.org/obo/go.owl#Reaction_R-HSA-9853512
5900	http://purl.obolibrary.org/obo/go.owl#Reaction_R-HSA-3777129
5901	http://purl.obolibrary.org/obo/go.owl#Reaction_R-HSA-4396392
5902	http://purl.obolibrary.org/obo/go.owl#Reaction_R-HSA-9018787
5903	http://purl.obolibrary.org/obo/go.owl#Reaction_R-HSA-9856211
5904	http://purl.obolibrary.org/obo/go.owl#Reaction_R-HSA-9865663
5905	http://purl.obolibrary.org/obo/go.owl#Reaction_R-HSA-912505
5906	http://purl.obolibrary.org/obo/go.owl#Pathway_R-HSA-445095
5907	http://purl.obolibrary.org/obo/go.owl#Reaction_R-HSA-2997616
5908	http://purl.obolibrary.org/obo/go.owl#Reaction_R-HSA-914008
5909	http://purl.obolibrary.org/obo/go.owl#Reaction_R-HSA-9645442
5910	http://purl.obolibrary.org/obo/go.owl#Reaction_R-HSA-9824874
5911	http://purl.obolibrary.org/obo/go.owl#Pathway_R-HSA-9022699
5912	http://purl.obolibrary.org/obo/go.owl#Reaction_R-HSA-9823906
5913	http://purl.obolibrary.org/obo/go.owl#Pathway_R-HSA-389599
5914	http://purl.obolibrary.org/obo/go.owl#Pathway_R-HSA-390918
5915	http://purl.obolibrary.org/obo/go.owl#Reaction_R-HSA-3149434
5916	http://purl.obolibrary.org/obo/go.owl#Pathway_R-HSA-9020558
5917	http://purl.obolibrary.org/obo/go.owl#Reaction_R-HSA-177479
5918	http://purl.obolibrary.org/obo/go.owl#Reaction_R-HSA-3769447
5919	http://purl.obolibrary.org/obo/go.owl#Reaction_R-HSA-9833674
5920	http://purl.obolibrary.org/obo/go.owl#Pathway_R-HSA-3000480
5921	http://purl.obolibrary.org/obo/go.owl#Reaction_R-HSA-9708889
5922	http://purl.obolibrary.org/obo/go.owl#Reaction_R-HSA-9656209
5923	http://purl.obolibrary.org/obo/go.owl#Reaction_R-HSA-1358798
5924	http://purl.obolibrary.org/obo/go.owl#Reaction_R-HSA-8953917
5925	http://purl.obolibrary.org/obo/go.owl#Reaction_R-HSA-5694423
5926	http://purl.obolibrary.org/obo/go.owl#Reaction_R-HSA-9835473
5927	http://purl.obolibrary.org/obo/go.owl#Reaction_R-HSA-174088
5928	http://purl.obolibrary.org/obo/go.owl#Reaction_R-HSA-5665999
5929	http://purl.obolibrary.org/obo/go.owl#Reaction_R-HSA-167134
5930	http://purl.obolibrary.org/obo/go.owl#Reaction_R-HSA-4093327
5931	http://purl.obolibrary.org/obo/go.owl#Reaction_R-HSA-205262
5932	http://purl.obolibrary.org/obo/go.owl#Pathway_R-HSA-390471
5933	http://purl.obolibrary.org/obo/go.owl#Reaction_R-HSA-4085350
5934	http://purl.obolibrary.org/obo/go.owl#Reaction_R-HSA-9604487
5935	http://purl.obolibrary.org/obo/go.owl#Pathway_R-HSA-176974
5936	http://purl.obolibrary.org/obo/go.owl#Reaction_R-HSA-452122
5937	http://purl.obolibrary.org/obo/go.owl#Reaction_R-HSA-5692764
5938	http://purl.obolibrary.org/obo/go.owl#Pathway_R-HSA-5676594
5939	http://purl.obolibrary.org/obo/go.owl#Reaction_R-HSA-163099
5940	http://purl.obolibrary.org/obo/go.owl#Pathway_R-HSA-445144
5941	http://purl.obolibrary.org/obo/go.owl#Reaction_R-HSA-9007464
5942	http://purl.obolibrary.org/obo/go.owl#Reaction_R-HSA-8856951
5943	http://purl.obolibrary.org/obo/go.owl#Reaction_R-HSA-9828196
5944	http://purl.obolibrary.org/obo/go.owl#Reaction_R-HSA-9907898
5945	http://purl.obolibrary.org/obo/go.owl#Reaction_R-HSA-5423038
5946	http://purl.obolibrary.org/obo/go.owl#Reaction_R-HSA-8983309
5947	http://purl.obolibrary.org/obo/go.owl#Reaction_R-HSA-1234169
5948	http://purl.obolibrary.org/obo/go.owl#Reaction_R-HSA-5228525
5949	http://purl.obolibrary.org/obo/go.owl#Reaction_R-HSA-1363306
5950	http://purl.obolibrary.org/obo/go.owl#Reaction_R-HSA-9821235
5951	http://purl.obolibrary.org/obo/go.owl#Reaction_R-HSA-9843115
5952	http://purl.obolibrary.org/obo/go.owl#Pathway_R-HSA-8939246
5953	http://purl.obolibrary.org/obo/go.owl#Reaction_R-HSA-9925270
5954	http://purl.obolibrary.org/obo/go.owl#Reaction_R-HSA-5654618
5955	http://purl.obolibrary.org/obo/go.owl#Reaction_R-HSA-5419264
5956	http://purl.obolibrary.org/obo/go.owl#Reaction_R-HSA-9725885
5957	http://purl.obolibrary.org/obo/go.owl#Reaction_R-HSA-9018817
5958	http://purl.obolibrary.org/obo/go.owl#Reaction_R-HSA-8935864
5959	http://purl.obolibrary.org/obo/go.owl#Pathway_R-HSA-164843
5960	http://purl.obolibrary.org/obo/go.owl#Reaction_R-HSA-9700193
5961	http://purl.obolibrary.org/obo/go.owl#Reaction_R-HSA-5693608
5962	http://purl.obolibrary.org/obo/go.owl#Reaction_R-HSA-9680385
5963	http://purl.obolibrary.org/obo/go.owl#Protein_OR5B2
5964	http://purl.obolibrary.org/obo/go.owl#Reaction_R-HSA-9625520
5965	http://purl.obolibrary.org/obo/go.owl#Reaction_R-HSA-6814124
5966	http://purl.obolibrary.org/obo/go.owl#Reaction_R-HSA-198958
5967	http://purl.obolibrary.org/obo/go.owl#Pathway_R-HSA-8851907
5968	http://purl.obolibrary.org/obo/go.owl#Reaction_R-HSA-2029273
5969	http://purl.obolibrary.org/obo/go.owl#Reaction_R-HSA-6814554
5970	http://purl.obolibrary.org/obo/go.owl#Reaction_R-HSA-75098
5971	http://purl.obolibrary.org/obo/go.owl#Reaction_R-HSA-428918
5972	http://purl.obolibrary.org/obo/go.owl#Reaction_R-HSA-8987218
5973	http://purl.obolibrary.org/obo/go.owl#Reaction_R-HSA-77069
5974	http://purl.obolibrary.org/obo/go.owl#Reaction_R-HSA-8948602
5975	http://purl.obolibrary.org/obo/go.owl#Reaction_R-HSA-175258
5976	http://purl.obolibrary.org/obo/go.owl#Reaction_R-HSA-8875451
5977	http://purl.obolibrary.org/obo/go.owl#Reaction_R-HSA-6799202
5978	http://purl.obolibrary.org/obo/go.owl#Pathway_R-HSA-5663213
5979	http://purl.obolibrary.org/obo/go.owl#Reaction_R-HSA-1254285
5980	http://purl.obolibrary.org/obo/go.owl#Reaction_R-HSA-77073
5981	http://purl.obolibrary.org/obo/go.owl#Reaction_R-HSA-9666458
5982	http://purl.obolibrary.org/obo/go.owl#Reaction_R-HSA-5621002
5983	http://purl.obolibrary.org/obo/go.owl#Pathway_R-HSA-5617472
5984	http://purl.obolibrary.org/obo/go.owl#Reaction_R-HSA-9703436
5985	http://purl.obolibrary.org/obo/go.owl#Reaction_R-HSA-389972
5986	http://purl.obolibrary.org/obo/go.owl#Pathway_R-HSA-9865881
5987	http://purl.obolibrary.org/obo/go.owl#Reaction_R-HSA-917744
5988	http://purl.obolibrary.org/obo/go.owl#Pathway_R-HSA-1234176
5989	http://purl.obolibrary.org/obo/go.owl#Reaction_R-HSA-9922998
5990	http://purl.obolibrary.org/obo/go.owl#Reaction_R-HSA-9029434
5991	http://purl.obolibrary.org/obo/go.owl#Reaction_R-HSA-8854905
5992	http://purl.obolibrary.org/obo/go.owl#Reaction_R-HSA-4411357
5993	http://purl.obolibrary.org/obo/go.owl#Reaction_R-HSA-421833
5994	http://purl.obolibrary.org/obo/go.owl#Reaction_R-HSA-446216
5995	http://purl.obolibrary.org/obo/go.owl#Reaction_R-HSA-3239019
5996	http://purl.obolibrary.org/obo/go.owl#Pathway_R-HSA-9840310
5997	http://purl.obolibrary.org/obo/go.owl#Pathway_R-HSA-111957
5998	http://purl.obolibrary.org/obo/go.owl#Reaction_R-HSA-1977958
5999	http://purl.obolibrary.org/obo/go.owl#Reaction_R-HSA-392751
6000	http://purl.obolibrary.org/obo/go.owl#Pathway_R-HSA-5357956
6001	http://purl.obolibrary.org/obo/go.owl#Reaction_R-HSA-453111
6002	http://purl.obolibrary.org/obo/go.owl#Reaction_R-HSA-9842655
6003	http://purl.obolibrary.org/obo/go.owl#Reaction_R-HSA-3002811
6004	http://purl.obolibrary.org/obo/go.owl#Reaction_R-HSA-443783
6005	http://purl.obolibrary.org/obo/go.owl#Reaction_R-HSA-8944497
6006	http://purl.obolibrary.org/obo/go.owl#Reaction_R-HSA-9013158
6007	http://purl.obolibrary.org/obo/go.owl#Reaction_R-HSA-1912391
6008	http://purl.obolibrary.org/obo/go.owl#Reaction_R-HSA-9011981
6009	http://purl.obolibrary.org/obo/go.owl#Reaction_R-HSA-2314566
6010	http://purl.obolibrary.org/obo/go.owl#Reaction_R-HSA-9840564
6011	http://purl.obolibrary.org/obo/go.owl#Reaction_R-HSA-8948583
6012	http://purl.obolibrary.org/obo/go.owl#Reaction_R-HSA-549364
6013	http://purl.obolibrary.org/obo/go.owl#Pathway_R-HSA-141430
6014	http://purl.obolibrary.org/obo/go.owl#Reaction_R-HSA-9843117
6015	http://purl.obolibrary.org/obo/go.owl#Reaction_R-HSA-173545
6016	http://purl.obolibrary.org/obo/go.owl#Reaction_R-HSA-6803838
6017	http://purl.obolibrary.org/obo/go.owl#Reaction_R-HSA-5576895
6018	http://purl.obolibrary.org/obo/go.owl#Reaction_R-HSA-5357472
6019	http://purl.obolibrary.org/obo/go.owl#Reaction_R-HSA-5617661
6020	http://purl.obolibrary.org/obo/go.owl#Reaction_R-HSA-741449
6021	http://purl.obolibrary.org/obo/go.owl#Reaction_R-HSA-9726621
6022	http://purl.obolibrary.org/obo/go.owl#Reaction_R-HSA-9656212
6023	http://purl.obolibrary.org/obo/go.owl#Reaction_R-HSA-939265
6024	http://purl.obolibrary.org/obo/go.owl#Reaction_R-HSA-6785636
6025	http://purl.obolibrary.org/obo/go.owl#Reaction_R-HSA-202174
6026	http://purl.obolibrary.org/obo/go.owl#Reaction_R-HSA-9604264
6027	http://purl.obolibrary.org/obo/go.owl#Reaction_R-HSA-5685366
6028	http://purl.obolibrary.org/obo/go.owl#Reaction_R-HSA-451561
6029	http://purl.obolibrary.org/obo/go.owl#Reaction_R-HSA-994020
6030	http://purl.obolibrary.org/obo/go.owl#Reaction_R-HSA-9727919
6031	http://purl.obolibrary.org/obo/go.owl#Pathway_R-HSA-2408508
6032	http://purl.obolibrary.org/obo/go.owl#Reaction_R-HSA-5668481
6033	http://purl.obolibrary.org/obo/go.owl#Reaction_R-HSA-9749253
6034	http://purl.obolibrary.org/obo/GO_0006955_instance
6035	http://purl.obolibrary.org/obo/go.owl#Reaction_R-HSA-9753632
6036	http://purl.obolibrary.org/obo/go.owl#Reaction_R-HSA-388468
6037	http://purl.obolibrary.org/obo/go.owl#Reaction_R-HSA-9029150
6038	http://purl.obolibrary.org/obo/go.owl#Reaction_R-HSA-9032582
6039	http://purl.obolibrary.org/obo/go.owl#Reaction_R-HSA-2176491
6040	http://purl.obolibrary.org/obo/go.owl#Reaction_R-HSA-5617874
6041	http://purl.obolibrary.org/obo/go.owl#Reaction_R-HSA-5683930
6042	http://purl.obolibrary.org/obo/go.owl#Pathway_R-HSA-5358751
6043	http://purl.obolibrary.org/obo/go.owl#Reaction_R-HSA-1363303
6044	http://purl.obolibrary.org/obo/go.owl#Reaction_R-HSA-1980078
6045	http://purl.obolibrary.org/obo/go.owl#Pathway_R-HSA-1855170
6046	http://purl.obolibrary.org/obo/go.owl#Reaction_R-HSA-2424486
6047	http://purl.obolibrary.org/obo/go.owl#Reaction_R-HSA-3371359
6048	http://purl.obolibrary.org/obo/go.owl#Reaction_R-HSA-751040
6049	http://purl.obolibrary.org/obo/go.owl#Reaction_R-HSA-8852129
6050	http://purl.obolibrary.org/obo/go.owl#Reaction_R-HSA-9617838
6051	http://purl.obolibrary.org/obo/go.owl#Reaction_R-HSA-2029449
6052	http://purl.obolibrary.org/obo/go.owl#Pathway_R-HSA-1169092
6053	http://purl.obolibrary.org/obo/go.owl#Pathway_R-HSA-9635465
6054	http://purl.obolibrary.org/obo/go.owl#Reaction_R-HSA-111438
6055	http://purl.obolibrary.org/obo/go.owl#Reaction_R-HSA-9736984
6056	http://purl.obolibrary.org/obo/go.owl#Reaction_R-HSA-8936628
6057	http://purl.obolibrary.org/obo/go.owl#Reaction_R-HSA-8948612
6058	http://purl.obolibrary.org/obo/go.owl#Reaction_R-HSA-389381
6059	http://purl.obolibrary.org/obo/go.owl#Reaction_R-HSA-975119
6060	http://purl.obolibrary.org/obo/go.owl#Pathway_R-HSA-171007
6061	http://purl.obolibrary.org/obo/go.owl#Pathway_R-HSA-9702518
6062	http://purl.obolibrary.org/obo/go.owl#Reaction_R-HSA-1169307
6063	http://purl.obolibrary.org/obo/go.owl#Reaction_R-HSA-9931314
6064	http://purl.obolibrary.org/obo/go.owl#Reaction_R-HSA-9032532
6065	http://purl.obolibrary.org/obo/go.owl#Reaction_R-HSA-4568848
6066	http://purl.obolibrary.org/obo/go.owl#Reaction_R-HSA-5610733
6067	http://purl.obolibrary.org/obo/go.owl#Reaction_R-HSA-141439
6068	http://purl.obolibrary.org/obo/go.owl#Reaction_R-HSA-9661820
6069	http://purl.obolibrary.org/obo/go.owl#Reaction_R-HSA-9625510
6070	http://purl.obolibrary.org/obo/go.owl#Reaction_R-HSA-9665697
6071	http://purl.obolibrary.org/obo/go.owl#Reaction_R-HSA-9843978
6072	http://purl.obolibrary.org/obo/go.owl#Reaction_R-HSA-9691421
6073	http://purl.obolibrary.org/obo/go.owl#Reaction_R-HSA-482621
6074	http://purl.obolibrary.org/obo/go.owl#Reaction_R-HSA-9690414
6075	http://purl.obolibrary.org/obo/go.owl#Pathway_R-HSA-1247673
6076	http://purl.obolibrary.org/obo/go.owl#Reaction_R-HSA-199839
6077	http://purl.obolibrary.org/obo/go.owl#Pathway_R-HSA-6785807
6078	http://purl.obolibrary.org/obo/go.owl#Reaction_R-HSA-1250463
6079	http://purl.obolibrary.org/obo/go.owl#Reaction_R-HSA-9793400
6080	http://purl.obolibrary.org/obo/go.owl#Reaction_R-HSA-6803240
6081	http://purl.obolibrary.org/obo/go.owl#Reaction_R-HSA-9013990
6082	http://purl.obolibrary.org/obo/go.owl#Reaction_R-HSA-450595
6083	http://purl.obolibrary.org/obo/go.owl#Reaction_R-HSA-4570485
6084	http://purl.obolibrary.org/obo/go.owl#Reaction_R-HSA-2730861
6085	http://purl.obolibrary.org/obo/go.owl#Reaction_R-HSA-4518575
6086	http://purl.obolibrary.org/obo/go.owl#Reaction_R-HSA-177931
6087	http://purl.obolibrary.org/obo/go.owl#Pathway_R-HSA-5654695
6088	http://purl.obolibrary.org/obo/go.owl#Reaction_R-HSA-5228521
6089	http://purl.obolibrary.org/obo/go.owl#Reaction_R-HSA-8948536
6090	http://purl.obolibrary.org/obo/go.owl#Reaction_R-HSA-2029458
6091	http://purl.obolibrary.org/obo/go.owl#Reaction_R-HSA-5658424
6092	http://purl.obolibrary.org/obo/go.owl#Pathway_R-HSA-5467340
6093	http://purl.obolibrary.org/obo/go.owl#Reaction_R-HSA-5696813
6094	http://purl.obolibrary.org/obo/go.owl#Reaction_R-HSA-8937118
6095	http://purl.obolibrary.org/obo/go.owl#Reaction_R-HSA-77083
6096	http://purl.obolibrary.org/obo/go.owl#Pathway_R-HSA-877312
6097	http://purl.obolibrary.org/obo/go.owl#Reaction_R-HSA-9909561
6098	http://purl.obolibrary.org/obo/go.owl#Reaction_R-HSA-9701569
6099	http://purl.obolibrary.org/obo/go.owl#Reaction_R-HSA-9796379
6100	http://purl.obolibrary.org/obo/go.owl#Reaction_R-HSA-176101
6101	http://purl.obolibrary.org/obo/go.owl#Reaction_R-HSA-5658435
6102	http://purl.obolibrary.org/obo/go.owl#Reaction_R-HSA-202453
6103	http://purl.obolibrary.org/obo/go.owl#Reaction_R-HSA-5690990
6104	http://purl.obolibrary.org/obo/go.owl#Reaction_R-HSA-9647978
6105	http://purl.obolibrary.org/obo/go.owl#Reaction_R-HSA-8950718
6106	http://purl.obolibrary.org/obo/go.owl#Reaction_R-HSA-9755328
6107	http://purl.obolibrary.org/obo/go.owl#Reaction_R-HSA-560493
6108	http://purl.obolibrary.org/obo/go.owl#Reaction_R-HSA-9850958
6109	http://purl.obolibrary.org/obo/go.owl#Reaction_R-HSA-5634228
6110	http://purl.obolibrary.org/obo/go.owl#Reaction_R-HSA-9635739
6111	http://purl.obolibrary.org/obo/go.owl#Pathway_R-HSA-452723
6112	http://purl.obolibrary.org/obo/go.owl#Reaction_R-HSA-432110
6113	http://purl.obolibrary.org/obo/go.owl#Reaction_R-HSA-5617650
6114	http://purl.obolibrary.org/obo/go.owl#Reaction_R-HSA-9629195
6115	http://purl.obolibrary.org/obo/go.owl#Reaction_R-HSA-5672966
6116	http://purl.obolibrary.org/obo/go.owl#Reaction_R-HSA-2168884
6117	http://purl.obolibrary.org/obo/go.owl#Pathway_R-HSA-450302
6118	http://purl.obolibrary.org/obo/go.owl#Pathway_R-HSA-381676
6119	http://purl.obolibrary.org/obo/go.owl#Reaction_R-HSA-167217
6120	http://purl.obolibrary.org/obo/go.owl#Reaction_R-HSA-6785565
6121	http://purl.obolibrary.org/obo/go.owl#Pathway_R-HSA-5083635
6122	http://purl.obolibrary.org/obo/go.owl#Reaction_R-HSA-5618331
6123	http://purl.obolibrary.org/obo/go.owl#Reaction_R-HSA-8941613
6124	http://purl.obolibrary.org/obo/go.owl#Reaction_R-HSA-9008877
6125	http://purl.obolibrary.org/obo/go.owl#Reaction_R-HSA-70997
6126	http://purl.obolibrary.org/obo/go.owl#Reaction_R-HSA-382052
6127	http://purl.obolibrary.org/obo/go.owl#Reaction_R-HSA-9657791
6128	http://purl.obolibrary.org/obo/GO_0005761_instance
6129	http://purl.obolibrary.org/obo/go.owl#Reaction_R-HSA-9634702
6130	http://purl.obolibrary.org/obo/go.owl#Pathway_R-HSA-8857538
6131	http://purl.obolibrary.org/obo/go.owl#Reaction_R-HSA-5654672
6132	http://purl.obolibrary.org/obo/go.owl#Reaction_R-HSA-9817983
6133	http://purl.obolibrary.org/obo/go.owl#Reaction_R-HSA-8851919
6134	http://purl.obolibrary.org/obo/go.owl#Reaction_R-HSA-5607723
6135	http://purl.obolibrary.org/obo/go.owl#Reaction_R-HSA-1964505
6136	http://purl.obolibrary.org/obo/go.owl#Reaction_R-HSA-3295579
6137	http://purl.obolibrary.org/obo/go.owl#Pathway_R-HSA-9701190
6138	http://purl.obolibrary.org/obo/go.owl#Reaction_R-HSA-9673761
6139	http://purl.obolibrary.org/obo/go.owl#Reaction_R-HSA-1226014
6140	http://purl.obolibrary.org/obo/go.owl#Reaction_R-HSA-5694431
6141	http://purl.obolibrary.org/obo/go.owl#Pathway_R-HSA-5218920
6142	http://purl.obolibrary.org/obo/go.owl#Reaction_R-HSA-9815507
6143	http://purl.obolibrary.org/obo/go.owl#Reaction_R-HSA-9823932
6144	http://purl.obolibrary.org/obo/go.owl#Reaction_R-HSA-9008894
6145	http://purl.obolibrary.org/obo/go.owl#Pathway_R-HSA-9709570
6146	http://purl.obolibrary.org/obo/go.owl#Reaction_R-HSA-8855130
6147	http://purl.obolibrary.org/obo/go.owl#Reaction_R-HSA-6781867
6148	http://purl.obolibrary.org/obo/go.owl#Reaction_R-HSA-74743
6149	http://purl.obolibrary.org/obo/go.owl#Reaction_R-HSA-74992
6150	http://purl.obolibrary.org/obo/go.owl#Reaction_R-HSA-168921
6151	http://purl.obolibrary.org/obo/go.owl#Pathway_R-HSA-9025094
6152	http://purl.obolibrary.org/obo/go.owl#Reaction_R-HSA-8944047
6153	http://purl.obolibrary.org/obo/go.owl#Reaction_R-HSA-548800
6154	http://purl.obolibrary.org/obo/go.owl#Reaction_R-HSA-9865226
6155	http://purl.obolibrary.org/obo/go.owl#Reaction_R-HSA-6798282
6156	http://purl.obolibrary.org/obo/go.owl#Reaction_R-HSA-1253321
6157	http://purl.obolibrary.org/obo/go.owl#Reaction_R-HSA-6809320
6158	http://purl.obolibrary.org/obo/go.owl#Reaction_R-HSA-4570493
6159	http://purl.obolibrary.org/obo/go.owl#Reaction_R-HSA-9755303
6160	http://purl.obolibrary.org/obo/go.owl#Reaction_R-HSA-3928651
6161	http://purl.obolibrary.org/obo/go.owl#Reaction_R-HSA-9629373
6162	http://purl.obolibrary.org/obo/go.owl#Reaction_R-HSA-9696268
6163	http://purl.obolibrary.org/obo/go.owl#Pathway_R-HSA-74217
6164	http://purl.obolibrary.org/obo/go.owl#Reaction_R-HSA-6786092
6165	http://purl.obolibrary.org/obo/go.owl#Reaction_R-HSA-389354
6166	http://purl.obolibrary.org/obo/go.owl#Reaction_R-HSA-5674130
6167	http://purl.obolibrary.org/obo/go.owl#Reaction_R-HSA-175177
6168	http://purl.obolibrary.org/obo/go.owl#Reaction_R-HSA-5654406
6169	http://purl.obolibrary.org/obo/go.owl#Reaction_R-HSA-9630923
6170	http://purl.obolibrary.org/obo/go.owl#Pathway_R-HSA-1855229
6171	http://purl.obolibrary.org/obo/go.owl#Reaction_R-HSA-1112565
6172	http://purl.obolibrary.org/obo/go.owl#Reaction_R-HSA-8935740
6173	http://purl.obolibrary.org/obo/go.owl#Reaction_R-HSA-9013004
6174	http://purl.obolibrary.org/obo/go.owl#Reaction_R-HSA-187545
6175	http://purl.obolibrary.org/obo/go.owl#Pathway_R-HSA-176034
6176	http://purl.obolibrary.org/obo/go.owl#Reaction_R-HSA-9925647
6177	http://purl.obolibrary.org/obo/go.owl#Reaction_R-HSA-9929720
6178	http://purl.obolibrary.org/obo/go.owl#Reaction_R-HSA-2395412
6179	http://purl.obolibrary.org/obo/go.owl#Reaction_R-HSA-112152
6180	http://purl.obolibrary.org/obo/go.owl#Pathway_R-HSA-76071
6181	http://purl.obolibrary.org/obo/go.owl#Reaction_R-HSA-5617672
6182	http://purl.obolibrary.org/obo/go.owl#Reaction_R-HSA-5625959
6183	http://purl.obolibrary.org/obo/go.owl#Reaction_R-HSA-443402
6184	http://purl.obolibrary.org/obo/go.owl#Pathway_R-HSA-9824594
6185	http://purl.obolibrary.org/obo/go.owl#Reaction_R-HSA-3134901
6186	http://purl.obolibrary.org/obo/go.owl#Reaction_R-HSA-9619843
6187	http://purl.obolibrary.org/obo/go.owl#Reaction_R-HSA-1855162
6188	http://purl.obolibrary.org/obo/go.owl#Pathway_R-HSA-1855167
6189	http://purl.obolibrary.org/obo/go.owl#Reaction_R-HSA-9731111
6190	http://purl.obolibrary.org/obo/go.owl#Reaction_R-HSA-9822597
6191	http://purl.obolibrary.org/obo/go.owl#Reaction_R-NUL-1248753
6192	http://purl.obolibrary.org/obo/go.owl#Protein_FAM156B
6193	http://purl.obolibrary.org/obo/go.owl#Pathway_R-HSA-416700
6194	http://purl.obolibrary.org/obo/go.owl#Reaction_R-HSA-9703442
6195	http://purl.obolibrary.org/obo/go.owl#Reaction_R-HSA-1306965
6196	http://purl.obolibrary.org/obo/go.owl#Reaction_R-HSA-9760094
6197	http://purl.obolibrary.org/obo/go.owl#Pathway_R-HSA-9818027
6198	http://purl.obolibrary.org/obo/go.owl#Reaction_R-HSA-9029149
6199	http://purl.obolibrary.org/obo/go.owl#Reaction_R-HSA-5681987
6200	http://purl.obolibrary.org/obo/go.owl#Reaction_R-HSA-6803233
6201	http://purl.obolibrary.org/obo/go.owl#Reaction_R-HSA-8870466
6202	http://purl.obolibrary.org/obo/go.owl#Reaction_R-HSA-451942
6203	http://purl.obolibrary.org/obo/go.owl#Reaction_R-HSA-9681169
6204	http://purl.obolibrary.org/obo/go.owl#Reaction_R-HSA-9029151
6205	http://purl.obolibrary.org/obo/go.owl#Pathway_R-HSA-9027284
6206	http://purl.obolibrary.org/obo/go.owl#Reaction_R-HSA-5218823
6207	http://purl.obolibrary.org/obo/go.owl#Pathway_R-HSA-937041
6208	http://purl.obolibrary.org/obo/go.owl#Reaction_R-HSA-8984994
6209	http://purl.obolibrary.org/obo/go.owl#Reaction_R-HSA-8951648
6210	http://purl.obolibrary.org/obo/GO_0070822_instance
6211	http://purl.obolibrary.org/obo/go.owl#Pathway_R-HSA-8955332
6212	http://purl.obolibrary.org/obo/go.owl#Pathway_R-HSA-9701192
6213	http://purl.obolibrary.org/obo/go.owl#Reaction_R-HSA-5617445
6214	http://purl.obolibrary.org/obo/go.owl#Reaction_R-HSA-9853499
6215	http://purl.obolibrary.org/obo/go.owl#Reaction_R-HSA-9665726
6216	http://purl.obolibrary.org/obo/go.owl#Reaction_R-HSA-9925650
6217	http://purl.obolibrary.org/obo/go.owl#Pathway_R-HSA-5654719
6218	http://purl.obolibrary.org/obo/go.owl#Pathway_R-HSA-9013508
6219	http://purl.obolibrary.org/obo/go.owl#Reaction_R-HSA-5601926
6220	http://purl.obolibrary.org/obo/go.owl#Reaction_R-HSA-5682598
6221	http://purl.obolibrary.org/obo/go.owl#Reaction_R-HSA-5693574
6222	http://purl.obolibrary.org/obo/go.owl#Reaction_R-HSA-8951443
6223	http://purl.obolibrary.org/obo/go.owl#Reaction_R-HSA-174446
6224	http://purl.obolibrary.org/obo/go.owl#Reaction_R-HSA-5694441
6225	http://purl.obolibrary.org/obo/go.owl#Reaction_R-HSA-8876497
6226	http://purl.obolibrary.org/obo/go.owl#Reaction_R-HSA-420019
6227	http://purl.obolibrary.org/obo/go.owl#Reaction_R-HSA-8866279
6228	http://purl.obolibrary.org/obo/go.owl#Reaction_R-HSA-9664880
6229	http://purl.obolibrary.org/obo/go.owl#Pathway_R-HSA-180689
6230	http://purl.obolibrary.org/obo/go.owl#Reaction_R-HSA-8985966
6231	http://purl.obolibrary.org/obo/go.owl#Reaction_R-HSA-9736959
6232	http://purl.obolibrary.org/obo/go.owl#Reaction_R-HSA-8939667
6233	http://purl.obolibrary.org/obo/go.owl#Reaction_R-HSA-5617866
6234	http://purl.obolibrary.org/obo/go.owl#Reaction_R-HSA-1989778
6235	http://purl.obolibrary.org/obo/go.owl#Reaction_R-HSA-379993
6236	http://purl.obolibrary.org/obo/go.owl#Reaction_R-HSA-379974
6237	http://purl.obolibrary.org/obo/go.owl#Reaction_R-HSA-447074
6238	http://purl.obolibrary.org/obo/go.owl#Pathway_R-HSA-351906
6239	http://purl.obolibrary.org/obo/go.owl#Protein_NT5DC2
6240	http://purl.obolibrary.org/obo/go.owl#Reaction_R-HSA-5687101
6241	http://purl.obolibrary.org/obo/go.owl#Reaction_R-HSA-9687638
6242	http://purl.obolibrary.org/obo/go.owl#Reaction_R-HSA-112149
6243	http://purl.obolibrary.org/obo/go.owl#Reaction_R-HSA-879411
6244	http://purl.obolibrary.org/obo/go.owl#Reaction_R-HSA-9930056
6245	http://purl.obolibrary.org/obo/go.owl#Reaction_R-HSA-6788571
6246	http://purl.obolibrary.org/obo/go.owl#Reaction_R-HSA-9009208
6247	http://purl.obolibrary.org/obo/go.owl#Reaction_R-HSA-5687083
6248	http://purl.obolibrary.org/obo/go.owl#Pathway_R-HSA-9013507
6249	http://purl.obolibrary.org/obo/go.owl#Reaction_R-HSA-3000319
6250	http://purl.obolibrary.org/obo/go.owl#Reaction_R-HSA-983427
6251	http://purl.obolibrary.org/obo/go.owl#Reaction_R-HSA-204169
6252	http://purl.obolibrary.org/obo/go.owl#Reaction_R-HSA-8876837
6253	http://purl.obolibrary.org/obo/go.owl#Reaction_R-HSA-8876240
6254	http://purl.obolibrary.org/obo/go.owl#Reaction_R-HSA-1299487
6255	http://purl.obolibrary.org/obo/go.owl#Reaction_R-HSA-75949
6256	http://purl.obolibrary.org/obo/go.owl#Reaction_R-HSA-983266
6257	http://purl.obolibrary.org/obo/go.owl#Reaction_R-HSA-199169
6258	http://purl.obolibrary.org/obo/go.owl#Reaction_R-HSA-428917
6259	http://purl.obolibrary.org/obo/go.owl#Reaction_R-HSA-8867370
6260	http://purl.obolibrary.org/obo/go.owl#Reaction_R-HSA-8852133
6261	http://purl.obolibrary.org/obo/go.owl#Pathway_R-HSA-418217
6262	http://purl.obolibrary.org/obo/go.owl#Reaction_R-HSA-1912374
6263	http://purl.obolibrary.org/obo/go.owl#Reaction_R-HSA-9664273
6264	http://purl.obolibrary.org/obo/go.owl#Reaction_R-HSA-8876188
6265	http://purl.obolibrary.org/obo/go.owl#Reaction_R-HSA-1855171
6266	http://purl.obolibrary.org/obo/go.owl#Reaction_R-HSA-9823952
6267	http://purl.obolibrary.org/obo/go.owl#Reaction_R-HSA-141159
6268	http://purl.obolibrary.org/obo/go.owl#Reaction_R-HSA-1214188
6269	http://purl.obolibrary.org/obo/go.owl#Pathway_R-HSA-416572
6270	http://purl.obolibrary.org/obo/go.owl#Reaction_R-HSA-5689973
6271	http://purl.obolibrary.org/obo/go.owl#Reaction_R-HSA-4546386
6272	http://purl.obolibrary.org/obo/go.owl#Reaction_R-HSA-8939833
6273	http://purl.obolibrary.org/obo/go.owl#Reaction_R-HSA-74748
6274	http://purl.obolibrary.org/obo/go.owl#Reaction_R-HSA-5607726
6275	http://purl.obolibrary.org/obo/go.owl#Reaction_R-HSA-1918095
6276	http://purl.obolibrary.org/obo/go.owl#Reaction_R-HSA-9606784
6277	http://purl.obolibrary.org/obo/go.owl#Pathway_R-HSA-1912420
6278	http://purl.obolibrary.org/obo/go.owl#Reaction_R-HSA-8985929
6279	http://purl.obolibrary.org/obo/go.owl#Reaction_R-HSA-8953461
6280	http://purl.obolibrary.org/obo/go.owl#Pathway_R-HSA-8949664
6281	http://purl.obolibrary.org/obo/go.owl#Reaction_R-HSA-5665802
6282	http://purl.obolibrary.org/obo/go.owl#Reaction_R-HSA-9698754
6283	http://purl.obolibrary.org/obo/go.owl#Reaction_R-HSA-202472
6284	http://purl.obolibrary.org/obo/go.owl#Reaction_R-HSA-5655733
6285	http://purl.obolibrary.org/obo/go.owl#Pathway_R-HSA-5619049
6286	http://purl.obolibrary.org/obo/go.owl#Reaction_R-HSA-5652009
6287	http://purl.obolibrary.org/obo/go.owl#Reaction_R-HSA-5654986
6288	http://purl.obolibrary.org/obo/go.owl#Pathway_R-HSA-6811558
6289	http://purl.obolibrary.org/obo/go.owl#Reaction_R-HSA-1855197
6290	http://purl.obolibrary.org/obo/go.owl#Reaction_R-HSA-9866061
6291	http://purl.obolibrary.org/obo/go.owl#Reaction_R-HSA-9947908
6292	http://purl.obolibrary.org/obo/go.owl#Reaction_R-HSA-6806877
6293	http://purl.obolibrary.org/obo/go.owl#Pathway_R-HSA-5654699
6294	http://purl.obolibrary.org/obo/go.owl#Reaction_R-HSA-5684875
6295	http://purl.obolibrary.org/obo/go.owl#Pathway_R-HSA-977347
6296	http://purl.obolibrary.org/obo/go.owl#Reaction_R-HSA-452097
6297	http://purl.obolibrary.org/obo/go.owl#Reaction_R-HSA-450463
6298	http://purl.obolibrary.org/obo/go.owl#Reaction_R-HSA-392831
6299	http://purl.obolibrary.org/obo/go.owl#Reaction_R-HSA-8936481
6300	http://purl.obolibrary.org/obo/go.owl#Reaction_R-HSA-9664278
6301	http://purl.obolibrary.org/obo/go.owl#Pathway_R-HSA-9652817
6302	http://purl.obolibrary.org/obo/go.owl#Reaction_R-HSA-9618479
6303	http://purl.obolibrary.org/obo/go.owl#Reaction_R-HSA-3209114
6304	http://purl.obolibrary.org/obo/go.owl#Reaction_R-HSA-9034875
6305	http://purl.obolibrary.org/obo/go.owl#Pathway_R-HSA-9034864
6306	http://purl.obolibrary.org/obo/go.owl#Reaction_R-HSA-1183058
6307	http://purl.obolibrary.org/obo/go.owl#Reaction_R-HSA-5610760
6308	http://purl.obolibrary.org/obo/go.owl#Reaction_R-HSA-8855237
6309	http://purl.obolibrary.org/obo/go.owl#Reaction_R-HSA-168935
6310	http://purl.obolibrary.org/obo/GO_0009967_instance
6311	http://purl.obolibrary.org/obo/go.owl#Reaction_R-HSA-428535
6312	http://purl.obolibrary.org/obo/go.owl#Reaction_R-HSA-983161
6313	http://purl.obolibrary.org/obo/go.owl#Reaction_R-HSA-9640175
6314	http://purl.obolibrary.org/obo/go.owl#Pathway_R-HSA-9639288
6315	http://purl.obolibrary.org/obo/go.owl#Protein_OPN3
6316	http://purl.obolibrary.org/obo/go.owl#Pathway_R-HSA-196807
6317	http://purl.obolibrary.org/obo/GO_0003677_instance
6318	http://purl.obolibrary.org/obo/GO_0071782_instance
6319	http://purl.obolibrary.org/obo/go.owl#Reaction_R-HSA-5625745
6320	http://purl.obolibrary.org/obo/go.owl#Reaction_R-HSA-5654640
6321	http://purl.obolibrary.org/obo/go.owl#Pathway_R-HSA-5654710
6322	http://purl.obolibrary.org/obo/go.owl#Reaction_R-HSA-442732
6323	http://purl.obolibrary.org/obo/go.owl#Reaction_R-HSA-9703434
6324	http://purl.obolibrary.org/obo/go.owl#Reaction_R-HSA-3928584
6325	http://purl.obolibrary.org/obo/go.owl#Reaction_R-HSA-73814
6326	http://purl.obolibrary.org/obo/go.owl#Pathway_R-HSA-73817
6327	http://purl.obolibrary.org/obo/go.owl#Reaction_R-HSA-9817411
6328	http://purl.obolibrary.org/obo/go.owl#Reaction_R-HSA-70994
6329	http://purl.obolibrary.org/obo/go.owl#Reaction_R-HSA-427383
6330	http://purl.obolibrary.org/obo/go.owl#Reaction_R-HSA-166091
6331	http://purl.obolibrary.org/obo/go.owl#Pathway_R-HSA-72702
6332	http://purl.obolibrary.org/obo/go.owl#Reaction_R-HSA-109817
6333	http://purl.obolibrary.org/obo/go.owl#Reaction_R-NUL-9908837
6334	http://purl.obolibrary.org/obo/go.owl#Reaction_R-HSA-8866551
6335	http://purl.obolibrary.org/obo/go.owl#Reaction_R-HSA-6800794
6336	http://purl.obolibrary.org/obo/go.owl#Reaction_R-HSA-375154
6337	http://purl.obolibrary.org/obo/go.owl#Pathway_R-HSA-428890
6338	http://purl.obolibrary.org/obo/go.owl#Reaction_R-HSA-9698026
6339	http://purl.obolibrary.org/obo/go.owl#Reaction_R-HSA-74986
6340	http://purl.obolibrary.org/obo/go.owl#Reaction_R-HSA-8964588
6341	http://purl.obolibrary.org/obo/go.owl#Reaction_R-HSA-977224
6342	http://purl.obolibrary.org/obo/go.owl#Reaction_R-HSA-9700190
6343	http://purl.obolibrary.org/obo/go.owl#Pathway_R-HSA-6811434
6344	http://purl.obolibrary.org/obo/go.owl#Reaction_R-HSA-166286
6345	http://purl.obolibrary.org/obo/go.owl#Reaction_R-HSA-9660824
6346	http://purl.obolibrary.org/obo/go.owl#Reaction_R-HSA-8956184
6347	http://purl.obolibrary.org/obo/go.owl#Reaction_R-HSA-9915986
6348	http://purl.obolibrary.org/obo/go.owl#Reaction_R-HSA-9012761
6349	http://purl.obolibrary.org/obo/go.owl#Reaction_R-HSA-5621573
6350	http://purl.obolibrary.org/obo/go.owl#Reaction_R-HSA-8948524
6351	http://purl.obolibrary.org/obo/go.owl#Reaction_R-HSA-9842665
6352	http://purl.obolibrary.org/obo/go.owl#Reaction_R-HSA-9007860
6353	http://purl.obolibrary.org/obo/go.owl#Reaction_R-HSA-9623096
6354	http://purl.obolibrary.org/obo/go.owl#Reaction_R-HSA-3965447
6355	http://purl.obolibrary.org/obo/go.owl#Reaction_R-HSA-8937169
6356	http://purl.obolibrary.org/obo/go.owl#Reaction_R-HSA-6788623
6357	http://purl.obolibrary.org/obo/go.owl#Pathway_R-HSA-69601
6358	http://purl.obolibrary.org/obo/go.owl#Pathway_R-HSA-191859
6359	http://purl.obolibrary.org/obo/go.owl#Reaction_R-HSA-9760399
6360	http://purl.obolibrary.org/obo/go.owl#Reaction_R-HSA-3209111
6361	http://purl.obolibrary.org/obo/go.owl#Reaction_R-HSA-5251959
6362	http://purl.obolibrary.org/obo/go.owl#Pathway_R-HSA-975956
6363	http://purl.obolibrary.org/obo/go.owl#Reaction_R-HSA-9672162
6364	http://purl.obolibrary.org/obo/go.owl#Reaction_R-HSA-9032601
6365	http://purl.obolibrary.org/obo/go.owl#Reaction_R-HSA-5661117
6366	http://purl.obolibrary.org/obo/go.owl#Reaction_R-HSA-4546385
6367	http://purl.obolibrary.org/obo/go.owl#Pathway_R-HSA-6784531
6368	http://purl.obolibrary.org/obo/go.owl#Reaction_R-HSA-5661474
6369	http://purl.obolibrary.org/obo/go.owl#Reaction_R-HSA-8956568
6370	http://purl.obolibrary.org/obo/go.owl#Reaction_R-HSA-9854984
6371	http://purl.obolibrary.org/obo/go.owl#Reaction_R-HSA-9914922
6372	http://purl.obolibrary.org/obo/go.owl#Reaction_R-HSA-5655835
6373	http://purl.obolibrary.org/obo/go.owl#Reaction_R-HSA-5654637
6374	http://purl.obolibrary.org/obo/go.owl#Reaction_R-HSA-9769323
6375	http://purl.obolibrary.org/obo/go.owl#Pathway_R-HSA-9837092
6376	http://purl.obolibrary.org/obo/go.owl#Reaction_R-HSA-9927009
6377	http://purl.obolibrary.org/obo/go.owl#Reaction_R-HSA-164522
6378	http://purl.obolibrary.org/obo/go.owl#Pathway_R-HSA-9818749
6379	http://purl.obolibrary.org/obo/go.owl#Reaction_R-HSA-5654407
6380	http://purl.obolibrary.org/obo/go.owl#Reaction_R-HSA-2160932
6381	http://purl.obolibrary.org/obo/go.owl#Reaction_R-HSA-8983299
6382	http://purl.obolibrary.org/obo/go.owl#Reaction_R-HSA-9012208
6383	http://purl.obolibrary.org/obo/go.owl#Pathway_R-HSA-5467337
6384	http://purl.obolibrary.org/obo/go.owl#Reaction_R-HSA-6802925
6385	http://purl.obolibrary.org/obo/go.owl#Reaction_R-HSA-5692779
6386	http://purl.obolibrary.org/obo/go.owl#Reaction_R-HSA-8950344
6387	http://purl.obolibrary.org/obo/go.owl#Reaction_R-HSA-3240295
6388	http://purl.obolibrary.org/obo/go.owl#Reaction_R-HSA-9701211
6389	http://purl.obolibrary.org/obo/go.owl#Reaction_R-HSA-1675910
6390	http://purl.obolibrary.org/obo/go.owl#Reaction_R-HSA-202541
6391	http://purl.obolibrary.org/obo/go.owl#Reaction_R-HSA-6809325
6392	http://purl.obolibrary.org/obo/go.owl#Reaction_R-HSA-937032
6393	http://purl.obolibrary.org/obo/go.owl#Reaction_R-HSA-8863804
6394	http://purl.obolibrary.org/obo/go.owl#Reaction_R-HSA-9018814
6395	http://purl.obolibrary.org/obo/go.owl#Reaction_R-HSA-9021888
6396	http://purl.obolibrary.org/obo/go.owl#Reaction_R-HSA-5671772
6397	http://purl.obolibrary.org/obo/go.owl#Reaction_R-HSA-5656158
6398	http://purl.obolibrary.org/obo/go.owl#Pathway_R-HSA-5656121
6399	http://purl.obolibrary.org/obo/go.owl#Reaction_R-HSA-6803230
6400	http://purl.obolibrary.org/obo/go.owl#Reaction_R-HSA-9817330
6401	http://purl.obolibrary.org/obo/go.owl#Reaction_R-HSA-6811418
6402	http://purl.obolibrary.org/obo/go.owl#Reaction_R-HSA-1912412
6403	http://purl.obolibrary.org/obo/go.owl#Reaction_R-HSA-1254290
6404	http://purl.obolibrary.org/obo/go.owl#Reaction_R-HSA-3928656
6405	http://purl.obolibrary.org/obo/go.owl#Reaction_R-HSA-398184
6406	http://purl.obolibrary.org/obo/go.owl#Reaction_R-HSA-9013144
6407	http://purl.obolibrary.org/obo/go.owl#Reaction_R-HSA-9606163
6408	http://purl.obolibrary.org/obo/go.owl#Protein_PRR13
6409	http://purl.obolibrary.org/obo/go.owl#Pathway_R-HSA-9704331
6410	http://purl.obolibrary.org/obo/go.owl#Reaction_R-HSA-9915994
6411	http://purl.obolibrary.org/obo/go.owl#Reaction_R-HSA-174203
6412	http://purl.obolibrary.org/obo/go.owl#Reaction_R-HSA-4341025
6413	http://purl.obolibrary.org/obo/go.owl#Reaction_R-HSA-446391
6414	http://purl.obolibrary.org/obo/go.owl#Pathway_R-HSA-76042
6415	http://purl.obolibrary.org/obo/go.owl#Reaction_R-HSA-9630967
6416	http://purl.obolibrary.org/obo/go.owl#Reaction_R-HSA-9705738
6417	http://purl.obolibrary.org/obo/go.owl#Reaction_R-HSA-2230938
6418	http://purl.obolibrary.org/obo/go.owl#Pathway_R-HSA-2168880
6419	http://purl.obolibrary.org/obo/go.owl#Reaction_R-HSA-1839102
6420	http://purl.obolibrary.org/obo/go.owl#Reaction_R-HSA-183036
6421	http://purl.obolibrary.org/obo/go.owl#Reaction_R-HSA-72622
6422	http://purl.obolibrary.org/obo/go.owl#Reaction_R-HSA-9609921
6423	http://purl.obolibrary.org/obo/go.owl#Reaction_R-HSA-178189
6424	http://purl.obolibrary.org/obo/go.owl#Reaction_R-HSA-5676596
6425	http://purl.obolibrary.org/obo/go.owl#Pathway_R-HSA-5655291
6426	http://purl.obolibrary.org/obo/go.owl#Reaction_R-HSA-5654697
6427	http://purl.obolibrary.org/obo/go.owl#Reaction_R-HSA-5333658
6428	http://purl.obolibrary.org/obo/go.owl#Pathway_R-HSA-432720
6429	http://purl.obolibrary.org/obo/go.owl#Reaction_R-HSA-5620975
6430	http://purl.obolibrary.org/obo/go.owl#Reaction_R-HSA-5682385
6431	http://purl.obolibrary.org/obo/go.owl#Reaction_R-HSA-2473152
6432	http://purl.obolibrary.org/obo/go.owl#Reaction_R-HSA-8986939
6433	http://purl.obolibrary.org/obo/go.owl#Reaction_R-HSA-205234
6434	http://purl.obolibrary.org/obo/go.owl#Reaction_R-HSA-5687120
6435	http://purl.obolibrary.org/obo/go.owl#Reaction_R-HSA-400046
6436	http://purl.obolibrary.org/obo/go.owl#Reaction_R-HSA-5637770
6437	http://purl.obolibrary.org/obo/go.owl#Reaction_R-HSA-3928583
6438	http://purl.obolibrary.org/obo/go.owl#Reaction_R-HSA-432096
6439	http://purl.obolibrary.org/obo/go.owl#Reaction_R-HSA-3928607
6440	http://purl.obolibrary.org/obo/go.owl#Reaction_R-HSA-1234164
6441	http://purl.obolibrary.org/obo/go.owl#Reaction_R-HSA-9686930
6442	http://purl.obolibrary.org/obo/go.owl#Reaction_R-HSA-3900177
6443	http://purl.obolibrary.org/obo/go.owl#Pathway_R-HSA-9665737
6444	http://purl.obolibrary.org/obo/go.owl#Reaction_R-HSA-1855188
6445	http://purl.obolibrary.org/obo/go.owl#Reaction_R-HSA-5655295
6446	http://purl.obolibrary.org/obo/go.owl#Reaction_R-HSA-9749487
6447	http://purl.obolibrary.org/obo/go.owl#Reaction_R-HSA-432706
6448	http://purl.obolibrary.org/obo/go.owl#Reaction_R-HSA-8934446
6449	http://purl.obolibrary.org/obo/go.owl#Reaction_R-HSA-433725
6450	http://purl.obolibrary.org/obo/go.owl#Reaction_R-HSA-9834070
6451	http://purl.obolibrary.org/obo/go.owl#Reaction_R-HSA-8950518
6452	http://purl.obolibrary.org/obo/GO_0072384_instance
6453	http://purl.obolibrary.org/obo/go.owl#Reaction_R-HSA-167429
6454	http://purl.obolibrary.org/obo/go.owl#Reaction_R-HSA-9933237
6455	http://purl.obolibrary.org/obo/go.owl#Pathway_R-HSA-1222556
6456	http://purl.obolibrary.org/obo/go.owl#Reaction_R-HSA-2168883
6457	http://purl.obolibrary.org/obo/go.owl#Reaction_R-HSA-8983425
6458	http://purl.obolibrary.org/obo/go.owl#Reaction_R-HSA-4085133
6459	http://purl.obolibrary.org/obo/go.owl#Reaction_R-HSA-5632732
6460	http://purl.obolibrary.org/obo/go.owl#Pathway_R-HSA-1236382
6461	http://purl.obolibrary.org/obo/go.owl#Reaction_R-HSA-9013023
6462	http://purl.obolibrary.org/obo/go.owl#Reaction_R-HSA-9761474
6463	http://purl.obolibrary.org/obo/go.owl#Reaction_R-HSA-927830
6464	http://purl.obolibrary.org/obo/GO_0097194_instance
6465	http://purl.obolibrary.org/obo/go.owl#Pathway_R-HSA-9670613
6466	http://purl.obolibrary.org/obo/go.owl#Pathway_R-HSA-977068
6467	http://purl.obolibrary.org/obo/go.owl#Reaction_R-HSA-3215426
6468	http://purl.obolibrary.org/obo/go.owl#Reaction_R-HSA-112379
6469	http://purl.obolibrary.org/obo/go.owl#Reaction_R-HSA-204871
6470	http://purl.obolibrary.org/obo/go.owl#Reaction_R-HSA-70286
6471	http://purl.obolibrary.org/obo/go.owl#Reaction_R-HSA-5218854
6472	http://purl.obolibrary.org/obo/go.owl#Reaction_R-HSA-1248694
6473	http://purl.obolibrary.org/obo/go.owl#Reaction_R-HSA-5213464
6474	http://purl.obolibrary.org/obo/go.owl#Reaction_R-HSA-8962039
6475	http://purl.obolibrary.org/obo/go.owl#Reaction_R-HSA-392054
6476	http://purl.obolibrary.org/obo/go.owl#Reaction_R-HSA-9851142
6477	http://purl.obolibrary.org/obo/go.owl#Reaction_R-HSA-937079
6478	http://purl.obolibrary.org/obo/go.owl#Reaction_R-HSA-9664270
6479	http://purl.obolibrary.org/obo/go.owl#Reaction_R-HSA-9011984
6480	http://purl.obolibrary.org/obo/go.owl#Reaction_R-HSA-975122
6481	http://purl.obolibrary.org/obo/go.owl#Reaction_R-HSA-9700179
6482	http://purl.obolibrary.org/obo/go.owl#Reaction_R-HSA-983700
6483	http://purl.obolibrary.org/obo/go.owl#Pathway_R-HSA-2179392
6484	http://purl.obolibrary.org/obo/go.owl#Reaction_R-HSA-167235
6485	http://purl.obolibrary.org/obo/go.owl#Reaction_R-HSA-9647619
6486	http://purl.obolibrary.org/obo/go.owl#Reaction_R-HSA-9708430
6487	http://purl.obolibrary.org/obo/go.owl#Reaction_R-HSA-975106
6488	http://purl.obolibrary.org/obo/go.owl#Reaction_R-HSA-201637
6489	http://purl.obolibrary.org/obo/go.owl#Reaction_R-HSA-8948231
6490	http://purl.obolibrary.org/obo/go.owl#Reaction_R-HSA-159050
6491	http://purl.obolibrary.org/obo/go.owl#Reaction_R-HSA-3697920
6492	http://purl.obolibrary.org/obo/go.owl#Reaction_R-HSA-9933194
6493	http://purl.obolibrary.org/obo/go.owl#Reaction_R-HSA-1564120
6494	http://purl.obolibrary.org/obo/go.owl#Reaction_R-HSA-2197691
6495	http://purl.obolibrary.org/obo/go.owl#Pathway_R-HSA-2564830
6496	http://purl.obolibrary.org/obo/go.owl#Reaction_R-HSA-202489
6497	http://purl.obolibrary.org/obo/go.owl#Reaction_R-HSA-9837625
6498	http://purl.obolibrary.org/obo/go.owl#Reaction_R-HSA-390598
6499	http://purl.obolibrary.org/obo/go.owl#Reaction_R-HSA-5690997
6500	http://purl.obolibrary.org/obo/go.owl#Reaction_R-HSA-176942
6501	http://purl.obolibrary.org/obo/go.owl#Reaction_R-HSA-1462023
6502	http://purl.obolibrary.org/obo/go.owl#Pathway_R-HSA-163359
6503	http://purl.obolibrary.org/obo/go.owl#Reaction_R-HSA-8950634
6504	http://purl.obolibrary.org/obo/go.owl#Reaction_R-HSA-1592246
6505	http://purl.obolibrary.org/obo/GO_0000974_instance
6506	http://purl.obolibrary.org/obo/go.owl#Reaction_R-HSA-9732629
6507	http://purl.obolibrary.org/obo/go.owl#Reaction_R-HSA-8852200
6508	http://purl.obolibrary.org/obo/go.owl#Reaction_R-HSA-5688797
6509	http://purl.obolibrary.org/obo/go.owl#Reaction_R-HSA-9010034
6510	http://purl.obolibrary.org/obo/go.owl#Reaction_R-HSA-8948228
6511	http://purl.obolibrary.org/obo/go.owl#Reaction_R-HSA-1299475
6512	http://purl.obolibrary.org/obo/go.owl#Reaction_R-HSA-452091
6513	http://purl.obolibrary.org/obo/go.owl#Reaction_R-HSA-9011949
6514	http://purl.obolibrary.org/obo/go.owl#Reaction_R-HSA-2430535
6515	http://purl.obolibrary.org/obo/go.owl#Reaction_R-HSA-9793451
6516	http://purl.obolibrary.org/obo/go.owl#Reaction_R-HSA-909725
6517	http://purl.obolibrary.org/obo/go.owl#Reaction_R-HSA-5661121
6518	http://purl.obolibrary.org/obo/go.owl#Reaction_R-HSA-5096532
6519	http://purl.obolibrary.org/obo/go.owl#Reaction_R-HSA-377641
6520	http://purl.obolibrary.org/obo/go.owl#Reaction_R-HSA-2028651
6521	http://purl.obolibrary.org/obo/go.owl#Reaction_R-HSA-5668543
6522	http://purl.obolibrary.org/obo/go.owl#Reaction_R-HSA-9036070
6523	http://purl.obolibrary.org/obo/go.owl#Reaction_R-HSA-5654428
6524	http://purl.obolibrary.org/obo/go.owl#Reaction_R-HSA-3108212
6525	http://purl.obolibrary.org/obo/go.owl#Reaction_R-HSA-9018880
6526	http://purl.obolibrary.org/obo/go.owl#Pathway_R-HSA-9018679
6527	http://purl.obolibrary.org/obo/go.owl#Reaction_R-HSA-72631
6528	http://purl.obolibrary.org/obo/go.owl#Reaction_R-HSA-389756
6529	http://purl.obolibrary.org/obo/go.owl#Reaction_R-HSA-9926936
6530	http://purl.obolibrary.org/obo/go.owl#Reaction_R-HSA-354173
6531	http://purl.obolibrary.org/obo/go.owl#Reaction_R-HSA-9838035
6532	http://purl.obolibrary.org/obo/go.owl#Reaction_R-HSA-8866277
6533	http://purl.obolibrary.org/obo/go.owl#Reaction_R-HSA-400092
6534	http://purl.obolibrary.org/obo/go.owl#Reaction_R-HSA-9033533
6535	http://purl.obolibrary.org/obo/go.owl#Reaction_R-HSA-1470009
6536	http://purl.obolibrary.org/obo/go.owl#Reaction_R-HSA-392212
6537	http://purl.obolibrary.org/obo/go.owl#Reaction_R-HSA-9024326
6538	http://purl.obolibrary.org/obo/go.owl#Reaction_R-HSA-381612
6539	http://purl.obolibrary.org/obo/go.owl#Reaction_R-HSA-9712085
6540	http://purl.obolibrary.org/obo/go.owl#Reaction_R-HSA-2089971
6541	http://purl.obolibrary.org/obo/go.owl#Reaction_R-HSA-2468293
6542	http://purl.obolibrary.org/obo/go.owl#Reaction_R-HSA-163096
6543	http://purl.obolibrary.org/obo/go.owl#Reaction_R-HSA-936991
6544	http://purl.obolibrary.org/obo/go.owl#Pathway_R-HSA-418359
6545	http://purl.obolibrary.org/obo/go.owl#Reaction_R-HSA-419981
6546	http://purl.obolibrary.org/obo/go.owl#Reaction_R-HSA-9749320
6547	http://purl.obolibrary.org/obo/go.owl#Reaction_R-HSA-2220982
6548	http://purl.obolibrary.org/obo/go.owl#Reaction_R-HSA-9024334
6549	http://purl.obolibrary.org/obo/go.owl#Reaction_R-HSA-9932443
6550	http://purl.obolibrary.org/obo/go.owl#Pathway_R-HSA-9933947
6551	http://purl.obolibrary.org/obo/go.owl#Reaction_R-HSA-1470010
6552	http://purl.obolibrary.org/obo/go.owl#Reaction_R-HSA-1226012
6553	http://purl.obolibrary.org/obo/go.owl#Reaction_R-HSA-2730849
6554	http://purl.obolibrary.org/obo/go.owl#Reaction_R-HSA-3900070
6555	http://purl.obolibrary.org/obo/go.owl#Reaction_R-HSA-8854981
6556	http://purl.obolibrary.org/obo/go.owl#Reaction_R-HSA-5674366
6557	http://purl.obolibrary.org/obo/go.owl#Reaction_R-HSA-9662710
6558	http://purl.obolibrary.org/obo/go.owl#Reaction_R-HSA-391266
6559	http://purl.obolibrary.org/obo/go.owl#Reaction_R-HSA-2106591
6560	http://purl.obolibrary.org/obo/go.owl#Reaction_R-HSA-4655404
6561	http://purl.obolibrary.org/obo/go.owl#Reaction_R-HSA-8850534
6562	http://purl.obolibrary.org/obo/go.owl#Pathway_R-HSA-190873
6563	http://purl.obolibrary.org/obo/go.owl#Reaction_R-HSA-9007999
6564	http://purl.obolibrary.org/obo/go.owl#Reaction_R-HSA-8865774
6565	http://purl.obolibrary.org/obo/go.owl#Reaction_R-HSA-8944362
6566	http://purl.obolibrary.org/obo/go.owl#Pathway_R-HSA-180534
6567	http://purl.obolibrary.org/obo/go.owl#Reaction_R-HSA-9701199
6568	http://purl.obolibrary.org/obo/go.owl#Reaction_R-HSA-9619542
6569	http://purl.obolibrary.org/obo/go.owl#Reaction_R-HSA-5688289
6570	http://purl.obolibrary.org/obo/go.owl#Reaction_R-HSA-879358
6571	http://purl.obolibrary.org/obo/go.owl#Reaction_R-HSA-9705507
6572	http://purl.obolibrary.org/obo/go.owl#Reaction_R-HSA-9666428
6573	http://purl.obolibrary.org/obo/go.owl#Reaction_R-HSA-202237
6574	http://purl.obolibrary.org/obo/go.owl#Pathway_R-HSA-4411364
6575	http://purl.obolibrary.org/obo/go.owl#Reaction_R-HSA-5656148
6576	http://purl.obolibrary.org/obo/go.owl#Reaction_R-HSA-9838289
6577	http://purl.obolibrary.org/obo/go.owl#Pathway_R-HSA-5660489
6578	http://purl.obolibrary.org/obo/go.owl#Reaction_R-HSA-9625749
6579	http://purl.obolibrary.org/obo/go.owl#Reaction_R-HSA-4641256
6580	http://purl.obolibrary.org/obo/go.owl#Reaction_R-HSA-1251992
6581	http://purl.obolibrary.org/obo/go.owl#Reaction_R-HSA-9759950
6582	http://purl.obolibrary.org/obo/go.owl#Pathway_R-HSA-8934903
6583	http://purl.obolibrary.org/obo/go.owl#Reaction_R-HSA-9028255
6584	http://purl.obolibrary.org/obo/go.owl#Reaction_R-HSA-350901
6585	http://purl.obolibrary.org/obo/go.owl#Reaction_R-HSA-167098
6586	http://purl.obolibrary.org/obo/go.owl#Reaction_R-HSA-6807866
6587	http://purl.obolibrary.org/obo/go.owl#Reaction_R-HSA-3318486
6588	http://purl.obolibrary.org/obo/go.owl#Reaction_R-HSA-8948230
6589	http://purl.obolibrary.org/obo/go.owl#Reaction_R-HSA-3769383
6590	http://purl.obolibrary.org/obo/go.owl#Reaction_R-HSA-9623341
6591	http://purl.obolibrary.org/obo/go.owl#Pathway_R-HSA-75158
6592	http://purl.obolibrary.org/obo/go.owl#Reaction_R-HSA-9912747
6593	http://purl.obolibrary.org/obo/go.owl#Reaction_R-HSA-6788392
6594	http://purl.obolibrary.org/obo/go.owl#Reaction_R-HSA-8878257
6595	http://purl.obolibrary.org/obo/go.owl#Pathway_R-HSA-9833576
6596	http://purl.obolibrary.org/obo/go.owl#Reaction_R-HSA-749448
6597	http://purl.obolibrary.org/obo/go.owl#Reaction_R-HSA-265177
6598	http://purl.obolibrary.org/obo/go.owl#Pathway_R-HSA-111453
6599	http://purl.obolibrary.org/obo/go.owl#Pathway_R-HSA-9759194
6600	http://purl.obolibrary.org/obo/go.owl#Reaction_R-HSA-9705458
6601	http://purl.obolibrary.org/obo/go.owl#Reaction_R-HSA-1791083
6602	http://purl.obolibrary.org/obo/go.owl#Reaction_R-HSA-9935547
6603	http://purl.obolibrary.org/obo/go.owl#Reaction_R-HSA-9936998
6604	http://purl.obolibrary.org/obo/go.owl#Reaction_R-HSA-5654664
6605	http://purl.obolibrary.org/obo/go.owl#Reaction_R-HSA-5216234
6606	http://purl.obolibrary.org/obo/go.owl#Reaction_R-HSA-9733247
6607	http://purl.obolibrary.org/obo/go.owl#Pathway_R-HSA-442982
6608	http://purl.obolibrary.org/obo/go.owl#Reaction_R-HSA-5334152
6609	http://purl.obolibrary.org/obo/go.owl#Reaction_R-HSA-5654669
6610	http://purl.obolibrary.org/obo/go.owl#Reaction_R-HSA-936947
6611	http://purl.obolibrary.org/obo/go.owl#Pathway_R-HSA-9824272
6612	http://purl.obolibrary.org/obo/go.owl#Reaction_R-HSA-1015702
6613	http://purl.obolibrary.org/obo/go.owl#Pathway_R-HSA-9701898
6614	http://purl.obolibrary.org/obo/go.owl#Pathway_R-HSA-917977
6615	http://purl.obolibrary.org/obo/go.owl#Reaction_R-HSA-204981
6616	http://purl.obolibrary.org/obo/go.owl#Reaction_R-HSA-173488
6617	http://purl.obolibrary.org/obo/go.owl#Reaction_R-HSA-9670155
6618	http://purl.obolibrary.org/obo/go.owl#Pathway_R-HSA-5250955
6619	http://purl.obolibrary.org/obo/go.owl#Reaction_R-HSA-9749350
6620	http://purl.obolibrary.org/obo/go.owl#Reaction_R-HSA-9022934
6621	http://purl.obolibrary.org/obo/go.owl#Reaction_R-HSA-9839396
6622	http://purl.obolibrary.org/obo/go.owl#Pathway_R-HSA-9839394
6623	http://purl.obolibrary.org/obo/go.owl#Reaction_R-HSA-9709406
6624	http://purl.obolibrary.org/obo/go.owl#Reaction_R-HSA-167056
6625	http://purl.obolibrary.org/obo/go.owl#Reaction_R-HSA-174427
6626	http://purl.obolibrary.org/obo/go.owl#Reaction_R-HSA-9765960
6627	http://purl.obolibrary.org/obo/go.owl#Reaction_R-HSA-9674127
6628	http://purl.obolibrary.org/obo/go.owl#Reaction_R-HSA-937034
6629	http://purl.obolibrary.org/obo/go.owl#Reaction_R-HSA-77071
6630	http://purl.obolibrary.org/obo/go.owl#Reaction_R-HSA-211239
6631	http://purl.obolibrary.org/obo/go.owl#Reaction_R-HSA-5654641
6632	http://purl.obolibrary.org/obo/go.owl#Reaction_R-HSA-1169397
6633	http://purl.obolibrary.org/obo/go.owl#Reaction_R-HSA-6802834
6634	http://purl.obolibrary.org/obo/go.owl#Reaction_R-HSA-9911215
6635	http://purl.obolibrary.org/obo/go.owl#Reaction_R-HSA-2997709
6636	http://purl.obolibrary.org/obo/go.owl#Reaction_R-HSA-3000263
6637	http://purl.obolibrary.org/obo/go.owl#Reaction_R-HSA-8964619
6638	http://purl.obolibrary.org/obo/go.owl#Reaction_R-HSA-9796691
6639	http://purl.obolibrary.org/obo/go.owl#Reaction_R-HSA-198941
6640	http://purl.obolibrary.org/obo/go.owl#Reaction_R-HSA-9690534
6641	http://purl.obolibrary.org/obo/go.owl#Reaction_R-HSA-9907980
6642	http://purl.obolibrary.org/obo/go.owl#Reaction_R-HSA-6799196
6643	http://purl.obolibrary.org/obo/go.owl#Reaction_R-HSA-3899291
6644	http://purl.obolibrary.org/obo/go.owl#Reaction_R-HSA-193696
6645	http://purl.obolibrary.org/obo/go.owl#Reaction_R-HSA-5655248
6646	http://purl.obolibrary.org/obo/go.owl#Reaction_R-HSA-3000122
6647	http://purl.obolibrary.org/obo/go.owl#Reaction_R-HSA-1222376
6648	http://purl.obolibrary.org/obo/go.owl#Reaction_R-HSA-350168
6649	http://purl.obolibrary.org/obo/go.owl#Reaction_R-HSA-5638009
6650	http://purl.obolibrary.org/obo/go.owl#Reaction_R-HSA-9621073
6651	http://purl.obolibrary.org/obo/go.owl#Reaction_R-HSA-75825
6652	http://purl.obolibrary.org/obo/go.owl#Reaction_R-HSA-2997723
6653	http://purl.obolibrary.org/obo/go.owl#Reaction_R-HSA-448703
6654	http://purl.obolibrary.org/obo/go.owl#Reaction_R-HSA-3451147
6655	http://purl.obolibrary.org/obo/go.owl#Reaction_R-HSA-9855908
6656	http://purl.obolibrary.org/obo/go.owl#Reaction_R-HSA-5654705
6657	http://purl.obolibrary.org/obo/go.owl#Reaction_R-HSA-983703
6658	http://purl.obolibrary.org/obo/go.owl#Reaction_R-HSA-8948222
6659	http://purl.obolibrary.org/obo/go.owl#Reaction_R-HSA-2220985
6660	http://purl.obolibrary.org/obo/go.owl#Reaction_R-HSA-912627
6661	http://purl.obolibrary.org/obo/go.owl#Reaction_R-HSA-1855218
6662	http://purl.obolibrary.org/obo/go.owl#Reaction_R-HSA-5357927
6663	http://purl.obolibrary.org/obo/go.owl#Reaction_R-HSA-354149
6664	http://purl.obolibrary.org/obo/go.owl#Reaction_R-HSA-8875591
6665	http://purl.obolibrary.org/obo/go.owl#Pathway_R-HSA-9735869
6666	http://purl.obolibrary.org/obo/go.owl#Pathway_R-HSA-9614399
6667	http://purl.obolibrary.org/obo/go.owl#Reaction_R-HSA-5693620
6668	http://purl.obolibrary.org/obo/go.owl#Reaction_R-HSA-8944632
6669	http://purl.obolibrary.org/obo/go.owl#Reaction_R-HSA-174389
6670	http://purl.obolibrary.org/obo/go.owl#Pathway_R-HSA-174362
6671	http://purl.obolibrary.org/obo/go.owl#Reaction_R-NUL-9033857
6672	http://purl.obolibrary.org/obo/go.owl#Reaction_R-HSA-9956667
6673	http://purl.obolibrary.org/obo/go.owl#Reaction_R-HSA-9676255
6674	http://purl.obolibrary.org/obo/go.owl#Reaction_R-HSA-352347
6675	http://purl.obolibrary.org/obo/go.owl#Pathway_R-HSA-8875656
6676	http://purl.obolibrary.org/obo/go.owl#Reaction_R-HSA-6805640
6677	http://purl.obolibrary.org/obo/go.owl#Reaction_R-HSA-9665389
6678	http://purl.obolibrary.org/obo/go.owl#Reaction_R-HSA-5666046
6679	http://purl.obolibrary.org/obo/go.owl#Reaction_R-HSA-1912410
6680	http://purl.obolibrary.org/obo/go.owl#Pathway_R-HSA-75953
6681	http://purl.obolibrary.org/obo/go.owl#Reaction_R-HSA-6786854
6682	http://purl.obolibrary.org/obo/go.owl#Reaction_R-HSA-508282
6683	http://purl.obolibrary.org/obo/go.owl#Reaction_R-HSA-9033478
6684	http://purl.obolibrary.org/obo/go.owl#Reaction_R-HSA-9013157
6685	http://purl.obolibrary.org/obo/go.owl#Reaction_R-HSA-173115
6686	http://purl.obolibrary.org/obo/go.owl#Reaction_R-HSA-2197697
6687	http://purl.obolibrary.org/obo/go.owl#Reaction_R-HSA-9843993
6688	http://purl.obolibrary.org/obo/go.owl#Pathway_R-HSA-5696397
6689	http://purl.obolibrary.org/obo/go.owl#Pathway_R-HSA-5603029
6690	http://purl.obolibrary.org/obo/go.owl#Reaction_R-HSA-3928577
6691	http://purl.obolibrary.org/obo/go.owl#Pathway_R-HSA-211728
6692	http://purl.obolibrary.org/obo/go.owl#Pathway_R-HSA-9670095
6693	http://purl.obolibrary.org/obo/go.owl#Reaction_R-HSA-9011997
6694	http://purl.obolibrary.org/obo/go.owl#Pathway_R-HSA-212300
6695	http://purl.obolibrary.org/obo/go.owl#Reaction_R-HSA-983696
6696	http://purl.obolibrary.org/obo/go.owl#Pathway_R-HSA-190840
6697	http://purl.obolibrary.org/obo/go.owl#Reaction_R-HSA-8933328
6698	http://purl.obolibrary.org/obo/go.owl#Reaction_R-HSA-9828204
6699	http://purl.obolibrary.org/obo/go.owl#Reaction_R-HSA-8985943
6700	http://purl.obolibrary.org/obo/go.owl#Pathway_R-HSA-73856
6701	http://purl.obolibrary.org/obo/go.owl#Reaction_R-HSA-8944255
6702	http://purl.obolibrary.org/obo/go.owl#Reaction_R-HSA-2127257
6703	http://purl.obolibrary.org/obo/go.owl#Pathway_R-HSA-5654720
6704	http://purl.obolibrary.org/obo/go.owl#Reaction_R-HSA-9816275
6705	http://purl.obolibrary.org/obo/go.owl#Reaction_R-HSA-9698041
6706	http://purl.obolibrary.org/obo/go.owl#Pathway_R-HSA-1445148
6707	http://purl.obolibrary.org/obo/go.owl#Reaction_R-HSA-5694418
6708	http://purl.obolibrary.org/obo/go.owl#Reaction_R-HSA-9764934
6709	http://purl.obolibrary.org/obo/go.owl#Reaction_R-HSA-211583
6710	http://purl.obolibrary.org/obo/go.owl#Reaction_R-HSA-1482816
6711	http://purl.obolibrary.org/obo/go.owl#Reaction_R-HSA-9610942
6712	http://purl.obolibrary.org/obo/go.owl#Reaction_R-HSA-9712199
6713	http://purl.obolibrary.org/obo/go.owl#Reaction_R-HSA-5676598
6714	http://purl.obolibrary.org/obo/go.owl#Pathway_R-HSA-1170546
6715	http://purl.obolibrary.org/obo/go.owl#Reaction_R-HSA-8933452
6716	http://purl.obolibrary.org/obo/go.owl#Reaction_R-HSA-5144542
6717	http://purl.obolibrary.org/obo/go.owl#Reaction_R-HSA-9006873
6718	http://purl.obolibrary.org/obo/go.owl#Reaction_R-HSA-1562626
6719	http://purl.obolibrary.org/obo/go.owl#Pathway_R-HSA-917937
6720	http://purl.obolibrary.org/obo/go.owl#Reaction_R-HSA-9647980
6721	http://purl.obolibrary.org/obo/go.owl#Reaction_R-HSA-5665982
6722	http://purl.obolibrary.org/obo/go.owl#Reaction_R-HSA-9933238
6723	http://purl.obolibrary.org/obo/go.owl#Pathway_R-HSA-9933937
6724	http://purl.obolibrary.org/obo/go.owl#Reaction_R-HSA-933526
6725	http://purl.obolibrary.org/obo/go.owl#Pathway_R-HSA-6804754
6726	http://purl.obolibrary.org/obo/go.owl#Pathway_R-HSA-3371378
6727	http://purl.obolibrary.org/obo/go.owl#Reaction_R-HSA-183052
6728	http://purl.obolibrary.org/obo/go.owl#Reaction_R-HSA-194809
6729	http://purl.obolibrary.org/obo/go.owl#Reaction_R-HSA-6811427
6730	http://purl.obolibrary.org/obo/go.owl#Reaction_R-HSA-3229102
6731	http://purl.obolibrary.org/obo/go.owl#Reaction_R-HSA-4090408
6732	http://purl.obolibrary.org/obo/go.owl#Reaction_R-HSA-8983374
6733	http://purl.obolibrary.org/obo/go.owl#Reaction_R-HSA-9706837
6734	http://purl.obolibrary.org/obo/go.owl#Reaction_R-HSA-1227670
6735	http://purl.obolibrary.org/obo/go.owl#Reaction_R-NUL-1675925
6736	http://purl.obolibrary.org/obo/go.owl#Reaction_R-HSA-2220976
6737	http://purl.obolibrary.org/obo/go.owl#Reaction_R-NUL-5667039
6738	http://purl.obolibrary.org/obo/go.owl#Reaction_R-HSA-9670101
6739	http://purl.obolibrary.org/obo/go.owl#Reaction_R-HSA-75082
6740	http://purl.obolibrary.org/obo/go.owl#Reaction_R-HSA-9820566
6741	http://purl.obolibrary.org/obo/go.owl#Reaction_R-HSA-5675194
6742	http://purl.obolibrary.org/obo/go.owl#Reaction_R-HSA-901047
6743	http://purl.obolibrary.org/obo/go.owl#Pathway_R-HSA-9726840
6744	http://purl.obolibrary.org/obo/go.owl#Reaction_R-HSA-9693009
6745	http://purl.obolibrary.org/obo/go.owl#Reaction_R-HSA-432143
6746	http://purl.obolibrary.org/obo/go.owl#Reaction_R-HSA-374686
6747	http://purl.obolibrary.org/obo/go.owl#Reaction_R-HSA-8981443
6748	http://purl.obolibrary.org/obo/go.owl#Reaction_R-HSA-9760965
6749	http://purl.obolibrary.org/obo/go.owl#Reaction_R-NUL-4085309
6750	http://purl.obolibrary.org/obo/go.owl#Reaction_R-HSA-176059
6751	http://purl.obolibrary.org/obo/go.owl#Pathway_R-HSA-156590
6752	http://purl.obolibrary.org/obo/go.owl#Reaction_R-HSA-6814559
6753	http://purl.obolibrary.org/obo/go.owl#Reaction_R-HSA-9835328
6754	http://purl.obolibrary.org/obo/go.owl#Reaction_R-HSA-3343700
6755	http://purl.obolibrary.org/obo/go.owl#Pathway_R-HSA-3359454
6756	http://purl.obolibrary.org/obo/go.owl#Reaction_R-HSA-1235037
6757	http://purl.obolibrary.org/obo/go.owl#Reaction_R-HSA-112333
6758	http://purl.obolibrary.org/obo/go.owl#Pathway_R-HSA-9645135
6759	http://purl.obolibrary.org/obo/go.owl#Reaction_R-HSA-170087
6760	http://purl.obolibrary.org/obo/go.owl#Reaction_R-HSA-918229
6761	http://purl.obolibrary.org/obo/go.owl#Reaction_R-HSA-8942099
6762	http://purl.obolibrary.org/obo/go.owl#Reaction_R-HSA-180710
6763	http://purl.obolibrary.org/obo/go.owl#Reaction_R-HSA-5654404
6764	http://purl.obolibrary.org/obo/go.owl#Reaction_R-HSA-9854463
6765	http://purl.obolibrary.org/obo/go.owl#Reaction_R-HSA-389086
6766	http://purl.obolibrary.org/obo/go.owl#Reaction_R-HSA-1369080
6767	http://purl.obolibrary.org/obo/go.owl#Reaction_R-HSA-8983378
6768	http://purl.obolibrary.org/obo/go.owl#Reaction_R-HSA-176298
6769	http://purl.obolibrary.org/obo/go.owl#Reaction_R-HSA-5654416
6770	http://purl.obolibrary.org/obo/go.owl#Pathway_R-HSA-5654706
6771	http://purl.obolibrary.org/obo/go.owl#Reaction_R-HSA-937029
6772	http://purl.obolibrary.org/obo/go.owl#Reaction_R-HSA-4085296
6773	http://purl.obolibrary.org/obo/go.owl#Reaction_R-HSA-9017797
6774	http://purl.obolibrary.org/obo/go.owl#Reaction_R-HSA-177692
6775	http://purl.obolibrary.org/obo/go.owl#Reaction_R-HSA-427409
6776	http://purl.obolibrary.org/obo/go.owl#Reaction_R-HSA-163213
6777	http://purl.obolibrary.org/obo/go.owl#Reaction_R-HSA-8849157
6778	http://purl.obolibrary.org/obo/go.owl#Reaction_R-HSA-68940
6779	http://purl.obolibrary.org/obo/go.owl#Reaction_R-HSA-195318
6780	http://purl.obolibrary.org/obo/go.owl#Pathway_R-HSA-196299
6781	http://purl.obolibrary.org/obo/go.owl#Reaction_R-HSA-9837179
6782	http://purl.obolibrary.org/obo/go.owl#Reaction_R-HSA-205319
6783	http://purl.obolibrary.org/obo/go.owl#Reaction_R-HSA-9653108
6784	http://purl.obolibrary.org/obo/go.owl#Reaction_R-HSA-8939963
6785	http://purl.obolibrary.org/obo/go.owl#Reaction_R-HSA-5625848
6786	http://purl.obolibrary.org/obo/go.owl#Reaction_R-HSA-9837087
6787	http://purl.obolibrary.org/obo/go.owl#Reaction_R-HSA-8985973
6788	http://purl.obolibrary.org/obo/go.owl#Reaction_R-HSA-9027607
6789	http://purl.obolibrary.org/obo/go.owl#Reaction_R-HSA-9013009
6790	http://purl.obolibrary.org/obo/go.owl#Reaction_R-HSA-9866132
6791	http://purl.obolibrary.org/obo/go.owl#Reaction_R-HSA-72185
6792	http://purl.obolibrary.org/obo/go.owl#Reaction_R-HSA-3134883
6793	http://purl.obolibrary.org/obo/go.owl#Reaction_R-HSA-6811431
6794	http://purl.obolibrary.org/obo/go.owl#Reaction_R-HSA-3928633
6795	http://purl.obolibrary.org/obo/go.owl#Reaction_R-HSA-9865115
6796	http://purl.obolibrary.org/obo/go.owl#Reaction_R-HSA-1855161
6797	http://purl.obolibrary.org/obo/go.owl#Reaction_R-HSA-8871196
6798	http://purl.obolibrary.org/obo/go.owl#Reaction_R-HSA-9660819
6799	http://purl.obolibrary.org/obo/go.owl#Pathway_R-HSA-3359467
6800	http://purl.obolibrary.org/obo/go.owl#Reaction_R-NUL-2065560
6801	http://purl.obolibrary.org/obo/go.owl#Pathway_R-HSA-77075
6802	http://purl.obolibrary.org/obo/go.owl#Reaction_R-HSA-5211239
6803	http://purl.obolibrary.org/obo/go.owl#Reaction_R-HSA-442724
6804	http://purl.obolibrary.org/obo/go.owl#Reaction_R-HSA-9840532
6805	http://purl.obolibrary.org/obo/go.owl#Reaction_R-HSA-8850527
6806	http://purl.obolibrary.org/obo/go.owl#Reaction_R-HSA-9907948
6807	http://purl.obolibrary.org/obo/go.owl#Reaction_R-HSA-430135
6808	http://purl.obolibrary.org/obo/go.owl#Reaction_R-HSA-9660536
6809	http://purl.obolibrary.org/obo/go.owl#Reaction_R-HSA-3000103
6810	http://purl.obolibrary.org/obo/go.owl#Pathway_R-HSA-2453902
6811	http://purl.obolibrary.org/obo/go.owl#Pathway_R-HSA-977606
6812	http://purl.obolibrary.org/obo/go.owl#Reaction_R-HSA-5419165
6813	http://purl.obolibrary.org/obo/go.owl#Reaction_R-HSA-8951428
6814	http://purl.obolibrary.org/obo/go.owl#Reaction_R-HSA-9687465
6815	http://purl.obolibrary.org/obo/go.owl#Reaction_R-HSA-9011952
6816	http://purl.obolibrary.org/obo/go.owl#Pathway_R-HSA-9013700
6817	http://purl.obolibrary.org/obo/go.owl#Reaction_R-HSA-8950183
6818	http://purl.obolibrary.org/obo/go.owl#Reaction_R-HSA-5667037
6819	http://purl.obolibrary.org/obo/go.owl#Pathway_R-HSA-9821993
6820	http://purl.obolibrary.org/obo/go.owl#Reaction_R-HSA-8944457
6821	http://purl.obolibrary.org/obo/go.owl#Reaction_R-HSA-434989
6822	http://purl.obolibrary.org/obo/go.owl#Reaction_R-HSA-9853389
6823	http://purl.obolibrary.org/obo/go.owl#Reaction_R-HSA-9624800
6824	http://purl.obolibrary.org/obo/go.owl#Pathway_R-HSA-9953080
6825	http://purl.obolibrary.org/obo/go.owl#Reaction_R-HSA-5693108
6826	http://purl.obolibrary.org/obo/go.owl#Reaction_R-HSA-1169402
6827	http://purl.obolibrary.org/obo/go.owl#Reaction_R-HSA-1183003
6828	http://purl.obolibrary.org/obo/go.owl#Reaction_R-HSA-1234181
6829	http://purl.obolibrary.org/obo/go.owl#Reaction_R-HSA-113411
6830	http://purl.obolibrary.org/obo/go.owl#Protein_PIMREG
6831	http://purl.obolibrary.org/obo/go.owl#Reaction_R-HSA-3857328
6832	http://purl.obolibrary.org/obo/go.owl#Reaction_R-HSA-9761452
6833	http://purl.obolibrary.org/obo/go.owl#Reaction_R-HSA-176474
6834	http://purl.obolibrary.org/obo/go.owl#Pathway_R-HSA-983189
6835	http://purl.obolibrary.org/obo/go.owl#Reaction_R-HSA-2029460
6836	http://purl.obolibrary.org/obo/go.owl#Reaction_R-HSA-5229348
6837	http://purl.obolibrary.org/obo/go.owl#Pathway_R-HSA-4641265
6838	http://purl.obolibrary.org/obo/go.owl#Reaction_R-HSA-5423653
6839	http://purl.obolibrary.org/obo/go.owl#Reaction_R-HSA-8944538
6840	http://purl.obolibrary.org/obo/go.owl#Reaction_R-HSA-72621
6841	http://purl.obolibrary.org/obo/go.owl#Reaction_R-HSA-1974676
6842	http://purl.obolibrary.org/obo/go.owl#Pathway_R-HSA-9645460
6843	http://purl.obolibrary.org/obo/go.owl#Reaction_R-HSA-195251
6844	http://purl.obolibrary.org/obo/go.owl#Pathway_R-HSA-196780
6845	http://purl.obolibrary.org/obo/go.owl#Reaction_R-HSA-4551604
6846	http://purl.obolibrary.org/obo/go.owl#Reaction_R-HSA-1963586
6847	http://purl.obolibrary.org/obo/go.owl#Reaction_R-HSA-5624486
6848	http://purl.obolibrary.org/obo/go.owl#Pathway_R-HSA-2408557
6849	http://purl.obolibrary.org/obo/go.owl#Reaction_R-HSA-9626832
6850	http://purl.obolibrary.org/obo/go.owl#Reaction_R-HSA-110364
6851	http://purl.obolibrary.org/obo/go.owl#Reaction_R-HSA-113442
6852	http://purl.obolibrary.org/obo/go.owl#Reaction_R-HSA-9633005
6853	http://purl.obolibrary.org/obo/go.owl#Reaction_R-HSA-1839094
6854	http://purl.obolibrary.org/obo/go.owl#Reaction_R-HSA-83586
6855	http://purl.obolibrary.org/obo/go.owl#Pathway_R-HSA-75157
6856	http://purl.obolibrary.org/obo/go.owl#Reaction_R-HSA-9672159
6857	http://purl.obolibrary.org/obo/go.owl#Pathway_R-HSA-113501
6858	http://purl.obolibrary.org/obo/go.owl#Reaction_R-HSA-380316
6859	http://purl.obolibrary.org/obo/go.owl#Reaction_R-HSA-2993784
6860	http://purl.obolibrary.org/obo/go.owl#Reaction_R-HSA-8938987
6861	http://purl.obolibrary.org/obo/go.owl#Reaction_R-HSA-9009309
6862	http://purl.obolibrary.org/obo/go.owl#Reaction_R-HSA-139917
6863	http://purl.obolibrary.org/obo/go.owl#Reaction_R-HSA-9856502
6864	http://purl.obolibrary.org/obo/go.owl#Reaction_R-HSA-437085
6865	http://purl.obolibrary.org/obo/go.owl#Reaction_R-HSA-432707
6866	http://purl.obolibrary.org/obo/go.owl#Reaction_R-HSA-377640
6867	http://purl.obolibrary.org/obo/go.owl#Reaction_R-HSA-5610758
6868	http://purl.obolibrary.org/obo/go.owl#Protein_CIMAP1B
6869	http://purl.obolibrary.org/obo/go.owl#Reaction_R-HSA-5672010
6870	http://purl.obolibrary.org/obo/go.owl#Reaction_R-HSA-6803063
6871	http://purl.obolibrary.org/obo/go.owl#Reaction_R-HSA-9606151
6872	http://purl.obolibrary.org/obo/go.owl#Reaction_R-HSA-72676
6873	http://purl.obolibrary.org/obo/go.owl#Pathway_R-HSA-163767
6874	http://purl.obolibrary.org/obo/go.owl#Reaction_R-HSA-9610802
6875	http://purl.obolibrary.org/obo/go.owl#Reaction_R-HSA-8948027
6876	http://purl.obolibrary.org/obo/go.owl#Reaction_R-HSA-1236935
6877	http://purl.obolibrary.org/obo/go.owl#Reaction_R-HSA-749454
6878	http://purl.obolibrary.org/obo/go.owl#Reaction_R-HSA-2730889
6879	http://purl.obolibrary.org/obo/go.owl#Reaction_R-HSA-3322140
6880	http://purl.obolibrary.org/obo/go.owl#Reaction_R-HSA-5654592
6881	http://purl.obolibrary.org/obo/go.owl#Reaction_R-HSA-2559568
6882	http://purl.obolibrary.org/obo/go.owl#Pathway_R-HSA-901032
6883	http://purl.obolibrary.org/obo/go.owl#Pathway_R-HSA-9818025
6884	http://purl.obolibrary.org/obo/go.owl#Reaction_R-HSA-3000137
6885	http://purl.obolibrary.org/obo/go.owl#Reaction_R-HSA-156723
6886	http://purl.obolibrary.org/obo/go.owl#Reaction_R-HSA-159574
6887	http://purl.obolibrary.org/obo/go.owl#Pathway_R-HSA-9796292
6888	http://purl.obolibrary.org/obo/go.owl#Reaction_R-HSA-9934584
6889	http://purl.obolibrary.org/obo/go.owl#Pathway_R-HSA-2559580
6890	http://purl.obolibrary.org/obo/go.owl#Reaction_R-HSA-9727908
6891	http://purl.obolibrary.org/obo/go.owl#Reaction_R-HSA-9858645
6892	http://purl.obolibrary.org/obo/go.owl#Reaction_R-HSA-167537
6893	http://purl.obolibrary.org/obo/go.owl#Reaction_R-HSA-418868
6894	http://purl.obolibrary.org/obo/go.owl#Reaction_R-HSA-3222072
6895	http://purl.obolibrary.org/obo/go.owl#Reaction_R-HSA-879909
6896	http://purl.obolibrary.org/obo/go.owl#Reaction_R-HSA-5671972
6897	http://purl.obolibrary.org/obo/go.owl#Reaction_R-HSA-5218841
6898	http://purl.obolibrary.org/obo/go.owl#Pathway_R-HSA-8964011
6899	http://purl.obolibrary.org/obo/go.owl#Reaction_R-HSA-202222
6900	http://purl.obolibrary.org/obo/go.owl#Reaction_R-HSA-164620
6901	http://purl.obolibrary.org/obo/go.owl#Reaction_R-HSA-8878023
6902	http://purl.obolibrary.org/obo/go.owl#Reaction_R-HSA-933538
6903	http://purl.obolibrary.org/obo/go.owl#Reaction_R-HSA-1226016
6904	http://purl.obolibrary.org/obo/go.owl#Reaction_R-HSA-532678
6905	http://purl.obolibrary.org/obo/go.owl#Reaction_R-HSA-1467269
6906	http://purl.obolibrary.org/obo/go.owl#Reaction_R-HSA-209760
6907	http://purl.obolibrary.org/obo/go.owl#Reaction_R-HSA-174238
6908	http://purl.obolibrary.org/obo/go.owl#Reaction_R-HSA-4419978
6909	http://purl.obolibrary.org/obo/go.owl#Reaction_R-HSA-8875183
6910	http://purl.obolibrary.org/obo/go.owl#Reaction_R-HSA-1855159
6911	http://purl.obolibrary.org/obo/go.owl#Reaction_R-HSA-9835885
6912	http://purl.obolibrary.org/obo/go.owl#Pathway_R-HSA-9820960
6913	http://purl.obolibrary.org/obo/go.owl#Reaction_R-HSA-8941915
6914	http://purl.obolibrary.org/obo/go.owl#Reaction_R-HSA-9762100
6915	http://purl.obolibrary.org/obo/go.owl#Reaction_R-HSA-9762246
6916	http://purl.obolibrary.org/obo/go.owl#Reaction_R-HSA-9817692
6917	http://purl.obolibrary.org/obo/go.owl#Pathway_R-HSA-5205685
6918	http://purl.obolibrary.org/obo/go.owl#Reaction_R-HSA-8867613
6919	http://purl.obolibrary.org/obo/go.owl#Pathway_R-HSA-918233
6920	http://purl.obolibrary.org/obo/go.owl#Reaction_R-HSA-203613
6921	http://purl.obolibrary.org/obo/go.owl#Reaction_R-HSA-166168
6922	http://purl.obolibrary.org/obo/go.owl#Reaction_R-HSA-9793988
6923	http://purl.obolibrary.org/obo/go.owl#Reaction_R-HSA-171026
6924	http://purl.obolibrary.org/obo/go.owl#Reaction_R-HSA-2529015
6925	http://purl.obolibrary.org/obo/go.owl#Reaction_R-HSA-166271
6926	http://purl.obolibrary.org/obo/go.owl#Reaction_R-HSA-156912
6927	http://purl.obolibrary.org/obo/go.owl#Reaction_R-HSA-9733331
6928	http://purl.obolibrary.org/obo/go.owl#Reaction_R-HSA-8849900
6929	http://purl.obolibrary.org/obo/go.owl#Reaction_R-HSA-5691006
6930	http://purl.obolibrary.org/obo/go.owl#Reaction_R-HSA-399941
6931	http://purl.obolibrary.org/obo/go.owl#Reaction_R-HSA-5218805
6932	http://purl.obolibrary.org/obo/go.owl#Reaction_R-HSA-1363276
6933	http://purl.obolibrary.org/obo/go.owl#Reaction_R-HSA-9605052
6934	http://purl.obolibrary.org/obo/go.owl#Reaction_R-HSA-9934753
6935	http://purl.obolibrary.org/obo/go.owl#Reaction_R-HSA-9770187
6936	http://purl.obolibrary.org/obo/go.owl#Reaction_R-HSA-9606162
6937	http://purl.obolibrary.org/obo/go.owl#Reaction_R-HSA-9935282
6938	http://purl.obolibrary.org/obo/go.owl#Reaction_R-HSA-8948234
6939	http://purl.obolibrary.org/obo/go.owl#Reaction_R-HSA-8948569
6940	http://purl.obolibrary.org/obo/go.owl#Reaction_R-HSA-5658438
6941	http://purl.obolibrary.org/obo/go.owl#Reaction_R-HSA-372705
6942	http://purl.obolibrary.org/obo/go.owl#Reaction_R-HSA-4719375
6943	http://purl.obolibrary.org/obo/go.owl#Reaction_R-HSA-8964471
6944	http://purl.obolibrary.org/obo/go.owl#Reaction_R-HSA-9672176
6945	http://purl.obolibrary.org/obo/go.owl#Reaction_R-HSA-4655431
6946	http://purl.obolibrary.org/obo/go.owl#Reaction_R-HSA-192841
6947	http://purl.obolibrary.org/obo/go.owl#Reaction_R-HSA-9833672
6948	http://purl.obolibrary.org/obo/go.owl#Reaction_R-HSA-2046083
6949	http://purl.obolibrary.org/obo/go.owl#Pathway_R-HSA-426496
6950	http://purl.obolibrary.org/obo/go.owl#Reaction_R-HSA-9949632
6951	http://purl.obolibrary.org/obo/go.owl#Reaction_R-HSA-9929486
6952	http://purl.obolibrary.org/obo/go.owl#Reaction_R-HSA-73805
6953	http://purl.obolibrary.org/obo/go.owl#Reaction_R-HSA-445797
6954	http://purl.obolibrary.org/obo/go.owl#Pathway_R-HSA-8875360
6955	http://purl.obolibrary.org/obo/go.owl#Reaction_R-HSA-9854130
6956	http://purl.obolibrary.org/obo/GO_0006397_instance
6957	http://purl.obolibrary.org/obo/go.owl#Reaction_R-HSA-532549
6958	http://purl.obolibrary.org/obo/go.owl#Pathway_R-HSA-9861559
6959	http://purl.obolibrary.org/obo/go.owl#Reaction_R-HSA-9768142
6960	http://purl.obolibrary.org/obo/go.owl#Reaction_R-HSA-392748
6961	http://purl.obolibrary.org/obo/go.owl#Reaction_R-HSA-2484822
6962	http://purl.obolibrary.org/obo/go.owl#Reaction_R-HSA-8936616
6963	http://purl.obolibrary.org/obo/go.owl#Reaction_R-HSA-6814674
6964	http://purl.obolibrary.org/obo/go.owl#Reaction_R-HSA-8866283
6965	http://purl.obolibrary.org/obo/go.owl#Reaction_R-HSA-933530
6966	http://purl.obolibrary.org/obo/go.owl#Reaction_R-HSA-110371
6967	http://purl.obolibrary.org/obo/go.owl#Pathway_R-HSA-5651801
6968	http://purl.obolibrary.org/obo/go.owl#Reaction_R-HSA-2997706
6969	http://purl.obolibrary.org/obo/go.owl#Reaction_R-HSA-8877308
6970	http://purl.obolibrary.org/obo/go.owl#Reaction_R-HSA-174144
6971	http://purl.obolibrary.org/obo/go.owl#Reaction_R-HSA-3234084
6972	http://purl.obolibrary.org/obo/go.owl#Reaction_R-HSA-9824587
6973	http://purl.obolibrary.org/obo/go.owl#Pathway_R-HSA-1433559
6974	http://purl.obolibrary.org/obo/go.owl#Reaction_R-HSA-9008015
6975	http://purl.obolibrary.org/obo/go.owl#Reaction_R-HSA-8939688
6976	http://purl.obolibrary.org/obo/go.owl#Reaction_R-HSA-1472121
6977	http://purl.obolibrary.org/obo/go.owl#Reaction_R-HSA-5660514
6978	http://purl.obolibrary.org/obo/go.owl#Reaction_R-HSA-937075
6979	http://purl.obolibrary.org/obo/go.owl#Reaction_R-HSA-9014343
6980	http://purl.obolibrary.org/obo/go.owl#Reaction_R-HSA-167468
6981	http://purl.obolibrary.org/obo/go.owl#Reaction_R-HSA-8851933
6982	http://purl.obolibrary.org/obo/go.owl#Pathway_R-HSA-9913635
6983	http://purl.obolibrary.org/obo/go.owl#Reaction_R-HSA-5624949
6984	http://purl.obolibrary.org/obo/go.owl#Reaction_R-HSA-6799178
6985	http://purl.obolibrary.org/obo/go.owl#Reaction_R-HSA-9817575
6986	http://purl.obolibrary.org/obo/go.owl#Reaction_R-HSA-174227
6987	http://purl.obolibrary.org/obo/go.owl#Reaction_R-HSA-9670413
6988	http://purl.obolibrary.org/obo/go.owl#Reaction_R-HSA-5675417
6989	http://purl.obolibrary.org/obo/go.owl#Reaction_R-HSA-8944706
6990	http://purl.obolibrary.org/obo/go.owl#Reaction_R-HSA-9012196
6991	http://purl.obolibrary.org/obo/go.owl#Reaction_R-HSA-6791222
6992	http://purl.obolibrary.org/obo/go.owl#Reaction_R-HSA-3907292
6993	http://purl.obolibrary.org/obo/go.owl#Reaction_R-HSA-9008822
6994	http://purl.obolibrary.org/obo/go.owl#Reaction_R-HSA-8851804
6995	http://purl.obolibrary.org/obo/go.owl#Pathway_R-HSA-8854050
6996	http://purl.obolibrary.org/obo/go.owl#Reaction_R-HSA-201630
6997	http://purl.obolibrary.org/obo/go.owl#Pathway_R-HSA-5140745
6998	http://purl.obolibrary.org/obo/go.owl#Reaction_R-HSA-9836617
6999	http://purl.obolibrary.org/obo/go.owl#Reaction_R-HSA-429815
7000	http://purl.obolibrary.org/obo/go.owl#Pathway_R-HSA-165159
7001	http://purl.obolibrary.org/obo/go.owl#Reaction_R-HSA-9656215
7002	http://purl.obolibrary.org/obo/go.owl#Pathway_R-HSA-9652169
7003	http://purl.obolibrary.org/obo/go.owl#Reaction_R-HSA-9925817
7004	http://purl.obolibrary.org/obo/go.owl#Reaction_R-HSA-170986
7005	http://purl.obolibrary.org/obo/go.owl#Reaction_R-HSA-9686521
7006	http://purl.obolibrary.org/obo/go.owl#Reaction_R-HSA-6790454
7007	http://purl.obolibrary.org/obo/go.owl#Reaction_R-HSA-9705466
7008	http://purl.obolibrary.org/obo/go.owl#Reaction_R-HSA-8945709
7009	http://purl.obolibrary.org/obo/go.owl#Reaction_R-HSA-166119
7010	http://purl.obolibrary.org/obo/go.owl#Reaction_R-HSA-9627089
7011	http://purl.obolibrary.org/obo/go.owl#Reaction_R-HSA-1839110
7012	http://purl.obolibrary.org/obo/go.owl#Reaction_R-HSA-5218812
7013	http://purl.obolibrary.org/obo/go.owl#Reaction_R-HSA-8939335
7014	http://purl.obolibrary.org/obo/go.owl#Reaction_R-HSA-9865449
7015	http://purl.obolibrary.org/obo/go.owl#Reaction_R-HSA-178178
7016	http://purl.obolibrary.org/obo/go.owl#Reaction_R-HSA-1855210
7017	http://purl.obolibrary.org/obo/go.owl#Pathway_R-HSA-156711
7018	http://purl.obolibrary.org/obo/go.owl#Reaction_R-HSA-5672843
7019	http://purl.obolibrary.org/obo/go.owl#Reaction_R-HSA-8869456
7020	http://purl.obolibrary.org/obo/go.owl#Reaction_R-HSA-994034
7021	http://purl.obolibrary.org/obo/go.owl#Reaction_R-HSA-8875540
7022	http://purl.obolibrary.org/obo/go.owl#Reaction_R-HSA-1912416
7023	http://purl.obolibrary.org/obo/go.owl#Reaction_R-HSA-9023840
7024	http://purl.obolibrary.org/obo/go.owl#Reaction_R-HSA-8943041
7025	http://purl.obolibrary.org/obo/go.owl#Reaction_R-HSA-9824977
7026	http://purl.obolibrary.org/obo/go.owl#Reaction_R-HSA-8848658
7027	http://purl.obolibrary.org/obo/go.owl#Reaction_R-HSA-9823729
7028	http://purl.obolibrary.org/obo/go.owl#Reaction_R-HSA-8850539
7029	http://purl.obolibrary.org/obo/go.owl#Reaction_R-HSA-2672302
7030	http://purl.obolibrary.org/obo/go.owl#Reaction_R-HSA-5653838
7031	http://purl.obolibrary.org/obo/go.owl#Reaction_R-HSA-3928615
7032	http://purl.obolibrary.org/obo/go.owl#Reaction_R-HSA-937050
7033	http://purl.obolibrary.org/obo/go.owl#Reaction_R-HSA-354097
7034	http://purl.obolibrary.org/obo/go.owl#Reaction_R-HSA-2559468
7035	http://purl.obolibrary.org/obo/go.owl#Reaction_R-HSA-5692781
7036	http://purl.obolibrary.org/obo/go.owl#Reaction_R-HSA-977615
7037	http://purl.obolibrary.org/obo/go.owl#Reaction_R-HSA-6814549
7038	http://purl.obolibrary.org/obo/go.owl#Reaction_R-HSA-3371531
7039	http://purl.obolibrary.org/obo/go.owl#Reaction_R-HSA-5228992
7040	http://purl.obolibrary.org/obo/go.owl#Reaction_R-HSA-5682607
7041	http://purl.obolibrary.org/obo/go.owl#Pathway_R-HSA-373753
7042	http://purl.obolibrary.org/obo/go.owl#Pathway_R-HSA-4043916
7043	http://purl.obolibrary.org/obo/go.owl#Reaction_R-HSA-9707504
7044	http://purl.obolibrary.org/obo/go.owl#Reaction_R-HSA-4551649
7045	http://purl.obolibrary.org/obo/go.owl#Reaction_R-HSA-9709547
7046	http://purl.obolibrary.org/obo/go.owl#Reaction_R-HSA-196753
7047	http://purl.obolibrary.org/obo/go.owl#Reaction_R-HSA-74746
7048	http://purl.obolibrary.org/obo/go.owl#Reaction_R-HSA-8978926
7049	http://purl.obolibrary.org/obo/go.owl#Reaction_R-HSA-114307
7050	http://purl.obolibrary.org/obo/go.owl#Pathway_R-HSA-111457
7051	http://purl.obolibrary.org/obo/go.owl#Reaction_R-HSA-8853252
7052	http://purl.obolibrary.org/obo/go.owl#Reaction_R-HSA-9815501
7053	http://purl.obolibrary.org/obo/go.owl#Reaction_R-HSA-5696872
7054	http://purl.obolibrary.org/obo/go.owl#Reaction_R-HSA-9728664
7055	http://purl.obolibrary.org/obo/go.owl#Reaction_R-HSA-164943
7056	http://purl.obolibrary.org/obo/go.owl#Reaction_R-HSA-2172183
7057	http://purl.obolibrary.org/obo/go.owl#Reaction_R-HSA-9683663
7058	http://purl.obolibrary.org/obo/go.owl#Reaction_R-HSA-9856663
7059	http://purl.obolibrary.org/obo/go.owl#Reaction_R-HSA-9909618
7060	http://purl.obolibrary.org/obo/go.owl#Reaction_R-HSA-6814090
7061	http://purl.obolibrary.org/obo/go.owl#Reaction_R-HSA-5690565
7062	http://purl.obolibrary.org/obo/go.owl#Pathway_R-HSA-75105
7063	http://purl.obolibrary.org/obo/go.owl#Reaction_R-HSA-1234171
7064	http://purl.obolibrary.org/obo/go.owl#Pathway_R-HSA-9675126
7065	http://purl.obolibrary.org/obo/go.owl#Reaction_R-HSA-9769347
7066	http://purl.obolibrary.org/obo/go.owl#Reaction_R-HSA-8876789
7067	http://purl.obolibrary.org/obo/go.owl#Reaction_R-HSA-201783
7068	http://purl.obolibrary.org/obo/go.owl#Reaction_R-HSA-167084
7069	http://purl.obolibrary.org/obo/go.owl#Pathway_R-HSA-1482801
7070	http://purl.obolibrary.org/obo/go.owl#Pathway_R-HSA-3315487
7071	http://purl.obolibrary.org/obo/go.owl#Reaction_R-HSA-4791278
7072	http://purl.obolibrary.org/obo/go.owl#Pathway_R-HSA-1502540
7073	http://purl.obolibrary.org/obo/go.owl#Reaction_R-HSA-9766219
7074	http://purl.obolibrary.org/obo/go.owl#Reaction_R-HSA-5218830
7075	http://purl.obolibrary.org/obo/go.owl#Reaction_R-HSA-9008177
7076	http://purl.obolibrary.org/obo/go.owl#Pathway_R-HSA-975957
7077	http://purl.obolibrary.org/obo/go.owl#Reaction_R-HSA-917841
7078	http://purl.obolibrary.org/obo/go.owl#Reaction_R-HSA-6807875
7079	http://purl.obolibrary.org/obo/go.owl#Reaction_R-HSA-9816273
7080	http://purl.obolibrary.org/obo/go.owl#Pathway_R-HSA-3000170
7081	http://purl.obolibrary.org/obo/go.owl#Reaction_R-HSA-6802942
7082	http://purl.obolibrary.org/obo/go.owl#Pathway_R-HSA-390450
7083	http://purl.obolibrary.org/obo/go.owl#Pathway_R-HSA-9013406
7084	http://purl.obolibrary.org/obo/go.owl#Reaction_R-HSA-83582
7085	http://purl.obolibrary.org/obo/go.owl#Reaction_R-HSA-5663232
7086	http://purl.obolibrary.org/obo/go.owl#Reaction_R-HSA-5578742
7087	http://purl.obolibrary.org/obo/go.owl#Reaction_R-HSA-75866
7088	http://purl.obolibrary.org/obo/GO_0031109_instance
7089	http://purl.obolibrary.org/obo/go.owl#Pathway_R-HSA-9033500
7090	http://purl.obolibrary.org/obo/go.owl#Reaction_R-HSA-2399969
7091	http://purl.obolibrary.org/obo/go.owl#Reaction_R-HSA-167019
7092	http://purl.obolibrary.org/obo/go.owl#Reaction_R-HSA-9021183
7093	http://purl.obolibrary.org/obo/go.owl#Reaction_R-HSA-4088307
7094	http://purl.obolibrary.org/obo/go.owl#Reaction_R-HSA-9027280
7095	http://purl.obolibrary.org/obo/go.owl#Reaction_R-HSA-909732
7096	http://purl.obolibrary.org/obo/go.owl#Pathway_R-HSA-399956
7097	http://purl.obolibrary.org/obo/go.owl#Reaction_R-HSA-182994
7098	http://purl.obolibrary.org/obo/go.owl#Reaction_R-HSA-8984014
7099	http://purl.obolibrary.org/obo/go.owl#Reaction_R-HSA-9606883
7100	http://purl.obolibrary.org/obo/go.owl#Reaction_R-HSA-2974731
7101	http://purl.obolibrary.org/obo/go.owl#Reaction_R-HSA-9034862
7102	http://purl.obolibrary.org/obo/go.owl#Reaction_R-HSA-202703
7103	http://purl.obolibrary.org/obo/go.owl#Pathway_R-HSA-2029485
7104	http://purl.obolibrary.org/obo/go.owl#Reaction_R-HSA-5628901
7105	http://purl.obolibrary.org/obo/go.owl#Pathway_R-HSA-5250981
7106	http://purl.obolibrary.org/obo/go.owl#Reaction_R-HSA-9008326
7107	http://purl.obolibrary.org/obo/go.owl#Reaction_R-HSA-5617887
7108	http://purl.obolibrary.org/obo/go.owl#Reaction_R-HSA-390256
7109	http://purl.obolibrary.org/obo/go.owl#Reaction_R-HSA-2294600
7110	http://purl.obolibrary.org/obo/go.owl#Reaction_R-HSA-9934752
7111	http://purl.obolibrary.org/obo/go.owl#Reaction_R-HSA-9619515
7112	http://purl.obolibrary.org/obo/go.owl#Reaction_R-HSA-8937097
7113	http://purl.obolibrary.org/obo/go.owl#Reaction_R-HSA-6814119
7114	http://purl.obolibrary.org/obo/go.owl#Reaction_R-HSA-9934023
7115	http://purl.obolibrary.org/obo/go.owl#Reaction_R-HSA-5655320
7116	http://purl.obolibrary.org/obo/go.owl#Reaction_R-HSA-9712195
7117	http://purl.obolibrary.org/obo/go.owl#Reaction_R-HSA-5674385
7118	http://purl.obolibrary.org/obo/go.owl#Reaction_R-HSA-3903017
7119	http://purl.obolibrary.org/obo/go.owl#Reaction_R-HSA-1912393
7120	http://purl.obolibrary.org/obo/go.owl#Reaction_R-HSA-9908777
7121	http://purl.obolibrary.org/obo/go.owl#Reaction_R-HSA-428511
7122	http://purl.obolibrary.org/obo/go.owl#Reaction_R-HSA-8932400
7123	http://purl.obolibrary.org/obo/go.owl#Reaction_R-HSA-9706345
7124	http://purl.obolibrary.org/obo/go.owl#Reaction_R-HSA-936951
7125	http://purl.obolibrary.org/obo/go.owl#Reaction_R-HSA-9726509
7126	http://purl.obolibrary.org/obo/go.owl#Reaction_R-HSA-8985460
7127	http://purl.obolibrary.org/obo/go.owl#Reaction_R-HSA-8936849
7128	http://purl.obolibrary.org/obo/go.owl#Reaction_R-HSA-5694527
7129	http://purl.obolibrary.org/obo/go.owl#Reaction_R-HSA-9908775
7130	http://purl.obolibrary.org/obo/go.owl#Reaction_R-HSA-5692437
7131	http://purl.obolibrary.org/obo/go.owl#Reaction_R-HSA-5685994
7132	http://purl.obolibrary.org/obo/go.owl#Reaction_R-HSA-9665280
7133	http://purl.obolibrary.org/obo/go.owl#Reaction_R-HSA-9861734
7134	http://purl.obolibrary.org/obo/go.owl#Reaction_R-HSA-2220981
7135	http://purl.obolibrary.org/obo/go.owl#Reaction_R-HSA-389758
7136	http://purl.obolibrary.org/obo/go.owl#Reaction_R-HSA-5625883
7137	http://purl.obolibrary.org/obo/go.owl#Reaction_R-HSA-209087
7138	http://purl.obolibrary.org/obo/go.owl#Reaction_R-HSA-2214351
7139	http://purl.obolibrary.org/obo/go.owl#Reaction_R-HSA-4088305
7140	http://purl.obolibrary.org/obo/go.owl#Pathway_R-HSA-500657
7141	http://purl.obolibrary.org/obo/go.owl#Reaction_R-HSA-5682586
7142	http://purl.obolibrary.org/obo/go.owl#Reaction_R-HSA-727819
7143	http://purl.obolibrary.org/obo/go.owl#Reaction_R-HSA-3965444
7144	http://purl.obolibrary.org/obo/go.owl#Reaction_R-HSA-4720446
7145	http://purl.obolibrary.org/obo/go.owl#Reaction_R-HSA-9793383
7146	http://purl.obolibrary.org/obo/go.owl#Reaction_R-HSA-168337
7147	http://purl.obolibrary.org/obo/go.owl#Reaction_R-HSA-480378
7148	http://purl.obolibrary.org/obo/go.owl#Reaction_R-HSA-3928580
7149	http://purl.obolibrary.org/obo/go.owl#Reaction_R-HSA-9013361
7150	http://purl.obolibrary.org/obo/go.owl#Reaction_R-HSA-9672177
7151	http://purl.obolibrary.org/obo/go.owl#Reaction_R-HSA-9013985
7152	http://purl.obolibrary.org/obo/go.owl#Reaction_R-HSA-77094
7153	http://purl.obolibrary.org/obo/go.owl#Reaction_R-HSA-481044
7154	http://purl.obolibrary.org/obo/go.owl#Reaction_R-HSA-9820807
7155	http://purl.obolibrary.org/obo/go.owl#Reaction_R-HSA-1912362
7156	http://purl.obolibrary.org/obo/go.owl#Reaction_R-HSA-74220
7157	http://purl.obolibrary.org/obo/go.owl#Reaction_R-HSA-4616015
7158	http://purl.obolibrary.org/obo/go.owl#Reaction_R-HSA-167292
7159	http://purl.obolibrary.org/obo/go.owl#Reaction_R-HSA-9934522
7160	http://purl.obolibrary.org/obo/go.owl#Reaction_R-HSA-5218815
7161	http://purl.obolibrary.org/obo/go.owl#Reaction_R-HSA-2046093
7162	http://purl.obolibrary.org/obo/go.owl#Reaction_R-HSA-9609899
7163	http://purl.obolibrary.org/obo/go.owl#Reaction_R-HSA-1592251
7164	http://purl.obolibrary.org/obo/go.owl#Reaction_R-HSA-375131
7165	http://purl.obolibrary.org/obo/go.owl#Reaction_R-HSA-418309
7166	http://purl.obolibrary.org/obo/go.owl#Reaction_R-HSA-265429
7167	http://purl.obolibrary.org/obo/go.owl#Reaction_R-HSA-1675866
7168	http://purl.obolibrary.org/obo/go.owl#Pathway_R-HSA-174414
7169	http://purl.obolibrary.org/obo/go.owl#Reaction_R-HSA-2220988
7170	http://purl.obolibrary.org/obo/go.owl#Reaction_R-HSA-508513
7171	http://purl.obolibrary.org/obo/go.owl#Reaction_R-HSA-9729481
7172	http://purl.obolibrary.org/obo/go.owl#Reaction_R-HSA-1912406
7173	http://purl.obolibrary.org/obo/go.owl#Reaction_R-HSA-8852136
7174	http://purl.obolibrary.org/obo/go.owl#Reaction_R-HSA-9816153
7175	http://purl.obolibrary.org/obo/go.owl#Reaction_R-HSA-9656214
7176	http://purl.obolibrary.org/obo/go.owl#Reaction_R-HSA-5675433
7177	http://purl.obolibrary.org/obo/go.owl#Reaction_R-HSA-1250348
7178	http://purl.obolibrary.org/obo/go.owl#Reaction_R-HSA-9612085
7179	http://purl.obolibrary.org/obo/go.owl#Reaction_R-HSA-9018746
7180	http://purl.obolibrary.org/obo/go.owl#Reaction_R-HSA-9865511
7181	http://purl.obolibrary.org/obo/go.owl#Pathway_R-HSA-9022927
7182	http://purl.obolibrary.org/obo/go.owl#Reaction_R-HSA-5357780
7183	http://purl.obolibrary.org/obo/go.owl#Reaction_R-HSA-8951490
7184	http://purl.obolibrary.org/obo/go.owl#Reaction_R-HSA-5671763
7185	http://purl.obolibrary.org/obo/go.owl#Pathway_R-HSA-5083632
7186	http://purl.obolibrary.org/obo/go.owl#Reaction_R-HSA-5655760
7187	http://purl.obolibrary.org/obo/go.owl#Reaction_R-HSA-9012671
7188	http://purl.obolibrary.org/obo/go.owl#Reaction_R-HSA-8864036
7189	http://purl.obolibrary.org/obo/go.owl#Reaction_R-HSA-69144
7190	http://purl.obolibrary.org/obo/go.owl#Pathway_R-HSA-6782315
7191	http://purl.obolibrary.org/obo/go.owl#Reaction_R-HSA-9026891
7192	http://purl.obolibrary.org/obo/go.owl#Reaction_R-HSA-9036949
7193	http://purl.obolibrary.org/obo/go.owl#Reaction_R-HSA-6811508
7194	http://purl.obolibrary.org/obo/go.owl#Reaction_R-HSA-5620921
7195	http://purl.obolibrary.org/obo/go.owl#Pathway_R-HSA-186763
7196	http://purl.obolibrary.org/obo/go.owl#Reaction_R-HSA-9618405
7197	http://purl.obolibrary.org/obo/go.owl#Reaction_R-HSA-397891
7198	http://purl.obolibrary.org/obo/go.owl#Reaction_R-HSA-9842835
7199	http://purl.obolibrary.org/obo/go.owl#Reaction_R-HSA-400037
7200	http://purl.obolibrary.org/obo/go.owl#Reaction_R-HSA-9860264
7201	http://purl.obolibrary.org/obo/go.owl#Reaction_R-HSA-73548
7202	http://purl.obolibrary.org/obo/go.owl#Reaction_R-HSA-975142
7203	http://purl.obolibrary.org/obo/go.owl#Reaction_R-HSA-914182
7204	http://purl.obolibrary.org/obo/GO_0055085_instance
7205	http://purl.obolibrary.org/obo/go.owl#Reaction_R-HSA-9709571
7206	http://purl.obolibrary.org/obo/go.owl#Reaction_R-HSA-8985950
7207	http://purl.obolibrary.org/obo/go.owl#Reaction_R-HSA-9035517
7208	http://purl.obolibrary.org/obo/go.owl#Reaction_R-HSA-9606884
7209	http://purl.obolibrary.org/obo/go.owl#Reaction_R-HSA-170116
7210	http://purl.obolibrary.org/obo/go.owl#Reaction_R-HSA-4655355
7211	http://purl.obolibrary.org/obo/go.owl#Reaction_R-HSA-9925324
7212	http://purl.obolibrary.org/obo/go.owl#Pathway_R-HSA-205025
7213	http://purl.obolibrary.org/obo/go.owl#Reaction_R-HSA-9013109
7214	http://purl.obolibrary.org/obo/go.owl#Reaction_R-HSA-139899
7215	http://purl.obolibrary.org/obo/go.owl#Reaction_R-HSA-9825759
7216	http://purl.obolibrary.org/obo/go.owl#Reaction_R-HSA-9761421
7217	http://purl.obolibrary.org/obo/go.owl#Reaction_R-HSA-5692775
7218	http://purl.obolibrary.org/obo/go.owl#Reaction_R-HSA-9654525
7219	http://purl.obolibrary.org/obo/go.owl#Reaction_R-HSA-2671742
7220	http://purl.obolibrary.org/obo/go.owl#Reaction_R-HSA-9036046
7221	http://purl.obolibrary.org/obo/go.owl#Pathway_R-HSA-2206296
7222	http://purl.obolibrary.org/obo/go.owl#Reaction_R-HSA-4518585
7223	http://purl.obolibrary.org/obo/go.owl#Reaction_R-HSA-9698179
7224	http://purl.obolibrary.org/obo/go.owl#Reaction_R-HSA-5607759
7225	http://purl.obolibrary.org/obo/go.owl#Reaction_R-HSA-6814120
7226	http://purl.obolibrary.org/obo/go.owl#Reaction_R-HSA-188979
7227	http://purl.obolibrary.org/obo/go.owl#Pathway_R-HSA-189085
7228	http://purl.obolibrary.org/obo/go.owl#Reaction_R-HSA-9031610
7229	http://purl.obolibrary.org/obo/go.owl#Reaction_R-HSA-399947
7230	http://purl.obolibrary.org/obo/go.owl#Reaction_R-HSA-9604834
7231	http://purl.obolibrary.org/obo/go.owl#Reaction_R-HSA-167192
7232	http://purl.obolibrary.org/obo/go.owl#Reaction_R-HSA-937059
7233	http://purl.obolibrary.org/obo/go.owl#Reaction_R-HSA-9699163
7234	http://purl.obolibrary.org/obo/go.owl#Reaction_R-HSA-5607720
7235	http://purl.obolibrary.org/obo/go.owl#Reaction_R-HSA-3134904
7236	http://purl.obolibrary.org/obo/go.owl#Reaction_R-HSA-9620915
7237	http://purl.obolibrary.org/obo/go.owl#Reaction_R-HSA-8865425
7238	http://purl.obolibrary.org/obo/go.owl#Reaction_R-HSA-9609747
7239	http://purl.obolibrary.org/obo/go.owl#Reaction_R-HSA-9008036
7240	http://purl.obolibrary.org/obo/go.owl#Reaction_R-HSA-8866546
7241	http://purl.obolibrary.org/obo/go.owl#Reaction_R-HSA-111955
7242	http://purl.obolibrary.org/obo/go.owl#Reaction_R-HSA-4084501
7243	http://purl.obolibrary.org/obo/go.owl#Reaction_R-HSA-9948318
7244	http://purl.obolibrary.org/obo/go.owl#Reaction_R-HSA-9766062
7245	http://purl.obolibrary.org/obo/go.owl#Pathway_R-HSA-9828211
7246	http://purl.obolibrary.org/obo/go.owl#Reaction_R-HSA-389639
7247	http://purl.obolibrary.org/obo/go.owl#Reaction_R-HSA-1592244
7248	http://purl.obolibrary.org/obo/go.owl#Reaction_R-HSA-6782069
7249	http://purl.obolibrary.org/obo/go.owl#Reaction_R-HSA-8863895
7250	http://purl.obolibrary.org/obo/go.owl#Reaction_R-HSA-9858647
7251	http://purl.obolibrary.org/obo/go.owl#Reaction_R-HSA-9906955
7252	http://purl.obolibrary.org/obo/go.owl#Reaction_R-HSA-428533
7253	http://purl.obolibrary.org/obo/go.owl#Pathway_R-HSA-428543
7254	http://purl.obolibrary.org/obo/go.owl#Reaction_R-HSA-9755013
7255	http://purl.obolibrary.org/obo/go.owl#Pathway_R-HSA-9663199
7256	http://purl.obolibrary.org/obo/go.owl#Reaction_R-HSA-9014129
7257	http://purl.obolibrary.org/obo/go.owl#Reaction_R-HSA-2220944
7258	http://purl.obolibrary.org/obo/go.owl#Pathway_R-HSA-5358346
7259	http://purl.obolibrary.org/obo/go.owl#Reaction_R-HSA-9026493
7260	http://purl.obolibrary.org/obo/go.owl#Reaction_R-HSA-9710988
7261	http://purl.obolibrary.org/obo/go.owl#Reaction_R-HSA-9716913
7262	http://purl.obolibrary.org/obo/go.owl#Reaction_R-HSA-8865994
7263	http://purl.obolibrary.org/obo/go.owl#Reaction_R-HSA-2574840
7264	http://purl.obolibrary.org/obo/go.owl#Reaction_R-HSA-373746
7265	http://purl.obolibrary.org/obo/go.owl#Reaction_R-HSA-9666430
7266	http://purl.obolibrary.org/obo/go.owl#Pathway_R-HSA-75815
7267	http://purl.obolibrary.org/obo/go.owl#Reaction_R-HSA-4085992
7268	http://purl.obolibrary.org/obo/go.owl#Reaction_R-HSA-8847995
7269	http://purl.obolibrary.org/obo/go.owl#Reaction_R-HSA-432295
7270	http://purl.obolibrary.org/obo/go.owl#Reaction_R-HSA-5654586
7271	http://purl.obolibrary.org/obo/go.owl#Reaction_R-HSA-8875568
7272	http://purl.obolibrary.org/obo/go.owl#Reaction_R-HSA-1791092
7273	http://purl.obolibrary.org/obo/go.owl#Reaction_R-HSA-8858500
7274	http://purl.obolibrary.org/obo/go.owl#Reaction_R-HSA-8948232
7275	http://purl.obolibrary.org/obo/go.owl#Reaction_R-NUL-3451144
7276	http://purl.obolibrary.org/obo/go.owl#Pathway_R-HSA-9699150
7277	http://purl.obolibrary.org/obo/go.owl#Reaction_R-HSA-3132737
7278	http://purl.obolibrary.org/obo/go.owl#Reaction_R-HSA-75146
7279	http://purl.obolibrary.org/obo/go.owl#Reaction_R-HSA-177939
7280	http://purl.obolibrary.org/obo/go.owl#Reaction_R-HSA-183058
7281	http://purl.obolibrary.org/obo/go.owl#Reaction_R-HSA-1964501
7282	http://purl.obolibrary.org/obo/go.owl#Reaction_R-HSA-9866164
7283	http://purl.obolibrary.org/obo/go.owl#Reaction_R-HSA-174124
7284	http://purl.obolibrary.org/obo/go.owl#Reaction_R-NUL-9604648
7285	http://purl.obolibrary.org/obo/go.owl#Pathway_R-HSA-430116
7286	http://purl.obolibrary.org/obo/go.owl#Reaction_R-HSA-391867
7287	http://purl.obolibrary.org/obo/go.owl#Reaction_R-HSA-9011961
7288	http://purl.obolibrary.org/obo/go.owl#Pathway_R-HSA-9913351
7289	http://purl.obolibrary.org/obo/go.owl#Reaction_R-HSA-9835992
7290	http://purl.obolibrary.org/obo/go.owl#Reaction_R-HSA-1225951
7291	http://purl.obolibrary.org/obo/go.owl#Reaction_R-HSA-194808
7292	http://purl.obolibrary.org/obo/go.owl#Reaction_R-HSA-2220964
7293	http://purl.obolibrary.org/obo/go.owl#Reaction_R-HSA-5665686
7294	http://purl.obolibrary.org/obo/go.owl#Reaction_R-HSA-8866405
7295	http://purl.obolibrary.org/obo/go.owl#Pathway_R-HSA-9615017
7296	http://purl.obolibrary.org/obo/go.owl#Reaction_R-HSA-197250
7297	http://purl.obolibrary.org/obo/go.owl#Reaction_R-HSA-6810158
7298	http://purl.obolibrary.org/obo/go.owl#Reaction_R-HSA-9932832
7299	http://purl.obolibrary.org/obo/go.owl#Reaction_R-HSA-9033232
7300	http://purl.obolibrary.org/obo/go.owl#Reaction_R-HSA-1363331
7301	http://purl.obolibrary.org/obo/go.owl#Reaction_R-HSA-6800797
7302	http://purl.obolibrary.org/obo/go.owl#Reaction_R-HSA-163689
7303	http://purl.obolibrary.org/obo/go.owl#Reaction_R-HSA-1562641
7304	http://purl.obolibrary.org/obo/go.owl#Reaction_R-HSA-8851954
7305	http://purl.obolibrary.org/obo/go.owl#Pathway_R-HSA-3065679
7306	http://purl.obolibrary.org/obo/go.owl#Reaction_R-HSA-3928640
7307	http://purl.obolibrary.org/obo/go.owl#Reaction_R-HSA-392835
7308	http://purl.obolibrary.org/obo/go.owl#Reaction_R-HSA-977071
7309	http://purl.obolibrary.org/obo/go.owl#Reaction_R-HSA-192925
7310	http://purl.obolibrary.org/obo/go.owl#Reaction_R-HSA-8964550
7311	http://purl.obolibrary.org/obo/go.owl#Reaction_R-HSA-5617452
7312	http://purl.obolibrary.org/obo/go.owl#Pathway_R-HSA-9927020
7313	http://purl.obolibrary.org/obo/go.owl#Reaction_R-HSA-2404195
7314	http://purl.obolibrary.org/obo/go.owl#Reaction_R-HSA-5687758
7315	http://purl.obolibrary.org/obo/go.owl#Reaction_R-HSA-428749
7316	http://purl.obolibrary.org/obo/go.owl#Reaction_R-HSA-2029268
7317	http://purl.obolibrary.org/obo/go.owl#Reaction_R-HSA-5654614
7318	http://purl.obolibrary.org/obo/go.owl#Reaction_R-HSA-4396382
7319	http://purl.obolibrary.org/obo/go.owl#Reaction_R-HSA-9036025
7320	http://purl.obolibrary.org/obo/go.owl#Reaction_R-HSA-177671
7321	http://purl.obolibrary.org/obo/go.owl#Reaction_R-HSA-109864
7322	http://purl.obolibrary.org/obo/go.owl#Pathway_R-HSA-112411
7323	http://purl.obolibrary.org/obo/go.owl#Reaction_R-HSA-8984963
7324	http://purl.obolibrary.org/obo/go.owl#Reaction_R-HSA-5674496
7325	http://purl.obolibrary.org/obo/go.owl#Reaction_R-HSA-1912367
7326	http://purl.obolibrary.org/obo/go.owl#Reaction_R-HSA-202164
7327	http://purl.obolibrary.org/obo/go.owl#Reaction_R-HSA-168930
7328	http://purl.obolibrary.org/obo/go.owl#Reaction_R-HSA-6805399
7329	http://purl.obolibrary.org/obo/go.owl#Reaction_R-HSA-9624017
7330	http://purl.obolibrary.org/obo/go.owl#Reaction_R-HSA-1234165
7331	http://purl.obolibrary.org/obo/go.owl#Reaction_R-HSA-5692755
7332	http://purl.obolibrary.org/obo/go.owl#Reaction_R-HSA-5666129
7333	http://purl.obolibrary.org/obo/go.owl#Reaction_R-HSA-4755419
7334	http://purl.obolibrary.org/obo/go.owl#Reaction_R-HSA-9839751
7335	http://purl.obolibrary.org/obo/go.owl#Reaction_R-HSA-8983394
7336	http://purl.obolibrary.org/obo/go.owl#Pathway_R-HSA-205043
7337	http://purl.obolibrary.org/obo/go.owl#Reaction_R-HSA-6806831
7338	http://purl.obolibrary.org/obo/go.owl#Pathway_R-HSA-6785470
7339	http://purl.obolibrary.org/obo/go.owl#Reaction_R-HSA-9013567
7340	http://purl.obolibrary.org/obo/go.owl#Reaction_R-HSA-2309787
7341	http://purl.obolibrary.org/obo/go.owl#Reaction_R-HSA-6786095
7342	http://purl.obolibrary.org/obo/go.owl#Reaction_R-HSA-6800396
7343	http://purl.obolibrary.org/obo/go.owl#Reaction_R-HSA-180627
7344	http://purl.obolibrary.org/obo/go.owl#Reaction_R-HSA-2160931
7345	http://purl.obolibrary.org/obo/go.owl#Reaction_R-HSA-4551465
7346	http://purl.obolibrary.org/obo/go.owl#Reaction_R-HSA-5655347
7347	http://purl.obolibrary.org/obo/go.owl#Reaction_R-HSA-5334099
7348	http://purl.obolibrary.org/obo/go.owl#Reaction_R-HSA-2161951
7349	http://purl.obolibrary.org/obo/go.owl#Reaction_R-HSA-4332359
7350	http://purl.obolibrary.org/obo/go.owl#Reaction_R-HSA-1225950
7351	http://purl.obolibrary.org/obo/go.owl#Pathway_R-HSA-6783310
7352	http://purl.obolibrary.org/obo/go.owl#Reaction_R-HSA-209925
7353	http://purl.obolibrary.org/obo/go.owl#Reaction_R-HSA-8951656
7354	http://purl.obolibrary.org/obo/go.owl#Pathway_R-HSA-5660862
7355	http://purl.obolibrary.org/obo/GO_0005615_instance
7356	http://purl.obolibrary.org/obo/go.owl#Reaction_R-HSA-9656211
7357	http://purl.obolibrary.org/obo/go.owl#Pathway_R-HSA-77588
7358	http://purl.obolibrary.org/obo/go.owl#Reaction_R-HSA-9769345
7359	http://purl.obolibrary.org/obo/go.owl#Pathway_R-HSA-8853884
7360	http://purl.obolibrary.org/obo/go.owl#Reaction_R-HSA-389941
7361	http://purl.obolibrary.org/obo/go.owl#Reaction_R-HSA-113409
7362	http://purl.obolibrary.org/obo/go.owl#Reaction_R-HSA-9823989
7363	http://purl.obolibrary.org/obo/go.owl#Reaction_R-HSA-5626953
7364	http://purl.obolibrary.org/obo/go.owl#Reaction_R-HSA-389978
7365	http://purl.obolibrary.org/obo/go.owl#Reaction_R-HSA-4093336
7366	http://purl.obolibrary.org/obo/go.owl#Reaction_R-HSA-1963589
7367	http://purl.obolibrary.org/obo/go.owl#Reaction_R-HSA-8954179
7368	http://purl.obolibrary.org/obo/go.owl#Reaction_R-HSA-4641362
7369	http://purl.obolibrary.org/obo/go.owl#Reaction_R-HSA-6802941
7370	http://purl.obolibrary.org/obo/go.owl#Reaction_R-HSA-1855220
7371	http://purl.obolibrary.org/obo/go.owl#Reaction_R-HSA-5679205
7372	http://purl.obolibrary.org/obo/go.owl#Reaction_R-HSA-9768616
7373	http://purl.obolibrary.org/obo/go.owl#Reaction_R-HSA-9825847
7374	http://purl.obolibrary.org/obo/go.owl#Reaction_R-HSA-373736
7375	http://purl.obolibrary.org/obo/go.owl#Reaction_R-HSA-5228811
7376	http://purl.obolibrary.org/obo/go.owl#Reaction_R-HSA-8983373
7377	http://purl.obolibrary.org/obo/go.owl#Reaction_R-HSA-8877998
7378	http://purl.obolibrary.org/obo/go.owl#Reaction_R-HSA-9859163
7379	http://purl.obolibrary.org/obo/go.owl#Reaction_R-HSA-9698033
7380	http://purl.obolibrary.org/obo/go.owl#Reaction_R-HSA-180630
7381	http://purl.obolibrary.org/obo/go.owl#Reaction_R-HSA-9793375
7382	http://purl.obolibrary.org/obo/go.owl#Reaction_R-HSA-4724284
7383	http://purl.obolibrary.org/obo/go.owl#Reaction_R-HSA-2586555
7384	http://purl.obolibrary.org/obo/go.owl#Reaction_R-HSA-1454689
7385	http://purl.obolibrary.org/obo/go.owl#Reaction_R-HSA-879459
7386	http://purl.obolibrary.org/obo/go.owl#Reaction_R-HSA-9645598
7387	http://purl.obolibrary.org/obo/go.owl#Reaction_R-HSA-190519
7388	http://purl.obolibrary.org/obo/go.owl#Reaction_R-HSA-5683325
7389	http://purl.obolibrary.org/obo/go.owl#Reaction_R-HSA-200421
7390	http://purl.obolibrary.org/obo/go.owl#Pathway_R-HSA-2408550
7391	http://purl.obolibrary.org/obo/go.owl#Reaction_R-HSA-3234094
7392	http://purl.obolibrary.org/obo/go.owl#Reaction_R-HSA-1793182
7393	http://purl.obolibrary.org/obo/go.owl#Reaction_R-HSA-9033490
7394	http://purl.obolibrary.org/obo/go.owl#Reaction_R-HSA-112271
7395	http://purl.obolibrary.org/obo/go.owl#Pathway_R-HSA-5358606
7396	http://purl.obolibrary.org/obo/go.owl#Reaction_R-HSA-9842850
7397	http://purl.obolibrary.org/obo/go.owl#Reaction_R-HSA-9686524
7398	http://purl.obolibrary.org/obo/go.owl#Reaction_R-HSA-9920724
7399	http://purl.obolibrary.org/obo/go.owl#Pathway_R-HSA-9931512
7400	http://purl.obolibrary.org/obo/go.owl#Pathway_R-HSA-9825895
7401	http://purl.obolibrary.org/obo/go.owl#Reaction_R-HSA-9865524
7402	http://purl.obolibrary.org/obo/go.owl#Reaction_R-HSA-879782
7403	http://purl.obolibrary.org/obo/go.owl#Pathway_R-HSA-1368108
7404	http://purl.obolibrary.org/obo/go.owl#Reaction_R-HSA-983424
7405	http://purl.obolibrary.org/obo/go.owl#Reaction_R-HSA-8857583
7406	http://purl.obolibrary.org/obo/go.owl#Reaction_R-HSA-9695845
7407	http://purl.obolibrary.org/obo/go.owl#Reaction_R-HSA-9009308
7408	http://purl.obolibrary.org/obo/go.owl#Reaction_R-HSA-9822437
7409	http://purl.obolibrary.org/obo/go.owl#Reaction_R-HSA-8852130
7410	http://purl.obolibrary.org/obo/go.owl#Reaction_R-HSA-9827872
7411	http://purl.obolibrary.org/obo/go.owl#Reaction_R-HSA-177923
7412	http://purl.obolibrary.org/obo/go.owl#Reaction_R-HSA-9922269
7413	http://purl.obolibrary.org/obo/go.owl#Pathway_R-HSA-212676
7414	http://purl.obolibrary.org/obo/go.owl#Reaction_R-HSA-8851888
7415	http://purl.obolibrary.org/obo/go.owl#Reaction_R-HSA-426522
7416	http://purl.obolibrary.org/obo/go.owl#Reaction_R-HSA-6786012
7417	http://purl.obolibrary.org/obo/go.owl#Reaction_R-HSA-168285
7418	http://purl.obolibrary.org/obo/go.owl#Reaction_R-HSA-9686061
7419	http://purl.obolibrary.org/obo/go.owl#Reaction_R-HSA-8987080
7420	http://purl.obolibrary.org/obo/go.owl#Pathway_R-HSA-69416
7421	http://purl.obolibrary.org/obo/go.owl#Reaction_R-HSA-141367
7422	http://purl.obolibrary.org/obo/go.owl#Pathway_R-HSA-75108
7423	http://purl.obolibrary.org/obo/go.owl#Reaction_R-HSA-9626880
7424	http://purl.obolibrary.org/obo/go.owl#Pathway_R-HSA-9927353
7425	http://purl.obolibrary.org/obo/go.owl#Reaction_R-HSA-5637806
7426	http://purl.obolibrary.org/obo/go.owl#Reaction_R-HSA-5334052
7427	http://purl.obolibrary.org/obo/go.owl#Pathway_R-HSA-5339700
7428	http://purl.obolibrary.org/obo/go.owl#Reaction_R-HSA-176702
7429	http://purl.obolibrary.org/obo/go.owl#Reaction_R-HSA-376200
7430	http://purl.obolibrary.org/obo/go.owl#Reaction_R-HSA-2408540
7431	http://purl.obolibrary.org/obo/go.owl#Reaction_R-HSA-9017835
7432	http://purl.obolibrary.org/obo/go.owl#Reaction_R-HSA-9843119
7433	http://purl.obolibrary.org/obo/go.owl#Reaction_R-HSA-1297275
7434	http://purl.obolibrary.org/obo/go.owl#Reaction_R-HSA-9665709
7435	http://purl.obolibrary.org/obo/go.owl#Reaction_R-HSA-5218852
7436	http://purl.obolibrary.org/obo/go.owl#Pathway_R-HSA-9929356
7437	http://purl.obolibrary.org/obo/go.owl#Pathway_R-HSA-3359463
7438	http://purl.obolibrary.org/obo/go.owl#Reaction_R-HSA-9613219
7439	http://purl.obolibrary.org/obo/go.owl#Reaction_R-HSA-1112609
7440	http://purl.obolibrary.org/obo/go.owl#Reaction_R-HSA-9618392
7441	http://purl.obolibrary.org/obo/go.owl#Pathway_R-HSA-163210
7442	http://purl.obolibrary.org/obo/go.owl#Reaction_R-HSA-433672
7443	http://purl.obolibrary.org/obo/go.owl#Reaction_R-HSA-9645406
7444	http://purl.obolibrary.org/obo/go.owl#Pathway_R-HSA-114294
7445	http://purl.obolibrary.org/obo/go.owl#Reaction_R-HSA-429441
7446	http://purl.obolibrary.org/obo/go.owl#Reaction_R-HSA-400143
7447	http://purl.obolibrary.org/obo/go.owl#Reaction_R-HSA-9670418
7448	http://purl.obolibrary.org/obo/go.owl#Reaction_R-HSA-350318
7449	http://purl.obolibrary.org/obo/go.owl#Reaction_R-HSA-2730888
7450	http://purl.obolibrary.org/obo/go.owl#Reaction_R-NUL-1251988
7451	http://purl.obolibrary.org/obo/go.owl#Reaction_R-HSA-202203
7452	http://purl.obolibrary.org/obo/go.owl#Pathway_R-HSA-168333
7453	http://purl.obolibrary.org/obo/go.owl#Reaction_R-HSA-1295519
7454	http://purl.obolibrary.org/obo/go.owl#Reaction_R-HSA-9664664
7455	http://purl.obolibrary.org/obo/go.owl#Reaction_R-HSA-9793921
7456	http://purl.obolibrary.org/obo/go.owl#Reaction_R-HSA-1655826
7457	http://purl.obolibrary.org/obo/go.owl#Reaction_R-HSA-183072
7458	http://purl.obolibrary.org/obo/go.owl#Reaction_R-HSA-174374
7459	http://purl.obolibrary.org/obo/go.owl#Reaction_R-HSA-5672961
7460	http://purl.obolibrary.org/obo/go.owl#Reaction_R-HSA-8877760
7461	http://purl.obolibrary.org/obo/go.owl#Reaction_R-HSA-164617
7462	http://purl.obolibrary.org/obo/GO_0010467_instance
7463	http://purl.obolibrary.org/obo/go.owl#Reaction_R-HSA-8854222
7464	http://purl.obolibrary.org/obo/go.owl#Reaction_R-HSA-210974
7465	http://purl.obolibrary.org/obo/go.owl#Reaction_R-HSA-73806
7466	http://purl.obolibrary.org/obo/go.owl#Reaction_R-HSA-5389849
7467	http://purl.obolibrary.org/obo/go.owl#Reaction_R-HSA-5687113
7468	http://purl.obolibrary.org/obo/go.owl#Reaction_R-HSA-9016751
7469	http://purl.obolibrary.org/obo/go.owl#Reaction_R-HSA-1675921
7470	http://purl.obolibrary.org/obo/go.owl#Reaction_R-HSA-168896
7471	http://purl.obolibrary.org/obo/go.owl#Reaction_R-HSA-5625426
7472	http://purl.obolibrary.org/obo/go.owl#Reaction_R-HSA-8936608
7473	http://purl.obolibrary.org/obo/go.owl#Reaction_R-HSA-9629483
7474	http://purl.obolibrary.org/obo/go.owl#Reaction_R-HSA-3322995
7475	http://purl.obolibrary.org/obo/go.owl#Reaction_R-HSA-933528
7476	http://purl.obolibrary.org/obo/go.owl#Reaction_R-HSA-5654667
7477	http://purl.obolibrary.org/obo/go.owl#Reaction_R-HSA-8943007
7478	http://purl.obolibrary.org/obo/go.owl#Reaction_R-HSA-549355
7479	http://purl.obolibrary.org/obo/go.owl#Reaction_R-HSA-606289
7480	http://purl.obolibrary.org/obo/go.owl#Reaction_R-HSA-8935732
7481	http://purl.obolibrary.org/obo/go.owl#Pathway_R-HSA-6804115
7482	http://purl.obolibrary.org/obo/go.owl#Reaction_R-HSA-6810238
7483	http://purl.obolibrary.org/obo/go.owl#Reaction_R-HSA-9759516
7484	http://purl.obolibrary.org/obo/go.owl#Reaction_R-HSA-5691000
7485	http://purl.obolibrary.org/obo/go.owl#Reaction_R-HSA-201510
7486	http://purl.obolibrary.org/obo/go.owl#Reaction_R-HSA-1234183
7487	http://purl.obolibrary.org/obo/go.owl#Reaction_R-HSA-68712
7488	http://purl.obolibrary.org/obo/go.owl#Reaction_R-HSA-2134506
7489	http://purl.obolibrary.org/obo/go.owl#Pathway_R-HSA-8865999
7490	http://purl.obolibrary.org/obo/go.owl#Reaction_R-HSA-5635856
7491	http://purl.obolibrary.org/obo/go.owl#Reaction_R-HSA-2301205
7492	http://purl.obolibrary.org/obo/go.owl#Reaction_R-HSA-4088309
7493	http://purl.obolibrary.org/obo/go.owl#Reaction_R-HSA-174439
7494	http://purl.obolibrary.org/obo/go.owl#Reaction_R-HSA-3928641
7495	http://purl.obolibrary.org/obo/go.owl#Pathway_R-HSA-9793242
7496	http://purl.obolibrary.org/obo/go.owl#Reaction_R-HSA-6799191
7497	http://purl.obolibrary.org/obo/go.owl#Reaction_R-HSA-9620813
7498	http://purl.obolibrary.org/obo/go.owl#Pathway_R-HSA-8849471
7499	http://purl.obolibrary.org/obo/go.owl#Reaction_R-HSA-9648017
7500	http://purl.obolibrary.org/obo/go.owl#Reaction_R-HSA-879934
7501	http://purl.obolibrary.org/obo/go.owl#Reaction_R-HSA-8936068
7502	http://purl.obolibrary.org/obo/go.owl#Reaction_R-HSA-6800793
7503	http://purl.obolibrary.org/obo/go.owl#Reaction_R-HSA-2316434
7504	http://purl.obolibrary.org/obo/go.owl#Reaction_R-HSA-9610954
7505	http://purl.obolibrary.org/obo/go.owl#Reaction_R-HSA-2468040
7506	http://purl.obolibrary.org/obo/go.owl#Reaction_R-HSA-8936731
7507	http://purl.obolibrary.org/obo/go.owl#Reaction_R-HSA-1839091
7508	http://purl.obolibrary.org/obo/go.owl#Reaction_R-HSA-8864466
7509	http://purl.obolibrary.org/obo/go.owl#Pathway_R-HSA-1963642
7510	http://purl.obolibrary.org/obo/go.owl#Reaction_R-HSA-6814671
7511	http://purl.obolibrary.org/obo/go.owl#Reaction_R-HSA-3000433
7512	http://purl.obolibrary.org/obo/go.owl#Reaction_R-HSA-9657603
7513	http://purl.obolibrary.org/obo/go.owl#Reaction_R-HSA-994038
7514	http://purl.obolibrary.org/obo/go.owl#Reaction_R-HSA-9036021
7515	http://purl.obolibrary.org/obo/go.owl#Reaction_R-HSA-6798044
7516	http://purl.obolibrary.org/obo/go.owl#Protein_TTC33
7517	http://purl.obolibrary.org/obo/go.owl#Reaction_R-HSA-9695853
7518	http://purl.obolibrary.org/obo/go.owl#Pathway_R-HSA-9726842
7519	http://purl.obolibrary.org/obo/go.owl#Reaction_R-HSA-2430533
7520	http://purl.obolibrary.org/obo/go.owl#Pathway_R-HSA-9927432
7521	http://purl.obolibrary.org/obo/go.owl#Reaction_R-HSA-549475
7522	http://purl.obolibrary.org/obo/go.owl#Reaction_R-HSA-9909510
7523	http://purl.obolibrary.org/obo/go.owl#Reaction_R-HSA-8853965
7524	http://purl.obolibrary.org/obo/go.owl#Reaction_R-HSA-452100
7525	http://purl.obolibrary.org/obo/go.owl#Reaction_R-HSA-389540
7526	http://purl.obolibrary.org/obo/go.owl#Reaction_R-HSA-9033520
7527	http://purl.obolibrary.org/obo/go.owl#Pathway_R-HSA-168315
7528	http://purl.obolibrary.org/obo/go.owl#Pathway_R-HSA-1855204
7529	http://purl.obolibrary.org/obo/go.owl#Reaction_R-HSA-9645126
7530	http://purl.obolibrary.org/obo/go.owl#Pathway_R-HSA-167242
7531	http://purl.obolibrary.org/obo/go.owl#Reaction_R-HSA-8852019
7532	http://purl.obolibrary.org/obo/go.owl#Reaction_R-HSA-5423117
7533	http://purl.obolibrary.org/obo/go.owl#Reaction_R-HSA-8954224
7534	http://purl.obolibrary.org/obo/go.owl#Reaction_R-HSA-109807
7535	http://purl.obolibrary.org/obo/go.owl#Pathway_R-HSA-180336
7536	http://purl.obolibrary.org/obo/go.owl#Reaction_R-HSA-9670412
7537	http://purl.obolibrary.org/obo/go.owl#Reaction_R-HSA-9032761
7538	http://purl.obolibrary.org/obo/go.owl#Reaction_R-HSA-5689539
7539	http://purl.obolibrary.org/obo/go.owl#Reaction_R-HSA-8944483
7540	http://purl.obolibrary.org/obo/go.owl#Reaction_R-HSA-434362
7541	http://purl.obolibrary.org/obo/go.owl#Reaction_R-HSA-5665998
7542	http://purl.obolibrary.org/obo/go.owl#Reaction_R-HSA-8964634
7543	http://purl.obolibrary.org/obo/go.owl#Reaction_R-NUL-9604300
7544	http://purl.obolibrary.org/obo/go.owl#Reaction_R-HSA-9615554
7545	http://purl.obolibrary.org/obo/go.owl#Reaction_R-HSA-9858289
7546	http://purl.obolibrary.org/obo/go.owl#Reaction_R-HSA-5623667
7547	http://purl.obolibrary.org/obo/go.owl#Pathway_R-HSA-4608870
7548	http://purl.obolibrary.org/obo/go.owl#Reaction_R-HSA-201515
7549	http://purl.obolibrary.org/obo/go.owl#Pathway_R-HSA-198693
7550	http://purl.obolibrary.org/obo/go.owl#Reaction_R-HSA-381799
7551	http://purl.obolibrary.org/obo/go.owl#Reaction_R-HSA-9014342
7552	http://purl.obolibrary.org/obo/go.owl#Reaction_R-HSA-8983063
7553	http://purl.obolibrary.org/obo/go.owl#Pathway_R-HSA-2559584
7554	http://purl.obolibrary.org/obo/go.owl#Reaction_R-HSA-5633040
7555	http://purl.obolibrary.org/obo/go.owl#Reaction_R-HSA-9825772
7556	http://purl.obolibrary.org/obo/go.owl#Reaction_R-HSA-9021450
7557	http://purl.obolibrary.org/obo/go.owl#Reaction_R-HSA-9859223
7558	http://purl.obolibrary.org/obo/go.owl#Reaction_R-HSA-8985981
7559	http://purl.obolibrary.org/obo/go.owl#Reaction_R-HSA-6805122
7560	http://purl.obolibrary.org/obo/go.owl#Reaction_R-HSA-9859084
7561	http://purl.obolibrary.org/obo/go.owl#Reaction_R-HSA-8852317
7562	http://purl.obolibrary.org/obo/go.owl#Reaction_R-HSA-5654989
7563	http://purl.obolibrary.org/obo/go.owl#Reaction_R-HSA-380949
7564	http://purl.obolibrary.org/obo/go.owl#Reaction_R-HSA-5691411
7565	http://purl.obolibrary.org/obo/go.owl#Reaction_R-HSA-3299657
7566	http://purl.obolibrary.org/obo/go.owl#Reaction_R-HSA-5671737
7567	http://purl.obolibrary.org/obo/go.owl#Reaction_R-HSA-1169395
7568	http://purl.obolibrary.org/obo/go.owl#Reaction_R-HSA-5218836
7569	http://purl.obolibrary.org/obo/go.owl#Reaction_R-HSA-429698
7570	http://purl.obolibrary.org/obo/go.owl#Pathway_R-HSA-2024096
7571	http://purl.obolibrary.org/obo/go.owl#Reaction_R-HSA-5252079
7572	http://purl.obolibrary.org/obo/go.owl#Reaction_R-HSA-9007467
7573	http://purl.obolibrary.org/obo/go.owl#Reaction_R-HSA-749456
7574	http://purl.obolibrary.org/obo/go.owl#Reaction_R-HSA-981814
7575	http://purl.obolibrary.org/obo/go.owl#Reaction_R-HSA-3928620
7576	http://purl.obolibrary.org/obo/go.owl#Reaction_R-HSA-9854146
7577	http://purl.obolibrary.org/obo/go.owl#Reaction_R-HSA-9824598
7578	http://purl.obolibrary.org/obo/go.owl#Reaction_R-HSA-390393
7579	http://purl.obolibrary.org/obo/go.owl#Pathway_R-HSA-2514853
7580	http://purl.obolibrary.org/obo/go.owl#Reaction_R-HSA-2130731
7581	http://purl.obolibrary.org/obo/go.owl#Reaction_R-HSA-9617217
7582	http://purl.obolibrary.org/obo/go.owl#Reaction_R-HSA-9817471
7583	http://purl.obolibrary.org/obo/go.owl#Reaction_R-HSA-9654533
7584	http://purl.obolibrary.org/obo/go.owl#Reaction_R-HSA-5654426
7585	http://purl.obolibrary.org/obo/go.owl#Reaction_R-HSA-166041
7586	http://purl.obolibrary.org/obo/go.owl#Reaction_R-HSA-416588
7587	http://purl.obolibrary.org/obo/go.owl#Reaction_R-HSA-5654634
7588	http://purl.obolibrary.org/obo/go.owl#Reaction_R-HSA-2562541
7589	http://purl.obolibrary.org/obo/go.owl#Reaction_R-HSA-6800426
7590	http://purl.obolibrary.org/obo/go.owl#Reaction_R-HSA-373724
7591	http://purl.obolibrary.org/obo/go.owl#Reaction_R-HSA-177501
7592	http://purl.obolibrary.org/obo/go.owl#Reaction_R-HSA-9948301
7593	http://purl.obolibrary.org/obo/go.owl#Reaction_R-HSA-507749
7594	http://purl.obolibrary.org/obo/go.owl#Reaction_R-HSA-180603
7595	http://purl.obolibrary.org/obo/go.owl#Reaction_R-HSA-195304
7596	http://purl.obolibrary.org/obo/go.owl#Reaction_R-HSA-1963582
7597	http://purl.obolibrary.org/obo/go.owl#Reaction_R-HSA-3928628
7598	http://purl.obolibrary.org/obo/go.owl#Reaction_R-HSA-8932980
7599	http://purl.obolibrary.org/obo/go.owl#Reaction_R-HSA-9653595
7600	http://purl.obolibrary.org/obo/go.owl#Reaction_R-HSA-6788346
7601	http://purl.obolibrary.org/obo/go.owl#Reaction_R-HSA-1791066
7602	http://purl.obolibrary.org/obo/go.owl#Reaction_R-HSA-9011971
7603	http://purl.obolibrary.org/obo/go.owl#Reaction_R-HSA-8876454
7604	http://purl.obolibrary.org/obo/go.owl#Reaction_R-HSA-9907572
7605	http://purl.obolibrary.org/obo/go.owl#Reaction_R-HSA-5618093
7606	http://purl.obolibrary.org/obo/go.owl#Pathway_R-HSA-3371568
7607	http://purl.obolibrary.org/obo/go.owl#Reaction_R-HSA-6798739
7608	http://purl.obolibrary.org/obo/go.owl#Reaction_R-HSA-919404
7609	http://purl.obolibrary.org/obo/go.owl#Reaction_R-HSA-9672170
7610	http://purl.obolibrary.org/obo/go.owl#Reaction_R-HSA-5617867
7611	http://purl.obolibrary.org/obo/go.owl#Reaction_R-HSA-5358340
7612	http://purl.obolibrary.org/obo/go.owl#Pathway_R-HSA-606279
7613	http://purl.obolibrary.org/obo/go.owl#Reaction_R-HSA-389159
7614	http://purl.obolibrary.org/obo/go.owl#Reaction_R-HSA-169468
7615	http://purl.obolibrary.org/obo/go.owl#Reaction_R-HSA-8854588
7616	http://purl.obolibrary.org/obo/go.owl#Reaction_R-HSA-5652151
7617	http://purl.obolibrary.org/obo/go.owl#Reaction_R-HSA-74723
7618	http://purl.obolibrary.org/obo/go.owl#Reaction_R-HSA-156808
7619	http://purl.obolibrary.org/obo/go.owl#Reaction_R-NUL-9011324
7620	http://purl.obolibrary.org/obo/go.owl#Reaction_R-HSA-5660910
7621	http://purl.obolibrary.org/obo/go.owl#Reaction_R-HSA-6787447
7622	http://purl.obolibrary.org/obo/go.owl#Reaction_R-HSA-442273
7623	http://purl.obolibrary.org/obo/go.owl#Reaction_R-HSA-174119
7624	http://purl.obolibrary.org/obo/go.owl#Reaction_R-HSA-5665767
7625	http://purl.obolibrary.org/obo/go.owl#Reaction_R-HSA-8849748
7626	http://purl.obolibrary.org/obo/go.owl#Reaction_R-HSA-199043
7627	http://purl.obolibrary.org/obo/go.owl#Reaction_R-HSA-390595
7628	http://purl.obolibrary.org/obo/go.owl#Pathway_R-HSA-390522
7629	http://purl.obolibrary.org/obo/go.owl#Reaction_R-HSA-6810159
7630	http://purl.obolibrary.org/obo/go.owl#Reaction_R-HSA-5602383
7631	http://purl.obolibrary.org/obo/go.owl#Reaction_R-HSA-1299478
7632	http://purl.obolibrary.org/obo/go.owl#Reaction_R-HSA-198315
7633	http://purl.obolibrary.org/obo/go.owl#Reaction_R-HSA-158251
7634	http://purl.obolibrary.org/obo/go.owl#Reaction_R-HSA-9925095
7635	http://purl.obolibrary.org/obo/go.owl#Reaction_R-HSA-3215295
7636	http://purl.obolibrary.org/obo/go.owl#Reaction_R-HSA-9610154
7637	http://purl.obolibrary.org/obo/go.owl#Reaction_R-HSA-9833973
7638	http://purl.obolibrary.org/obo/go.owl#Reaction_R-HSA-1253319
7639	http://purl.obolibrary.org/obo/go.owl#Reaction_R-HSA-177926
7640	http://purl.obolibrary.org/obo/go.owl#Reaction_R-HSA-375302
7641	http://purl.obolibrary.org/obo/go.owl#Reaction_R-HSA-8856808
7642	http://purl.obolibrary.org/obo/go.owl#Reaction_R-HSA-5669250
7643	http://purl.obolibrary.org/obo/go.owl#Pathway_R-HSA-190861
7644	http://purl.obolibrary.org/obo/go.owl#Reaction_R-HSA-9865630
7645	http://purl.obolibrary.org/obo/go.owl#Reaction_R-HSA-2408544
7646	http://purl.obolibrary.org/obo/go.owl#Reaction_R-HSA-3229089
7647	http://purl.obolibrary.org/obo/go.owl#Reaction_R-HSA-9609917
7648	http://purl.obolibrary.org/obo/go.owl#Reaction_R-HSA-2731074
7649	http://purl.obolibrary.org/obo/go.owl#Reaction_R-HSA-9858589
7650	http://purl.obolibrary.org/obo/go.owl#Pathway_R-HSA-6785631
7651	http://purl.obolibrary.org/obo/go.owl#Reaction_R-HSA-9909657
7652	http://purl.obolibrary.org/obo/go.owl#Reaction_R-HSA-2243937
7653	http://purl.obolibrary.org/obo/go.owl#Reaction_R-HSA-4090284
7654	http://purl.obolibrary.org/obo/go.owl#Pathway_R-HSA-9603505
7655	http://purl.obolibrary.org/obo/go.owl#Reaction_R-HSA-114544
7656	http://purl.obolibrary.org/obo/go.owl#Reaction_R-HSA-77585
7657	http://purl.obolibrary.org/obo/go.owl#Reaction_R-HSA-9007926
7658	http://purl.obolibrary.org/obo/go.owl#Reaction_R-HSA-5357845
7659	http://purl.obolibrary.org/obo/go.owl#Pathway_R-HSA-2470946
7660	http://purl.obolibrary.org/obo/go.owl#Reaction_R-HSA-9926479
7661	http://purl.obolibrary.org/obo/go.owl#Reaction_R-HSA-1225919
7662	http://purl.obolibrary.org/obo/go.owl#Reaction_R-HSA-9732753
7663	http://purl.obolibrary.org/obo/go.owl#Reaction_R-HSA-9613023
7664	http://purl.obolibrary.org/obo/go.owl#Reaction_R-HSA-9708466
7665	http://purl.obolibrary.org/obo/go.owl#Reaction_R-HSA-3640874
7666	http://purl.obolibrary.org/obo/go.owl#Pathway_R-HSA-2151209
7667	http://purl.obolibrary.org/obo/go.owl#Reaction_R-HSA-975629
7668	http://purl.obolibrary.org/obo/go.owl#Reaction_R-HSA-75869
7669	http://purl.obolibrary.org/obo/go.owl#Pathway_R-HSA-193648
7670	http://purl.obolibrary.org/obo/go.owl#Reaction_R-HSA-5336422
7671	http://purl.obolibrary.org/obo/go.owl#Reaction_R-HSA-114684
7672	http://purl.obolibrary.org/obo/go.owl#Reaction_R-HSA-2424482
7673	http://purl.obolibrary.org/obo/go.owl#Reaction_R-HSA-9028519
7674	http://purl.obolibrary.org/obo/go.owl#Reaction_R-HSA-6795473
7675	http://purl.obolibrary.org/obo/go.owl#Reaction_R-HSA-183002
7676	http://purl.obolibrary.org/obo/go.owl#Reaction_R-HSA-1253325
7677	http://purl.obolibrary.org/obo/go.owl#Reaction_R-HSA-9844057
7678	http://purl.obolibrary.org/obo/go.owl#Pathway_R-HSA-4719377
7679	http://purl.obolibrary.org/obo/go.owl#Reaction_R-HSA-9615570
7680	http://purl.obolibrary.org/obo/go.owl#Reaction_R-HSA-141431
7681	http://purl.obolibrary.org/obo/go.owl#Reaction_R-HSA-9617064
7682	http://purl.obolibrary.org/obo/go.owl#Reaction_R-HSA-373747
7683	http://purl.obolibrary.org/obo/go.owl#Reaction_R-HSA-4411367
7684	http://purl.obolibrary.org/obo/go.owl#Reaction_R-HSA-1169398
7685	http://purl.obolibrary.org/obo/go.owl#Reaction_R-HSA-606326
7686	http://purl.obolibrary.org/obo/go.owl#Reaction_R-HSA-195280
7687	http://purl.obolibrary.org/obo/go.owl#Reaction_R-HSA-6782234
7688	http://purl.obolibrary.org/obo/go.owl#Reaction_R-HSA-9670619
7689	http://purl.obolibrary.org/obo/go.owl#Pathway_R-HSA-9670615
7690	http://purl.obolibrary.org/obo/go.owl#Reaction_R-HSA-349626
7691	http://purl.obolibrary.org/obo/go.owl#Reaction_R-HSA-1237119
7692	http://purl.obolibrary.org/obo/go.owl#Reaction_R-HSA-174392
7693	http://purl.obolibrary.org/obo/go.owl#Reaction_R-HSA-5660662
7694	http://purl.obolibrary.org/obo/go.owl#Reaction_R-HSA-164515
7695	http://purl.obolibrary.org/obo/go.owl#Pathway_R-HSA-170822
7696	http://purl.obolibrary.org/obo/go.owl#Reaction_R-HSA-9614367
7697	http://purl.obolibrary.org/obo/go.owl#Reaction_R-HSA-8981355
7698	http://purl.obolibrary.org/obo/go.owl#Reaction_R-HSA-8870499
7699	http://purl.obolibrary.org/obo/go.owl#Reaction_R-HSA-2730900
7700	http://purl.obolibrary.org/obo/go.owl#Reaction_R-HSA-5661126
7701	http://purl.obolibrary.org/obo/go.owl#Reaction_R-HSA-1889978
7702	http://purl.obolibrary.org/obo/go.owl#Reaction_R-HSA-5653770
7703	http://purl.obolibrary.org/obo/go.owl#Pathway_R-HSA-1250342
7704	http://purl.obolibrary.org/obo/go.owl#Reaction_R-HSA-210291
7705	http://purl.obolibrary.org/obo/go.owl#Reaction_R-HSA-5672973
7706	http://purl.obolibrary.org/obo/go.owl#Reaction_R-HSA-8942101
7707	http://purl.obolibrary.org/obo/go.owl#Pathway_R-HSA-8866654
7708	http://purl.obolibrary.org/obo/go.owl#Reaction_R-HSA-5686657
7709	http://purl.obolibrary.org/obo/go.owl#Reaction_R-HSA-9748999
7710	http://purl.obolibrary.org/obo/go.owl#Pathway_R-HSA-9748787
7711	http://purl.obolibrary.org/obo/go.owl#Reaction_R-HSA-8964513
7712	http://purl.obolibrary.org/obo/go.owl#Reaction_R-HSA-380574
7713	http://purl.obolibrary.org/obo/go.owl#Reaction_R-HSA-8851710
7714	http://purl.obolibrary.org/obo/go.owl#Reaction_R-HSA-2730837
7715	http://purl.obolibrary.org/obo/go.owl#Reaction_R-HSA-2400009
7716	http://purl.obolibrary.org/obo/go.owl#Reaction_R-HSA-2316352
7717	http://purl.obolibrary.org/obo/go.owl#Reaction_R-HSA-114275
7718	http://purl.obolibrary.org/obo/go.owl#Reaction_R-HSA-2730892
7719	http://purl.obolibrary.org/obo/go.owl#Reaction_R-HSA-157632
7720	http://purl.obolibrary.org/obo/go.owl#Reaction_R-HSA-3296462
7721	http://purl.obolibrary.org/obo/go.owl#Reaction_R-HSA-5632671
7722	http://purl.obolibrary.org/obo/go.owl#Reaction_R-HSA-2468039
7723	http://purl.obolibrary.org/obo/go.owl#Reaction_R-HSA-981497
7724	http://purl.obolibrary.org/obo/go.owl#Reaction_R-HSA-8987150
7725	http://purl.obolibrary.org/obo/go.owl#Reaction_R-HSA-9845033
7726	http://purl.obolibrary.org/obo/go.owl#Reaction_R-HSA-9625693
7727	http://purl.obolibrary.org/obo/go.owl#Reaction_R-HSA-199576
7728	http://purl.obolibrary.org/obo/go.owl#Pathway_R-HSA-9660826
7729	http://purl.obolibrary.org/obo/go.owl#Reaction_R-HSA-1028816
7730	http://purl.obolibrary.org/obo/go.owl#Reaction_R-HSA-5617454
7731	http://purl.obolibrary.org/obo/go.owl#Reaction_R-HSA-8987270
7732	http://purl.obolibrary.org/obo/go.owl#Reaction_R-HSA-1234166
7733	http://purl.obolibrary.org/obo/go.owl#Reaction_R-HSA-5627775
7734	http://purl.obolibrary.org/obo/go.owl#Reaction_R-HSA-1963581
7735	http://purl.obolibrary.org/obo/go.owl#Reaction_R-HSA-8865280
7736	http://purl.obolibrary.org/obo/go.owl#Reaction_R-HSA-9932440
7737	http://purl.obolibrary.org/obo/go.owl#Pathway_R-HSA-435368
7738	http://purl.obolibrary.org/obo/go.owl#Pathway_R-HSA-9930044
7739	http://purl.obolibrary.org/obo/go.owl#Reaction_R-HSA-1226094
7740	http://purl.obolibrary.org/obo/go.owl#Reaction_R-HSA-6802926
7741	http://purl.obolibrary.org/obo/go.owl#Reaction_R-HSA-8937864
7742	http://purl.obolibrary.org/obo/go.owl#Pathway_R-HSA-5336415
7743	http://purl.obolibrary.org/obo/go.owl#Reaction_R-HSA-6797606
7744	http://purl.obolibrary.org/obo/go.owl#Reaction_R-HSA-9698005
7745	http://purl.obolibrary.org/obo/go.owl#Reaction_R-HSA-2684901
7746	http://purl.obolibrary.org/obo/go.owl#Reaction_R-HSA-167191
7747	http://purl.obolibrary.org/obo/go.owl#Reaction_R-HSA-535717
7748	http://purl.obolibrary.org/obo/go.owl#Reaction_R-HSA-9660538
7749	http://purl.obolibrary.org/obo/go.owl#Reaction_R-HSA-5696605
7750	http://purl.obolibrary.org/obo/go.owl#Reaction_R-HSA-5687121
7751	http://purl.obolibrary.org/obo/go.owl#Reaction_R-HSA-9821368
7752	http://purl.obolibrary.org/obo/go.owl#Reaction_R-HSA-9636684
7753	http://purl.obolibrary.org/obo/go.owl#Reaction_R-HSA-6786096
7754	http://purl.obolibrary.org/obo/go.owl#Reaction_R-HSA-157629
7755	http://purl.obolibrary.org/obo/go.owl#Reaction_R-HSA-2321904
7756	http://purl.obolibrary.org/obo/go.owl#Reaction_R-HSA-936378
7757	http://purl.obolibrary.org/obo/go.owl#Reaction_R-HSA-6782106
7758	http://purl.obolibrary.org/obo/go.owl#Reaction_R-HSA-9025969
7759	http://purl.obolibrary.org/obo/go.owl#Reaction_R-HSA-4839746
7760	http://purl.obolibrary.org/obo/go.owl#Reaction_R-HSA-388809
7761	http://purl.obolibrary.org/obo/go.owl#Reaction_R-HSA-5626938
7762	http://purl.obolibrary.org/obo/go.owl#Reaction_R-HSA-9837034
7763	http://purl.obolibrary.org/obo/go.owl#Reaction_R-HSA-6790041
7764	http://purl.obolibrary.org/obo/go.owl#Reaction_R-HSA-9698021
7765	http://purl.obolibrary.org/obo/go.owl#Reaction_R-HSA-1535903
7766	http://purl.obolibrary.org/obo/go.owl#Pathway_R-HSA-111995
7767	http://purl.obolibrary.org/obo/go.owl#Reaction_R-HSA-74993
7768	http://purl.obolibrary.org/obo/go.owl#Reaction_R-HSA-6781797
7769	http://purl.obolibrary.org/obo/go.owl#Reaction_R-HSA-1299482
7770	http://purl.obolibrary.org/obo/go.owl#Reaction_R-HSA-186834
7771	http://purl.obolibrary.org/obo/go.owl#Reaction_R-HSA-445071
7772	http://purl.obolibrary.org/obo/go.owl#Reaction_R-HSA-199202
7773	http://purl.obolibrary.org/obo/go.owl#Reaction_R-HSA-2262775
7774	http://purl.obolibrary.org/obo/go.owl#Reaction_R-HSA-8981926
7775	http://purl.obolibrary.org/obo/go.owl#Reaction_R-HSA-549297
7776	http://purl.obolibrary.org/obo/go.owl#Reaction_R-HSA-6802916
7777	http://purl.obolibrary.org/obo/go.owl#Reaction_R-HSA-912429
7778	http://purl.obolibrary.org/obo/go.owl#Reaction_R-HSA-8937134
7779	http://purl.obolibrary.org/obo/go.owl#Reaction_R-HSA-5671970
7780	http://purl.obolibrary.org/obo/go.owl#Reaction_R-HSA-8941312
7781	http://purl.obolibrary.org/obo/go.owl#Reaction_R-HSA-4719354
7782	http://purl.obolibrary.org/obo/go.owl#Pathway_R-HSA-69478
7783	http://purl.obolibrary.org/obo/go.owl#Reaction_R-HSA-9615490
7784	http://purl.obolibrary.org/obo/go.owl#Reaction_R-HSA-9016526
7785	http://purl.obolibrary.org/obo/go.owl#Reaction_R-HSA-5686074
7786	http://purl.obolibrary.org/obo/go.owl#Reaction_R-HSA-9793382
7787	http://purl.obolibrary.org/obo/go.owl#Reaction_R-HSA-8876615
7788	http://purl.obolibrary.org/obo/go.owl#Reaction_R-HSA-9612445
7789	http://purl.obolibrary.org/obo/go.owl#Reaction_R-HSA-9609689
7790	http://purl.obolibrary.org/obo/go.owl#Reaction_R-HSA-421836
7791	http://purl.obolibrary.org/obo/go.owl#Reaction_R-HSA-5672011
7792	http://purl.obolibrary.org/obo/go.owl#Pathway_R-HSA-8963888
7793	http://purl.obolibrary.org/obo/go.owl#Reaction_R-HSA-5637796
7794	http://purl.obolibrary.org/obo/go.owl#Reaction_R-HSA-6790036
7795	http://purl.obolibrary.org/obo/go.owl#Reaction_R-HSA-156913
7796	http://purl.obolibrary.org/obo/go.owl#Reaction_R-HSA-9631065
7797	http://purl.obolibrary.org/obo/go.owl#Pathway_R-HSA-9615710
7798	http://purl.obolibrary.org/obo/go.owl#Reaction_R-HSA-9842651
7799	http://purl.obolibrary.org/obo/go.owl#Reaction_R-HSA-4724279
7800	http://purl.obolibrary.org/obo/go.owl#Reaction_R-HSA-8870332
7801	http://purl.obolibrary.org/obo/go.owl#Reaction_R-HSA-167115
7802	http://purl.obolibrary.org/obo/go.owl#Reaction_R-HSA-5687360
7803	http://purl.obolibrary.org/obo/go.owl#Pathway_R-HSA-9017802
7804	http://purl.obolibrary.org/obo/go.owl#Reaction_R-HSA-1168641
7805	http://purl.obolibrary.org/obo/go.owl#Reaction_R-HSA-9828200
7806	http://purl.obolibrary.org/obo/go.owl#Reaction_R-HSA-111804
7807	http://purl.obolibrary.org/obo/go.owl#Reaction_R-HSA-187949
7808	http://purl.obolibrary.org/obo/go.owl#Reaction_R-HSA-9748969
7809	http://purl.obolibrary.org/obo/go.owl#Reaction_R-HSA-4754181
7810	http://purl.obolibrary.org/obo/go.owl#Reaction_R-HSA-9824236
7811	http://purl.obolibrary.org/obo/go.owl#Reaction_R-HSA-350651
7812	http://purl.obolibrary.org/obo/go.owl#Reaction_R-HSA-9761844
7813	http://purl.obolibrary.org/obo/go.owl#Reaction_R-HSA-5654985
7814	http://purl.obolibrary.org/obo/go.owl#Reaction_R-HSA-352232
7815	http://purl.obolibrary.org/obo/go.owl#Reaction_R-HSA-5692550
7816	http://purl.obolibrary.org/obo/go.owl#Pathway_R-HSA-9022707
7817	http://purl.obolibrary.org/obo/go.owl#Reaction_R-HSA-186785
7818	http://purl.obolibrary.org/obo/go.owl#Pathway_R-HSA-9604323
7819	http://purl.obolibrary.org/obo/go.owl#Reaction_R-HSA-3769393
7820	http://purl.obolibrary.org/obo/go.owl#Reaction_R-HSA-450394
7821	http://purl.obolibrary.org/obo/go.owl#Reaction_R-HSA-9033527
7822	http://purl.obolibrary.org/obo/go.owl#Reaction_R-HSA-388831
7823	http://purl.obolibrary.org/obo/go.owl#Reaction_R-HSA-5334179
7824	http://purl.obolibrary.org/obo/go.owl#Pathway_R-HSA-9013419
7825	http://purl.obolibrary.org/obo/go.owl#Reaction_R-HSA-4754187
7826	http://purl.obolibrary.org/obo/go.owl#Reaction_R-HSA-72635
7827	http://purl.obolibrary.org/obo/go.owl#Reaction_R-HSA-264444
7828	http://purl.obolibrary.org/obo/go.owl#Reaction_R-HSA-5690213
7829	http://purl.obolibrary.org/obo/go.owl#Reaction_R-HSA-2327695
7830	http://purl.obolibrary.org/obo/go.owl#Reaction_R-HSA-8938356
7831	http://purl.obolibrary.org/obo/go.owl#Reaction_R-HSA-83660
7832	http://purl.obolibrary.org/obo/go.owl#Reaction_R-HSA-9835121
7833	http://purl.obolibrary.org/obo/go.owl#Reaction_R-HSA-5678315
7834	http://purl.obolibrary.org/obo/go.owl#Reaction_R-HSA-3215406
7835	http://purl.obolibrary.org/obo/go.owl#Reaction_R-HSA-6804099
7836	http://purl.obolibrary.org/obo/go.owl#Reaction_R-HSA-8983983
7837	http://purl.obolibrary.org/obo/go.owl#Pathway_R-HSA-174411
7838	http://purl.obolibrary.org/obo/go.owl#Reaction_R-HSA-6805650
7839	http://purl.obolibrary.org/obo/go.owl#Reaction_R-HSA-9006870
7840	http://purl.obolibrary.org/obo/go.owl#Reaction_R-HSA-5368279
7841	http://purl.obolibrary.org/obo/go.owl#Pathway_R-HSA-8939247
7842	http://purl.obolibrary.org/obo/go.owl#Reaction_R-HSA-3204318
7843	http://purl.obolibrary.org/obo/go.owl#Reaction_R-HSA-5682967
7844	http://purl.obolibrary.org/obo/go.owl#Reaction_R-HSA-399951
7845	http://purl.obolibrary.org/obo/go.owl#Pathway_R-HSA-381771
7846	http://purl.obolibrary.org/obo/go.owl#Reaction_R-HSA-5654677
7847	http://purl.obolibrary.org/obo/go.owl#Reaction_R-HSA-6810161
7848	http://purl.obolibrary.org/obo/go.owl#Reaction_R-HSA-113412
7849	http://purl.obolibrary.org/obo/go.owl#Reaction_R-HSA-9649393
7850	http://purl.obolibrary.org/obo/go.owl#Reaction_R-HSA-9610152
7851	http://purl.obolibrary.org/obo/go.owl#Reaction_R-HSA-9734713
7852	http://purl.obolibrary.org/obo/go.owl#Reaction_R-HSA-110363
7853	http://purl.obolibrary.org/obo/go.owl#Reaction_R-HSA-193641
7854	http://purl.obolibrary.org/obo/go.owl#Reaction_R-HSA-5683593
7855	http://purl.obolibrary.org/obo/go.owl#Reaction_R-HSA-1482887
7856	http://purl.obolibrary.org/obo/go.owl#Reaction_R-HSA-199206
7857	http://purl.obolibrary.org/obo/go.owl#Reaction_R-HSA-72231
7858	http://purl.obolibrary.org/obo/go.owl#Reaction_R-HSA-202233
7859	http://purl.obolibrary.org/obo/go.owl#Reaction_R-HSA-2422927
7860	http://purl.obolibrary.org/obo/go.owl#Reaction_R-HSA-8952631
7861	http://purl.obolibrary.org/obo/go.owl#Reaction_R-HSA-9768782
7862	http://purl.obolibrary.org/obo/go.owl#Reaction_R-HSA-210309
7863	http://purl.obolibrary.org/obo/go.owl#Reaction_R-HSA-2730842
7864	http://purl.obolibrary.org/obo/go.owl#Reaction_R-HSA-9632873
7865	http://purl.obolibrary.org/obo/GO_0044085_instance
7866	http://purl.obolibrary.org/obo/go.owl#Reaction_R-HSA-113402
7867	http://purl.obolibrary.org/obo/go.owl#Reaction_R-HSA-2681667
7868	http://purl.obolibrary.org/obo/go.owl#Pathway_R-HSA-9013106
7869	http://purl.obolibrary.org/obo/go.owl#Reaction_R-HSA-5672304
7870	http://purl.obolibrary.org/obo/go.owl#Reaction_R-HSA-9665405
7871	http://purl.obolibrary.org/obo/go.owl#Reaction_R-HSA-8940641
7872	http://purl.obolibrary.org/obo/go.owl#Reaction_R-HSA-8878220
7873	http://purl.obolibrary.org/obo/go.owl#Reaction_R-HSA-110308
7874	http://purl.obolibrary.org/obo/go.owl#Reaction_R-HSA-1980065
7875	http://purl.obolibrary.org/obo/go.owl#Protein_ZSWIM3
7876	http://purl.obolibrary.org/obo/go.owl#Reaction_R-HSA-8875318
7877	http://purl.obolibrary.org/obo/go.owl#Reaction_R-HSA-3149539
7878	http://purl.obolibrary.org/obo/go.owl#Reaction_R-HSA-4839734
7879	http://purl.obolibrary.org/obo/go.owl#Reaction_R-HSA-2046088
7880	http://purl.obolibrary.org/obo/go.owl#Reaction_R-HSA-8853515
7881	http://purl.obolibrary.org/obo/go.owl#Reaction_R-HSA-179467
7882	http://purl.obolibrary.org/obo/go.owl#Reaction_R-HSA-3928654
7883	http://purl.obolibrary.org/obo/go.owl#Reaction_R-HSA-1676020
7884	http://purl.obolibrary.org/obo/go.owl#Reaction_R-HSA-5628905
7885	http://purl.obolibrary.org/obo/go.owl#Reaction_R-HSA-418858
7886	http://purl.obolibrary.org/obo/go.owl#Reaction_R-HSA-379994
7887	http://purl.obolibrary.org/obo/go.owl#Reaction_R-HSA-5624494
7888	http://purl.obolibrary.org/obo/go.owl#Pathway_R-HSA-3065678
7889	http://purl.obolibrary.org/obo/go.owl#Reaction_R-HSA-9698029
7890	http://purl.obolibrary.org/obo/go.owl#Reaction_R-HSA-9626848
7891	http://purl.obolibrary.org/obo/go.owl#Reaction_R-HSA-5660753
7892	http://purl.obolibrary.org/obo/go.owl#Reaction_R-HSA-9018758
7893	http://purl.obolibrary.org/obo/go.owl#Reaction_R-HSA-9709317
7894	http://purl.obolibrary.org/obo/go.owl#Reaction_R-HSA-9844006
7895	http://purl.obolibrary.org/obo/go.owl#Reaction_R-HSA-8863858
7896	http://purl.obolibrary.org/obo/go.owl#Reaction_R-HSA-9033506
7897	http://purl.obolibrary.org/obo/go.owl#Reaction_R-HSA-6786072
7898	http://purl.obolibrary.org/obo/go.owl#Reaction_R-HSA-9759809
7899	http://purl.obolibrary.org/obo/go.owl#Reaction_R-HSA-751019
7900	http://purl.obolibrary.org/obo/go.owl#Reaction_R-HSA-9737780
7901	http://purl.obolibrary.org/obo/go.owl#Reaction_R-HSA-5251955
7902	http://purl.obolibrary.org/obo/go.owl#Reaction_R-HSA-5218916
7903	http://purl.obolibrary.org/obo/go.owl#Reaction_R-HSA-9706340
7904	http://purl.obolibrary.org/obo/go.owl#Reaction_R-HSA-9665315
7905	http://purl.obolibrary.org/obo/go.owl#Reaction_R-HSA-9665696
7906	http://purl.obolibrary.org/obo/go.owl#Reaction_R-HSA-9857703
7907	http://purl.obolibrary.org/obo/go.owl#Reaction_R-HSA-8985914
7908	http://purl.obolibrary.org/obo/go.owl#Reaction_R-HSA-916855
7909	http://purl.obolibrary.org/obo/go.owl#Reaction_R-HSA-9825751
7910	http://purl.obolibrary.org/obo/go.owl#Reaction_R-HSA-4085347
7911	http://purl.obolibrary.org/obo/go.owl#Pathway_R-HSA-164378
7912	http://purl.obolibrary.org/obo/go.owl#Reaction_R-HSA-3321975
7913	http://purl.obolibrary.org/obo/go.owl#Reaction_R-HSA-4793925
7914	http://purl.obolibrary.org/obo/go.owl#Reaction_R-HSA-3782535
7915	http://purl.obolibrary.org/obo/go.owl#Pathway_R-HSA-419037
7916	http://purl.obolibrary.org/obo/go.owl#Reaction_R-HSA-163688
7917	http://purl.obolibrary.org/obo/go.owl#Reaction_R-HSA-5218851
7918	http://purl.obolibrary.org/obo/go.owl#Reaction_R-HSA-112153
7919	http://purl.obolibrary.org/obo/go.owl#Reaction_R-HSA-1299480
7920	http://purl.obolibrary.org/obo/go.owl#Reaction_R-HSA-5674387
7921	http://purl.obolibrary.org/obo/go.owl#Reaction_R-HSA-9677050
7922	http://purl.obolibrary.org/obo/go.owl#Reaction_R-HSA-5223304
7923	http://purl.obolibrary.org/obo/go.owl#Reaction_R-HSA-9614423
7924	http://purl.obolibrary.org/obo/go.owl#Reaction_R-HSA-9670433
7925	http://purl.obolibrary.org/obo/go.owl#Reaction_R-HSA-5625796
7926	http://purl.obolibrary.org/obo/go.owl#Reaction_R-HSA-8866105
7927	http://purl.obolibrary.org/obo/go.owl#Reaction_R-HSA-382553
7928	http://purl.obolibrary.org/obo/go.owl#Reaction_R-HSA-1606682
7929	http://purl.obolibrary.org/obo/GO_0016071_instance
7930	http://purl.obolibrary.org/obo/go.owl#Reaction_R-HSA-5686685
7931	http://purl.obolibrary.org/obo/go.owl#Reaction_R-HSA-427336
7932	http://purl.obolibrary.org/obo/go.owl#Reaction_R-HSA-9613451
7933	http://purl.obolibrary.org/obo/go.owl#Reaction_R-HSA-9858308
7934	http://purl.obolibrary.org/obo/go.owl#Reaction_R-HSA-9759176
7935	http://purl.obolibrary.org/obo/go.owl#Reaction_R-HSA-2730848
7936	http://purl.obolibrary.org/obo/go.owl#Reaction_R-HSA-997311
7937	http://purl.obolibrary.org/obo/go.owl#Reaction_R-HSA-9934022
7938	http://purl.obolibrary.org/obo/go.owl#Reaction_R-HSA-9021919
7939	http://purl.obolibrary.org/obo/go.owl#Reaction_R-HSA-399934
7940	http://purl.obolibrary.org/obo/go.owl#Pathway_R-HSA-9732724
7941	http://purl.obolibrary.org/obo/go.owl#Reaction_R-HSA-9926476
7942	http://purl.obolibrary.org/obo/go.owl#Reaction_R-HSA-9821486
7943	http://purl.obolibrary.org/obo/go.owl#Reaction_R-HSA-6788385
7944	http://purl.obolibrary.org/obo/go.owl#Pathway_R-HSA-1482839
7945	http://purl.obolibrary.org/obo/go.owl#Reaction_R-HSA-918230
7946	http://purl.obolibrary.org/obo/go.owl#Reaction_R-HSA-983709
7947	http://purl.obolibrary.org/obo/go.owl#Reaction_R-HSA-8867876
7948	http://purl.obolibrary.org/obo/go.owl#Reaction_R-HSA-5626469
7949	http://purl.obolibrary.org/obo/go.owl#Reaction_R-HSA-9606622
7950	http://purl.obolibrary.org/obo/go.owl#Reaction_R-HSA-174447
7951	http://purl.obolibrary.org/obo/go.owl#Reaction_R-HSA-9733323
7952	http://purl.obolibrary.org/obo/go.owl#Reaction_R-HSA-482788
7953	http://purl.obolibrary.org/obo/go.owl#Reaction_R-HSA-5252041
7954	http://purl.obolibrary.org/obo/go.owl#Reaction_R-HSA-9688456
7955	http://purl.obolibrary.org/obo/go.owl#Reaction_R-HSA-4568846
7956	http://purl.obolibrary.org/obo/go.owl#Reaction_R-HSA-4755494
7957	http://purl.obolibrary.org/obo/go.owl#Reaction_R-HSA-212352
7958	http://purl.obolibrary.org/obo/go.owl#Reaction_R-HSA-5665868
7959	http://purl.obolibrary.org/obo/go.owl#Reaction_R-HSA-9603905
7960	http://purl.obolibrary.org/obo/go.owl#Reaction_R-HSA-430180
7961	http://purl.obolibrary.org/obo/go.owl#Reaction_R-HSA-8850326
7962	http://purl.obolibrary.org/obo/go.owl#Reaction_R-HSA-2002460
7963	http://purl.obolibrary.org/obo/go.owl#Reaction_R-HSA-113414
7964	http://purl.obolibrary.org/obo/go.owl#Reaction_R-HSA-5668932
7965	http://purl.obolibrary.org/obo/go.owl#Pathway_R-HSA-73614
7966	http://purl.obolibrary.org/obo/go.owl#Reaction_R-HSA-445699
7967	http://purl.obolibrary.org/obo/go.owl#Reaction_R-HSA-2046100
7968	http://purl.obolibrary.org/obo/go.owl#Reaction_R-HSA-68944
7969	http://purl.obolibrary.org/obo/go.owl#Pathway_R-HSA-8854214
7970	http://purl.obolibrary.org/obo/go.owl#Reaction_R-HSA-8848247
7971	http://purl.obolibrary.org/obo/go.owl#Reaction_R-HSA-5679255
7972	http://purl.obolibrary.org/obo/go.owl#Pathway_R-HSA-168271
7973	http://purl.obolibrary.org/obo/go.owl#Reaction_R-HSA-994148
7974	http://purl.obolibrary.org/obo/go.owl#Reaction_R-HSA-1250357
7975	http://purl.obolibrary.org/obo/go.owl#Reaction_R-HSA-73865
7976	http://purl.obolibrary.org/obo/go.owl#Reaction_R-HSA-9617996
7977	http://purl.obolibrary.org/obo/go.owl#Reaction_R-HSA-6785722
7978	http://purl.obolibrary.org/obo/go.owl#Reaction_R-HSA-3318563
7979	http://purl.obolibrary.org/obo/go.owl#Reaction_R-HSA-1855201
7980	http://purl.obolibrary.org/obo/go.owl#Reaction_R-HSA-9929352
7981	http://purl.obolibrary.org/obo/go.owl#Reaction_R-HSA-9830710
7982	http://purl.obolibrary.org/obo/go.owl#Reaction_R-HSA-9714481
7983	http://purl.obolibrary.org/obo/go.owl#Reaction_R-HSA-6794352
7984	http://purl.obolibrary.org/obo/go.owl#Reaction_R-NUL-4549261
7985	http://purl.obolibrary.org/obo/go.owl#Reaction_R-HSA-9659380
7986	http://purl.obolibrary.org/obo/go.owl#Pathway_R-HSA-9603381
7987	http://purl.obolibrary.org/obo/GO_0006139_instance
7988	http://purl.obolibrary.org/obo/go.owl#Reaction_R-HSA-9749197
7989	http://purl.obolibrary.org/obo/go.owl#Pathway_R-HSA-156581
7990	http://purl.obolibrary.org/obo/go.owl#Reaction_R-HSA-9670436
7991	http://purl.obolibrary.org/obo/go.owl#Reaction_R-HSA-8865237
7992	http://purl.obolibrary.org/obo/go.owl#Reaction_R-HSA-2730876
7993	http://purl.obolibrary.org/obo/go.owl#Reaction_R-HSA-5672950
7994	http://purl.obolibrary.org/obo/go.owl#Reaction_R-HSA-994169
7995	http://purl.obolibrary.org/obo/go.owl#Reaction_R-HSA-8877941
7996	http://purl.obolibrary.org/obo/go.owl#Reaction_R-HSA-6802908
7997	http://purl.obolibrary.org/obo/go.owl#Reaction_R-HSA-9822311
7998	http://purl.obolibrary.org/obo/go.owl#Reaction_R-HSA-4411365
7999	http://purl.obolibrary.org/obo/go.owl#Reaction_R-HSA-9822335
8000	http://purl.obolibrary.org/obo/go.owl#Reaction_R-HSA-183094
8001	http://purl.obolibrary.org/obo/go.owl#Reaction_R-HSA-9614562
8002	http://purl.obolibrary.org/obo/go.owl#Reaction_R-HSA-110368
8003	http://purl.obolibrary.org/obo/go.owl#Reaction_R-HSA-5228840
8004	http://purl.obolibrary.org/obo/go.owl#Reaction_R-HSA-9665286
8005	http://purl.obolibrary.org/obo/go.owl#Reaction_R-HSA-9692800
8006	http://purl.obolibrary.org/obo/go.owl#Pathway_R-HSA-5358749
8007	http://purl.obolibrary.org/obo/go.owl#Reaction_R-HSA-449911
8008	http://purl.obolibrary.org/obo/go.owl#Reaction_R-HSA-9664888
8009	http://purl.obolibrary.org/obo/go.owl#Reaction_R-HSA-5685985
8010	http://purl.obolibrary.org/obo/go.owl#Reaction_R-HSA-1638845
8011	http://purl.obolibrary.org/obo/go.owl#Reaction_R-HSA-6791218
8012	http://purl.obolibrary.org/obo/go.owl#Reaction_R-HSA-9824653
8013	http://purl.obolibrary.org/obo/go.owl#Reaction_R-HSA-5682010
8014	http://purl.obolibrary.org/obo/go.owl#Reaction_R-HSA-4224014
8015	http://purl.obolibrary.org/obo/go.owl#Reaction_R-HSA-111437
8016	http://purl.obolibrary.org/obo/go.owl#Reaction_R-HSA-9838081
8017	http://purl.obolibrary.org/obo/go.owl#Reaction_R-HSA-1474158
8018	http://purl.obolibrary.org/obo/go.owl#Reaction_R-HSA-399931
8019	http://purl.obolibrary.org/obo/go.owl#Reaction_R-HSA-8987255
8020	http://purl.obolibrary.org/obo/go.owl#Reaction_R-HSA-5654594
8021	http://purl.obolibrary.org/obo/go.owl#Reaction_R-HSA-9698016
8022	http://purl.obolibrary.org/obo/go.owl#Pathway_R-HSA-9764562
8023	http://purl.obolibrary.org/obo/go.owl#Reaction_R-HSA-202710
8024	http://purl.obolibrary.org/obo/go.owl#Reaction_R-HSA-109671
8025	http://purl.obolibrary.org/obo/go.owl#Reaction_R-HSA-1433418
8026	http://purl.obolibrary.org/obo/go.owl#Reaction_R-HSA-9912655
8027	http://purl.obolibrary.org/obo/go.owl#Reaction_R-HSA-216040
8028	http://purl.obolibrary.org/obo/go.owl#Reaction_R-HSA-110319
8029	http://purl.obolibrary.org/obo/go.owl#Reaction_R-HSA-113449
8030	http://purl.obolibrary.org/obo/go.owl#Reaction_R-HSA-5324617
8031	http://purl.obolibrary.org/obo/go.owl#Reaction_R-HSA-8952625
8032	http://purl.obolibrary.org/obo/go.owl#Reaction_R-HSA-216068
8033	http://purl.obolibrary.org/obo/go.owl#Reaction_R-HSA-5653756
8034	http://purl.obolibrary.org/obo/go.owl#Protein_C6orf62
8035	http://purl.obolibrary.org/obo/go.owl#Reaction_R-HSA-2671862
8036	http://purl.obolibrary.org/obo/go.owl#Reaction_R-HSA-9634433
8037	http://purl.obolibrary.org/obo/go.owl#Reaction_R-HSA-9629497
8038	http://purl.obolibrary.org/obo/go.owl#Reaction_R-HSA-3215385
8039	http://purl.obolibrary.org/obo/go.owl#Reaction_R-HSA-77594
8040	http://purl.obolibrary.org/obo/go.owl#Reaction_R-HSA-9824472
8041	http://purl.obolibrary.org/obo/go.owl#Reaction_R-HSA-5625421
8042	http://purl.obolibrary.org/obo/GO_0099513_instance
8043	http://purl.obolibrary.org/obo/go.owl#Reaction_R-HSA-5693599
8044	http://purl.obolibrary.org/obo/go.owl#Reaction_R-HSA-450827
8045	http://purl.obolibrary.org/obo/go.owl#Reaction_R-HSA-5339713
8046	http://purl.obolibrary.org/obo/go.owl#Reaction_R-HSA-9614811
8047	http://purl.obolibrary.org/obo/go.owl#Reaction_R-HSA-9033491
8048	http://purl.obolibrary.org/obo/go.owl#Reaction_R-HSA-380979
8049	http://purl.obolibrary.org/obo/go.owl#Reaction_R-HSA-2168889
8050	http://purl.obolibrary.org/obo/go.owl#Reaction_R-HSA-909722
8051	http://purl.obolibrary.org/obo/go.owl#Reaction_R-HSA-211715
8052	http://purl.obolibrary.org/obo/go.owl#Reaction_R-HSA-9934887
8053	http://purl.obolibrary.org/obo/go.owl#Reaction_R-HSA-2396337
8054	http://purl.obolibrary.org/obo/go.owl#Reaction_R-HSA-264865
8055	http://purl.obolibrary.org/obo/GO_0010970_instance
8056	http://purl.obolibrary.org/obo/go.owl#Reaction_R-HSA-1236964
8057	http://purl.obolibrary.org/obo/go.owl#Pathway_R-HSA-1236977
8058	http://purl.obolibrary.org/obo/go.owl#Reaction_R-HSA-416639
8059	http://purl.obolibrary.org/obo/go.owl#Reaction_R-HSA-111912
8060	http://purl.obolibrary.org/obo/go.owl#Reaction_R-HSA-9920716
8061	http://purl.obolibrary.org/obo/go.owl#Reaction_R-HSA-9028505
8062	http://purl.obolibrary.org/obo/go.owl#Reaction_R-HSA-9612534
8063	http://purl.obolibrary.org/obo/go.owl#Reaction_R-HSA-1855203
8064	http://purl.obolibrary.org/obo/go.owl#Reaction_R-HSA-9640168
8065	http://purl.obolibrary.org/obo/go.owl#Pathway_R-HSA-77288
8066	http://purl.obolibrary.org/obo/go.owl#Reaction_R-HSA-2162227
8067	http://purl.obolibrary.org/obo/go.owl#Reaction_R-HSA-2176503
8068	http://purl.obolibrary.org/obo/go.owl#Reaction_R-HSA-9665409
8069	http://purl.obolibrary.org/obo/go.owl#Reaction_R-HSA-5654582
8070	http://purl.obolibrary.org/obo/go.owl#Reaction_R-HSA-2730886
8071	http://purl.obolibrary.org/obo/go.owl#Reaction_R-HSA-5212679
8072	http://purl.obolibrary.org/obo/go.owl#Reaction_R-HSA-216061
8073	http://purl.obolibrary.org/obo/go.owl#Reaction_R-HSA-8878143
8074	http://purl.obolibrary.org/obo/go.owl#Reaction_R-HSA-8938938
8075	http://purl.obolibrary.org/obo/go.owl#Reaction_R-HSA-392870
8076	http://purl.obolibrary.org/obo/go.owl#Reaction_R-HSA-399930
8077	http://purl.obolibrary.org/obo/go.owl#Reaction_R-HSA-9828205
8078	http://purl.obolibrary.org/obo/go.owl#Reaction_R-HSA-8986294
8079	http://purl.obolibrary.org/obo/go.owl#Pathway_R-HSA-163125
8080	http://purl.obolibrary.org/obo/go.owl#Reaction_R-HSA-9934294
8081	http://purl.obolibrary.org/obo/go.owl#Reaction_R-HSA-6807496
8082	http://purl.obolibrary.org/obo/go.owl#Reaction_R-HSA-8948621
8083	http://purl.obolibrary.org/obo/go.owl#Reaction_R-HSA-398040
8084	http://purl.obolibrary.org/obo/go.owl#Reaction_R-HSA-9833820
8085	http://purl.obolibrary.org/obo/go.owl#Reaction_R-HSA-350567
8086	http://purl.obolibrary.org/obo/go.owl#Reaction_R-HSA-73722
8087	http://purl.obolibrary.org/obo/go.owl#Reaction_R-HSA-9664346
8088	http://purl.obolibrary.org/obo/go.owl#Pathway_R-HSA-9609523
8089	http://purl.obolibrary.org/obo/go.owl#Reaction_R-HSA-933536
8090	http://purl.obolibrary.org/obo/go.owl#Reaction_R-HSA-5617896
8091	http://purl.obolibrary.org/obo/go.owl#Reaction_R-HSA-9021847
8092	http://purl.obolibrary.org/obo/go.owl#Reaction_R-HSA-5654423
8093	http://purl.obolibrary.org/obo/go.owl#Pathway_R-HSA-162699
8094	http://purl.obolibrary.org/obo/go.owl#Reaction_R-HSA-114542
8095	http://purl.obolibrary.org/obo/go.owl#Reaction_R-HSA-9607301
8096	http://purl.obolibrary.org/obo/go.owl#Reaction_R-HSA-9860168
8097	http://purl.obolibrary.org/obo/go.owl#Reaction_R-HSA-9013963
8098	http://purl.obolibrary.org/obo/go.owl#Reaction_R-HSA-2029270
8099	http://purl.obolibrary.org/obo/go.owl#Reaction_R-HSA-1592240
8100	http://purl.obolibrary.org/obo/go.owl#Reaction_R-HSA-389980
8101	http://purl.obolibrary.org/obo/go.owl#Reaction_R-HSA-3222593
8102	http://purl.obolibrary.org/obo/go.owl#Reaction_R-HSA-9725117
8103	http://purl.obolibrary.org/obo/go.owl#Reaction_R-HSA-70899
8104	http://purl.obolibrary.org/obo/go.owl#Reaction_R-HSA-9934026
8105	http://purl.obolibrary.org/obo/go.owl#Pathway_R-HSA-1483166
8106	http://purl.obolibrary.org/obo/go.owl#Reaction_R-HSA-1632857
8107	http://purl.obolibrary.org/obo/go.owl#Reaction_R-HSA-2993780
8108	http://purl.obolibrary.org/obo/go.owl#Reaction_R-HSA-8939204
8109	http://purl.obolibrary.org/obo/go.owl#Reaction_R-HSA-3247836
8110	http://purl.obolibrary.org/obo/go.owl#Reaction_R-HSA-9843118
8111	http://purl.obolibrary.org/obo/go.owl#Reaction_R-HSA-6809680
8112	http://purl.obolibrary.org/obo/go.owl#Reaction_R-HSA-199579
8113	http://purl.obolibrary.org/obo/go.owl#Reaction_R-HSA-5655289
8114	http://purl.obolibrary.org/obo/go.owl#Reaction_R-HSA-9762097
8115	http://purl.obolibrary.org/obo/go.owl#Pathway_R-HSA-110330
8116	http://purl.obolibrary.org/obo/go.owl#Reaction_R-HSA-9937535
8117	http://purl.obolibrary.org/obo/go.owl#Reaction_R-HSA-5358579
8118	http://purl.obolibrary.org/obo/go.owl#Reaction_R-HSA-9937518
8119	http://purl.obolibrary.org/obo/go.owl#Reaction_R-HSA-1676133
8120	http://purl.obolibrary.org/obo/go.owl#Pathway_R-HSA-2032785
8121	http://purl.obolibrary.org/obo/go.owl#Pathway_R-HSA-3065676
8122	http://purl.obolibrary.org/obo/go.owl#Reaction_R-HSA-9674542
8123	http://purl.obolibrary.org/obo/go.owl#Reaction_R-HSA-1964482
8124	http://purl.obolibrary.org/obo/go.owl#Reaction_R-HSA-5694018
8125	http://purl.obolibrary.org/obo/go.owl#Reaction_R-HSA-5617676
8126	http://purl.obolibrary.org/obo/go.owl#Reaction_R-HSA-5654663
8127	http://purl.obolibrary.org/obo/go.owl#Reaction_R-HSA-9634391
8128	http://purl.obolibrary.org/obo/go.owl#Reaction_R-HSA-2046087
8129	http://purl.obolibrary.org/obo/go.owl#Reaction_R-HSA-9931292
8130	http://purl.obolibrary.org/obo/go.owl#Reaction_R-HSA-5213462
8131	http://purl.obolibrary.org/obo/go.owl#Reaction_R-HSA-1791130
8132	http://purl.obolibrary.org/obo/go.owl#Reaction_R-HSA-2586553
8133	http://purl.obolibrary.org/obo/go.owl#Reaction_R-HSA-73598
8134	http://purl.obolibrary.org/obo/go.owl#Reaction_R-HSA-9027274
8135	http://purl.obolibrary.org/obo/go.owl#Reaction_R-HSA-186819
8136	http://purl.obolibrary.org/obo/go.owl#Reaction_R-HSA-9646383
8137	http://purl.obolibrary.org/obo/go.owl#Reaction_R-HSA-3322427
8138	http://purl.obolibrary.org/obo/go.owl#Reaction_R-HSA-5682863
8139	http://purl.obolibrary.org/obo/go.owl#Reaction_R-HSA-9817362
8140	http://purl.obolibrary.org/obo/go.owl#Reaction_R-HSA-139897
8141	http://purl.obolibrary.org/obo/go.owl#Reaction_R-HSA-350058
8142	http://purl.obolibrary.org/obo/go.owl#Reaction_R-HSA-5652005
8143	http://purl.obolibrary.org/obo/go.owl#Reaction_R-HSA-9676254
8144	http://purl.obolibrary.org/obo/go.owl#Reaction_R-HSA-8949178
8145	http://purl.obolibrary.org/obo/go.owl#Reaction_R-HSA-6791291
8146	http://purl.obolibrary.org/obo/go.owl#Reaction_R-HSA-914022
8147	http://purl.obolibrary.org/obo/go.owl#Reaction_R-HSA-382056
8148	http://purl.obolibrary.org/obo/go.owl#Reaction_R-HSA-8939870
8149	http://purl.obolibrary.org/obo/go.owl#Reaction_R-HSA-9759209
8150	http://purl.obolibrary.org/obo/go.owl#Reaction_R-HSA-191737
8151	http://purl.obolibrary.org/obo/go.owl#Reaction_R-HSA-6811412
8152	http://purl.obolibrary.org/obo/go.owl#Reaction_R-HSA-427910
8153	http://purl.obolibrary.org/obo/go.owl#Reaction_R-HSA-5676593
8154	http://purl.obolibrary.org/obo/go.owl#Pathway_R-HSA-9927354
8155	http://purl.obolibrary.org/obo/go.owl#Reaction_R-HSA-8949580
8156	http://purl.obolibrary.org/obo/go.owl#Pathway_R-HSA-8949613
8157	http://purl.obolibrary.org/obo/go.owl#Reaction_R-HSA-5635855
8158	http://purl.obolibrary.org/obo/go.owl#Reaction_R-HSA-6784729
8159	http://purl.obolibrary.org/obo/go.owl#Reaction_R-HSA-8874198
8160	http://purl.obolibrary.org/obo/go.owl#Reaction_R-HSA-418158
8161	http://purl.obolibrary.org/obo/go.owl#Reaction_R-HSA-8953339
8162	http://purl.obolibrary.org/obo/go.owl#Reaction_R-HSA-1592241
8163	http://purl.obolibrary.org/obo/go.owl#Reaction_R-HSA-70481
8164	http://purl.obolibrary.org/obo/go.owl#Pathway_R-HSA-211945
8165	http://purl.obolibrary.org/obo/go.owl#Reaction_R-HSA-5689861
8166	http://purl.obolibrary.org/obo/go.owl#Reaction_R-HSA-445704
8167	http://purl.obolibrary.org/obo/go.owl#Reaction_R-HSA-9729318
8168	http://purl.obolibrary.org/obo/go.owl#Reaction_R-HSA-3209160
8169	http://purl.obolibrary.org/obo/go.owl#Reaction_R-HSA-9029517
8170	http://purl.obolibrary.org/obo/go.owl#Reaction_R-HSA-9839376
8171	http://purl.obolibrary.org/obo/go.owl#Pathway_R-HSA-9839383
8172	http://purl.obolibrary.org/obo/GO_0032535_instance
8173	http://purl.obolibrary.org/obo/go.owl#Reaction_R-HSA-1011600
8174	http://purl.obolibrary.org/obo/go.owl#Reaction_R-HSA-9686336
8175	http://purl.obolibrary.org/obo/go.owl#Pathway_R-HSA-5683826
8176	http://purl.obolibrary.org/obo/go.owl#Reaction_R-HSA-392187
8177	http://purl.obolibrary.org/obo/go.owl#Reaction_R-HSA-9924968
8178	http://purl.obolibrary.org/obo/go.owl#Reaction_R-HSA-114563
8179	http://purl.obolibrary.org/obo/go.owl#Reaction_R-HSA-9912636
8180	http://purl.obolibrary.org/obo/go.owl#Reaction_R-HSA-2213195
8181	http://purl.obolibrary.org/obo/GO_0009059_instance
8182	http://purl.obolibrary.org/obo/go.owl#Reaction_R-HSA-5638332
8183	http://purl.obolibrary.org/obo/go.owl#Reaction_R-HSA-9690395
8184	http://purl.obolibrary.org/obo/go.owl#Reaction_R-HSA-5666049
8185	http://purl.obolibrary.org/obo/go.owl#Reaction_R-HSA-5357776
8186	http://purl.obolibrary.org/obo/go.owl#Reaction_R-HSA-9710490
8187	http://purl.obolibrary.org/obo/go.owl#Reaction_R-HSA-482619
8188	http://purl.obolibrary.org/obo/go.owl#Reaction_R-HSA-1676124
8189	http://purl.obolibrary.org/obo/go.owl#Reaction_R-HSA-9700175
8190	http://purl.obolibrary.org/obo/go.owl#Reaction_R-NUL-2545201
8191	http://purl.obolibrary.org/obo/go.owl#Reaction_R-HSA-1855154
8192	http://purl.obolibrary.org/obo/go.owl#Reaction_R-HSA-352268
8193	http://purl.obolibrary.org/obo/go.owl#Reaction_R-HSA-983158
8194	http://purl.obolibrary.org/obo/go.owl#Reaction_R-HSA-2316347
8195	http://purl.obolibrary.org/obo/go.owl#Reaction_R-HSA-9010113
8196	http://purl.obolibrary.org/obo/go.owl#Pathway_R-HSA-9931530
8197	http://purl.obolibrary.org/obo/go.owl#Reaction_R-HSA-9033530
8198	http://purl.obolibrary.org/obo/go.owl#Pathway_R-HSA-9673770
8199	http://purl.obolibrary.org/obo/go.owl#Reaction_R-HSA-354077
8200	http://purl.obolibrary.org/obo/go.owl#Reaction_R-HSA-5358336
8201	http://purl.obolibrary.org/obo/go.owl#Reaction_R-HSA-75095
8202	http://purl.obolibrary.org/obo/go.owl#Reaction_R-HSA-912389
8203	http://purl.obolibrary.org/obo/go.owl#Reaction_R-HSA-909724
8204	http://purl.obolibrary.org/obo/go.owl#Reaction_R-HSA-111264
8205	http://purl.obolibrary.org/obo/go.owl#Reaction_R-HSA-9823992
8206	http://purl.obolibrary.org/obo/go.owl#Reaction_R-HSA-8944454
8207	http://purl.obolibrary.org/obo/go.owl#Reaction_R-HSA-1912396
8208	http://purl.obolibrary.org/obo/go.owl#Reaction_R-HSA-5668605
8209	http://purl.obolibrary.org/obo/go.owl#Reaction_R-HSA-174786
8210	http://purl.obolibrary.org/obo/go.owl#Reaction_R-HSA-5693604
8211	http://purl.obolibrary.org/obo/go.owl#Reaction_R-HSA-9937512
8212	http://purl.obolibrary.org/obo/go.owl#Reaction_R-HSA-5173005
8213	http://purl.obolibrary.org/obo/go.owl#Reaction_R-HSA-3296126
8214	http://purl.obolibrary.org/obo/go.owl#Reaction_R-HSA-203680
8215	http://purl.obolibrary.org/obo/go.owl#Pathway_R-HSA-203754
8216	http://purl.obolibrary.org/obo/go.owl#Reaction_R-HSA-5654562
8217	http://purl.obolibrary.org/obo/go.owl#Reaction_R-HSA-9654521
8218	http://purl.obolibrary.org/obo/go.owl#Reaction_R-HSA-5683588
8219	http://purl.obolibrary.org/obo/go.owl#Reaction_R-HSA-9859196
8220	http://purl.obolibrary.org/obo/go.owl#Reaction_R-HSA-5654560
8221	http://purl.obolibrary.org/obo/go.owl#Reaction_R-HSA-174444
8222	http://purl.obolibrary.org/obo/go.owl#Reaction_R-HSA-9861300
8223	http://purl.obolibrary.org/obo/go.owl#Reaction_R-HSA-77085
8224	http://purl.obolibrary.org/obo/go.owl#Reaction_R-HSA-9013889
8225	http://purl.obolibrary.org/obo/go.owl#Reaction_R-HSA-388830
8226	http://purl.obolibrary.org/obo/go.owl#Reaction_R-HSA-9796368
8227	http://purl.obolibrary.org/obo/go.owl#Reaction_R-HSA-1810457
8228	http://purl.obolibrary.org/obo/go.owl#Reaction_R-HSA-8877612
8229	http://purl.obolibrary.org/obo/go.owl#Reaction_R-HSA-8878178
8230	http://purl.obolibrary.org/obo/go.owl#Reaction_R-HSA-8981353
8231	http://purl.obolibrary.org/obo/go.owl#Reaction_R-HSA-9683648
8232	http://purl.obolibrary.org/obo/go.owl#Reaction_R-HSA-9754480
8233	http://purl.obolibrary.org/obo/go.owl#Reaction_R-HSA-216045
8234	http://purl.obolibrary.org/obo/go.owl#Reaction_R-HSA-9705145
8235	http://purl.obolibrary.org/obo/go.owl#Reaction_R-HSA-9617848
8236	http://purl.obolibrary.org/obo/go.owl#Reaction_R-HSA-5655263
8237	http://purl.obolibrary.org/obo/go.owl#Reaction_R-HSA-6789072
8238	http://purl.obolibrary.org/obo/go.owl#Pathway_R-HSA-200425
8239	http://purl.obolibrary.org/obo/go.owl#Reaction_R-HSA-450690
8240	http://purl.obolibrary.org/obo/go.owl#Reaction_R-NUL-2065278
8241	http://purl.obolibrary.org/obo/go.owl#Reaction_R-HSA-8983003
8242	http://purl.obolibrary.org/obo/go.owl#Reaction_R-HSA-9021451
8243	http://purl.obolibrary.org/obo/go.owl#Reaction_R-HSA-912470
8244	http://purl.obolibrary.org/obo/go.owl#Reaction_R-HSA-9710959
8245	http://purl.obolibrary.org/obo/go.owl#Reaction_R-HSA-2272753
8246	http://purl.obolibrary.org/obo/go.owl#Reaction_R-HSA-5687088
8247	http://purl.obolibrary.org/obo/go.owl#Reaction_R-HSA-9710295
8248	http://purl.obolibrary.org/obo/go.owl#Reaction_R-HSA-71670
8249	http://purl.obolibrary.org/obo/go.owl#Reaction_R-HSA-8852362
8250	http://purl.obolibrary.org/obo/go.owl#Reaction_R-HSA-9933236
8251	http://purl.obolibrary.org/obo/go.owl#Reaction_R-HSA-9010074
8252	http://purl.obolibrary.org/obo/go.owl#Reaction_R-HSA-374673
8253	http://purl.obolibrary.org/obo/go.owl#Reaction_R-HSA-9666435
8254	http://purl.obolibrary.org/obo/go.owl#Reaction_R-HSA-9632412
8255	http://purl.obolibrary.org/obo/go.owl#Reaction_R-HSA-983150
8256	http://purl.obolibrary.org/obo/go.owl#Reaction_R-HSA-2029467
8257	http://purl.obolibrary.org/obo/go.owl#Reaction_R-HSA-1250486
8258	http://purl.obolibrary.org/obo/go.owl#Reaction_R-NUL-1675982
8259	http://purl.obolibrary.org/obo/go.owl#Reaction_R-HSA-195283
8260	http://purl.obolibrary.org/obo/go.owl#Reaction_R-HSA-177933
8261	http://purl.obolibrary.org/obo/go.owl#Reaction_R-HSA-3700984
8262	http://purl.obolibrary.org/obo/go.owl#Reaction_R-HSA-9021627
8263	http://purl.obolibrary.org/obo/go.owl#Reaction_R-HSA-8865693
8264	http://purl.obolibrary.org/obo/go.owl#Reaction_R-HSA-8864029
8265	http://purl.obolibrary.org/obo/go.owl#Reaction_R-HSA-9027275
8266	http://purl.obolibrary.org/obo/go.owl#Reaction_R-HSA-5668534
8267	http://purl.obolibrary.org/obo/go.owl#Reaction_R-HSA-112429
8268	http://purl.obolibrary.org/obo/go.owl#Reaction_R-HSA-5694487
8269	http://purl.obolibrary.org/obo/go.owl#Reaction_R-HSA-196017
8270	http://purl.obolibrary.org/obo/go.owl#Reaction_R-HSA-8985594
8271	http://purl.obolibrary.org/obo/go.owl#Reaction_R-HSA-3361751
8272	http://purl.obolibrary.org/obo/go.owl#Reaction_R-HSA-9861486
8273	http://purl.obolibrary.org/obo/go.owl#Reaction_R-HSA-3465545
8274	http://purl.obolibrary.org/obo/go.owl#Reaction_R-HSA-3857329
8275	http://purl.obolibrary.org/obo/go.owl#Reaction_R-HSA-5607725
8276	http://purl.obolibrary.org/obo/go.owl#Reaction_R-HSA-1675949
8277	http://purl.obolibrary.org/obo/go.owl#Reaction_R-HSA-450971
8278	http://purl.obolibrary.org/obo/go.owl#Reaction_R-HSA-443910
8279	http://purl.obolibrary.org/obo/go.owl#Reaction_R-HSA-1227964
8280	http://purl.obolibrary.org/obo/go.owl#Reaction_R-HSA-9029155
8281	http://purl.obolibrary.org/obo/go.owl#Reaction_R-HSA-450984
8282	http://purl.obolibrary.org/obo/go.owl#Reaction_R-HSA-418176
8283	http://purl.obolibrary.org/obo/go.owl#Reaction_R-HSA-8867047
8284	http://purl.obolibrary.org/obo/go.owl#Reaction_R-HSA-191825
8285	http://purl.obolibrary.org/obo/go.owl#Reaction_R-HSA-2424485
8286	http://purl.obolibrary.org/obo/go.owl#Reaction_R-HSA-1236954
8287	http://purl.obolibrary.org/obo/go.owl#Reaction_R-HSA-75856
8288	http://purl.obolibrary.org/obo/go.owl#Reaction_R-HSA-1676114
8289	http://purl.obolibrary.org/obo/go.owl#Reaction_R-HSA-9926522
8290	http://purl.obolibrary.org/obo/go.owl#Reaction_R-NUL-9620024
8291	http://purl.obolibrary.org/obo/go.owl#Reaction_R-HSA-1299476
8292	http://purl.obolibrary.org/obo/go.owl#Reaction_R-HSA-5617877
8293	http://purl.obolibrary.org/obo/go.owl#Reaction_R-HSA-8876255
8294	http://purl.obolibrary.org/obo/go.owl#Reaction_R-HSA-9824266
8295	http://purl.obolibrary.org/obo/go.owl#Reaction_R-HSA-1454757
8296	http://purl.obolibrary.org/obo/go.owl#Reaction_R-HSA-193705
8297	http://purl.obolibrary.org/obo/go.owl#Reaction_R-HSA-174255
8298	http://purl.obolibrary.org/obo/go.owl#Reaction_R-HSA-140978
8299	http://purl.obolibrary.org/obo/go.owl#Reaction_R-HSA-5262921
8300	http://purl.obolibrary.org/obo/go.owl#Reaction_R-HSA-177943
8301	http://purl.obolibrary.org/obo/go.owl#Reaction_R-HSA-9607304
8302	http://purl.obolibrary.org/obo/go.owl#Reaction_R-HSA-212252
8303	http://purl.obolibrary.org/obo/go.owl#Reaction_R-HSA-9906042
8304	http://purl.obolibrary.org/obo/GO_0098657_instance
8305	http://purl.obolibrary.org/obo/go.owl#Reaction_R-HSA-9949676
8306	http://purl.obolibrary.org/obo/go.owl#Reaction_R-HSA-912467
8307	http://purl.obolibrary.org/obo/go.owl#Reaction_R-HSA-9759154
8308	http://purl.obolibrary.org/obo/go.owl#Reaction_R-HSA-168910
8309	http://purl.obolibrary.org/obo/go.owl#Reaction_R-HSA-9670114
8310	http://purl.obolibrary.org/obo/go.owl#Reaction_R-HSA-377643
8311	http://purl.obolibrary.org/obo/go.owl#Reaction_R-HSA-6781833
8312	http://purl.obolibrary.org/obo/go.owl#Reaction_R-HSA-9707051
8313	http://purl.obolibrary.org/obo/go.owl#Reaction_R-HSA-5617471
8314	http://purl.obolibrary.org/obo/go.owl#Reaction_R-HSA-201425
8315	http://purl.obolibrary.org/obo/go.owl#Reaction_R-HSA-8851877
8316	http://purl.obolibrary.org/obo/go.owl#Reaction_R-HSA-212222
8317	http://purl.obolibrary.org/obo/go.owl#Reaction_R-HSA-8856945
8318	http://purl.obolibrary.org/obo/go.owl#Reaction_R-HSA-2160892
8319	http://purl.obolibrary.org/obo/go.owl#Reaction_R-HSA-4086223
8320	http://purl.obolibrary.org/obo/go.owl#Reaction_R-HSA-445705
8321	http://purl.obolibrary.org/obo/go.owl#Reaction_R-HSA-1592232
8322	http://purl.obolibrary.org/obo/go.owl#Reaction_R-HSA-3788724
8323	http://purl.obolibrary.org/obo/go.owl#Reaction_R-HSA-9865492
8324	http://purl.obolibrary.org/obo/go.owl#Pathway_R-HSA-177135
8325	http://purl.obolibrary.org/obo/go.owl#Reaction_R-HSA-9698013
8326	http://purl.obolibrary.org/obo/go.owl#Reaction_R-HSA-1592234
8327	http://purl.obolibrary.org/obo/go.owl#Reaction_R-HSA-9908844
8328	http://purl.obolibrary.org/obo/go.owl#Reaction_R-HSA-5623508
8329	http://purl.obolibrary.org/obo/go.owl#Reaction_R-HSA-5660479
8330	http://purl.obolibrary.org/obo/go.owl#Reaction_R-HSA-9840408
8331	http://purl.obolibrary.org/obo/go.owl#Reaction_R-HSA-8951661
8332	http://purl.obolibrary.org/obo/go.owl#Reaction_R-HSA-990478
8333	http://purl.obolibrary.org/obo/go.owl#Reaction_R-HSA-162836
8334	http://purl.obolibrary.org/obo/go.owl#Reaction_R-HSA-5617492
8335	http://purl.obolibrary.org/obo/go.owl#Reaction_R-HSA-9036307
8336	http://purl.obolibrary.org/obo/go.owl#Reaction_R-HSA-1234175
8337	http://purl.obolibrary.org/obo/go.owl#Reaction_R-HSA-5213466
8338	http://purl.obolibrary.org/obo/go.owl#Reaction_R-HSA-9017488
8339	http://purl.obolibrary.org/obo/go.owl#Reaction_R-HSA-5692749
8340	http://purl.obolibrary.org/obo/go.owl#Reaction_R-HSA-202214
8341	http://purl.obolibrary.org/obo/go.owl#Reaction_R-HSA-9912390
8342	http://purl.obolibrary.org/obo/go.owl#Pathway_R-HSA-1566948
8343	http://purl.obolibrary.org/obo/go.owl#Reaction_R-HSA-5696670
8344	http://purl.obolibrary.org/obo/go.owl#Reaction_R-HSA-9834897
8345	http://purl.obolibrary.org/obo/go.owl#Reaction_R-HSA-9708423
8346	http://purl.obolibrary.org/obo/go.owl#Pathway_R-HSA-6783984
8347	http://purl.obolibrary.org/obo/go.owl#Reaction_R-HSA-2213244
8348	http://purl.obolibrary.org/obo/go.owl#Reaction_R-HSA-9024386
8349	http://purl.obolibrary.org/obo/go.owl#Reaction_R-HSA-879724
8350	http://purl.obolibrary.org/obo/go.owl#Reaction_R-HSA-163568
8351	http://purl.obolibrary.org/obo/go.owl#Reaction_R-HSA-9865579
8352	http://purl.obolibrary.org/obo/go.owl#Reaction_R-HSA-5663105
8353	http://purl.obolibrary.org/obo/go.owl#Reaction_R-HSA-4396371
8354	http://purl.obolibrary.org/obo/go.owl#Reaction_R-HSA-1363328
8355	http://purl.obolibrary.org/obo/go.owl#Reaction_R-HSA-77090
8356	http://purl.obolibrary.org/obo/go.owl#Reaction_R-HSA-9922990
8357	http://purl.obolibrary.org/obo/go.owl#Reaction_R-HSA-9725332
8358	http://purl.obolibrary.org/obo/go.owl#Protein_ANKRD36C
8359	http://purl.obolibrary.org/obo/go.owl#Reaction_R-HSA-1981120
8360	http://purl.obolibrary.org/obo/go.owl#Reaction_R-HSA-5693549
8361	http://purl.obolibrary.org/obo/go.owl#Pathway_R-HSA-448706
8362	http://purl.obolibrary.org/obo/go.owl#Reaction_R-HSA-1295516
8363	http://purl.obolibrary.org/obo/go.owl#Reaction_R-HSA-418850
8364	http://purl.obolibrary.org/obo/go.owl#Reaction_R-HSA-3788725
8365	http://purl.obolibrary.org/obo/go.owl#Reaction_R-HSA-391156
8366	http://purl.obolibrary.org/obo/go.owl#Reaction_R-HSA-373727
8367	http://purl.obolibrary.org/obo/go.owl#Reaction_R-HSA-8951595
8368	http://purl.obolibrary.org/obo/go.owl#Reaction_R-HSA-9844015
8369	http://purl.obolibrary.org/obo/go.owl#Reaction_R-HSA-9942499
8370	http://purl.obolibrary.org/obo/go.owl#Pathway_R-HSA-9942503
8371	http://purl.obolibrary.org/obo/go.owl#Reaction_R-HSA-5684862
8372	http://purl.obolibrary.org/obo/go.owl#Reaction_R-HSA-4551451
8373	http://purl.obolibrary.org/obo/go.owl#Reaction_R-HSA-2046094
8374	http://purl.obolibrary.org/obo/go.owl#Reaction_R-HSA-5654717
8375	http://purl.obolibrary.org/obo/go.owl#Reaction_R-HSA-8938981
8376	http://purl.obolibrary.org/obo/go.owl#Reaction_R-HSA-9010096
8377	http://purl.obolibrary.org/obo/go.owl#Reaction_R-HSA-351863
8378	http://purl.obolibrary.org/obo/go.owl#Reaction_R-HSA-205286
8379	http://purl.obolibrary.org/obo/go.owl#Reaction_R-HSA-8855131
8380	http://purl.obolibrary.org/obo/go.owl#Reaction_R-HSA-9665311
8381	http://purl.obolibrary.org/obo/go.owl#Reaction_R-HSA-4551648
8382	http://purl.obolibrary.org/obo/go.owl#Reaction_R-HSA-9729330
8383	http://purl.obolibrary.org/obo/go.owl#Reaction_R-HSA-9008412
8384	http://purl.obolibrary.org/obo/go.owl#Reaction_R-HSA-164151
8385	http://purl.obolibrary.org/obo/go.owl#Reaction_R-HSA-1295632
8386	http://purl.obolibrary.org/obo/go.owl#Reaction_R-NUL-4568946
8387	http://purl.obolibrary.org/obo/go.owl#Pathway_R-HSA-76061
8388	http://purl.obolibrary.org/obo/go.owl#Reaction_R-HSA-9908709
8389	http://purl.obolibrary.org/obo/go.owl#Reaction_R-HSA-202344
8390	http://purl.obolibrary.org/obo/GO_0008380_instance
8391	http://purl.obolibrary.org/obo/go.owl#Reaction_R-HSA-5690701
8392	http://purl.obolibrary.org/obo/go.owl#Reaction_R-HSA-9909369
8393	http://purl.obolibrary.org/obo/go.owl#Reaction_R-HSA-9613213
8394	http://purl.obolibrary.org/obo/go.owl#Reaction_R-HSA-5334151
8395	http://purl.obolibrary.org/obo/go.owl#Reaction_R-HSA-9616214
8396	http://purl.obolibrary.org/obo/go.owl#Pathway_R-HSA-975110
8397	http://purl.obolibrary.org/obo/go.owl#Protein_TMEM267
8398	http://purl.obolibrary.org/obo/go.owl#Reaction_R-HSA-9839064
8399	http://purl.obolibrary.org/obo/go.owl#Reaction_R-HSA-77584
8400	http://purl.obolibrary.org/obo/go.owl#Reaction_R-HSA-2066787
8401	http://purl.obolibrary.org/obo/go.owl#Reaction_R-HSA-9835252
8402	http://purl.obolibrary.org/obo/go.owl#Reaction_R-HSA-5696839
8403	http://purl.obolibrary.org/obo/go.owl#Pathway_R-HSA-196757
8404	http://purl.obolibrary.org/obo/go.owl#Reaction_R-HSA-77591
8405	http://purl.obolibrary.org/obo/go.owl#Reaction_R-HSA-2514865
8406	http://purl.obolibrary.org/obo/go.owl#Reaction_R-HSA-430190
8407	http://purl.obolibrary.org/obo/go.owl#Reaction_R-HSA-191790
8408	http://purl.obolibrary.org/obo/go.owl#Reaction_R-HSA-5690245
8409	http://purl.obolibrary.org/obo/go.owl#Reaction_R-HSA-5667107
8410	http://purl.obolibrary.org/obo/GO_0060284_instance
8411	http://purl.obolibrary.org/obo/go.owl#Reaction_R-HSA-5617641
8412	http://purl.obolibrary.org/obo/go.owl#Reaction_R-HSA-265424
8413	http://purl.obolibrary.org/obo/go.owl#Reaction_R-HSA-9022175
8414	http://purl.obolibrary.org/obo/go.owl#Reaction_R-HSA-5692788
8415	http://purl.obolibrary.org/obo/go.owl#Reaction_R-HSA-202478
8416	http://purl.obolibrary.org/obo/go.owl#Pathway_R-HSA-9661069
8417	http://purl.obolibrary.org/obo/GO_0032154_instance
8418	http://purl.obolibrary.org/obo/go.owl#Reaction_R-HSA-109813
8419	http://purl.obolibrary.org/obo/go.owl#Reaction_R-HSA-2399996
8420	http://purl.obolibrary.org/obo/go.owl#Reaction_R-HSA-8847544
8421	http://purl.obolibrary.org/obo/go.owl#Reaction_R-HSA-4546387
8422	http://purl.obolibrary.org/obo/go.owl#Reaction_R-HSA-4341072
8423	http://purl.obolibrary.org/obo/go.owl#Reaction_R-HSA-168848
8424	http://purl.obolibrary.org/obo/go.owl#Reaction_R-HSA-9753277
8425	http://purl.obolibrary.org/obo/go.owl#Reaction_R-HSA-9624925
8426	http://purl.obolibrary.org/obo/go.owl#Reaction_R-HSA-1251997
8427	http://purl.obolibrary.org/obo/go.owl#Reaction_R-HSA-5618098
8428	http://purl.obolibrary.org/obo/go.owl#Reaction_R-HSA-5682012
8429	http://purl.obolibrary.org/obo/GO_0005814_instance
8430	http://purl.obolibrary.org/obo/go.owl#Reaction_R-HSA-6785165
8431	http://purl.obolibrary.org/obo/go.owl#Reaction_R-HSA-8874187
8432	http://purl.obolibrary.org/obo/go.owl#Reaction_R-HSA-379048
8433	http://purl.obolibrary.org/obo/go.owl#Reaction_R-HSA-2671873
8434	http://purl.obolibrary.org/obo/go.owl#Reaction_R-HSA-202307
8435	http://purl.obolibrary.org/obo/go.owl#Reaction_R-HSA-2214324
8436	http://purl.obolibrary.org/obo/go.owl#Reaction_R-HSA-191114
8437	http://purl.obolibrary.org/obo/go.owl#Reaction_R-HSA-9029566
8438	http://purl.obolibrary.org/obo/go.owl#Reaction_R-HSA-8938073
8439	http://purl.obolibrary.org/obo/go.owl#Reaction_R-HSA-165718
8440	http://purl.obolibrary.org/obo/go.owl#Reaction_R-HSA-390597
8441	http://purl.obolibrary.org/obo/go.owl#Reaction_R-HSA-379861
8442	http://purl.obolibrary.org/obo/go.owl#Reaction_R-HSA-9032073
8443	http://purl.obolibrary.org/obo/go.owl#Reaction_R-HSA-8863012
8444	http://purl.obolibrary.org/obo/go.owl#Reaction_R-HSA-9646685
8445	http://purl.obolibrary.org/obo/go.owl#Pathway_R-HSA-5655799
8446	http://purl.obolibrary.org/obo/go.owl#Reaction_R-HSA-2426259
8447	http://purl.obolibrary.org/obo/go.owl#Pathway_R-HSA-916853
8448	http://purl.obolibrary.org/obo/go.owl#Reaction_R-HSA-6804100
8449	http://purl.obolibrary.org/obo/go.owl#Reaction_R-HSA-9005585
8450	http://purl.obolibrary.org/obo/go.owl#Reaction_R-HSA-8852128
8451	http://purl.obolibrary.org/obo/go.owl#Reaction_R-HSA-9838093
8452	http://purl.obolibrary.org/obo/go.owl#Reaction_R-HSA-8854071
8453	http://purl.obolibrary.org/obo/go.owl#Reaction_R-HSA-1989765
8454	http://purl.obolibrary.org/obo/go.owl#Reaction_R-HSA-8875659
8455	http://purl.obolibrary.org/obo/go.owl#Reaction_R-HSA-9617209
8456	http://purl.obolibrary.org/obo/go.owl#Reaction_R-HSA-1234172
8457	http://purl.obolibrary.org/obo/go.owl#Reaction_R-HSA-5686073
8458	http://purl.obolibrary.org/obo/go.owl#Reaction_R-HSA-8875320
8459	http://purl.obolibrary.org/obo/go.owl#Pathway_R-HSA-9013695
8460	http://purl.obolibrary.org/obo/go.owl#Reaction_R-HSA-4085083
8461	http://purl.obolibrary.org/obo/go.owl#Reaction_R-HSA-202723
8462	http://purl.obolibrary.org/obo/GO_0031347_instance
8463	http://purl.obolibrary.org/obo/go.owl#Pathway_R-HSA-9929491
8464	http://purl.obolibrary.org/obo/go.owl#Reaction_R-HSA-8949609
8465	http://purl.obolibrary.org/obo/go.owl#Reaction_R-HSA-9610442
8466	http://purl.obolibrary.org/obo/go.owl#Reaction_R-HSA-265295
8467	http://purl.obolibrary.org/obo/go.owl#Reaction_R-HSA-202216
8468	http://purl.obolibrary.org/obo/go.owl#Reaction_R-HSA-110316
8469	http://purl.obolibrary.org/obo/go.owl#Reaction_R-HSA-110307
8470	http://purl.obolibrary.org/obo/go.owl#Reaction_R-HSA-5362448
8471	http://purl.obolibrary.org/obo/go.owl#Reaction_R-HSA-9680389
8472	http://purl.obolibrary.org/obo/go.owl#Reaction_R-HSA-165195
8473	http://purl.obolibrary.org/obo/go.owl#Reaction_R-HSA-203070
8474	http://purl.obolibrary.org/obo/go.owl#Reaction_R-HSA-5654413
8475	http://purl.obolibrary.org/obo/go.owl#Reaction_R-HSA-9908686
8476	http://purl.obolibrary.org/obo/go.owl#Reaction_R-HSA-2029271
8477	http://purl.obolibrary.org/obo/go.owl#Reaction_R-HSA-1169403
8478	http://purl.obolibrary.org/obo/go.owl#Reaction_R-HSA-70420
8479	http://purl.obolibrary.org/obo/go.owl#Reaction_R-HSA-2262743
8480	http://purl.obolibrary.org/obo/go.owl#Reaction_R-HSA-1225957
8481	http://purl.obolibrary.org/obo/go.owl#Reaction_R-HSA-389974
8482	http://purl.obolibrary.org/obo/go.owl#Reaction_R-HSA-202394
8483	http://purl.obolibrary.org/obo/go.owl#Reaction_R-HSA-453200
8484	http://purl.obolibrary.org/obo/go.owl#Reaction_R-HSA-8953115
8485	http://purl.obolibrary.org/obo/go.owl#Reaction_R-HSA-5358599
8486	http://purl.obolibrary.org/obo/GO_0023052_instance
8487	http://purl.obolibrary.org/obo/go.owl#Reaction_R-HSA-5654692
8488	http://purl.obolibrary.org/obo/go.owl#Reaction_R-HSA-198266
8489	http://purl.obolibrary.org/obo/go.owl#Reaction_R-HSA-9647991
8490	http://purl.obolibrary.org/obo/go.owl#Reaction_R-HSA-9855910
8491	http://purl.obolibrary.org/obo/go.owl#Pathway_R-HSA-8866910
8492	http://purl.obolibrary.org/obo/go.owl#Reaction_R-HSA-6811426
8493	http://purl.obolibrary.org/obo/go.owl#Reaction_R-HSA-9607224
8494	http://purl.obolibrary.org/obo/go.owl#Reaction_R-HSA-8853734
8495	http://purl.obolibrary.org/obo/go.owl#Pathway_R-HSA-9665245
8496	http://purl.obolibrary.org/obo/go.owl#Reaction_R-HSA-8853529
8497	http://purl.obolibrary.org/obo/go.owl#Reaction_R-HSA-139895
8498	http://purl.obolibrary.org/obo/GO_0000785_instance
8499	http://purl.obolibrary.org/obo/go.owl#Reaction_R-HSA-5655965
8500	http://purl.obolibrary.org/obo/go.owl#Reaction_R-HSA-1655834
8501	http://purl.obolibrary.org/obo/go.owl#Reaction_R-HSA-388808
8502	http://purl.obolibrary.org/obo/go.owl#Reaction_R-HSA-8866269
8503	http://purl.obolibrary.org/obo/go.owl#Reaction_R-HSA-9665412
8504	http://purl.obolibrary.org/obo/go.owl#Reaction_R-HSA-9029158
8505	http://purl.obolibrary.org/obo/go.owl#Reaction_R-HSA-9858321
8506	http://purl.obolibrary.org/obo/go.owl#Reaction_R-HSA-9860477
8507	http://purl.obolibrary.org/obo/go.owl#Reaction_R-HSA-204798
8508	http://purl.obolibrary.org/obo/go.owl#Reaction_R-HSA-5226999
8509	http://purl.obolibrary.org/obo/go.owl#Reaction_R-HSA-417843
8510	http://purl.obolibrary.org/obo/go.owl#Reaction_R-HSA-9932535
8511	http://purl.obolibrary.org/obo/go.owl#Reaction_R-HSA-8940001
8512	http://purl.obolibrary.org/obo/go.owl#Reaction_R-HSA-9675214
8513	http://purl.obolibrary.org/obo/go.owl#Reaction_R-HSA-5658496
8514	http://purl.obolibrary.org/obo/go.owl#Reaction_R-HSA-9796300
8515	http://purl.obolibrary.org/obo/go.owl#Pathway_R-HSA-9840309
8516	http://purl.obolibrary.org/obo/go.owl#Reaction_R-HSA-8851859
8517	http://purl.obolibrary.org/obo/go.owl#Reaction_R-HSA-9922989
8518	http://purl.obolibrary.org/obo/go.owl#Reaction_R-HSA-379893
8519	http://purl.obolibrary.org/obo/go.owl#Reaction_R-HSA-8950260
8520	http://purl.obolibrary.org/obo/go.owl#Reaction_R-HSA-8964498
8521	http://purl.obolibrary.org/obo/go.owl#Reaction_R-HSA-9614810
8522	http://purl.obolibrary.org/obo/go.owl#Reaction_R-HSA-5227009
8523	http://purl.obolibrary.org/obo/go.owl#Reaction_R-HSA-6802837
8524	http://purl.obolibrary.org/obo/go.owl#Reaction_R-HSA-5661115
8525	http://purl.obolibrary.org/obo/go.owl#Reaction_R-HSA-2671747
8526	http://purl.obolibrary.org/obo/go.owl#Reaction_R-HSA-9920665
8527	http://purl.obolibrary.org/obo/go.owl#Reaction_R-HSA-4827388
8528	http://purl.obolibrary.org/obo/go.owl#Reaction_R-HSA-9665708
8529	http://purl.obolibrary.org/obo/go.owl#Reaction_R-HSA-9912751
8530	http://purl.obolibrary.org/obo/go.owl#Reaction_R-HSA-5663156
8531	http://purl.obolibrary.org/obo/go.owl#Reaction_R-HSA-9676264
8532	http://purl.obolibrary.org/obo/go.owl#Reaction_R-HSA-9007447
8533	http://purl.obolibrary.org/obo/go.owl#Reaction_R-HSA-9830368
8534	http://purl.obolibrary.org/obo/go.owl#Reaction_R-HSA-9698007
8535	http://purl.obolibrary.org/obo/go.owl#Reaction_R-HSA-446215
8536	http://purl.obolibrary.org/obo/go.owl#Reaction_R-HSA-5626220
8537	http://purl.obolibrary.org/obo/go.owl#Reaction_R-HSA-8937050
8538	http://purl.obolibrary.org/obo/go.owl#Reaction_R-HSA-5617484
8539	http://purl.obolibrary.org/obo/go.owl#Reaction_R-HSA-6792871
8540	http://purl.obolibrary.org/obo/go.owl#Reaction_R-HSA-9759358
8541	http://purl.obolibrary.org/obo/go.owl#Pathway_R-HSA-9944997
8542	http://purl.obolibrary.org/obo/go.owl#Reaction_R-HSA-6788628
8543	http://purl.obolibrary.org/obo/go.owl#Reaction_R-HSA-1168638
8544	http://purl.obolibrary.org/obo/go.owl#Pathway_R-HSA-8948216
8545	http://purl.obolibrary.org/obo/go.owl#Reaction_R-HSA-548890
8546	http://purl.obolibrary.org/obo/go.owl#Pathway_R-HSA-210744
8547	http://purl.obolibrary.org/obo/go.owl#Reaction_R-HSA-202510
8548	http://purl.obolibrary.org/obo/go.owl#Reaction_R-HSA-202718
8549	http://purl.obolibrary.org/obo/go.owl#Reaction_R-HSA-4615933
8550	http://purl.obolibrary.org/obo/go.owl#Reaction_R-HSA-9832037
8551	http://purl.obolibrary.org/obo/go.owl#Reaction_R-HSA-6799581
8552	http://purl.obolibrary.org/obo/go.owl#Reaction_R-HSA-3134946
8553	http://purl.obolibrary.org/obo/go.owl#Reaction_R-HSA-4088220
8554	http://purl.obolibrary.org/obo/go.owl#Reaction_R-HSA-3928645
8555	http://purl.obolibrary.org/obo/go.owl#Reaction_R-HSA-8863973
8556	http://purl.obolibrary.org/obo/go.owl#Reaction_R-HSA-9692135
8557	http://purl.obolibrary.org/obo/go.owl#Reaction_R-HSA-112434
8558	http://purl.obolibrary.org/obo/go.owl#Reaction_R-HSA-6809309
8559	http://purl.obolibrary.org/obo/go.owl#Reaction_R-HSA-5686072
8560	http://purl.obolibrary.org/obo/go.owl#Reaction_R-HSA-398193
8561	http://purl.obolibrary.org/obo/go.owl#Reaction_R-HSA-209061
8562	http://purl.obolibrary.org/obo/go.owl#Reaction_R-HSA-9842868
8563	http://purl.obolibrary.org/obo/go.owl#Reaction_R-HSA-202437
8564	http://purl.obolibrary.org/obo/go.owl#Reaction_R-HSA-3968414
8565	http://purl.obolibrary.org/obo/go.owl#Reaction_R-HSA-5663165
8566	http://purl.obolibrary.org/obo/go.owl#Reaction_R-HSA-9008476
8567	http://purl.obolibrary.org/obo/go.owl#Reaction_R-HSA-888577
8568	http://purl.obolibrary.org/obo/go.owl#Reaction_R-HSA-9665702
8569	http://purl.obolibrary.org/obo/GO_0006415_instance
8570	http://purl.obolibrary.org/obo/go.owl#Reaction_R-HSA-5690250
8571	http://purl.obolibrary.org/obo/go.owl#Reaction_R-HSA-5678313
8572	http://purl.obolibrary.org/obo/go.owl#Reaction_R-HSA-4396379
8573	http://purl.obolibrary.org/obo/go.owl#Reaction_R-HSA-140217
8574	http://purl.obolibrary.org/obo/go.owl#Reaction_R-HSA-5654625
8575	http://purl.obolibrary.org/obo/go.owl#Reaction_R-HSA-3928631
8576	http://purl.obolibrary.org/obo/go.owl#Reaction_R-HSA-9708557
8577	http://purl.obolibrary.org/obo/go.owl#Reaction_R-HSA-2327733
8578	http://purl.obolibrary.org/obo/go.owl#Reaction_R-HSA-914006
8579	http://purl.obolibrary.org/obo/go.owl#Reaction_R-HSA-9845032
8580	http://purl.obolibrary.org/obo/go.owl#Reaction_R-HSA-9672172
8581	http://purl.obolibrary.org/obo/go.owl#Pathway_R-HSA-9819196
8582	http://purl.obolibrary.org/obo/go.owl#Reaction_R-HSA-9611147
8583	http://purl.obolibrary.org/obo/go.owl#Reaction_R-HSA-9703430
8584	http://purl.obolibrary.org/obo/go.owl#Reaction_R-HSA-6790906
8585	http://purl.obolibrary.org/obo/go.owl#Reaction_R-HSA-164834
8586	http://purl.obolibrary.org/obo/go.owl#Reaction_R-HSA-9007640
8587	http://purl.obolibrary.org/obo/go.owl#Reaction_R-HSA-83803
8588	http://purl.obolibrary.org/obo/go.owl#Reaction_R-HSA-6804188
8589	http://purl.obolibrary.org/obo/go.owl#Reaction_R-HSA-9634418
8590	http://purl.obolibrary.org/obo/go.owl#Reaction_R-HSA-9665406
8591	http://purl.obolibrary.org/obo/go.owl#Reaction_R-HSA-388811
8592	http://purl.obolibrary.org/obo/go.owl#Reaction_R-HSA-622420
8593	http://purl.obolibrary.org/obo/go.owl#Reaction_R-HSA-201422
8594	http://purl.obolibrary.org/obo/go.owl#Reaction_R-HSA-9603784
8595	http://purl.obolibrary.org/obo/go.owl#Reaction_R-HSA-377186
8596	http://purl.obolibrary.org/obo/go.owl#Reaction_R-HSA-5218952
8597	http://purl.obolibrary.org/obo/go.owl#Reaction_R-HSA-1295634
8598	http://purl.obolibrary.org/obo/go.owl#Reaction_R-HSA-9840807
8599	http://purl.obolibrary.org/obo/go.owl#Reaction_R-HSA-3229181
8600	http://purl.obolibrary.org/obo/go.owl#Pathway_R-HSA-159763
8601	http://purl.obolibrary.org/obo/go.owl#Pathway_R-HSA-110328
8602	http://purl.obolibrary.org/obo/go.owl#Reaction_R-HSA-5693578
8603	http://purl.obolibrary.org/obo/go.owl#Reaction_R-HSA-5655278
8604	http://purl.obolibrary.org/obo/go.owl#Reaction_R-HSA-73632
8605	http://purl.obolibrary.org/obo/go.owl#Reaction_R-HSA-9942683
8606	http://purl.obolibrary.org/obo/go.owl#Reaction_R-HSA-2314569
8607	http://purl.obolibrary.org/obo/go.owl#Reaction_R-HSA-4341048
8608	http://purl.obolibrary.org/obo/go.owl#Reaction_R-HSA-5334164
8609	http://purl.obolibrary.org/obo/go.owl#Pathway_R-HSA-5423646
8610	http://purl.obolibrary.org/obo/go.owl#Reaction_R-HSA-73945
8611	http://purl.obolibrary.org/obo/go.owl#Reaction_R-HSA-141156
8612	http://purl.obolibrary.org/obo/go.owl#Reaction_R-HSA-211712
8613	http://purl.obolibrary.org/obo/go.owl#Pathway_R-HSA-1483213
8614	http://purl.obolibrary.org/obo/go.owl#Reaction_R-HSA-9836449
8615	http://purl.obolibrary.org/obo/go.owl#Reaction_R-HSA-9033529
8616	http://purl.obolibrary.org/obo/go.owl#Reaction_R-HSA-76060
8617	http://purl.obolibrary.org/obo/go.owl#Reaction_R-HSA-1861788
8618	http://purl.obolibrary.org/obo/go.owl#Reaction_R-HSA-9020261
8619	http://purl.obolibrary.org/obo/go.owl#Reaction_R-HSA-2529020
8620	http://purl.obolibrary.org/obo/go.owl#Reaction_R-HSA-5674018
8621	http://purl.obolibrary.org/obo/go.owl#Reaction_R-HSA-8865491
8622	http://purl.obolibrary.org/obo/GO_0035091_instance
8623	http://purl.obolibrary.org/obo/go.owl#Reaction_R-HSA-975188
8624	http://purl.obolibrary.org/obo/go.owl#Reaction_R-HSA-182171
8625	http://purl.obolibrary.org/obo/go.owl#Reaction_R-HSA-5696358
8626	http://purl.obolibrary.org/obo/go.owl#Reaction_R-HSA-205205
8627	http://purl.obolibrary.org/obo/GO_0065003_instance
8628	http://purl.obolibrary.org/obo/go.owl#Reaction_R-HSA-5654714
8629	http://purl.obolibrary.org/obo/go.owl#Reaction_R-HSA-418456
8630	http://purl.obolibrary.org/obo/go.owl#Reaction_R-HSA-1236398
8631	http://purl.obolibrary.org/obo/go.owl#Reaction_R-HSA-350186
8632	http://purl.obolibrary.org/obo/go.owl#Reaction_R-HSA-9844716
8633	http://purl.obolibrary.org/obo/go.owl#Reaction_R-HSA-9857649
8634	http://purl.obolibrary.org/obo/go.owl#Reaction_R-HSA-9835454
8635	http://purl.obolibrary.org/obo/go.owl#Reaction_R-HSA-5672012
8636	http://purl.obolibrary.org/obo/go.owl#Reaction_R-HSA-1471322
8637	http://purl.obolibrary.org/obo/go.owl#Reaction_R-HSA-5693681
8638	http://purl.obolibrary.org/obo/go.owl#Reaction_R-HSA-9672178
8639	http://purl.obolibrary.org/obo/go.owl#Reaction_R-HSA-5684108
8640	http://purl.obolibrary.org/obo/go.owl#Reaction_R-HSA-5205663
8641	http://purl.obolibrary.org/obo/go.owl#Reaction_R-NUL-936401
8642	http://purl.obolibrary.org/obo/go.owl#Reaction_R-HSA-1474146
8643	http://purl.obolibrary.org/obo/go.owl#Reaction_R-HSA-389976
8644	http://purl.obolibrary.org/obo/go.owl#Reaction_R-HSA-9865893
8645	http://purl.obolibrary.org/obo/go.owl#Reaction_R-HSA-6784160
8646	http://purl.obolibrary.org/obo/go.owl#Reaction_R-HSA-5140747
8647	http://purl.obolibrary.org/obo/go.owl#Pathway_R-HSA-8853383
8648	http://purl.obolibrary.org/obo/go.owl#Reaction_R-HSA-9932070
8649	http://purl.obolibrary.org/obo/go.owl#Reaction_R-HSA-9673760
8650	http://purl.obolibrary.org/obo/go.owl#Reaction_R-HSA-606349
8651	http://purl.obolibrary.org/obo/go.owl#Pathway_R-HSA-166020
8652	http://purl.obolibrary.org/obo/go.owl#Reaction_R-HSA-8951498
8653	http://purl.obolibrary.org/obo/go.owl#Reaction_R-HSA-211650
8654	http://purl.obolibrary.org/obo/go.owl#Pathway_R-HSA-9859138
8655	http://purl.obolibrary.org/obo/go.owl#Reaction_R-HSA-9925190
8656	http://purl.obolibrary.org/obo/go.owl#Reaction_R-HSA-6785181
8657	http://purl.obolibrary.org/obo/go.owl#Reaction_R-HSA-4085331
8658	http://purl.obolibrary.org/obo/go.owl#Reaction_R-HSA-9610156
8659	http://purl.obolibrary.org/obo/go.owl#Reaction_R-HSA-9856486
8660	http://purl.obolibrary.org/obo/go.owl#Pathway_R-HSA-1566977
8661	http://purl.obolibrary.org/obo/go.owl#Reaction_R-HSA-9793444
8662	http://purl.obolibrary.org/obo/go.owl#Pathway_R-HSA-1300645
8663	http://purl.obolibrary.org/obo/go.owl#Reaction_R-HSA-5693536
8664	http://purl.obolibrary.org/obo/go.owl#Reaction_R-HSA-4570499
8665	http://purl.obolibrary.org/obo/go.owl#Reaction_R-HSA-68946
8666	http://purl.obolibrary.org/obo/go.owl#Pathway_R-HSA-9018677
8667	http://purl.obolibrary.org/obo/go.owl#Reaction_R-HSA-8953430
8668	http://purl.obolibrary.org/obo/go.owl#Reaction_R-HSA-1250220
8669	http://purl.obolibrary.org/obo/go.owl#Reaction_R-HSA-9865501
8670	http://purl.obolibrary.org/obo/go.owl#Reaction_R-HSA-909729
8671	http://purl.obolibrary.org/obo/go.owl#Reaction_R-NUL-212917
8672	http://purl.obolibrary.org/obo/go.owl#Reaction_R-HSA-9012650
8673	http://purl.obolibrary.org/obo/go.owl#Reaction_R-HSA-2160915
8674	http://purl.obolibrary.org/obo/go.owl#Reaction_R-HSA-449200
8675	http://purl.obolibrary.org/obo/go.owl#Reaction_R-HSA-1168767
8676	http://purl.obolibrary.org/obo/go.owl#Reaction_R-HSA-2752125
8677	http://purl.obolibrary.org/obo/go.owl#Reaction_R-HSA-2173778
8678	http://purl.obolibrary.org/obo/GO_1990904_instance
8679	http://purl.obolibrary.org/obo/go.owl#Reaction_R-HSA-9606624
8680	http://purl.obolibrary.org/obo/go.owl#Reaction_R-HSA-378513
8681	http://purl.obolibrary.org/obo/go.owl#Reaction_R-HSA-8983300
8682	http://purl.obolibrary.org/obo/go.owl#Reaction_R-HSA-372342
8683	http://purl.obolibrary.org/obo/go.owl#Reaction_R-HSA-879917
8684	http://purl.obolibrary.org/obo/go.owl#Reaction_R-HSA-164056
8685	http://purl.obolibrary.org/obo/go.owl#Reaction_R-HSA-5621402
8686	http://purl.obolibrary.org/obo/go.owl#Reaction_R-NUL-9926485
8687	http://purl.obolibrary.org/obo/go.owl#Reaction_R-HSA-9948458
8688	http://purl.obolibrary.org/obo/go.owl#Reaction_R-HSA-9634445
8689	http://purl.obolibrary.org/obo/go.owl#Reaction_R-HSA-3301237
8690	http://purl.obolibrary.org/obo/go.owl#Reaction_R-HSA-9013437
8691	http://purl.obolibrary.org/obo/go.owl#Reaction_R-HSA-9692250
8692	http://purl.obolibrary.org/obo/go.owl#Reaction_R-HSA-9624272
8693	http://purl.obolibrary.org/obo/go.owl#Reaction_R-HSA-4686998
8694	http://purl.obolibrary.org/obo/go.owl#Pathway_R-HSA-8937144
8695	http://purl.obolibrary.org/obo/go.owl#Reaction_R-HSA-1362261
8696	http://purl.obolibrary.org/obo/GO_0043170_instance
8697	http://purl.obolibrary.org/obo/go.owl#Reaction_R-HSA-9833436
8698	http://purl.obolibrary.org/obo/go.owl#Reaction_R-HSA-4539779
8699	http://purl.obolibrary.org/obo/go.owl#Reaction_R-HSA-873922
8700	http://purl.obolibrary.org/obo/go.owl#Reaction_R-HSA-374214
8701	http://purl.obolibrary.org/obo/go.owl#Reaction_R-HSA-5679239
8702	http://purl.obolibrary.org/obo/go.owl#Reaction_R-HSA-2426471
8703	http://purl.obolibrary.org/obo/go.owl#Reaction_R-NUL-1676051
8704	http://purl.obolibrary.org/obo/go.owl#Reaction_R-HSA-9665415
8705	http://purl.obolibrary.org/obo/go.owl#Reaction_R-HSA-9908780
8706	http://purl.obolibrary.org/obo/go.owl#Reaction_R-HSA-5687107
8707	http://purl.obolibrary.org/obo/go.owl#Pathway_R-HSA-5603027
8708	http://purl.obolibrary.org/obo/go.owl#Reaction_R-HSA-8849348
8709	http://purl.obolibrary.org/obo/go.owl#Reaction_R-HSA-452392
8710	http://purl.obolibrary.org/obo/go.owl#Reaction_R-HSA-8964580
8711	http://purl.obolibrary.org/obo/go.owl#Reaction_R-HSA-8874205
8712	http://purl.obolibrary.org/obo/go.owl#Reaction_R-HSA-4396402
8713	http://purl.obolibrary.org/obo/go.owl#Reaction_R-HSA-5683077
8714	http://purl.obolibrary.org/obo/go.owl#Reaction_R-HSA-9825555
8715	http://purl.obolibrary.org/obo/go.owl#Reaction_R-HSA-4570496
8716	http://purl.obolibrary.org/obo/go.owl#Reaction_R-HSA-9818682
8717	http://purl.obolibrary.org/obo/go.owl#Reaction_R-HSA-1433506
8718	http://purl.obolibrary.org/obo/go.owl#Reaction_R-HSA-388814
8719	http://purl.obolibrary.org/obo/go.owl#Reaction_R-HSA-9851145
8720	http://purl.obolibrary.org/obo/go.owl#Reaction_R-HSA-5696816
8721	http://purl.obolibrary.org/obo/go.owl#Reaction_R-HSA-9705925
8722	http://purl.obolibrary.org/obo/GO_0043933_instance
8723	http://purl.obolibrary.org/obo/go.owl#Reaction_R-HSA-9851147
8724	http://purl.obolibrary.org/obo/go.owl#Reaction_R-HSA-5661120
8725	http://purl.obolibrary.org/obo/go.owl#Reaction_R-NUL-1250468
8726	http://purl.obolibrary.org/obo/go.owl#Reaction_R-HSA-1861621
8727	http://purl.obolibrary.org/obo/go.owl#Reaction_R-HSA-4086088
8728	http://purl.obolibrary.org/obo/go.owl#Reaction_R-HSA-451418
8729	http://purl.obolibrary.org/obo/go.owl#Reaction_R-HSA-8866553
8730	http://purl.obolibrary.org/obo/go.owl#Reaction_R-HSA-3108203
8731	http://purl.obolibrary.org/obo/GO_0048468_instance
8732	http://purl.obolibrary.org/obo/go.owl#Pathway_R-HSA-191273
8733	http://purl.obolibrary.org/obo/go.owl#Pathway_R-HSA-446388
8734	http://purl.obolibrary.org/obo/go.owl#Reaction_R-HSA-5693153
8735	http://purl.obolibrary.org/obo/go.owl#Reaction_R-HSA-418365
8736	http://purl.obolibrary.org/obo/go.owl#Pathway_R-HSA-2691232
8737	http://purl.obolibrary.org/obo/go.owl#Reaction_R-HSA-5655290
8738	http://purl.obolibrary.org/obo/go.owl#Reaction_R-HSA-9861563
8739	http://purl.obolibrary.org/obo/go.owl#Reaction_R-HSA-9866104
8740	http://purl.obolibrary.org/obo/go.owl#Reaction_R-HSA-9821475
8741	http://purl.obolibrary.org/obo/GO_0009058_instance
8742	http://purl.obolibrary.org/obo/go.owl#Reaction_R-HSA-3781832
8743	http://purl.obolibrary.org/obo/go.owl#Reaction_R-HSA-9634429
8744	http://purl.obolibrary.org/obo/go.owl#Pathway_R-HSA-3359485
8745	http://purl.obolibrary.org/obo/go.owl#Reaction_R-HSA-1855219
8746	http://purl.obolibrary.org/obo/go.owl#Reaction_R-HSA-9018824
8747	http://purl.obolibrary.org/obo/go.owl#Reaction_R-HSA-265428
8748	http://purl.obolibrary.org/obo/go.owl#Reaction_R-HSA-1791167
8749	http://purl.obolibrary.org/obo/go.owl#Reaction_R-HSA-4084912
8750	http://purl.obolibrary.org/obo/go.owl#Reaction_R-HSA-9703439
8751	http://purl.obolibrary.org/obo/GO_0006413_instance
8752	http://purl.obolibrary.org/obo/go.owl#Reaction_R-HSA-8863674
8753	http://purl.obolibrary.org/obo/go.owl#Reaction_R-HSA-5624125
8754	http://purl.obolibrary.org/obo/go.owl#Pathway_R-HSA-5620922
8755	http://purl.obolibrary.org/obo/go.owl#Reaction_R-HSA-9835411
8756	http://purl.obolibrary.org/obo/go.owl#Reaction_R-HSA-1169404
8757	http://purl.obolibrary.org/obo/go.owl#Reaction_R-HSA-5651654
8758	http://purl.obolibrary.org/obo/go.owl#Reaction_R-HSA-1254291
8759	http://purl.obolibrary.org/obo/go.owl#Reaction_R-HSA-9865182
8760	http://purl.obolibrary.org/obo/go.owl#Reaction_R-HSA-193655
8761	http://purl.obolibrary.org/obo/go.owl#Reaction_R-HSA-4755478
8762	http://purl.obolibrary.org/obo/go.owl#Reaction_R-HSA-2187266
8763	http://purl.obolibrary.org/obo/go.owl#Reaction_R-HSA-9676268
8764	http://purl.obolibrary.org/obo/go.owl#Reaction_R-HSA-201472
8765	http://purl.obolibrary.org/obo/go.owl#Reaction_R-HSA-9825782
8766	http://purl.obolibrary.org/obo/go.owl#Reaction_R-HSA-9652816
8767	http://purl.obolibrary.org/obo/go.owl#Reaction_R-HSA-74872
8768	http://purl.obolibrary.org/obo/go.owl#Pathway_R-HSA-9938206
8769	http://purl.obolibrary.org/obo/go.owl#Reaction_R-HSA-9750001
8770	http://purl.obolibrary.org/obo/go.owl#Pathway_R-HSA-9749641
8771	http://purl.obolibrary.org/obo/go.owl#Reaction_R-HSA-9630921
8772	http://purl.obolibrary.org/obo/go.owl#Reaction_R-HSA-9836606
8773	http://purl.obolibrary.org/obo/go.owl#Reaction_R-HSA-5687081
8774	http://purl.obolibrary.org/obo/go.owl#Reaction_R-HSA-174456
8775	http://purl.obolibrary.org/obo/go.owl#Reaction_R-HSA-9613476
8776	http://purl.obolibrary.org/obo/go.owl#Reaction_R-HSA-9769115
8777	http://purl.obolibrary.org/obo/go.owl#Reaction_R-HSA-1592249
8778	http://purl.obolibrary.org/obo/go.owl#Reaction_R-HSA-1433488
8779	http://purl.obolibrary.org/obo/go.owl#Reaction_R-HSA-205238
8780	http://purl.obolibrary.org/obo/go.owl#Reaction_R-HSA-1592239
8781	http://purl.obolibrary.org/obo/go.owl#Reaction_R-HSA-1971487
8782	http://purl.obolibrary.org/obo/go.owl#Reaction_R-HSA-186773
8783	http://purl.obolibrary.org/obo/GO_0003674_instance
8784	http://purl.obolibrary.org/obo/go.owl#Reaction_R-HSA-1306963
8785	http://purl.obolibrary.org/obo/go.owl#Reaction_R-HSA-442368
8786	http://purl.obolibrary.org/obo/go.owl#Reaction_R-HSA-6811411
8787	http://purl.obolibrary.org/obo/go.owl#Pathway_R-HSA-5223345
8788	http://purl.obolibrary.org/obo/go.owl#Reaction_R-HSA-5218905
8789	http://purl.obolibrary.org/obo/go.owl#Reaction_R-HSA-6809707
8790	http://purl.obolibrary.org/obo/go.owl#Reaction_R-HSA-1225961
8791	http://purl.obolibrary.org/obo/go.owl#Reaction_R-HSA-9935290
8792	http://purl.obolibrary.org/obo/go.owl#Reaction_R-HSA-9844425
8793	http://purl.obolibrary.org/obo/go.owl#Pathway_R-HSA-8949215
8794	http://purl.obolibrary.org/obo/go.owl#Reaction_R-HSA-2328037
8795	http://purl.obolibrary.org/obo/go.owl#Reaction_R-HSA-9701903
8796	http://purl.obolibrary.org/obo/GO_0140513_instance
8797	http://purl.obolibrary.org/obo/GO_0016925_instance
8798	http://purl.obolibrary.org/obo/go.owl#Reaction_R-HSA-4615889
8799	http://purl.obolibrary.org/obo/go.owl#Reaction_R-HSA-5682011
8800	http://purl.obolibrary.org/obo/go.owl#Reaction_R-HSA-9033238
8801	http://purl.obolibrary.org/obo/GO_0051648_instance
8802	http://purl.obolibrary.org/obo/go.owl#Pathway_R-HSA-74259
8803	http://purl.obolibrary.org/obo/go.owl#Reaction_R-HSA-9692809
8804	http://purl.obolibrary.org/obo/go.owl#Reaction_R-HSA-9726580
8805	http://purl.obolibrary.org/obo/go.owl#Reaction_R-NUL-9932082
8806	http://purl.obolibrary.org/obo/go.owl#Reaction_R-HSA-264834
8807	http://purl.obolibrary.org/obo/go.owl#Reaction_R-HSA-1676168
8808	http://purl.obolibrary.org/obo/go.owl#Reaction_R-HSA-3787997
8809	http://purl.obolibrary.org/obo/go.owl#Reaction_R-HSA-9011966
8810	http://purl.obolibrary.org/obo/go.owl#Reaction_R-HSA-9693282
8811	http://purl.obolibrary.org/obo/go.owl#Reaction_R-HSA-5668629
8812	http://purl.obolibrary.org/obo/go.owl#Reaction_R-HSA-4755545
8813	http://purl.obolibrary.org/obo/go.owl#Reaction_R-HSA-9865228
8814	http://purl.obolibrary.org/obo/go.owl#Reaction_R-HSA-9828175
8815	http://purl.obolibrary.org/obo/go.owl#Reaction_R-HSA-5607732
8816	http://purl.obolibrary.org/obo/go.owl#Reaction_R-HSA-5632670
8817	http://purl.obolibrary.org/obo/go.owl#Reaction_R-HSA-2220979
8818	http://purl.obolibrary.org/obo/go.owl#Reaction_R-HSA-6811454
8819	http://purl.obolibrary.org/obo/go.owl#Reaction_R-HSA-9006844
8820	http://purl.obolibrary.org/obo/go.owl#Reaction_R-HSA-4088264
8821	http://purl.obolibrary.org/obo/go.owl#Reaction_R-HSA-9836702
8822	http://purl.obolibrary.org/obo/go.owl#Reaction_R-HSA-8850529
8823	http://purl.obolibrary.org/obo/go.owl#Reaction_R-HSA-8875661
8824	http://purl.obolibrary.org/obo/go.owl#Reaction_R-HSA-3247839
8825	http://purl.obolibrary.org/obo/go.owl#Reaction_R-HSA-5683986
8826	http://purl.obolibrary.org/obo/go.owl#Reaction_R-HSA-3772430
8827	http://purl.obolibrary.org/obo/go.owl#Reaction_R-HSA-9664883
8828	http://purl.obolibrary.org/obo/go.owl#Reaction_R-HSA-202165
8829	http://purl.obolibrary.org/obo/go.owl#Reaction_R-HSA-9830765
8830	http://purl.obolibrary.org/obo/go.owl#Reaction_R-HSA-5229343
8831	http://purl.obolibrary.org/obo/go.owl#Reaction_R-HSA-3240957
8832	http://purl.obolibrary.org/obo/go.owl#Reaction_R-HSA-917700
8833	http://purl.obolibrary.org/obo/go.owl#Reaction_R-HSA-8951486
8834	http://purl.obolibrary.org/obo/go.owl#Reaction_R-HSA-9705461
8835	http://purl.obolibrary.org/obo/go.owl#Reaction_R-HSA-427528
8836	http://purl.obolibrary.org/obo/go.owl#Reaction_R-HSA-1676048
8837	http://purl.obolibrary.org/obo/go.owl#Pathway_R-HSA-9623433
8838	http://purl.obolibrary.org/obo/go.owl#Reaction_R-HSA-8951690
8839	http://purl.obolibrary.org/obo/go.owl#Reaction_R-HSA-2752118
8840	http://purl.obolibrary.org/obo/go.owl#Reaction_R-HSA-8982012
8841	http://purl.obolibrary.org/obo/go.owl#Reaction_R-HSA-912458
8842	http://purl.obolibrary.org/obo/go.owl#Reaction_R-HSA-5669240
8843	http://purl.obolibrary.org/obo/go.owl#Reaction_R-HSA-216051
8844	http://purl.obolibrary.org/obo/go.owl#Reaction_R-HSA-9835944
8845	http://purl.obolibrary.org/obo/go.owl#Reaction_R-HSA-9922994
8846	http://purl.obolibrary.org/obo/go.owl#Reaction_R-HSA-9634584
8847	http://purl.obolibrary.org/obo/go.owl#Reaction_R-HSA-5660530
8848	http://purl.obolibrary.org/obo/go.owl#Reaction_R-HSA-2671839
8849	http://purl.obolibrary.org/obo/go.owl#Reaction_R-HSA-9735151
8850	http://purl.obolibrary.org/obo/go.owl#Reaction_R-HSA-2514867
8851	http://purl.obolibrary.org/obo/go.owl#Reaction_R-HSA-75885
8852	http://purl.obolibrary.org/obo/go.owl#Reaction_R-HSA-450490
8853	http://purl.obolibrary.org/obo/go.owl#Pathway_R-HSA-163560
8854	http://purl.obolibrary.org/obo/go.owl#Reaction_R-HSA-1433451
8855	http://purl.obolibrary.org/obo/go.owl#Reaction_R-HSA-9029690
8856	http://purl.obolibrary.org/obo/go.owl#Reaction_R-HSA-391168
8857	http://purl.obolibrary.org/obo/go.owl#Reaction_R-HSA-9606159
8858	http://purl.obolibrary.org/obo/go.owl#Reaction_R-HSA-2671855
8859	http://purl.obolibrary.org/obo/go.owl#Reaction_R-HSA-1980112
8860	http://purl.obolibrary.org/obo/go.owl#Reaction_R-HSA-9672158
8861	http://purl.obolibrary.org/obo/go.owl#Reaction_R-HSA-9665413
8862	http://purl.obolibrary.org/obo/go.owl#Pathway_R-HSA-9613354
8863	http://purl.obolibrary.org/obo/go.owl#Reaction_R-HSA-6814091
8864	http://purl.obolibrary.org/obo/go.owl#Reaction_R-HSA-975118
8865	http://purl.obolibrary.org/obo/go.owl#Reaction_R-HSA-69016
8866	http://purl.obolibrary.org/obo/go.owl#Reaction_R-HSA-9613530
8867	http://purl.obolibrary.org/obo/go.owl#Reaction_R-HSA-1791156
8868	http://purl.obolibrary.org/obo/go.owl#Reaction_R-HSA-9835443
8869	http://purl.obolibrary.org/obo/go.owl#Reaction_R-HSA-9011941
8870	http://purl.obolibrary.org/obo/go.owl#Reaction_R-HSA-6790987
8871	http://purl.obolibrary.org/obo/GO_0005576_instance
8872	http://purl.obolibrary.org/obo/go.owl#Reaction_R-HSA-1981104
8873	http://purl.obolibrary.org/obo/go.owl#Reaction_R-HSA-389919
8874	http://purl.obolibrary.org/obo/go.owl#Reaction_R-HSA-114553
8875	http://purl.obolibrary.org/obo/go.owl#Reaction_R-HSA-8959571
8876	http://purl.obolibrary.org/obo/go.owl#Reaction_R-HSA-9712083
8877	http://purl.obolibrary.org/obo/go.owl#Reaction_R-HSA-9674816
8878	http://purl.obolibrary.org/obo/GO_0042221_instance
8879	http://purl.obolibrary.org/obo/go.owl#Reaction_R-HSA-6790087
8880	http://purl.obolibrary.org/obo/go.owl#Reaction_R-HSA-914017
8881	http://purl.obolibrary.org/obo/go.owl#Reaction_R-HSA-3322422
8882	http://purl.obolibrary.org/obo/go.owl#Reaction_R-HSA-6784738
8883	http://purl.obolibrary.org/obo/go.owl#Reaction_R-HSA-9922984
8884	http://purl.obolibrary.org/obo/go.owl#Reaction_R-HSA-9703432
8885	http://purl.obolibrary.org/obo/go.owl#Reaction_R-HSA-3301345
8886	http://purl.obolibrary.org/obo/go.owl#Reaction_R-HSA-2730860
8887	http://purl.obolibrary.org/obo/go.owl#Reaction_R-HSA-9018825
8888	http://purl.obolibrary.org/obo/go.owl#Reaction_R-HSA-8866858
8889	http://purl.obolibrary.org/obo/go.owl#Reaction_R-HSA-159566
8890	http://purl.obolibrary.org/obo/go.owl#Reaction_R-HSA-2744242
8891	http://purl.obolibrary.org/obo/go.owl#Reaction_R-HSA-5682992
8892	http://purl.obolibrary.org/obo/GO_0009719_instance
8893	http://purl.obolibrary.org/obo/go.owl#Reaction_R-HSA-9710914
8894	http://purl.obolibrary.org/obo/go.owl#Reaction_R-HSA-112155
8895	http://purl.obolibrary.org/obo/go.owl#Reaction_R-HSA-9699575
8896	http://purl.obolibrary.org/obo/go.owl#Reaction_R-HSA-9909631
8897	http://purl.obolibrary.org/obo/go.owl#Pathway_R-HSA-5358565
8898	http://purl.obolibrary.org/obo/go.owl#Reaction_R-HSA-9836159
8899	http://purl.obolibrary.org/obo/go.owl#Reaction_R-HSA-112430
8900	http://purl.obolibrary.org/obo/go.owl#Pathway_R-HSA-9948001
8901	http://purl.obolibrary.org/obo/go.owl#Reaction_R-HSA-5654392
8902	http://purl.obolibrary.org/obo/go.owl#Reaction_R-HSA-381707
8903	http://purl.obolibrary.org/obo/go.owl#Reaction_R-HSA-3927959
8904	http://purl.obolibrary.org/obo/go.owl#Reaction_R-HSA-5632672
8905	http://purl.obolibrary.org/obo/go.owl#Reaction_R-HSA-9603407
8906	http://purl.obolibrary.org/obo/go.owl#Reaction_R-HSA-2130486
8907	http://purl.obolibrary.org/obo/go.owl#Reaction_R-HSA-9033526
8908	http://purl.obolibrary.org/obo/go.owl#Reaction_R-HSA-1112727
8909	http://purl.obolibrary.org/obo/go.owl#Reaction_R-HSA-3223200
8910	http://purl.obolibrary.org/obo/go.owl#Reaction_R-NUL-9717576
8911	http://purl.obolibrary.org/obo/go.owl#Reaction_R-HSA-2317531
8912	http://purl.obolibrary.org/obo/go.owl#Pathway_R-HSA-9036092
8913	http://purl.obolibrary.org/obo/go.owl#Reaction_R-HSA-5696131
8914	http://purl.obolibrary.org/obo/go.owl#Reaction_R-HSA-382053
8915	http://purl.obolibrary.org/obo/go.owl#Reaction_R-HSA-9861667
8916	http://purl.obolibrary.org/obo/go.owl#Pathway_R-HSA-9755088
8917	http://purl.obolibrary.org/obo/go.owl#Reaction_R-HSA-2730752
8918	http://purl.obolibrary.org/obo/go.owl#Reaction_R-HSA-199298
8919	http://purl.obolibrary.org/obo/go.owl#Reaction_R-HSA-5661124
8920	http://purl.obolibrary.org/obo/go.owl#Reaction_R-HSA-437162
8921	http://purl.obolibrary.org/obo/go.owl#Reaction_R-HSA-9725342
8922	http://purl.obolibrary.org/obo/go.owl#Reaction_R-HSA-1237325
8923	http://purl.obolibrary.org/obo/go.owl#Reaction_R-HSA-5632674
8924	http://purl.obolibrary.org/obo/go.owl#Reaction_R-HSA-139920
8925	http://purl.obolibrary.org/obo/go.owl#Pathway_R-HSA-3359462
8926	http://purl.obolibrary.org/obo/go.owl#Reaction_R-HSA-9844375
8927	http://purl.obolibrary.org/obo/go.owl#Reaction_R-HSA-997263
8928	http://purl.obolibrary.org/obo/go.owl#Reaction_R-HSA-912496
8929	http://purl.obolibrary.org/obo/go.owl#Reaction_R-HSA-2309779
8930	http://purl.obolibrary.org/obo/go.owl#Reaction_R-HSA-9908721
8931	http://purl.obolibrary.org/obo/go.owl#Reaction_R-HSA-847070
8932	http://purl.obolibrary.org/obo/go.owl#Reaction_R-HSA-9036020
8933	http://purl.obolibrary.org/obo/go.owl#Reaction_R-HSA-9907919
8934	http://purl.obolibrary.org/obo/go.owl#Reaction_R-HSA-9687377
8935	http://purl.obolibrary.org/obo/go.owl#Reaction_R-HSA-9860816
8936	http://purl.obolibrary.org/obo/go.owl#Reaction_R-HSA-9817512
8937	http://purl.obolibrary.org/obo/go.owl#Reaction_R-HSA-2220971
8938	http://purl.obolibrary.org/obo/go.owl#Reaction_R-HSA-3223236
8939	http://purl.obolibrary.org/obo/go.owl#Reaction_R-HSA-113451
8940	http://purl.obolibrary.org/obo/go.owl#Reaction_R-HSA-77593
8941	http://purl.obolibrary.org/obo/go.owl#Reaction_R-HSA-917933
8942	http://purl.obolibrary.org/obo/go.owl#Reaction_R-HSA-8953452
8943	http://purl.obolibrary.org/obo/go.owl#Reaction_R-HSA-211651
8944	http://purl.obolibrary.org/obo/go.owl#Reaction_R-HSA-2162226
8945	http://purl.obolibrary.org/obo/go.owl#Reaction_R-HSA-139898
8946	http://purl.obolibrary.org/obo/go.owl#Reaction_R-HSA-9839073
8947	http://purl.obolibrary.org/obo/go.owl#Reaction_R-HSA-9693929
8948	http://purl.obolibrary.org/obo/go.owl#Reaction_R-HSA-391158
8949	http://purl.obolibrary.org/obo/go.owl#Reaction_R-HSA-352354
8950	http://purl.obolibrary.org/obo/go.owl#Reaction_R-HSA-9665009
8951	http://purl.obolibrary.org/obo/go.owl#Reaction_R-HSA-1981128
8952	http://purl.obolibrary.org/obo/go.owl#Reaction_R-HSA-8853956
8953	http://purl.obolibrary.org/obo/go.owl#Reaction_R-NUL-211643
8954	http://purl.obolibrary.org/obo/go.owl#Reaction_R-HSA-9665232
8955	http://purl.obolibrary.org/obo/go.owl#Reaction_R-HSA-159358
8956	http://purl.obolibrary.org/obo/go.owl#Reaction_R-NUL-421733
8957	http://purl.obolibrary.org/obo/go.owl#Reaction_R-HSA-5685608
8958	http://purl.obolibrary.org/obo/go.owl#Reaction_R-HSA-5675790
8959	http://purl.obolibrary.org/obo/go.owl#Reaction_R-NUL-9625772
8960	http://purl.obolibrary.org/obo/go.owl#Reaction_R-HSA-3769394
8961	http://purl.obolibrary.org/obo/go.owl#Reaction_R-HSA-9851139
8962	http://purl.obolibrary.org/obo/go.owl#Reaction_R-HSA-6789092
8963	http://purl.obolibrary.org/obo/go.owl#Reaction_R-HSA-109822
8964	http://purl.obolibrary.org/obo/go.owl#Reaction_R-HSA-4086036
8965	http://purl.obolibrary.org/obo/go.owl#Reaction_R-HSA-391153
8966	http://purl.obolibrary.org/obo/go.owl#Reaction_R-HSA-9640195
8967	http://purl.obolibrary.org/obo/go.owl#Reaction_R-HSA-8939706
8968	http://purl.obolibrary.org/obo/go.owl#Reaction_R-NUL-2065178
8969	http://purl.obolibrary.org/obo/go.owl#Reaction_R-HSA-9033240
8970	http://purl.obolibrary.org/obo/go.owl#Reaction_R-NUL-428884
8971	http://purl.obolibrary.org/obo/go.owl#Reaction_R-NUL-2064264
8972	http://purl.obolibrary.org/obo/go.owl#Reaction_R-HSA-1454699
8973	http://purl.obolibrary.org/obo/go.owl#Reaction_R-HSA-187661
8974	http://purl.obolibrary.org/obo/go.owl#Reaction_R-HSA-994137
8975	http://purl.obolibrary.org/obo/go.owl#Reaction_R-HSA-5672008
8976	http://purl.obolibrary.org/obo/go.owl#Reaction_R-HSA-9024993
8977	http://purl.obolibrary.org/obo/go.owl#Reaction_R-HSA-9932843
8978	http://purl.obolibrary.org/obo/go.owl#Pathway_R-HSA-2028269
8979	http://purl.obolibrary.org/obo/go.owl#Reaction_R-HSA-216050
8980	http://purl.obolibrary.org/obo/go.owl#Reaction_R-HSA-9909374
8981	http://purl.obolibrary.org/obo/go.owl#Reaction_R-HSA-9930059
8982	http://purl.obolibrary.org/obo/go.owl#Reaction_R-HSA-9823849
8983	http://purl.obolibrary.org/obo/go.owl#Reaction_R-HSA-209840
8984	http://purl.obolibrary.org/obo/go.owl#Reaction_R-HSA-914005
8985	http://purl.obolibrary.org/obo/go.owl#Pathway_R-HSA-8964540
8986	http://purl.obolibrary.org/obo/go.owl#Reaction_R-HSA-5659781
8987	http://purl.obolibrary.org/obo/go.owl#Reaction_R-HSA-3296477
8988	http://purl.obolibrary.org/obo/go.owl#Reaction_R-HSA-8951766
8989	http://purl.obolibrary.org/obo/go.owl#Reaction_R-HSA-193661
8990	http://purl.obolibrary.org/obo/go.owl#Reaction_R-HSA-157353
8991	http://purl.obolibrary.org/obo/go.owl#Pathway_R-HSA-5684045
8992	http://purl.obolibrary.org/obo/go.owl#Pathway_R-HSA-9710421
8993	http://purl.obolibrary.org/obo/go.owl#Reaction_R-HSA-9734547
8994	http://purl.obolibrary.org/obo/go.owl#Reaction_R-NUL-4084922
8995	http://purl.obolibrary.org/obo/go.owl#Reaction_R-HSA-391940
8996	http://purl.obolibrary.org/obo/go.owl#Reaction_R-HSA-5684043
8997	http://purl.obolibrary.org/obo/go.owl#Reaction_R-HSA-9942511
8998	http://purl.obolibrary.org/obo/GO_0006357_instance
8999	http://purl.obolibrary.org/obo/go.owl#Reaction_R-HSA-2161620
9000	http://purl.obolibrary.org/obo/go.owl#Reaction_R-HSA-994140
9001	http://purl.obolibrary.org/obo/go.owl#Reaction_R-HSA-9909400
9002	http://purl.obolibrary.org/obo/go.owl#Reaction_R-HSA-5682690
9003	http://purl.obolibrary.org/obo/go.owl#Reaction_R-HSA-9759202
9004	http://purl.obolibrary.org/obo/go.owl#Reaction_R-HSA-5617462
9005	http://purl.obolibrary.org/obo/go.owl#Reaction_R-HSA-1981157
9006	http://purl.obolibrary.org/obo/go.owl#Reaction_R-HSA-8982703
9007	http://purl.obolibrary.org/obo/go.owl#Reaction_R-HSA-5672824
9008	http://purl.obolibrary.org/obo/go.owl#Reaction_R-HSA-5663138
9009	http://purl.obolibrary.org/obo/go.owl#Reaction_R-HSA-9664918
9010	http://purl.obolibrary.org/obo/go.owl#Reaction_R-HSA-5620918
9011	http://purl.obolibrary.org/obo/go.owl#Reaction_R-HSA-9703440
9012	http://purl.obolibrary.org/obo/go.owl#Reaction_R-HSA-8985983
9013	http://purl.obolibrary.org/obo/go.owl#Reaction_R-HSA-9948360
9014	http://purl.obolibrary.org/obo/go.owl#Reaction_R-HSA-6811504
9015	http://purl.obolibrary.org/obo/go.owl#Reaction_R-HSA-3782655
9016	http://purl.obolibrary.org/obo/go.owl#Reaction_R-HSA-9823966
9017	http://purl.obolibrary.org/obo/go.owl#Pathway_R-HSA-5619060
9018	http://purl.obolibrary.org/obo/go.owl#Reaction_R-HSA-549424
9019	http://purl.obolibrary.org/obo/go.owl#Reaction_R-HSA-8948224
9020	http://purl.obolibrary.org/obo/go.owl#Pathway_R-HSA-177128
9021	http://purl.obolibrary.org/obo/go.owl#Reaction_R-HSA-5244692
9022	http://purl.obolibrary.org/obo/go.owl#Reaction_R-HSA-6811429
9023	http://purl.obolibrary.org/obo/go.owl#Reaction_R-HSA-9701141
9024	http://purl.obolibrary.org/obo/go.owl#Reaction_R-HSA-9922273
9025	http://purl.obolibrary.org/obo/go.owl#Reaction_R-HSA-9861324
9026	http://purl.obolibrary.org/obo/go.owl#Reaction_R-HSA-202245
9027	http://purl.obolibrary.org/obo/go.owl#Reaction_R-HSA-5610767
9028	http://purl.obolibrary.org/obo/go.owl#Pathway_R-HSA-9665244
9029	http://purl.obolibrary.org/obo/go.owl#Reaction_R-HSA-9603279
9030	http://purl.obolibrary.org/obo/go.owl#Reaction_R-HSA-9646390
9031	http://purl.obolibrary.org/obo/go.owl#Reaction_R-HSA-1011598
9032	http://purl.obolibrary.org/obo/go.owl#Reaction_R-HSA-5082409
9033	http://purl.obolibrary.org/obo/go.owl#Pathway_R-HSA-9696273
9034	http://purl.obolibrary.org/obo/go.owl#Reaction_R-HSA-4551655
9035	http://purl.obolibrary.org/obo/go.owl#Reaction_R-HSA-391157
9036	http://purl.obolibrary.org/obo/go.owl#Reaction_R-HSA-9674550
9037	http://purl.obolibrary.org/obo/go.owl#Reaction_R-HSA-9703435
9038	http://purl.obolibrary.org/obo/go.owl#Reaction_R-HSA-9677051
9039	http://purl.obolibrary.org/obo/go.owl#Reaction_R-HSA-8850356
9040	http://purl.obolibrary.org/obo/go.owl#Reaction_R-HSA-9690493
9041	http://purl.obolibrary.org/obo/go.owl#Reaction_R-HSA-1236967
9042	http://purl.obolibrary.org/obo/go.owl#Reaction_R-HSA-198955
9043	http://purl.obolibrary.org/obo/go.owl#Reaction_R-HSA-9664567
9044	http://purl.obolibrary.org/obo/go.owl#Reaction_R-HSA-6804485
9045	http://purl.obolibrary.org/obo/go.owl#Reaction_R-HSA-984648
9046	http://purl.obolibrary.org/obo/go.owl#Reaction_R-HSA-4085372
9047	http://purl.obolibrary.org/obo/go.owl#Reaction_R-HSA-2299677
9048	http://purl.obolibrary.org/obo/go.owl#Reaction_R-HSA-8848812
9049	http://purl.obolibrary.org/obo/go.owl#Reaction_R-HSA-4085318
9050	http://purl.obolibrary.org/obo/go.owl#Reaction_R-HSA-450406
9051	http://purl.obolibrary.org/obo/GO_0006366_instance
9052	http://purl.obolibrary.org/obo/go.owl#Reaction_R-HSA-9860571
9053	http://purl.obolibrary.org/obo/go.owl#Reaction_R-HSA-429978
9054	http://purl.obolibrary.org/obo/GO_0045333_instance
9055	http://purl.obolibrary.org/obo/go.owl#Reaction_R-HSA-8855381
9056	http://purl.obolibrary.org/obo/go.owl#Pathway_R-HSA-71384
9057	http://purl.obolibrary.org/obo/go.owl#Reaction_R-NUL-9009236
9058	http://purl.obolibrary.org/obo/go.owl#Reaction_R-HSA-5683964
9059	http://purl.obolibrary.org/obo/go.owl#Reaction_R-HSA-9865215
9060	http://purl.obolibrary.org/obo/go.owl#Reaction_R-HSA-202291
9061	http://purl.obolibrary.org/obo/go.owl#Reaction_R-HSA-9652165
9062	http://purl.obolibrary.org/obo/go.owl#Reaction_R-HSA-9640167
9063	http://purl.obolibrary.org/obo/go.owl#Reaction_R-HSA-8987230
9064	http://purl.obolibrary.org/obo/go.owl#Reaction_R-HSA-914010
9065	http://purl.obolibrary.org/obo/go.owl#Reaction_R-HSA-5654729
9066	http://purl.obolibrary.org/obo/go.owl#Reaction_R-HSA-4084910
9067	http://purl.obolibrary.org/obo/go.owl#Reaction_R-HSA-2990840
9068	http://purl.obolibrary.org/obo/go.owl#Reaction_R-HSA-194674
9069	http://purl.obolibrary.org/obo/go.owl#Reaction_R-HSA-379867
9070	http://purl.obolibrary.org/obo/go.owl#Reaction_R-HSA-1433542
9071	http://purl.obolibrary.org/obo/go.owl#Reaction_R-HSA-9665388
9072	http://purl.obolibrary.org/obo/go.owl#Reaction_R-HSA-452838
9073	http://purl.obolibrary.org/obo/go.owl#Reaction_R-HSA-9860796
9074	http://purl.obolibrary.org/obo/go.owl#Reaction_R-HSA-5687109
9075	http://purl.obolibrary.org/obo/go.owl#Reaction_R-HSA-9822185
9076	http://purl.obolibrary.org/obo/go.owl#Reaction_R-HSA-9925861
9077	http://purl.obolibrary.org/obo/go.owl#Reaction_R-HSA-1791102
9078	http://purl.obolibrary.org/obo/go.owl#Pathway_R-HSA-549127
9079	http://purl.obolibrary.org/obo/go.owl#Reaction_R-HSA-163664
9080	http://purl.obolibrary.org/obo/go.owl#Reaction_R-HSA-9933585
9081	http://purl.obolibrary.org/obo/go.owl#Reaction_R-HSA-8878702
9082	http://purl.obolibrary.org/obo/go.owl#Reaction_R-HSA-9861484
9083	http://purl.obolibrary.org/obo/go.owl#Protein_RABL2B
9084	http://purl.obolibrary.org/obo/go.owl#Reaction_R-HSA-111237
9085	http://purl.obolibrary.org/obo/go.owl#Reaction_R-HSA-389964
9086	http://purl.obolibrary.org/obo/go.owl#Reaction_R-HSA-2484965
9087	http://purl.obolibrary.org/obo/go.owl#Reaction_R-HSA-8956365
9088	http://purl.obolibrary.org/obo/go.owl#Reaction_R-NUL-1250500
9089	http://purl.obolibrary.org/obo/go.owl#Reaction_R-HSA-917891
9090	http://purl.obolibrary.org/obo/go.owl#Reaction_R-HSA-5661125
9091	http://purl.obolibrary.org/obo/go.owl#Pathway_R-HSA-3359469
9092	http://purl.obolibrary.org/obo/go.owl#Reaction_R-NUL-9625758
9093	http://purl.obolibrary.org/obo/go.owl#Reaction_R-HSA-113446
9094	http://purl.obolibrary.org/obo/go.owl#Reaction_R-HSA-9925862
9095	http://purl.obolibrary.org/obo/go.owl#Pathway_R-HSA-727802
9096	http://purl.obolibrary.org/obo/go.owl#Reaction_R-HSA-9698000
9097	http://purl.obolibrary.org/obo/go.owl#Reaction_R-HSA-9827995
9098	http://purl.obolibrary.org/obo/go.owl#Pathway_R-HSA-417973
9099	http://purl.obolibrary.org/obo/go.owl#Reaction_R-HSA-190877
9100	http://purl.obolibrary.org/obo/go.owl#Reaction_R-HSA-9865238
9101	http://purl.obolibrary.org/obo/go.owl#Reaction_R-HSA-113705
9102	http://purl.obolibrary.org/obo/go.owl#Reaction_R-HSA-879770
9103	http://purl.obolibrary.org/obo/go.owl#Reaction_R-HSA-5653754
9104	http://purl.obolibrary.org/obo/go.owl#Reaction_R-HSA-4411383
9105	http://purl.obolibrary.org/obo/GO_0008154_instance
9106	http://purl.obolibrary.org/obo/go.owl#Reaction_R-HSA-8982020
9107	http://purl.obolibrary.org/obo/go.owl#Reaction_R-NUL-2317526
9108	http://purl.obolibrary.org/obo/go.owl#Reaction_R-HSA-9698003
9109	http://purl.obolibrary.org/obo/go.owl#Reaction_R-HSA-373734
9110	http://purl.obolibrary.org/obo/go.owl#Reaction_R-HSA-8855648
9111	http://purl.obolibrary.org/obo/go.owl#Reaction_R-HSA-203565
9112	http://purl.obolibrary.org/obo/go.owl#Reaction_R-HSA-5685603
9113	http://purl.obolibrary.org/obo/go.owl#Reaction_R-HSA-382613
9114	http://purl.obolibrary.org/obo/go.owl#Reaction_R-NUL-8867463
9115	http://purl.obolibrary.org/obo/go.owl#Reaction_R-HSA-432237
9116	http://purl.obolibrary.org/obo/go.owl#Reaction_R-HSA-9851112
9117	http://purl.obolibrary.org/obo/go.owl#Pathway_R-HSA-9830364
9118	http://purl.obolibrary.org/obo/go.owl#Reaction_R-HSA-174741
9119	http://purl.obolibrary.org/obo/go.owl#Reaction_R-NUL-9842870
9120	http://purl.obolibrary.org/obo/go.owl#Reaction_R-NUL-1675886
9121	http://purl.obolibrary.org/obo/go.owl#Reaction_R-NUL-212920
9122	http://purl.obolibrary.org/obo/go.owl#Reaction_R-HSA-9828027
9123	http://purl.obolibrary.org/obo/GO_0002253_instance
9124	http://purl.obolibrary.org/obo/go.owl#Reaction_R-HSA-9932449
9125	http://purl.obolibrary.org/obo/go.owl#Reaction_R-HSA-8937191
9126	http://purl.obolibrary.org/obo/go.owl#Reaction_R-HSA-352371
9127	http://purl.obolibrary.org/obo/go.owl#Reaction_R-HSA-9698008
9128	http://purl.obolibrary.org/obo/go.owl#Reaction_R-NUL-2161160
9129	http://purl.obolibrary.org/obo/go.owl#Reaction_R-NUL-2186755
9130	http://purl.obolibrary.org/obo/go.owl#Reaction_R-NUL-9717194
9131	http://purl.obolibrary.org/obo/go.owl#Pathway_R-HSA-111367
9132	http://purl.obolibrary.org/obo/GO_0030099_instance
9133	http://purl.obolibrary.org/obo/go.owl#Reaction_R-NUL-997411
9134	http://purl.obolibrary.org/obo/go.owl#Reaction_R-NUL-9913739
9135	http://purl.obolibrary.org/obo/go.owl#Reaction_R-HSA-4084903
9136	http://purl.obolibrary.org/obo/go.owl#Reaction_R-HSA-549428
9137	http://purl.obolibrary.org/obo/go.owl#Reaction_R-HSA-203662
9138	http://purl.obolibrary.org/obo/go.owl#Reaction_R-NUL-2752136
9139	http://purl.obolibrary.org/obo/go.owl#Reaction_R-HSA-1678650
9140	http://purl.obolibrary.org/obo/go.owl#Reaction_R-HSA-9693250
9141	http://purl.obolibrary.org/obo/go.owl#Pathway_R-HSA-73780
9142	http://purl.obolibrary.org/obo/GO_0007020_instance
9143	http://purl.obolibrary.org/obo/go.owl#Pathway_R-HSA-9827857
9144	http://purl.obolibrary.org/obo/GO_0006900_instance
9145	http://purl.obolibrary.org/obo/go.owl#Reaction_R-HSA-9823977
9146	http://purl.obolibrary.org/obo/go.owl#Reaction_R-HSA-1483186
9147	http://purl.obolibrary.org/obo/go.owl#Reaction_R-HSA-4086132
9148	http://purl.obolibrary.org/obo/GO_0072657_instance
9149	http://purl.obolibrary.org/obo/go.owl#Reaction_R-NUL-9033896
9150	http://purl.obolibrary.org/obo/GO_0098590_instance
9151	http://purl.obolibrary.org/obo/go.owl#Reaction_R-HSA-2327886
9152	http://purl.obolibrary.org/obo/go.owl#Reaction_R-HSA-9912396
9153	http://purl.obolibrary.org/obo/go.owl#Reaction_R-HSA-8981534
9154	http://purl.obolibrary.org/obo/go.owl#Reaction_R-HSA-216064
9155	http://purl.obolibrary.org/obo/go.owl#Reaction_R-HSA-5655481
9156	http://purl.obolibrary.org/obo/go.owl#Reaction_R-HSA-5663170
9157	http://purl.obolibrary.org/obo/GO_0005575_instance
9158	http://purl.obolibrary.org/obo/go.owl#Reaction_R-HSA-2534096
9159	http://purl.obolibrary.org/obo/GO_0005682_instance
9160	http://purl.obolibrary.org/obo/GO_0004672_instance
9161	http://purl.obolibrary.org/obo/go.owl#Reaction_R-HSA-5653840
9162	http://purl.obolibrary.org/obo/go.owl#Reaction_R-NUL-9619973
9163	http://purl.obolibrary.org/obo/go.owl#Reaction_R-NUL-1250472
9164	http://purl.obolibrary.org/obo/go.owl#Reaction_R-HSA-2327746
9165	http://purl.obolibrary.org/obo/GO_0140014_instance
9166	http://purl.obolibrary.org/obo/GO_0006091_instance
9167	http://purl.obolibrary.org/obo/GO_0006414_instance
9168	http://purl.obolibrary.org/obo/go.owl#Reaction_R-NUL-9646387
9169	http://purl.obolibrary.org/obo/go.owl#Reaction_R-HSA-5663127
9170	http://purl.obolibrary.org/obo/go.owl#Reaction_R-HSA-5663124
9171	http://purl.obolibrary.org/obo/GO_0010948_instance
9172	http://purl.obolibrary.org/obo/go.owl#Reaction_R-NUL-2161165
9173	http://purl.obolibrary.org/obo/go.owl#Reaction_R-NUL-9622814
9174	http://purl.obolibrary.org/obo/go.owl#Reaction_R-NUL-2467431
9175	http://purl.obolibrary.org/obo/GO_0016755_instance
9176	http://purl.obolibrary.org/obo/GO_2000026_instance
9177	http://purl.obolibrary.org/obo/go.owl#Reaction_R-NUL-9619539
9178	http://purl.obolibrary.org/obo/GO_0071944_instance
9179	http://purl.obolibrary.org/obo/go.owl#Reaction_R-NUL-2186736
9180	http://purl.obolibrary.org/obo/GO_0005667_instance
9181	http://purl.obolibrary.org/obo/go.owl#Reaction_R-NUL-2197556
9182	http://purl.obolibrary.org/obo/go.owl#Reaction_R-HSA-9923010
9183	http://purl.obolibrary.org/obo/GO_0140168_instance
9184	http://purl.obolibrary.org/obo/GO_0005840_instance
9185	http://purl.obolibrary.org/obo/go.owl#Reaction_R-NUL-4396363
9186	http://purl.obolibrary.org/obo/go.owl#Reaction_R-NUL-2161147
