entity,id
Protein_POU2F2,0
GO_0051240_instance,1
Sample_GSM1318027,2
Protein_RAB9A,3
Sample_GSM1317973,4
Protein_SNAP23,5
Protein_ABAT,6
GO_0019899_instance,7
Sample_GSM1317952,8
Protein_GABARAPL2,9
Sample_GSM1318051,10
Protein_DCAF7,11
Sample_GSM1317977,12
Protein_SEC22C,13
Protein_CUL4A,14
Reaction_R-HSA-6782224,15
Reaction_R-HSA-9664862,16
Pathway_R-HSA-9612973,17
Protein_RBM4,18
Protein_SNRPC,19
Sample_GSM1318004,20
Protein_MKRN2,21
Protein_TERF1,22
Reaction_R-HSA-163120,23
Sample_GSM1318016,24
Protein_MAN2B2,25
Sample_GSM1317905,26
Protein_ADNP,27
Protein_RPS6KA3,28
Pathway_R-HSA-166016,29
Sample_GSM1318038,30
Protein_PTMA,31
Protein_ZNF25,32
GO_0044238_instance,33
Protein_ETS1,34
GO_0009605_instance,35
Protein_PAM16,36
GO_0051641_instance,37
Reaction_R-HSA-198746,38
Pathway_R-HSA-166058,39
Protein_DCP1A,40
GO_0043226_instance,41
Protein_MOV10,42
GO_0009893_instance,43
Protein_SCAF1,44
Pathway_R-HSA-9707564,45
Sample_GSM1317994,46
Protein_AK2,47
Sample_GSM1318018,48
Protein_HK2,49
Sample_GSM1317945,50
Protein_SRXN1,51
Reaction_R-HSA-445072,52
Pathway_R-HSA-9675108,53
Sample_GSM1317950,54
Protein_CDC5L,55
Sample_GSM1317992,56
Protein_SWSAP1,57
Protein_FNTA,58
GO_0050789_instance,59
Protein_CRLF3,60
Sample_GSM1317933,61
Protein_DLD,62
Sample_GSM1317997,63
Protein_EIF1B,64
Sample_GSM1318006,65
Protein_PRPSAP2,66
Sample_GSM1317896,67
Protein_DCAF6,68
Sample_GSM1318032,69
Protein_PELI2,70
Reaction_R-HSA-451649,71
Pathway_R-HSA-168164,72
Sample_GSM1317961,73
Protein_ZFP36,74
Sample_GSM1318045,75
Protein_PRPF18,76
Protein_IKBKE,77
GO_0080090_instance,78
Protein_CLTC,79
GO_0005925_instance,80
Protein_PAIP2,81
GO_0010556_instance,82
Protein_TCN2,83
GO_0110165_instance,84
Protein_UQCRC1,85
Reaction_R-HSA-164651,86
Protein_RBBP4,87
GO_1902494_instance,88
Protein_SPSB1,89
GO_0019538_instance,90
Sample_GSM1318010,91
Protein_GRB2,92
Reaction_R-HSA-69016,93
Pathway_R-HSA-69242,94
Reaction_R-HSA-9013157,95
Protein_FYN,96
GO_0009968_instance,97
Sample_GSM1317990,98
Protein_PAK2,99
Reaction_R-HSA-1358798,100
Pathway_R-HSA-9006934,101
Protein_PAK1,102
GO_0071495_instance,103
Sample_GSM1317946,104
Protein_VNN2,105
Sample_GSM1317925,106
Protein_PSME2,107
Protein_LMBRD1,108
Protein_MOGS,109
Protein_MRPL11,110
Pathway_R-HSA-9937383,111
Sample_GSM1318054,112
Protein_POLR2J3,113
Reaction_R-HSA-9610166,114
Pathway_R-HSA-162582,115
Sample_GSM1317947,116
Protein_IMPA1,117
Protein_HIF1A,118
GO_0009966_instance,119
Sample_GSM1318040,120
Protein_GART,121
Sample_GSM1318052,122
Protein_TXNL1,123
Protein_UBA1,124
GO_0140096_instance,125
Protein_CNN2,126
GO_0019222_instance,127
Pathway_R-HSA-983189,128
Pathway_R-HSA-109582,129
Sample_GSM1317917,130
Protein_CHMP1B,131
Protein_EIF4E,132
GO_0050793_instance,133
GO_0010628_instance,134
Protein_PTGES3,135
Sample_GSM1318048,136
Protein_AFTPH,137
Protein_STX10,138
Protein_SPI1,139
GO_0032879_instance,140
Sample_GSM1317951,141
Protein_EIF3M,142
Reaction_R-HSA-8964550,143
Pathway_R-HSA-1640170,144
Protein_DR1,145
Protein_RGS18,146
GO_0003824_instance,147
Sample_GSM1317924,148
Protein_H1-10,149
Protein_BLOC1S1,150
GO_0005769_instance,151
Sample_GSM1317911,152
Protein_INPP5D,153
Protein_NUS1,154
GO_0051049_instance,155
Sample_GSM1317959,156
Protein_CALR,157
Protein_WTAP,158
GO_0031967_instance,159
Protein_TMEM64,160
Sample_GSM1317975,161
Protein_SLPI,162
Sample_GSM1318043,163
Protein_MARCHF7,164
Sample_GSM1317998,165
Protein_EIF3A,166
Protein_RPS7,167
GO_0042981_instance,168
Sample_GSM1317958,169
Protein_NFIC,170
Protein_RPP25,171
GO_0005634_instance,172
Protein_ROCK1,173
GO_0010557_instance,174
Sample_GSM1318044,175
Protein_PTPRC,176
GO_0016192_instance,177
Sample_GSM1318053,178
Protein_RAB22A,179
Reaction_R-HSA-1169402,180
Pathway_R-HSA-1169408,181
Protein_KRAS,182
Protein_DCTN1,183
GO_0046907_instance,184
Sample_GSM1317984,185
Protein_SUPT5H,186
Sample_GSM1318049,187
Protein_JKAMP,188
Sample_GSM1317915,189
Protein_FASTKD5,190
Protein_ABHD17B,191
Sample_GSM1317900,192
Protein_UBE2G1,193
Sample_GSM1317974,194
Protein_STK26,195
Protein_ACTB,196
GO_0006897_instance,197
Reaction_R-HSA-8987255,198
Pathway_R-HSA-168256,199
Protein_PRKD2,200
GO_1902531_instance,201
Reaction_R-HSA-75862,202
Pathway_R-HSA-74160,203
Reaction_R-HSA-204434,204
Pathway_R-HSA-216083,205
Sample_GSM1317971,206
Protein_STRAP,207
Sample_GSM1317928,208
Protein_DDT,209
Protein_MAX,210
Pathway_R-HSA-212436,211
Sample_GSM1318025,212
Protein_DSTN,213
Sample_GSM1317985,214
GO_0051052_instance,215
Sample_GSM1317943,216
Protein_TSPYL1,217
Protein_ATXN7L3,218
GO_1902680_instance,219
Sample_GSM1317982,220
Protein_DRG1,221
Reaction_R-HSA-5693390,222
Pathway_R-HSA-556833,223
Protein_MAP7D3,224
GO_0043228_instance,225
Sample_GSM1317932,226
Protein_RNF40,227
Protein_RNF38,228
GO_0000209_instance,229
Reaction_R-HSA-75873,230
Pathway_R-HSA-73857,231
Sample_GSM1317942,232
Protein_APEH,233
Sample_GSM1318046,234
Protein_ERAP2,235
Sample_GSM1317941,236
Protein_PPP1R14B,237
Sample_GSM1317919,238
Protein_RAB11FIP1,239
Protein_CNEP1R1,240
Protein_RNF26,241
Sample_GSM1318037,242
Protein_DUSP11,243
Protein_HMGB1,244
Reaction_R-HSA-879411,245
Sample_GSM1317913,246
Protein_BCL11A,247
Reaction_R-HSA-399934,248
Sample_GSM1317972,249
Protein_HPS6,250
Protein_NCBP2,251
Reaction_R-HSA-75083,252
Pathway_R-HSA-9830674,253
Pathway_R-HSA-1266738,254
Sample_GSM1317904,255
GO_0005654_instance,256
Protein_FCGR3A,257
Protein_CDC26,258
GO_0005488_instance,259
Sample_GSM1318015,260
Protein_RSU1,261
Reaction_R-HSA-5607759,262
Pathway_R-HSA-5607764,263
Reaction_R-HSA-167429,264
Pathway_R-HSA-418594,265
Sample_GSM1317989,266
Sample_GSM1317991,267
Protein_LILRA2,268
Protein_ACOX1,269
Protein_AP5M1,270
Protein_BLOC1S6,271
GO_0051179_instance,272
Sample_GSM1317986,273
Reaction_R-HSA-9032761,274
Protein_ISY1,275
Pathway_R-HSA-6782135,276
Protein_ISG15,277
Protein_TAF2,278
Sample_GSM1317967,279
Protein_CMPK1,280
Protein_DECR1,281
Protein_TBC1D2B,282
Protein_RNPS1,283
GO_0006351_instance,284
Protein_NUB1,285
Protein_PTGER4,286
Protein_RNF216,287
Protein_AOC1,288
Pathway_R-HSA-211945,289
Sample_GSM1317902,290
Protein_TOPBP1,291
Protein_PHF23,292
Reaction_R-HSA-5690740,293
Pathway_R-HSA-1280218,294
Protein_KDM3A,295
Protein_ARPP19,296
Protein_IDH2,297
GO_1903561_instance,298
Reaction_R-HSA-508292,299
Pathway_R-HSA-1280215,300
Protein_PCBP1,301
Sample_GSM1317978,302
Protein_NDUFA11,303
Protein_CYBC1,304
Protein_PPP3CA,305
GO_0022402_instance,306
Pathway_R-HSA-450321,307
Pathway_R-HSA-975871,308
Protein_STK11IP,309
GO_0043227_instance,310
Protein_L3MBTL2,311
GO_0070013_instance,312
Protein_PRC1,313
Protein_ABCF1,314
Sample_GSM1317912,315
Sample_GSM1317916,316
Protein_DARS1,317
Protein_EEF1D,318
Protein_MIEF1,319
GO_0036094_instance,320
Pathway_R-HSA-9664323,321
Pathway_R-HSA-5663205,322
Protein_NF1,323
GO_0071840_instance,324
Sample_GSM1317899,325
Protein_TMEM43,326
GO_0005783_instance,327
Protein_ATN1,328
GO_0060255_instance,329
Sample_GSM1318033,330
Protein_TMED7,331
Sample_GSM1317906,332
Protein_GORASP1,333
Sample_GSM1318057,334
Protein_TMEM147,335
Protein_KPNA6,336
Sample_GSM1317981,337
Protein_AKAP8L,338
Protein_MEX3C,339
Pathway_0000000,340
Sample_GSM1317960,341
Protein_NUP50,342
Protein_CCNG1,343
Protein_RPS9,344
Sample_GSM1318024,345
Protein_PKN1,346
Protein_H4C3,347
Reaction_R-HSA-9854130,348
Sample_GSM1318000,349
Protein_TWSG1,350
Protein_ERGIC2,351
Protein_MBP,352
Protein_KMT2E,353
Sample_GSM1317983,354
Protein_PCNX3,355
Protein_SHC1,356
Reaction_R-HSA-2396561,357
Sample_GSM1317966,358
Protein_TATDN2,359
Protein_SURF4,360
Reaction_R-HSA-183072,361
Pathway_R-HSA-177929,362
Protein_FUBP3,363
Protein_TSEN15,364
Protein_JMJD1C,365
Protein_PIDD1,366
Reaction_R-HSA-6800793,367
Sample_GSM1318022,368
Protein_COQ10B,369
Protein_RBM23,370
Protein_YWHAE,371
GO_0002831_instance,372
Protein_CERS2,373
GO_0048585_instance,374
Protein_NEDD9,375
GO_0045637_instance,376
Protein_DNAJB14,377
Sample_GSM1317901,378
Protein_CEBPZ,379
Sample_GSM1318005,380
Protein_NUP214,381
Sample_GSM1318028,382
Reaction_R-HSA-9924921,383
Pathway_R-HSA-9909620,384
Protein_PEX5,385
GO_0015031_instance,386
Protein_BAG5,387
GO_0051603_instance,388
Protein_INO80E,389
GO_0044877_instance,390
Protein_TUT7,391
Protein_GOLPH3L,392
Protein_FYB1,393
Protein_IFRD1,394
GO_0051128_instance,395
Protein_TUBG1,396
GO_0005819_instance,397
Protein_CNDP2,398
Protein_BAX,399
Protein_SNX10,400
Reaction_R-HSA-379044,401
Pathway_R-HSA-372790,402
Protein_RHOB,403
Protein_RAD21,404
Sample_GSM1318023,405
Protein_RESF1,406
Protein_EXOC7,407
Pathway_R-HSA-2980736,408
Protein_PPP6R3,409
Protein_AP2A2,410
Sample_GSM1317907,411
Protein_ARFGEF1,412
Sample_GSM1317969,413
Protein_POLR2C,414
Sample_GSM1317920,415
Protein_ZSWIM8,416
Sample_GSM1317995,417
Protein_SLC35B2,418
Protein_LY6E,419
Protein_HERC6,420
GO_0009056_instance,421
Sample_GSM1317948,422
Protein_TNFAIP8,423
Protein_CAPZA1,424
Protein_STAM2,425
Pathway_R-HSA-182971,426
Sample_GSM1318014,427
Protein_POLDIP3,428
Reaction_R-HSA-3928641,429
Protein_PTK2B,430
GO_0032101_instance,431
Sample_GSM1317939,432
Protein_TNPO3,433
Reaction_R-HSA-3132737,434
Protein_CHD4,435
Reaction_R-HSA-9844536,436
Sample_GSM1317962,437
Protein_TMEM230,438
Protein_PARP10,439
Protein_NAA16,440
Protein_NUP54,441
Reaction_R-HSA-159050,442
Protein_TMEM106B,443
GO_0005737_instance,444
Protein_KAT6A,445
GO_0043412_instance,446
Protein_PPWD1,447
Protein_ACTN4,448
Sample_GSM1317898,449
Protein_F11R,450
Sample_GSM1318039,451
Protein_MOB4,452
Protein_FCGR3B,453
Protein_MAPK1,454
Pathway_R-HSA-913531,455
Sample_GSM1317935,456
Protein_MPC1,457
Protein_STAB1,458
GO_0043229_instance,459
Protein_GSDMB,460
GO_0006950_instance,461
Sample_GSM1318011,462
Protein_MGAT1,463
Reaction_R-HSA-9610156,464
Pathway_R-HSA-166520,465
Protein_AMY1A,466
Sample_GSM1317979,467
Protein_FCHO2,468
Sample_GSM1317940,469
Protein_ASTE1,470
Protein_STAT1,471
Pathway_R-HSA-5663202,472
Protein_HBA2,473
GO_0050896_instance,474
Protein_MED30,475
Reaction_R-HSA-9854128,476
Protein_VPS13B,477
Protein_GOLPH3,478
GO_0031090_instance,479
Protein_BARD1,480
Reaction_R-HSA-5689649,481
Protein_PPP1CB,482
Reaction_R-HSA-994034,483
Protein_SP110,484
Sample_GSM1317968,485
Protein_PABPN1,486
Protein_ZCCHC9,487
GO_0050794_instance,488
Reaction_R-HSA-1169403,489
Protein_MCM4,490
Protein_MCL1,491
GO_0048518_instance,492
Protein_HAUS8,493
Protein_ABCA7,494
Sample_GSM1318009,495
Protein_ATPAF1,496
Protein_STAT5A,497
Protein_YY1,498
GO_0008152_instance,499
Protein_PRDX3,500
Protein_NCF4,501
Pathway_R-HSA-9013423,502
Protein_SARAF,503
Sample_GSM1317949,504
Protein_ARMH3,505
Sample_GSM1317897,506
Protein_PIGS,507
Protein_ADAM10,508
GO_0009889_instance,509
Protein_MORF4L1,510
GO_0009891_instance,511
Protein_RTN4,512
GO_0065008_instance,513
Protein_TRIOBP,514
Reaction_R-HSA-9647977,515
Pathway_R-HSA-5684996,516
Protein_GTSE1,517
GO_0005622_instance,518
Protein_INTS1,519
Protein_DNAJB6,520
Protein_DYRK1A,521
GO_0016043_instance,522
Protein_ZC3H18,523
Reaction_R-HSA-9691174,524
Pathway_R-HSA-9716542,525
Protein_ARHGEF1,526
Protein_TUBA4A,527
Pathway_R-HSA-6811436,528
Sample_GSM1317999,529
Protein_TTLL12,530
Protein_SEPTIN6,531
Sample_GSM1318017,532
Protein_SLC35F5,533
Protein_NCOR2,534
Pathway_R-HSA-9833110,535
Pathway_R-HSA-9824446,536
Sample_GSM1318001,537
Protein_NABP1,538
Sample_GSM1317964,539
Reaction_R-HSA-8985591,540
Pathway_R-HSA-422475,541
Protein_MTA2,542
GO_0043167_instance,543
Protein_SP140,544
Protein_RPS6KB2,545
Reaction_R-HSA-389083,546
Pathway_R-HSA-186797,547
Reaction_R-HSA-5672950,548
Pathway_R-HSA-5683057,549
Protein_RNF181,550
Protein_IRF1,551
Reaction_R-HSA-6814120,552
Pathway_R-HSA-390466,553
Protein_TENT5A,554
Reaction_R-HSA-8944569,555
Sample_GSM1318056,556
Protein_KLHL2,557
Reaction_R-HSA-8952631,558
Reaction_R-HSA-6798743,559
Pathway_R-HSA-6798695,560
Protein_UBE2D1,561
Protein_TMBIM1,562
GO_0065007_instance,563
Protein_BTLA,564
Protein_TRAF3IP3,565
Protein_MAN2A1,566
Pathway_R-HSA-199920,567
Protein_FTH1,568
GO_0048519_instance,569
Protein_MCM2,570
GO_0043168_instance,571
Protein_ATG3,572
Protein_ATG5,573
Protein_BACH1,574
GO_0051253_instance,575
Protein_CCDC88B,576
Protein_UQCRQ,577
Sample_GSM1317914,578
Protein_EVA1B,579
Protein_MRPS5,580
Protein_CAMLG,581
Pathway_R-HSA-419771,582
Protein_SIAH1,583
Pathway_R-HSA-2122948,584
Protein_CD19,585
Sample_GSM1317931,586
Protein_BCL7C,587
Protein_KIF20A,588
Protein_NUSAP1,589
Protein_HMMR,590
Pathway_R-HSA-110330,591
Pathway_R-HSA-73894,592
Sample_GSM1317927,593
Reaction_R-HSA-5683588,594
Pathway_R-HSA-1632852,595
Protein_HAL,596
Protein_ARHGAP30,597
Protein_SLC41A3,598
GO_0005739_instance,599
Protein_TMEM160,600
Protein_TRAPPC11,601
Reaction_R-HSA-264435,602
Protein_ZNF217,603
Protein_TAOK2,604
Protein_SNRNP70,605
Protein_SF3B5,606
Protein_MRPL28,607
GO_0043231_instance,608
Protein_SELENOT,609
GO_0051649_instance,610
Sample_GSM1317923,611
Sample_GSM1318050,612
Protein_UBLCP1,613
Protein_SYF2,614
Reaction_R-HSA-2408529,615
Pathway_R-HSA-2408557,616
Protein_WSB2,617
GO_0051716_instance,618
Protein_YBX1,619
Sample_GSM1317955,620
Protein_CDCA5,621
Protein_TYSND1,622
Protein_SLC40A1,623
Sample_GSM1317954,624
Protein_UNC119,625
Protein_MRPL2,626
Reaction_R-HSA-5419281,627
Reaction_R-HSA-9645134,628
Pathway_R-HSA-9645135,629
Reaction_R-HSA-8959571,630
Pathway_R-HSA-389356,631
Protein_SEC16A,632
GO_0010646_instance,633
Reaction_R-HSA-9842669,634
Protein_PPP2CB,635
Pathway_R-HSA-453279,636
Sample_GSM1317988,637
Protein_TRAF2,638
GO_0005789_instance,639
Protein_GDI1,640
Protein_COPG1,641
Protein_DDX27,642
GO_0000166_instance,643
Protein_DHRS7,644
Reaction_R-HSA-389523,645
Pathway_R-HSA-388841,646
Protein_IDS,647
Protein_GMPPA,648
Protein_CDK9,649
Protein_ARHGAP18,650
GO_0005856_instance,651
Protein_ADRM1,652
Protein_CHKB,653
GO_0009987_instance,654
Protein_GABPA,655
Protein_RPS15,656
GO_0030055_instance,657
Reaction_R-HSA-6805122,658
Protein_DRAP1,659
Protein_AMD1,660
Reaction_R-HSA-9664976,661
Sample_GSM1317929,662
Protein_MRTFA,663
GO_0016567_instance,664
Protein_SMARCC2,665
Reaction_R-HSA-9824981,666
Reaction_R-HSA-8955285,667
Pathway_R-HSA-597592,668
Protein_HEBP2,669
Protein_SLC15A4,670
Protein_PRKCB,671
Sample_GSM1318042,672
Protein_ACTR3,673
Reaction_R-HSA-5626228,674
Pathway_R-HSA-1852241,675
Protein_OGFR,676
Protein_WDR77,677
Pathway_R-HSA-9755779,678
Pathway_R-HSA-1643685,679
Sample_GSM1318036,680
Protein_NME1,681
Protein_TLR1,682
GO_0048522_instance,683
Protein_EAF1,684
Sample_GSM1317970,685
Protein_ANKZF1,686
Protein_MED4,687
Protein_THOC2,688
Protein_MTPN,689
Protein_CHMP2B,690
GO_0005829_instance,691
Protein_KTN1,692
Protein_SMAD4,693
Protein_MED28,694
Protein_CD47,695
Protein_COMMD8,696
Protein_COMMD9,697
GO_0008104_instance,698
Sample_GSM1317965,699
Protein_ASAP1,700
Reaction_R-HSA-8983373,701
Pathway_R-HSA-449147,702
Protein_TANK,703
Reaction_R-HSA-9823906,704
GO_0097190_instance,705
Protein_DPP9,706
Sample_GSM1317976,707
Protein_NPIPB3,708
Reaction_R-HSA-1112727,709
Protein_PML,710
Protein_RPLP1,711
Sample_GSM1317921,712
Protein_RPS21,713
Protein_PPP2R2B,714
Protein_NUP188,715
Reaction_R-HSA-165047,716
Protein_KBTBD2,717
Protein_PRDM4,718
GO_0006355_instance,719
Pathway_R-HSA-69166,720
Pathway_R-HSA-69306,721
Sample_GSM1318055,722
Protein_SDCBP,723
Reaction_R-HSA-2997616,724
Pathway_R-HSA-392499,725
Reaction_R-HSA-8985627,726
Pathway_R-HSA-425410,727
Protein_MTF1,728
Protein_RNF24,729
Protein_CEP164,730
Protein_FBXO8,731
Protein_OSBPL8,732
Protein_RABL6,733
Reaction_R-HSA-4570496,734
Protein_SLTM,735
Protein_TCP1,736
Sample_GSM1317934,737
Protein_AKAP11,738
Protein_IDH1,739
Protein_PAICS,740
Protein_NCK1,741
Protein_KLHL24,742
GO_0043687_instance,743
Protein_SULT1A3,744
Pathway_R-HSA-6804756,745
Protein_TMEM223,746
GO_0005743_instance,747
Protein_NXF1,748
GO_0005515_instance,749
Protein_GAPDH,750
Protein_ACTG1,751
Protein_CYB5R4,752
GO_1903706_instance,753
Sample_GSM1317903,754
Protein_PIK3R1,755
Reaction_R-HSA-186800,756
Protein_CTNNB1,757
Reaction_R-HSA-381799,758
Protein_RNASE2,759
Protein_NAP1L1,760
Sample_GSM1318031,761
Protein_TAB2,762
Reaction_R-HSA-936991,763
Protein_UTP3,764
Pathway_R-HSA-6790901,765
Protein_CAT,766
GO_0032991_instance,767
Protein_CD46,768
Reaction_R-HSA-1235070,769
Pathway_R-HSA-1234174,770
Reaction_R-HSA-167292,771
Pathway_R-HSA-162587,772
Protein_RTN3,773
GO_0016020_instance,774
Protein_EGLN2,775
Protein_INTS15,776
Reaction_R-HSA-9648017,777
Pathway_R-HSA-68877,778
Protein_RPS3A,779
Pathway_R-HSA-8953897,780
Protein_DGKA,781
Pathway_R-HSA-388396,782
Reaction_R-HSA-202969,783
Pathway_R-HSA-109581,784
Protein_CLIP1,785
Pathway_R-HSA-9694516,786
Protein_SCYL1,787
Sample_GSM1318002,788
Protein_TUBGCP2,789
Sample_GSM1317908,790
Protein_ANKRD12,791
Protein_UBQLNL,792
Protein_MICU2,793
Protein_CDC42,794
Reaction_R-HSA-183002,795
Sample_GSM1317953,796
Protein_ATP6V1F,797
Protein_PLPP3,798
Protein_CLASP1,799
Protein_KLRD1,800
Reaction_R-HSA-5691512,801
Pathway_R-HSA-72766,802
Protein_TOPORS,803
Protein_ARRDC2,804
GO_0070727_instance,805
Protein_XAF1,806
Protein_BFAR,807
Protein_CBLL1,808
Protein_TTYH3,809
Protein_REEP5,810
Reaction_R-HSA-8868072,811
Protein_CLPTM1,812
GO_0045321_instance,813
Protein_RECQL,814
Protein_SAFB2,815
Protein_MTMR6,816
Protein_RNPC3,817
Reaction_R-HSA-1225952,818
Protein_CLK1,819
Protein_KCTD5,820
Protein_CCNH,821
Pathway_R-HSA-167160,822
Protein_UNC45A,823
Protein_CAPN15,824
Protein_VPS13C,825
Protein_NFIL3,826
Protein_COP1,827
Reaction_R-HSA-212252,828
Protein_CALM3,829
Sample_GSM1318026,830
Protein_CNOT7,831
Protein_RSRP1,832
Reaction_R-HSA-9937724,833
Protein_CIR1,834
Protein_PLEK,835
Protein_DNM2,836
Pathway_R-HSA-1169091,837
Protein_SRPK2,838
Protein_CTNNBL1,839
Protein_MEGF9,840
Reaction_R-HSA-909732,841
Protein_GNGT2,842
Reaction_R-HSA-749448,843
Protein_SLC26A8,844
Protein_NFE2L1,845
GO_2001141_instance,846
Reaction_R-HSA-199935,847
Protein_PDCD6,848
Protein_PREB,849
Reaction_R-HSA-8951977,850
Pathway_R-HSA-8951936,851
Protein_WIPF1,852
Reaction_R-HSA-5621355,853
Pathway_R-HSA-5621481,854
Protein_USP14,855
Pathway_R-HSA-168142,856
Protein_RNF31,857
Protein_UBE2V2,858
Protein_UFM1,859
Sample_GSM1318013,860
Protein_AGGF1,861
Protein_ZMIZ1,862
Reaction_R-HSA-8939900,863
Pathway_R-HSA-8878166,864
Protein_WHAMM,865
Reaction_R-HSA-9693250,866
Protein_DCTN5,867
Reaction_R-HSA-396941,868
GO_0000793_instance,869
Protein_TPI1,870
Sample_GSM1317963,871
Protein_SERP1,872
Protein_VPS18,873
Protein_CLOCK,874
Reaction_R-HSA-9923005,875
Protein_CCNG2,876
Protein_MCFD2,877
Protein_PDPK1,878
Protein_PTDSS1,879
Reaction_R-HSA-69562,880
Pathway_R-HSA-69563,881
Pathway_R-HSA-9708530,882
Pathway_R-HSA-9711123,883
Protein_ABCD1,884
Reaction_R-HSA-5138459,885
Reaction_R-HSA-198266,886
Pathway_R-HSA-187037,887
Protein_SNW1,888
Reaction_R-HSA-8945709,889
Protein_ATP5F1D,890
Protein_ZNF185,891
Reaction_R-HSA-997311,892
Protein_SPOPL,893
Sample_GSM1318035,894
Reaction_R-HSA-914182,895
GO_0032553_instance,896
Sample_GSM1318020,897
Protein_CLN3,898
Reaction_R-HSA-9844955,899
Sample_GSM1317993,900
Protein_UBE2C,901
Sample_GSM1317944,902
Protein_RASGRP2,903
GO_0010605_instance,904
Protein_PKM,905
Protein_RAB24,906
Protein_ZNF746,907
GO_0042802_instance,908
Protein_ME2,909
Protein_DEDD,910
Protein_MUC1,911
Sample_GSM1317918,912
Protein_ZNF580,913
Protein_SGTB,914
Protein_ID2,915
Protein_HNRNPC,916
Protein_UEVLD,917
GO_0019866_instance,918
GO_0051707_instance,919
Reaction_R-HSA-8944522,920
Reaction_R-HSA-9013023,921
Protein_ARL6IP5,922
Protein_G3BP1,923
Protein_NR3C1,924
Protein_DAXX,925
GO_0051493_instance,926
Reaction_R-HSA-6791223,927
Pathway_R-HSA-8953854,928
Protein_MYC,929
Reaction_R-HSA-8935766,930
Pathway_R-HSA-8934593,931
Protein_PRICKLE4,932
Protein_TNFAIP8L1,933
Reaction_R-HSA-9729454,934
Protein_PGLYRP1,935
Protein_DCK,936
GO_0031981_instance,937
Protein_RHOT2,938
Protein_SH3BP1,939
Protein_SFXN4,940
Sample_GSM1318058,941
Protein_SRRM2,942
Protein_ACIN1,943
Protein_KIFC1,944
GO_0000278_instance,945
Protein_SMC1A,946
Protein_DDRGK1,947
Reaction_R-HSA-9033238,948
Reaction_R-HSA-6800798,949
GO_0005765_instance,950
Protein_SKP2,951
Reaction_R-HSA-983147,952
GO_0051130_instance,953
Reaction_R-HSA-5250978,954
Pathway_R-HSA-5250989,955
Protein_ATG101,956
Protein_BID,957
Protein_PICALM,958
Protein_CAST,959
Protein_SH3KBP1,960
Protein_SUCLG2,961
GO_0044419_instance,962
Protein_CKS2,963
Reaction_R-HSA-937337,964
Protein_UTP14A,965
Pathway_R-HSA-2408522,966
Pathway_R-HSA-1430728,967
Protein_FAM234A,968
GO_0031982_instance,969
Protein_MANBAL,970
Protein_PRRC1,971
GO_0005794_instance,972
Sample_GSM1318047,973
Reaction_R-HSA-983156,974
Sample_GSM1317938,975
Protein_ECHDC1,976
Reaction_R-HSA-1980078,977
Protein_PTTG1,978
Protein_SMNDC1,979
GO_0005681_instance,980
Protein_GUSB,981
Sample_GSM1317909,982
Protein_TMUB2,983
Protein_ATP2A2,984
GO_0043065_instance,985
Sample_GSM1318008,986
Protein_KMT5B,987
Pathway_R-HSA-3247509,988
Sample_GSM1317956,989
Protein_SLC30A5,990
GO_0098827_instance,991
Protein_HECA,992
Sample_GSM1317936,993
Protein_SLF2,994
Protein_MRPL54,995
Sample_GSM1318034,996
Protein_ARID4B,997
Pathway_R-HSA-72662,998
Protein_MRPS12,999
GO_0005761_instance,1000
Reaction_R-HSA-888589,1001
Pathway_R-HSA-112316,1002
Protein_DDX23,1003
Protein_ANKFY1,1004
Protein_TNRC6A,1005
Reaction_R-HSA-9653108,1006
GO_0019900_instance,1007
Protein_ATP6AP2,1008
Protein_ATP1A1,1009
Protein_CENPT,1010
Reaction_R-HSA-9633008,1011
Pathway_R-HSA-168249,1012
Reaction_R-HSA-6814121,1013
Pathway_R-HSA-6814122,1014
Sample_GSM1318029,1015
Protein_PPCS,1016
Reaction_R-HSA-174058,1017
Pathway_R-HSA-69278,1018
Protein_GET1,1019
Sample_GSM1318019,1020
Protein_RPS6KA4,1021
Reaction_R-HSA-1225951,1022
Protein_CDKN1B,1023
GO_0007049_instance,1024
Protein_HINT1,1025
Sample_GSM1317930,1026
Sample_GSM1317910,1027
Protein_IKZF5,1028
Pathway_R-HSA-8950505,1029
GO_0006793_instance,1030
Protein_MED24,1031
Protein_MED29,1032
Pathway_R-HSA-5653656,1033
Protein_EXOC8,1034
Protein_ZFP36L2,1035
Reaction_R-HSA-3159227,1036
Protein_ZBTB14,1037
Protein_ITM2B,1038
Reaction_R-HSA-9026890,1039
Protein_MRPL14,1040
Protein_SMAP1,1041
Protein_TTC1,1042
Protein_PRCP,1043
Reaction_R-HSA-3788708,1044
Protein_CLSTN1,1045
Protein_SLC35B1,1046
Protein_ADI1,1047
Protein_ITPK1,1048
Reaction_R-HSA-9011949,1049
Pathway_R-HSA-9018519,1050
Protein_FBXW5,1051
Protein_CTSZ,1052
Protein_ARPC5,1053
Protein_LIN7C,1054
GO_0045893_instance,1055
Sample_GSM1317926,1056
Protein_SH2D1A,1057
Protein_AKIRIN1,1058
Reaction_R-HSA-4086036,1059
Reaction_R-HSA-202437,1060
GO_0031974_instance,1061
Protein_LSM6,1062
GO_0048523_instance,1063
Reaction_R-HSA-5671749,1064
Protein_RFK,1065
Protein_WASHC2C,1066
GO_1902903_instance,1067
Protein_BORCS7,1068
Protein_UQCR10,1069
Protein_VAMP5,1070
Protein_PSMC6,1071
Reaction_R-HSA-5668481,1072
Protein_UBE2D3,1073
Protein_NDUFB7,1074
Sample_GSM1318007,1075
Protein_TDP2,1076
Protein_MPDU1,1077
Reaction_R-HSA-9701199,1078
Reaction_R-HSA-9754537,1079
GO_0045184_instance,1080
Protein_IGSF8,1081
Protein_VPS37A,1082
GO_0032970_instance,1083
Protein_C2orf68,1084
Pathway_R-HSA-5654700,1085
Protein_ARID4A,1086
Protein_PTGS2,1087
Protein_SLC35C2,1088
Protein_KANSL1,1089
GO_0043161_instance,1090
Protein_SRSF11,1091
Protein_TM6SF1,1092
Reaction_R-HSA-8847544,1093
Protein_RIPK1,1094
Reaction_R-HSA-1799330,1095
GO_0045930_instance,1096
Pathway_R-HSA-6787450,1097
Pathway_R-HSA-72306,1098
Protein_MRPS15,1099
GO_0001932_instance,1100
Protein_ARRDC3,1101
Protein_MPLKIP,1102
Reaction_R-HSA-1295540,1103
Protein_POLR3GL,1104
Protein_TVP23B,1105
Protein_RPA2,1106
Reaction_R-HSA-5693561,1107
Protein_TFPT,1108
GO_0019901_instance,1109
Protein_NAA38,1110
Protein_IL2RG,1111
Protein_FCGR2A,1112
Protein_TXNDC9,1113
Protein_SSH1,1114
GO_0046785_instance,1115
Protein_EDF1,1116
Protein_FAU,1117
Protein_NAE1,1118
Protein_HYCC2,1119
Protein_SCD,1120
Protein_E4F1,1121
Protein_SCARB2,1122
Protein_DAPP1,1123
Reaction_R-HSA-202459,1124
Reaction_R-HSA-5324617,1125
Pathway_R-HSA-2262752,1126
Protein_LGALS9,1127
GO_0050865_instance,1128
Protein_RAB37,1129
Protein_EIF2AK2,1130
GO_0048856_instance,1131
Reaction_R-HSA-8852317,1132
Protein_TGFB3,1133
Protein_CNIH1,1134
Protein_SRSF1,1135
Protein_RRBP1,1136
Protein_DENND6B,1137
Protein_DSTYK,1138
Protein_MRPL12,1139
GO_0070062_instance,1140
Protein_H2AJ,1141
GO_0043230_instance,1142
Reaction_R-HSA-427366,1143
Protein_APOBEC3F,1144
Protein_DEFB123,1145
GO_0140546_instance,1146
Reaction_R-HSA-5696945,1147
GO_0023051_instance,1148
Protein_GOLGA3,1149
GO_0048193_instance,1150
Protein_C18orf32,1151
Sample_GSM1318041,1152
Protein_SAMD9L,1153
Protein_MAP3K11,1154
Protein_TMEM14B,1155
Reaction_R-HSA-141423,1156
Protein_NRG1,1157
Pathway_R-HSA-8863795,1158
Reaction_R-HSA-1839039,1159
Pathway_R-HSA-5655302,1160
Protein_TSNAX,1161
Protein_THUMPD1,1162
Protein_ABRACL,1163
Protein_SAR1A,1164
Pathway_R-HSA-176412,1165
Pathway_R-HSA-176814,1166
GO_0051254_instance,1167
Reaction_R-HSA-2404195,1168
Pathway_R-HSA-2428933,1169
Protein_ROMO1,1170
GO_0033036_instance,1171
Protein_PDGFA,1172
Protein_EPHX2,1173
Reaction_R-HSA-427527,1174
Pathway_R-HSA-427359,1175
Pathway_R-HSA-8875360,1176
Protein_MRPL55,1177
Protein_DHX30,1178
Protein_SPOUT1,1179
Protein_ERBIN,1180
Reaction_R-HSA-9665315,1181
GO_0005764_instance,1182
Protein_USF1,1183
Reaction_R-HSA-8985929,1184
Sample_GSM1317922,1185
Protein_STAT2,1186
Reaction_R-HSA-211650,1187
Pathway_R-HSA-211736,1188
GO_0002757_instance,1189
GO_0002764_instance,1190
Protein_OSBPL11,1191
Protein_USP10,1192
GO_0005768_instance,1193
Protein_REC8,1194
GO_0071705_instance,1195
Reaction_R-HSA-507749,1196
Pathway_R-HSA-4717374,1197
Pathway_R-HSA-5668914,1198
Protein_ATF1,1199
Reaction_R-HSA-9033515,1200
Pathway_R-HSA-9609507,1201
Reaction_R-HSA-354165,1202
Pathway_R-HSA-354194,1203
Protein_CASP8,1204
Pathway_R-HSA-446205,1205
Protein_MLLT10,1206
Protein_LYPLAL1,1207
GO_0050776_instance,1208
Protein_OBI1,1209
Protein_RAMAC,1210
GO_0006281_instance,1211
Protein_PPP1R12A,1212
GO_0098687_instance,1213
Reaction_R-HSA-5655348,1214
Pathway_R-HSA-5655291,1215
Protein_MRPS24,1216
Protein_DAZAP2,1217
Protein_SPAST,1218
GO_0006996_instance,1219
Protein_TRAFD1,1220
Protein_MANSC1,1221
Protein_SLC39A6,1222
GO_0032502_instance,1223
Protein_PHF1,1224
Protein_PRDM1,1225
Protein_RPGR,1226
Sample_GSM1317980,1227
Reaction_R-HSA-8935864,1228
Protein_PARP12,1229
Protein_STARD7,1230
Pathway_R-HSA-3359463,1231
Protein_TMUB1,1232
GO_0043232_instance,1233
Protein_TK1,1234
Protein_TUBE1,1235
Pathway_R-HSA-432722,1236
Protein_UBE2W,1237
Protein_TRMT1,1238
Protein_SDHAF1,1239
Reaction_R-HSA-9679839,1240
Pathway_R-HSA-9679191,1241
Protein_RHOT1,1242
Protein_LEPROTL1,1243
GO_0070936_instance,1244
Sample_GSM1318021,1245
Protein_EVI2B,1246
Protein_BAG4,1247
GO_0005938_instance,1248
Protein_CD14,1249
GO_0099503_instance,1250
GO_0006412_instance,1251
Reaction_R-HSA-936378,1252
Pathway_R-HSA-417957,1253
Protein_MAPK6,1254
GO_0010638_instance,1255
Protein_PGAP2,1256
Reaction_R-HSA-9013978,1257
Protein_UNC13D,1258
Reaction_R-HSA-9851102,1259
Protein_ANKRD10,1260
GO_0098542_instance,1261
Protein_CLPTM1L,1262
Pathway_R-HSA-380270,1263
Reaction_R-HSA-8985485,1264
Pathway_R-HSA-8941326,1265
Protein_RHEB,1266
Pathway_R-HSA-1839117,1267
Protein_VPS4A,1268
Protein_CDCA8,1269
GO_1901987_instance,1270
Sample_GSM1318012,1271
Protein_MARK2,1272
Protein_PNRC2,1273
Pathway_R-HSA-9679504,1274
Sample_GSM1317937,1275
Protein_SEC24B,1276
Protein_ADIPOR2,1277
Sample_GSM1318030,1278
Protein_UGP2,1279
Reaction_R-HSA-5655315,1280
Pathway_R-HSA-1226099,1281
Pathway_R-HSA-611105,1282
GO_0003697_instance,1283
Protein_CENPM,1284
Reaction_R-HSA-5357928,1285
Pathway_R-HSA-73887,1286
Protein_PRKAR1A,1287
GO_0070647_instance,1288
Protein_MELK,1289
GO_0030659_instance,1290
Protein_RRM2B,1291
Protein_PSMB5,1292
Pathway_R-HSA-5673001,1293
Protein_HIP1R,1294
Protein_APH1A,1295
Protein_CYTIP,1296
Protein_FBXO38,1297
Protein_LIMS1,1298
Protein_TMEM71,1299
Protein_FBXL3,1300
GO_0048583_instance,1301
Protein_CYRIB,1302
Protein_METAP2,1303
GO_0097193_instance,1304
GO_0035556_instance,1305
Reaction_R-HSA-9687638,1306
Pathway_R-HSA-5357801,1307
Protein_SLC25A44,1308
GO_0051246_instance,1309
Pathway_R-HSA-376176,1310
Protein_ATP2B1,1311
Reaction_R-HSA-170706,1312
Protein_CNOT8,1313
Protein_INSIG1,1314
GO_0012505_instance,1315
Pathway_R-HSA-8934903,1316
Reaction_R-HSA-5578744,1317
Protein_IFIT3,1318
Protein_AGTRAP,1319
Protein_WAC,1320
Reaction_R-HSA-195300,1321
Pathway_R-HSA-195721,1322
Reaction_R-HSA-4615889,1323
Pathway_R-HSA-3108232,1324
Reaction_R-HSA-9613498,1325
Reaction_R-HSA-165718,1326
Pathway_R-HSA-199991,1327
Protein_PLXNC1,1328
Protein_TMEM126A,1329
GO_0043207_instance,1330
Protein_DGCR2,1331
Protein_PTBP1,1332
Protein_CXCL1,1333
Reaction_R-HSA-380073,1334
Reaction_R-HSA-9727908,1335
Pathway_R-HSA-983231,1336
Reaction_R-HSA-9822185,1337
Pathway_R-HSA-9821993,1338
Protein_SVIL,1339
Protein_JOSD2,1340
Protein_AGPAT2,1341
Protein_FGFR1OP2,1342
Protein_DDX1,1343
Protein_OMA1,1344
Protein_GCA,1345
Reaction_R-HSA-912470,1346
Protein_RPS19BP1,1347
Protein_RBM7,1348
Pathway_R-HSA-983169,1349
Reaction_R-HSA-6809006,1350
Pathway_R-HSA-446203,1351
Protein_EIF1AX,1352
Protein_ARFIP1,1353
Reaction_R-HSA-9768142,1354
Protein_DYNC1LI1,1355
Pathway_R-HSA-195258,1356
Protein_DHRS1,1357
Protein_FEZ1,1358
GO_0005813_instance,1359
Protein_CGRRF1,1360
Protein_MRPL19,1361
Protein_SRSF3,1362
Reaction_R-HSA-9770119,1363
Protein_USP33,1364
Protein_ADORA2A,1365
GO_0072659_instance,1366
Protein_PRKAG2,1367
Protein_CDK5RAP3,1368
Reaction_R-HSA-5679266,1369
Pathway_R-HSA-1295596,1370
Protein_STXBP3,1371
Protein_GCHFR,1372
Reaction_R-HSA-1433542,1373
Reaction_R-HSA-5693583,1374
Sample_GSM1318003,1375
Protein_ZNF324,1376
Protein_IKBKB,1377
Protein_EMG1,1378
Protein_ZFYVE19,1379
GO_0140535_instance,1380
Pathway_R-HSA-8868773,1381
Reaction_R-HSA-6791228,1382
Pathway_R-HSA-72312,1383
Reaction_R-HSA-2187388,1384
Protein_FUCA2,1385
Protein_SIN3B,1386
Pathway_R-HSA-8878171,1387
Reaction_R-HSA-168849,1388
Protein_LARP4B,1389
Protein_RANBP9,1390
Protein_TBRG4,1391
Protein_FAM170B,1392
Reaction_R-HSA-202291,1393
Reaction_R-HSA-392053,1394
Protein_TMEM219,1395
Protein_TXNDC11,1396
Sample_GSM1317987,1397
GO_0080134_instance,1398
Protein_FCRL5,1399
Protein_NPLOC4,1400
Reaction_R-HSA-70420,1401
Protein_SP3,1402
Pathway_R-HSA-397795,1403
Reaction_R-HSA-5654423,1404
Protein_KIR2DL4,1405
GO_0043233_instance,1406
Protein_ADAMTSL4,1407
Protein_COX7A2,1408
Pathway_R-HSA-5628897,1409
Reaction_R-HSA-9759206,1410
Reaction_R-HSA-430201,1411
Pathway_R-HSA-202403,1412
Reaction_R-HSA-195304,1413
Reaction_R-HSA-373738,1414
Reaction_R-HSA-9613219,1415
Protein_ACADVL,1416
Reaction_R-HSA-9759358,1417
Pathway_R-HSA-9755511,1418
Protein_IRF7,1419
GO_0001816_instance,1420
Protein_SUMO2,1421
Protein_TCEA1,1422
GO_1990234_instance,1423
Protein_NOSIP,1424
Protein_AKR1A1,1425
Reaction_R-HSA-2197698,1426
Reaction_R-HSA-9012203,1427
Reaction_R-HSA-166271,1428
Pathway_R-HSA-168898,1429
Reaction_R-HSA-72672,1430
Protein_LONP1,1431
Pathway_R-HSA-5660668,1432
Protein_KLHDC2,1433
Protein_RABEPK,1434
Reaction_R-HSA-2316349,1435
Protein_PCGF6,1436
GO_0002376_instance,1437
Protein_ACSS1,1438
Protein_AKAP13,1439
Reaction_R-HSA-9759516,1440
Protein_MRPL23,1441
Reaction_R-HSA-3234094,1442
Pathway_R-HSA-3232118,1443
Reaction_R-HSA-8951727,1444
Protein_NUDCD2,1445
Protein_POLR2I,1446
Pathway_R-HSA-6796648,1447
Pathway_R-HSA-199220,1448
Reaction_R-HSA-9726580,1449
Protein_TRIM26,1450
GO_0030054_instance,1451
Protein_B2M,1452
Sample_GSM1317996,1453
Protein_MYCBP2,1454
Protein_ADD3,1455
Protein_STX7,1456
Protein_KATNBL1,1457
Reaction_R-HSA-6810233,1458
Protein_BECN1,1459
Reaction_R-HSA-9028255,1460
Pathway_R-HSA-9027604,1461
Protein_DDX39B,1462
Protein_CD160,1463
Reaction_R-HSA-8981931,1464
Protein_TOP3A,1465
Protein_PPM1A,1466
GO_0010468_instance,1467
Reaction_R-HSA-9765974,1468
Pathway_R-HSA-418990,1469
Protein_ODF2,1470
GO_0019219_instance,1471
GO_0006139_instance,1472
Reaction_R-HSA-8936989,1473
Reaction_R-HSA-9666435,1474
Sample_GSM1317957,1475
Protein_SLC3A2,1476
Reaction_R-HSA-5389839,1477
Pathway_R-HSA-5654733,1478
Protein_USP38,1479
GO_0006796_instance,1480
Protein_SMARCA5,1481
Protein_RAB33B,1482
Reaction_R-HSA-5674373,1483
Reaction_R-HSA-1855197,1484
Protein_RBM42,1485
Protein_PPP4R3B,1486
Protein_PSIP1,1487
Protein_NDUFA13,1488
Reaction_R-HSA-1234171,1489
Protein_AASDHPPT,1490
Protein_PILRB,1491
Reaction_R-HSA-200421,1492
Pathway_R-HSA-165159,1493
Protein_RMI2,1494
Protein_ZNF721,1495
Protein_OGDH,1496
Reaction_R-HSA-5213464,1497
Reaction_R-HSA-3662318,1498
Reaction_R-HSA-2029452,1499
Protein_TIA1,1500
Protein_ATG9A,1501
Protein_CDCA2,1502
Protein_TCTN3,1503
Protein_MFSD14A,1504
Protein_KDM5C,1505
Protein_WARS1,1506
Pathway_R-HSA-936964,1507
Pathway_R-HSA-937061,1508
Protein_CHPF2,1509
Protein_RBBP6,1510
Pathway_R-HSA-9013422,1511
Protein_P4HB,1512
Protein_ASH2L,1513
Reaction_R-HSA-2424477,1514
Protein_RAB11A,1515
GO_0010564_instance,1516
Pathway_R-HSA-1989781,1517
Protein_TOP2A,1518
Pathway_R-HSA-8936459,1519
Protein_LYPLA1,1520
Pathway_R-HSA-69017,1521
GO_0051252_instance,1522
GO_0051656_instance,1523
Reaction_R-HSA-5675431,1524
Pathway_R-HSA-5675221,1525
Protein_CDC14A,1526
Pathway_R-HSA-176407,1527
Protein_VPS26A,1528
Protein_FAM13B,1529
Protein_CD164,1530
Protein_ZNF277,1531
Protein_CCDC91,1532
GO_0036211_instance,1533
Protein_ACKR3,1534
Protein_CSE1L,1535
Protein_PDCD10,1536
Reaction_R-HSA-419166,1537
Protein_DUSP3,1538
Pathway_R-HSA-448424,1539
Reaction_R-HSA-6802932,1540
Protein_NUDT21,1541
Protein_GNG2,1542
Reaction_R-HSA-1013012,1543
Protein_LMNB2,1544
Protein_DMAC2,1545
Reaction_R-HSA-2327695,1546
Protein_AZIN1,1547
Reaction_R-HSA-9859163,1548
Protein_RNF4,1549
Reaction_R-HSA-372705,1550
Pathway_R-HSA-372708,1551
Protein_COMMD5,1552
Protein_ILF3,1553
Reaction_R-HSA-156912,1554
Protein_ING3,1555
Reaction_R-HSA-9824882,1556
Pathway_R-HSA-73886,1557
Protein_PDCL,1558
Protein_ITGB1,1559
Reaction_R-HSA-2470555,1560
Pathway_R-HSA-9013149,1561
Protein_SIPA1,1562
Protein_SENP7,1563
Protein_RBL2,1564
Protein_HNRNPH2,1565
Protein_CDC42BPB,1566
Protein_MAP3K8,1567
Protein_CDC42SE2,1568
Reaction_R-HSA-9626817,1569
Pathway_R-HSA-194315,1570
Protein_CD302,1571
Reaction_R-HSA-9701055,1572
Pathway_R-HSA-382551,1573
Protein_TRAPPC5,1574
Protein_MICOS13,1575
GO_0032555_instance,1576
Reaction_R-HSA-3364014,1577
Reaction_R-HSA-3134822,1578
Reaction_R-HSA-110145,1579
Pathway_R-HSA-499943,1580
Protein_MBD2,1581
GO_1901363_instance,1582
Protein_PMAIP1,1583
Protein_MYDGF,1584
GO_0006259_instance,1585
Protein_MED15,1586
Protein_GRIPAP1,1587
Reaction_R-HSA-1638821,1588
Protein_TPM3,1589
Pathway_R-HSA-445355,1590
Reaction_R-HSA-8852131,1591
Protein_NRBP1,1592
GO_0031252_instance,1593
Reaction_R-HSA-202534,1594
Pathway_R-HSA-2454202,1595
Protein_AEBP2,1596
Reaction_R-HSA-5638332,1597
Protein_ACVR1,1598
GO_0033554_instance,1599
Protein_CRBN,1600
Protein_RAB6A,1601
GO_0051234_instance,1602
Reaction_R-HSA-5661517,1603
Protein_NAA50,1604
Reaction_R-HSA-9033233,1605
Reaction_R-HSA-2272753,1606
Pathway_R-HSA-2172127,1607
Protein_SLBP,1608
GO_0006810_instance,1609
GO_0045935_instance,1610
Protein_FBXO10,1611
Pathway_R-HSA-9615017,1612
Pathway_R-HSA-9614085,1613
GO_0004674_instance,1614
Protein_TAF8,1615
Protein_STAMBP,1616
Protein_MIA2,1617
Protein_PLEKHA2,1618
GO_0048584_instance,1619
Reaction_R-HSA-9646383,1620
GO_0061640_instance,1621
Protein_COL7A1,1622
Protein_RANGRF,1623
Reaction_R-HSA-983140,1624
Reaction_R-HSA-389158,1625
Protein_BRSK1,1626
Pathway_R-HSA-450282,1627
Pathway_R-HSA-975155,1628
Reaction_R-HSA-9948427,1629
GO_0045088_instance,1630
Reaction_R-HSA-5668543,1631
Pathway_R-HSA-5668541,1632
Reaction_R-HSA-5675373,1633
Reaction_R-HSA-9686336,1634
Pathway_R-HSA-9693928,1635
Protein_RAB5A,1636
Protein_ADAR,1637
GO_0009607_instance,1638
Reaction_R-HSA-9670436,1639
Pathway_R-HSA-9670439,1640
Protein_TRIM41,1641
Protein_SUPT16H,1642
Pathway_R-HSA-112382,1643
Reaction_R-HSA-9860796,1644
Reaction_R-HSA-9700181,1645
Pathway_R-HSA-9824585,1646
Protein_SF1,1647
Reaction_R-HSA-452392,1648
Reaction_R-HSA-2997723,1649
Protein_FBXO7,1650
Protein_ZFR,1651
Reaction_R-HSA-3769394,1652
Protein_ING1,1653
Reaction_R-HSA-180603,1654
Pathway_R-HSA-162906,1655
Reaction_R-HSA-450337,1656
Pathway_R-HSA-975138,1657
Protein_RUNX2,1658
Protein_CAND2,1659
Protein_TMEM101,1660
Reaction_R-HSA-1592251,1661
Pathway_R-HSA-2029482,1662
Protein_NT5DC2,1663
GO_0141124_instance,1664
Reaction_R-HSA-173488,1665
GO_0010604_instance,1666
Protein_EFTUD2,1667
Reaction_R-HSA-9929720,1668
Pathway_R-HSA-69273,1669
Protein_ITM2A,1670
Reaction_R-HSA-8954224,1671
Pathway_R-HSA-1251985,1672
Protein_PCMTD1,1673
Reaction_R-HSA-176585,1674
Pathway_R-HSA-156584,1675
Reaction_R-HSA-2160931,1676
Pathway_R-HSA-170834,1677
Reaction_R-HSA-3928651,1678
Pathway_R-HSA-3928663,1679
Protein_CRADD,1680
Reaction_R-HSA-382056,1681
Protein_KBTBD7,1682
Reaction_R-HSA-175177,1683
Reaction_R-HSA-870437,1684
Pathway_R-HSA-1482788,1685
Reaction_R-HSA-9686790,1686
Reaction_R-HSA-9937415,1687
Protein_RDH11,1688
Protein_CPEB3,1689
Protein_DNPH1,1690
Pathway_R-HSA-168176,1691
Protein_CCDC90B,1692
Protein_GSKIP,1693
Reaction_R-HSA-5682965,1694
Reaction_R-HSA-9668405,1695
Pathway_R-HSA-68886,1696
Pathway_R-HSA-114294,1697
Pathway_R-HSA-70895,1698
Reaction_R-HSA-198731,1699
Reaction_R-HSA-749446,1700
Protein_DDX17,1701
Protein_TRIM23,1702
Reaction_R-HSA-427409,1703
Protein_RABGAP1,1704
GO_1903047_instance,1705
Protein_HTRA4,1706
GO_0023057_instance,1707
Reaction_R-HSA-8937869,1708
Reaction_R-HSA-3239014,1709
Pathway_R-HSA-2559583,1710
GO_1901652_instance,1711
Reaction_R-HSA-2022073,1712
Pathway_R-HSA-1650814,1713
Protein_RFX7,1714
Protein_PDE7A,1715
Protein_ZNFX1,1716
Reaction_R-HSA-5621002,1717
Reaction_R-HSA-9705507,1718
Reaction_R-HSA-373061,1719
Protein_RASGRP1,1720
Pathway_R-HSA-1169092,1721
Reaction_R-HSA-75864,1722
Pathway_R-HSA-164378,1723
Protein_CXCL5,1724
Protein_MIA3,1725
GO_0002682_instance,1726
GO_0051249_instance,1727
Protein_AURKB,1728
Reaction_R-HSA-4655355,1729
Reaction_R-HSA-188350,1730
Reaction_R-HSA-1295609,1731
Pathway_R-HSA-190236,1732
Protein_FBXO46,1733
Reaction_R-HSA-5617486,1734
Protein_TAF4,1735
Protein_ANP32A,1736
GO_0006974_instance,1737
Reaction_R-HSA-199169,1738
Protein_YBEY,1739
Reaction_R-HSA-9701141,1740
Pathway_R-HSA-983712,1741
Reaction_R-HSA-9036307,1742
Protein_KCTD20,1743
GO_0033043_instance,1744
Reaction_R-HSA-3371360,1745
Protein_RNASE3,1746
Reaction_R-HSA-190519,1747
Reaction_R-HSA-445699,1748
Reaction_R-HSA-453183,1749
Reaction_R-HSA-8938913,1750
Pathway_R-HSA-9854311,1751
GO_0070971_instance,1752
GO_0044772_instance,1753
Protein_CD300LF,1754
Pathway_R-HSA-198933,1755
GO_0005694_instance,1756
GO_0008219_instance,1757
Protein_ARMH1,1758
Reaction_R-HSA-983422,1759
Pathway_R-HSA-983170,1760
GO_0009892_instance,1761
Protein_GNG10,1762
Pathway_R-HSA-450341,1763
Reaction_R-HSA-170076,1764
Reaction_R-HSA-9835496,1765
Pathway_R-HSA-9834899,1766
Reaction_R-HSA-5617462,1767
Protein_ZFAND5,1768
Protein_RTCA,1769
Protein_WDR46,1770
Reaction_R-HSA-9935290,1771
Reaction_R-HSA-5610757,1772
Reaction_R-HSA-8963734,1773
Reaction_R-HSA-8985914,1774
Protein_SAP30BP,1775
Reaction_R-HSA-1226014,1776
Pathway_R-HSA-1236382,1777
Pathway_R-HSA-5610783,1778
Protein_SMC2,1779
Protein_BUD31,1780
Protein_PABPC1,1781
Protein_RNF44,1782
Protein_RAPGEF6,1783
Protein_UQCC2,1784
Protein_RPL10A,1785
Pathway_R-HSA-5218859,1786
Pathway_R-HSA-1482839,1787
Protein_SAMSN1,1788
GO_0051239_instance,1789
GO_0010648_instance,1790
Protein_PHYH,1791
Reaction_R-HSA-9033240,1792
GO_1901265_instance,1793
Reaction_R-HSA-8848414,1794
Reaction_R-HSA-376117,1795
Reaction_R-HSA-187916,1796
Reaction_R-HSA-196026,1797
Pathway_R-HSA-196025,1798
Reaction_R-HSA-9825275,1799
Pathway_R-HSA-203927,1800
Pathway_R-HSA-211000,1801
Pathway_R-HSA-674695,1802
Protein_ABITRAM,1803
Protein_RNF145,1804
Reaction_R-HSA-8852298,1805
Reaction_R-HSA-9714361,1806
Reaction_R-HSA-443402,1807
Protein_RSBN1L,1808
Protein_SBDS,1809
Protein_GAS6,1810
GO_0042175_instance,1811
Protein_ATP11B,1812
Protein_RERE,1813
GO_0050658_instance,1814
Reaction_R-HSA-8950456,1815
Pathway_R-HSA-447115,1816
Reaction_R-HSA-918229,1817
Protein_ATMIN,1818
Protein_SEPTIN2,1819
Protein_BAZ1B,1820
Protein_SNIP1,1821
Reaction_R-HSA-2327746,1822
Pathway_R-HSA-1566977,1823
Reaction_R-HSA-1592246,1824
Protein_B3GALT6,1825
Protein_LNPK,1826
Reaction_R-HSA-8877475,1827
Pathway_R-HSA-8876198,1828
Protein_SCAND1,1829
Reaction_R-HSA-112395,1830
Pathway_R-HSA-9725370,1831
Protein_CSTF2,1832
Protein_EIF4G2,1833
Reaction_R-HSA-450394,1834
Pathway_R-HSA-450513,1835
Pathway_R-HSA-196854,1836
Protein_MARCHF6,1837
GO_0031410_instance,1838
Protein_PPP1R7,1839
Protein_RAB3GAP1,1840
Reaction_R-HSA-9840807,1841
Pathway_R-HSA-5205685,1842
Reaction_R-HSA-9835473,1843
Protein_TMEM208,1844
Pathway_R-HSA-937072,1845
Reaction_R-HSA-9843121,1846
Pathway_R-HSA-212165,1847
Protein_CD3G,1848
Reaction_R-HSA-2197697,1849
Pathway_R-HSA-9009391,1850
Reaction_R-HSA-5607742,1851
Protein_PAPSS1,1852
Protein_AP3B1,1853
Protein_SF3B1,1854
Reaction_R-HSA-9664271,1855
Protein_ETV5,1856
Reaction_R-HSA-1791108,1857
Reaction_R-HSA-9828196,1858
Protein_YWHAQ,1859
Reaction_R-HSA-9733203,1860
Protein_PHF3,1861
Protein_FAM111A,1862
Reaction_R-HSA-1234164,1863
Reaction_R-HSA-5658496,1864
Protein_MRFAP1L1,1865
Protein_LAPTM5,1866
Protein_SRP68,1867
Reaction_R-HSA-167288,1868
Protein_LGALS3,1869
GO_0006915_instance,1870
Protein_MAPRE3,1871
Protein_CNBP,1872
Pathway_R-HSA-444257,1873
Protein_CHMP1A,1874
Reaction_R-HSA-9033526,1875
Reaction_R-HSA-9604664,1876
Pathway_R-HSA-9013695,1877
Reaction_R-HSA-4086059,1878
Protein_CREB1,1879
Reaction_R-HSA-8854899,1880
Pathway_R-HSA-72172,1881
GO_0006403_instance,1882
Protein_P2RY13,1883
Protein_HSD17B10,1884
Reaction_R-HSA-532549,1885
Pathway_R-HSA-446193,1886
Reaction_R-HSA-5684887,1887
Pathway_R-HSA-5693607,1888
GO_0003682_instance,1889
Reaction_R-HSA-5666046,1890
Protein_GHDC,1891
Protein_MRPL27,1892
Protein_CCNI,1893
Reaction_R-HSA-199587,1894
Pathway_R-HSA-446728,1895
Protein_HHEX,1896
Pathway_R-HSA-1500931,1897
Protein_PLEKHF2,1898
Pathway_R-HSA-912526,1899
GO_0051726_instance,1900
Pathway_R-HSA-2173795,1901
Protein_NMD3,1902
Reaction_R-HSA-2730752,1903
Protein_ARL6IP4,1904
Protein_CEP85L,1905
Reaction_R-HSA-9825772,1906
Protein_ZNF830,1907
Reaction_R-HSA-183084,1908
Protein_STX12,1909
Protein_LRPPRC,1910
Reaction_R-HSA-167089,1911
Pathway_R-HSA-112314,1912
Protein_FLI1,1913
GO_1902532_instance,1914
Protein_U2AF1,1915
Reaction_R-HSA-8876993,1916
Pathway_R-HSA-8876493,1917
GO_0043632_instance,1918
Protein_AGPAT1,1919
GO_0044770_instance,1920
Protein_HSD17B11,1921
Pathway_R-HSA-5689901,1922
Reaction_R-HSA-167234,1923
GO_0030234_instance,1924
Reaction_R-HSA-6809320,1925
Pathway_R-HSA-1483257,1926
Pathway_R-HSA-1250347,1927
Protein_MGST3,1928
Protein_BCLAF1,1929
GO_0003729_instance,1930
GO_0097435_instance,1931
Reaction_R-HSA-1234175,1932
Protein_TIGAR,1933
Reaction_R-HSA-442273,1934
Pathway_R-HSA-9683701,1935
Pathway_R-HSA-5358346,1936
Pathway_R-HSA-72649,1937
Protein_COX6A1,1938
Protein_SMG7,1939
Protein_SDHD,1940
Reaction_R-HSA-380283,1941
Protein_GBF1,1942
GO_0098588_instance,1943
Protein_FAM174C,1944
Reaction_R-HSA-376419,1945
Pathway_R-HSA-383280,1946
Reaction_R-HSA-9027532,1947
Pathway_R-HSA-1483248,1948
Pathway_R-HSA-1483255,1949
Reaction_R-HSA-433672,1950
Protein_CREB3L2,1951
Protein_GPBP1L1,1952
Protein_SKA1,1953
GO_0000775_instance,1954
Reaction_R-HSA-5228811,1955
Protein_PXMP2,1956
Protein_SUCO,1957
Protein_BTBD10,1958
Reaction_R-HSA-201637,1959
Pathway_R-HSA-264870,1960
Protein_ACSL1,1961
Protein_GLYR1,1962
Protein_HNRNPH1,1963
Reaction_R-HSA-1250353,1964
Pathway_R-HSA-68962,1965
GO_0002684_instance,1966
Protein_RABAC1,1967
Protein_CSNK1A1,1968
Reaction_R-HSA-380574,1969
Pathway_R-HSA-212676,1970
Protein_BCAS2,1971
Protein_ZFAND6,1972
Pathway_R-HSA-9694635,1973
Pathway_R-HSA-9679506,1974
Protein_SPATC1L,1975
Protein_MASTL,1976
Reaction_R-HSA-5672083,1977
Pathway_R-HSA-166166,1978
Protein_ZBTB2,1979
Protein_ZNF493,1980
Protein_VAMP1,1981
Protein_MAPKAPK5,1982
GO_0045944_instance,1983
Reaction_R-HSA-2127562,1984
Pathway_R-HSA-2173789,1985
Reaction_R-HSA-9851145,1986
GO_0060341_instance,1987
Reaction_R-HSA-9836857,1988
Protein_CCZ1B,1989
Protein_C1GALT1,1990
Protein_MPND,1991
GO_0006302_instance,1992
Protein_CTR9,1993
Reaction_R-HSA-5617445,1994
Pathway_R-HSA-6782210,1995
Protein_AKAP7,1996
Pathway_R-HSA-8851907,1997
Reaction_R-HSA-2272795,1998
Reaction_R-HSA-9761344,1999
Pathway_R-HSA-168138,2000
Pathway_R-HSA-174143,2001
Reaction_R-HSA-2161951,2002
Pathway_R-HSA-2142770,2003
Protein_SFR1,2004
Protein_SLIRP,2005
Reaction_R-HSA-2730867,2006
Pathway_R-HSA-5607763,2007
GO_0017076_instance,2008
Reaction_R-HSA-388832,2009
Protein_SEPTIN7,2010
GO_0000779_instance,2011
Reaction_R-HSA-9704408,2012
Reaction_R-HSA-5683735,2013
Pathway_R-HSA-69473,2014
Protein_PGRMC1,2015
Reaction_R-HSA-5694415,2016
Reaction_R-HSA-5631941,2017
Protein_PRDX6,2018
Protein_RASSF5,2019
GO_0032446_instance,2020
Protein_CD79A,2021
Pathway_R-HSA-75067,2022
Protein_VAC14,2023
GO_0012506_instance,2024
Reaction_R-HSA-9032502,2025
GO_0006952_instance,2026
Reaction_R-HSA-9837625,2027
Protein_ACAP2,2028
GO_0010972_instance,2029
GO_0000086_instance,2030
Pathway_R-HSA-1257604,2031
Reaction_R-HSA-1971487,2032
Reaction_R-HSA-453104,2033
Protein_KIR2DL1,2034
Reaction_R-HSA-937044,2035
Pathway_R-HSA-168179,2036
Protein_MCM10,2037
Reaction_R-HSA-68918,2038
Protein_DENND3,2039
Reaction_R-HSA-9674131,2040
Protein_PRPF31,2041
Pathway_R-HSA-3134973,2042
Protein_MZB1,2043
GO_0098852_instance,2044
Reaction_R-HSA-9755306,2045
Reaction_R-HSA-141439,2046
Reaction_R-HSA-351863,2047
Reaction_R-HSA-9770145,2048
Pathway_R-HSA-8852276,2049
Reaction_R-HSA-73718,2050
Pathway_R-HSA-73854,2051
Pathway_R-HSA-2565942,2052
GO_0010498_instance,2053
Pathway_R-HSA-9856530,2054
Protein_CASP6,2055
Protein_MOSPD2,2056
Reaction_R-HSA-9749494,2057
Pathway_R-HSA-168188,2058
Reaction_R-HSA-9670149,2059
Reaction_R-HSA-419049,2060
Reaction_R-HSA-382613,2061
Pathway_R-HSA-382556,2062
Pathway_R-HSA-111457,2063
Reaction_R-HSA-449200,2064
Pathway_R-HSA-525793,2065
Pathway_R-HSA-162699,2066
Pathway_R-HSA-3214842,2067
Protein_PRNP,2068
GO_0051129_instance,2069
Reaction_R-HSA-70997,2070
Pathway_R-HSA-1428517,2071
Pathway_R-HSA-9604323,2072
Pathway_R-HSA-157118,2073
Pathway_R-HSA-9006931,2074
Protein_GNA13,2075
Reaction_R-HSA-198756,2076
Pathway_R-HSA-4608870,2077
Protein_BSDC1,2078
Reaction_R-HSA-5419261,2079
Protein_TMEM259,2080
Protein_SUCLG1,2081
Protein_TRMT61B,2082
Reaction_R-HSA-9937518,2083
Reaction_R-HSA-446391,2084
Reaction_R-HSA-174121,2085
Pathway_R-HSA-176409,2086
Protein_NABP2,2087
Protein_PPP1R2,2088
GO_0043069_instance,2089
Protein_WDR20,2090
Protein_EVI2A,2091
Reaction_R-HSA-9825747,2092
Protein_KRCC1,2093
Reaction_R-HSA-1980065,2094
Protein_NPTN,2095
Protein_SUMO1,2096
Reaction_R-HSA-399944,2097
GO_0051640_instance,2098
Reaction_R-HSA-9912747,2099
Pathway_R-HSA-1236975,2100
Protein_EEF1B2,2101
GO_0006511_instance,2102
Pathway_R-HSA-5389840,2103
GO_0022411_instance,2104
Protein_ELF1,2105
GO_0060627_instance,2106
Protein_ANKRA2,2107
Protein_MRRF,2108
Reaction_R-HSA-975119,2109
Protein_TMEM154,2110
Reaction_R-HSA-199917,2111
Protein_STMN1,2112
GO_0099080_instance,2113
Protein_FRG1,2114
Protein_SACM1L,2115
GO_0002521_instance,2116
Reaction_R-HSA-984648,2117
Protein_MPHOSPH10,2118
Protein_CERS6,2119
Pathway_R-HSA-1369062,2120
Reaction_R-HSA-9008832,2121
Reaction_R-HSA-9606887,2122
Pathway_R-HSA-3359462,2123
Pathway_R-HSA-3296469,2124
GO_0043254_instance,2125
Pathway_R-HSA-877300,2126
Reaction_R-HSA-6789092,2127
Pathway_R-HSA-1222556,2128
Protein_AP1S1,2129
Protein_RNF185,2130
Reaction_R-HSA-428533,2131
Pathway_R-HSA-167161,2132
Reaction_R-HSA-6805981,2133
Pathway_R-HSA-156827,2134
Protein_UQCRH,2135
Protein_SAP30L,2136
Pathway_R-HSA-71240,2137
Pathway_R-HSA-71291,2138
Protein_H1-0,2139
Reaction_R-HSA-9755303,2140
Reaction_R-HSA-2262743,2141
Reaction_R-HSA-8869438,2142
Protein_ATP5ME,2143
Protein_PPM1D,2144
GO_0001775_instance,2145
Pathway_R-HSA-4419969,2146
Protein_GAD1,2147
Reaction_R-HSA-167083,2148
Protein_KLRF1,2149
GO_0051236_instance,2150
Reaction_R-HSA-9915986,2151
Pathway_R-HSA-2142670,2152
Reaction_R-HSA-193705,2153
Protein_EAPP,2154
Reaction_R-HSA-2316429,2155
Pathway_R-HSA-9006925,2156
Reaction_R-HSA-9708497,2157
Reaction_R-HSA-1299478,2158
Pathway_R-HSA-1268020,2159
Protein_SCAF8,2160
Reaction_R-HSA-374696,2161
Protein_LMF2,2162
GO_0031984_instance,2163
Reaction_R-HSA-1015702,2164
Protein_FKBP2,2165
Protein_AVP,2166
Reaction_R-HSA-879584,2167
Reaction_R-HSA-5660910,2168
Pathway_R-HSA-5660862,2169
Protein_ZFP36L1,2170
Reaction_R-HSA-201515,2171
GO_0000139_instance,2172
Protein_ELOVL5,2173
Reaction_R-HSA-9908178,2174
Reaction_R-HSA-1236970,2175
Protein_BORCS6,2176
Protein_ATXN1,2177
Pathway_R-HSA-5696394,2178
Protein_BTG1,2179
Pathway_R-HSA-69481,2180
Protein_SLC5A6,2181
Reaction_R-HSA-429581,2182
Reaction_R-HSA-3640874,2183
Reaction_R-HSA-1791082,2184
GO_0030674_instance,2185
Protein_TRIM21,2186
Reaction_R-HSA-205244,2187
Reaction_R-HSA-3322995,2188
Protein_GMCL1,2189
Reaction_R-HSA-5676595,2190
Protein_ITPRID2,2191
GO_0051169_instance,2192
Pathway_R-HSA-167243,2193
Pathway_R-HSA-162599,2194
Protein_PAK1IP1,2195
Reaction_R-HSA-378513,2196
GO_0000323_instance,2197
Pathway_R-HSA-9028335,2198
Reaction_R-HSA-375154,2199
Pathway_R-HSA-375165,2200
Protein_ZFYVE27,2201
GO_0071782_instance,2202
Reaction_R-HSA-6809003,2203
Reaction_R-HSA-3229089,2204
Reaction_R-HSA-112150,2205
Pathway_R-HSA-9013508,2206
GO_0097708_instance,2207
Protein_ZBTB11,2208
Reaction_R-HSA-5655277,2209
Pathway_R-HSA-5655332,2210
GO_0051301_instance,2211
GO_0009615_instance,2212
Protein_HNRNPH3,2213
Reaction_R-HSA-3928640,2214
Pathway_R-HSA-1362300,2215
Protein_SLC38A10,2216
Reaction_R-HSA-9842876,2217
Pathway_R-HSA-9843940,2218
GO_0030163_instance,2219
Reaction_R-HSA-9646348,2220
Protein_GIMAP1,2221
Reaction_R-HSA-419197,2222
Pathway_R-HSA-416572,2223
Protein_SUSD1,2224
Protein_DPM3,2225
Reaction_R-HSA-447074,2226
Pathway_R-HSA-5339700,2227
Reaction_R-HSA-167196,2228
Pathway_R-HSA-167172,2229
Protein_PNPLA8,2230
Reaction_R-HSA-3697920,2231
Pathway_R-HSA-3214847,2232
Reaction_R-HSA-2288097,2233
Pathway_R-HSA-199992,2234
Protein_PDE3B,2235
Protein_COX5B,2236
Reaction_R-HSA-9773803,2237
Reaction_R-HSA-9649735,2238
GO_0031966_instance,2239
Pathway_R-HSA-9843745,2240
Protein_CARNMT1,2241
Protein_RNF126,2242
Reaction_R-HSA-5672966,2243
Pathway_R-HSA-5673000,2244
Protein_PCNP,2245
Protein_HERPUD2,2246
GO_0034976_instance,2247
Protein_ING2,2248
Reaction_R-HSA-8866269,2249
Pathway_R-HSA-8856828,2250
Reaction_R-HSA-9750942,2251
Pathway_R-HSA-446652,2252
Pathway_R-HSA-167200,2253
Reaction_R-HSA-9038545,2254
Pathway_R-HSA-69275,2255
Reaction_R-HSA-9793451,2256
Protein_C19orf25,2257
Reaction_R-HSA-75079,2258
Protein_SACS,2259
GO_0070161_instance,2260
Pathway_R-HSA-2467813,2261
GO_0043066_instance,2262
Reaction_R-HSA-8938382,2263
Protein_MYADM,2264
Reaction_R-HSA-933525,2265
GO_0016604_instance,2266
Reaction_R-HSA-9025969,2267
Pathway_R-HSA-879415,2268
Protein_HIGD1A,2269
Reaction_R-HSA-9664918,2270
Reaction_R-HSA-3240957,2271
Reaction_R-HSA-9007462,2272
Pathway_R-HSA-76002,2273
GO_0010256_instance,2274
Protein_CCR5,2275
Reaction_R-HSA-9613490,2276
Pathway_R-HSA-9619483,2277
Reaction_R-HSA-9647991,2278
Protein_IL17RC,2279
Protein_IKBIP,2280
Pathway_R-HSA-445989,2281
Reaction_R-HSA-437085,2282
Reaction_R-HSA-449115,2283
Protein_USP5,2284
Pathway_R-HSA-3700989,2285
Reaction_R-HSA-9859121,2286
GO_0035639_instance,2287
Reaction_R-HSA-114577,2288
Pathway_R-HSA-202733,2289
Pathway_R-HSA-389957,2290
Pathway_R-HSA-9825895,2291
Reaction_R-HSA-5663232,2292
Pathway_R-HSA-5663220,2293
Protein_ARL6IP6,2294
Reaction_R-HSA-5694435,2295
Reaction_R-HSA-75146,2296
Protein_MYO9B,2297
Pathway_R-HSA-5358752,2298
Reaction_R-HSA-9866132,2299
Reaction_R-HSA-8941618,2300
Protein_CTBP2,2301
GO_0060090_instance,2302
Reaction_R-HSA-5690991,2303
Reaction_R-HSA-9731018,2304
Protein_SYPL1,2305
Reaction_R-HSA-2468040,2306
Reaction_R-HSA-9617838,2307
Pathway_R-HSA-9617828,2308
Pathway_R-HSA-9010553,2309
Reaction_R-HSA-375302,2310
Pathway_R-HSA-5655253,2311
Protein_FAM133B,2312
Pathway_R-HSA-9648025,2313
Reaction_R-HSA-5682598,2314
Pathway_R-HSA-5693532,2315
Reaction_R-HSA-3296462,2316
Reaction_R-HSA-210290,2317
Pathway_R-HSA-210990,2318
Reaction_R-HSA-5654596,2319
Protein_TMF1,2320
Reaction_R-HSA-9933194,2321
GO_0030141_instance,2322
Reaction_R-HSA-210291,2323
Reaction_R-HSA-9013022,2324
Pathway_R-HSA-442982,2325
Pathway_R-HSA-442742,2326
Protein_FAM174A,2327
Pathway_R-HSA-72613,2328
Reaction_R-HSA-8871193,2329
GO_0001817_instance,2330
Pathway_R-HSA-9610379,2331
Protein_TMEM62,2332
GO_0044389_instance,2333
Protein_RGPD2,2334
GO_0006913_instance,2335
Pathway_R-HSA-8984722,2336
Protein_SPATA13,2337
Reaction_R-HSA-8855131,2338
Pathway_R-HSA-8866427,2339
Reaction_R-HSA-452838,2340
Pathway_R-HSA-452723,2341
Protein_CRTC1,2342
Pathway_R-HSA-2151201,2343
Protein_PTPN12,2344
Reaction_R-HSA-164508,2345
GO_0065010_instance,2346
Pathway_R-HSA-181438,2347
GO_0010467_instance,2348
Reaction_R-HSA-5654594,2349
Protein_ARMT1,2350
Reaction_R-HSA-3900047,2351
Reaction_R-HSA-177692,2352
Reaction_R-HSA-8954110,2353
Reaction_R-HSA-4551655,2354
Pathway_R-HSA-2990846,2355
Reaction_R-HSA-2316352,2356
Reaction_R-HSA-354077,2357
Pathway_R-HSA-354192,2358
Reaction_R-HSA-5626220,2359
Protein_VRK3,2360
Pathway_R-HSA-202670,2361
Reaction_R-HSA-74220,2362
Pathway_R-HSA-15869,2363
Reaction_R-HSA-170704,2364
Protein_ARMC7,2365
Protein_TMSB4X,2366
Protein_OSGIN1,2367
GO_0008134_instance,2368
Protein_USP6,2369
Protein_UBAP2L,2370
Reaction_R-HSA-9755244,2371
Protein_PPHLN1,2372
Reaction_R-HSA-3322424,2373
Pathway_R-HSA-201681,2374
Reaction_R-HSA-8950314,2375
Reaction_R-HSA-9680443,2376
Reaction_R-HSA-5357477,2377
Pathway_R-HSA-5218920,2378
Reaction_R-HSA-9021325,2379
Reaction_R-HSA-5660965,2380
Reaction_R-HSA-6803892,2381
Pathway_R-HSA-5218921,2382
Pathway_R-HSA-194138,2383
Protein_ASB8,2384
Reaction_R-HSA-8855259,2385
Pathway_R-HSA-8866376,2386
Reaction_R-HSA-9665701,2387
Pathway_R-HSA-9665686,2388
Reaction_R-HSA-114563,2389
Reaction_R-HSA-8937113,2390
Reaction_R-HSA-5686642,2391
Reaction_R-HSA-9693009,2392
Pathway_R-HSA-9690406,2393
Pathway_R-HSA-5654699,2394
Reaction_R-HSA-6807872,2395
Pathway_R-HSA-6807878,2396
Reaction_R-HSA-6799179,2397
GO_0051276_instance,2398
Protein_CD9,2399
Reaction_R-HSA-9033478,2400
Pathway_R-HSA-9033241,2401
Reaction_R-HSA-111919,2402
Pathway_R-HSA-112315,2403
Protein_WDSUB1,2404
GO_0019787_instance,2405
Reaction_R-HSA-2168885,2406
Reaction_R-HSA-8937050,2407
Reaction_R-HSA-5334052,2408
Reaction_R-HSA-4411367,2409
Pathway_R-HSA-201722,2410
Reaction_R-HSA-170847,2411
Protein_LCOR,2412
Reaction_R-HSA-3788705,2413
Reaction_R-HSA-9758090,2414
Reaction_R-HSA-983152,2415
Pathway_R-HSA-983168,2416
Protein_TRIM24,2417
Reaction_R-HSA-9018808,2418
Pathway_R-HSA-2025928,2419
Reaction_R-HSA-9680388,2420
Protein_PSME1,2421
Reaction_R-HSA-4656914,2422
Reaction_R-HSA-9632873,2423
Pathway_R-HSA-72737,2424
GO_0005815_instance,2425
Reaction_R-HSA-1454699,2426
Pathway_R-HSA-1445148,2427
Reaction_R-HSA-4419978,2428
Reaction_R-HSA-264444,2429
Protein_TMEM88,2430
GO_0008064_instance,2431
Pathway_R-HSA-881907,2432
Reaction_R-HSA-191114,2433
Pathway_R-HSA-189085,2434
Protein_ILRUN,2435
Reaction_R-HSA-168053,2436
Reaction_R-HSA-9770142,2437
Reaction_R-HSA-169719,2438
GO_0061919_instance,2439
Reaction_R-HSA-1295613,2440
Pathway_R-HSA-5654727,2441
Protein_TTC21A,2442
Reaction_R-HSA-1295622,2443
Pathway_R-HSA-9735869,2444
Reaction_R-HSA-9861616,2445
Pathway_R-HSA-917937,2446
Reaction_R-HSA-6807864,2447
Pathway_R-HSA-9934037,2448
Pathway_R-HSA-69656,2449
Protein_KRIT1,2450
Protein_RAP1B,2451
Reaction_R-HSA-8865505,2452
Reaction_R-HSA-167133,2453
Reaction_R-HSA-9860500,2454
Reaction_R-HSA-2201293,2455
Reaction_R-HSA-372693,2456
Protein_CRTAP,2457
GO_0051258_instance,2458
Reaction_R-HSA-3000310,2459
Reaction_R-HSA-8962039,2460
Pathway_R-HSA-69205,2461
Protein_MCM7,2462
Protein_IQGAP2,2463
Pathway_R-HSA-75158,2464
Reaction_R-HSA-976734,2465
Protein_DTNBP1,2466
Reaction_R-HSA-75866,2467
Pathway_R-HSA-72202,2468
Reaction_R-HSA-2197691,2469
Reaction_R-HSA-1214188,2470
Pathway_R-HSA-912446,2471
Protein_LEPR,2472
Reaction_R-HSA-2029451,2473
Reaction_R-HSA-264865,2474
Pathway_R-HSA-352238,2475
Reaction_R-HSA-5693153,2476
GO_0045934_instance,2477
Protein_PKIA,2478
Reaction_R-HSA-9708430,2479
Reaction_R-HSA-9029150,2480
Reaction_R-HSA-5672010,2481
Pathway_R-HSA-72163,2482
Protein_CISD1,2483
Pathway_R-HSA-3000480,2484
Reaction_R-HSA-113413,2485
Pathway_R-HSA-9833482,2486
Reaction_R-HSA-9909604,2487
Protein_NNT,2488
Pathway_R-HSA-168271,2489
Pathway_R-HSA-380320,2490
Reaction_R-HSA-9865579,2491
Reaction_R-HSA-9734670,2492
Pathway_R-HSA-69002,2493
Reaction_R-HSA-8877813,2494
Pathway_R-HSA-201556,2495
Reaction_R-HSA-419002,2496
Protein_POU2AF1,2497
Reaction_R-HSA-188371,2498
Protein_LBR,2499
Pathway_R-HSA-2408508,2500
Reaction_R-HSA-2466392,2501
Reaction_R-HSA-2213248,2502
Reaction_R-HSA-9021627,2503
Reaction_R-HSA-445797,2504
Protein_NAMPT,2505
Reaction_R-HSA-9035517,2506
Pathway_R-HSA-9036092,2507
Reaction_R-HSA-3790130,2508
Reaction_R-HSA-9908721,2509
Reaction_R-HSA-5368580,2510
Reaction_R-HSA-72697,2511
Pathway_R-HSA-9772573,2512
Pathway_R-HSA-5689880,2513
Reaction_R-HSA-167474,2514
Protein_BTF3L4,2515
Protein_EXOC3,2516
Reaction_R-HSA-434362,2517
Reaction_R-HSA-5684267,2518
Pathway_R-HSA-5684264,2519
Pathway_R-HSA-5633007,2520
GO_0044087_instance,2521
Reaction_R-HSA-9866164,2522
Pathway_R-HSA-9865881,2523
Reaction_R-HSA-167408,2524
Pathway_R-HSA-202040,2525
Reaction_R-HSA-418868,2526
Pathway_R-HSA-418885,2527
GO_0005793_instance,2528
Pathway_R-HSA-6781827,2529
Reaction_R-HSA-5672973,2530
Pathway_R-HSA-111465,2531
Reaction_R-HSA-9632412,2532
Pathway_R-HSA-8939211,2533
Reaction_R-HSA-9026891,2534
Reaction_R-HSA-2468041,2535
Pathway_R-HSA-6802949,2536
Pathway_R-HSA-6802957,2537
Reaction_R-HSA-4655374,2538
Reaction_R-HSA-8849350,2539
Pathway_R-HSA-6811442,2540
Reaction_R-HSA-9665702,2541
Reaction_R-HSA-9014294,2542
Pathway_R-HSA-9013404,2543
Protein_RAD51D,2544
GO_0051168_instance,2545
GO_0009057_instance,2546
Pathway_R-HSA-72165,2547
Reaction_R-HSA-9674562,2548
Reaction_R-HSA-3927959,2549
Pathway_R-HSA-3899300,2550
Reaction_R-HSA-9708517,2551
Protein_PLBD2,2552
GO_0061024_instance,2553
Reaction_R-HSA-9909623,2554
Reaction_R-HSA-166119,2555
Reaction_R-HSA-6782138,2556
Reaction_R-HSA-4719424,2557
Reaction_R-HSA-9031624,2558
Reaction_R-HSA-933536,2559
Reaction_R-HSA-9011300,2560
Protein_CTDSP2,2561
Reaction_R-HSA-8948612,2562
Pathway_R-HSA-69239,2563
Reaction_R-HSA-5218813,2564
Protein_NFKB2,2565
Pathway_R-HSA-983695,2566
Reaction_R-HSA-5663124,2567
Pathway_R-HSA-1368108,2568
Protein_SNX19,2569
Reaction_R-HSA-9937512,2570
Reaction_R-HSA-9670433,2571
Protein_ASB6,2572
Pathway_R-HSA-72203,2573
Protein_GRIN3A,2574
Reaction_R-HSA-8978926,2575
GO_0032956_instance,2576
Pathway_R-HSA-9692914,2577
Reaction_R-HSA-9858308,2578
Reaction_R-HSA-9614810,2579
Reaction_R-HSA-112379,2580
Reaction_R-HSA-179421,2581
Protein_ZNF589,2582
Reaction_R-HSA-9823904,2583
Protein_FMNL1,2584
Reaction_R-HSA-9013145,2585
Reaction_R-HSA-9021600,2586
Reaction_R-HSA-376121,2587
Reaction_R-HSA-188345,2588
Pathway_R-HSA-141430,2589
Pathway_R-HSA-453276,2590
Reaction_R-HSA-9634219,2591
Pathway_R-HSA-2555396,2592
Protein_BCR,2593
Pathway_R-HSA-73614,2594
Reaction_R-HSA-9684068,2595
Pathway_R-HSA-5578775,2596
Reaction_R-HSA-3000411,2597
Protein_STIL,2598
Reaction_R-HSA-2426259,2599
Reaction_R-HSA-418579,2600
Pathway_R-HSA-68875,2601
Reaction_R-HSA-1678842,2602
GO_0012501_instance,2603
Reaction_R-HSA-5685603,2604
Pathway_R-HSA-936837,2605
Pathway_R-HSA-5696399,2606
Reaction_R-HSA-9925190,2607
Reaction_R-HSA-8938487,2608
Reaction_R-HSA-9793680,2609
Protein_MAP7,2610
GO_0044839_instance,2611
Pathway_R-HSA-445095,2612
Reaction_R-HSA-5692788,2613
Pathway_R-HSA-5687128,2614
Reaction_R-HSA-141422,2615
Pathway_R-HSA-141424,2616
Reaction_R-HSA-2730876,2617
Reaction_R-HSA-166041,2618
Reaction_R-HSA-5672980,2619
Protein_IRF2,2620
Reaction_R-HSA-4570489,2621
Reaction_R-HSA-75885,2622
Reaction_R-HSA-9647999,2623
Pathway_R-HSA-9648002,2624
Pathway_R-HSA-69620,2625
Pathway_R-HSA-975163,2626
Reaction_R-HSA-418158,2627
Protein_ZMYM5,2628
Protein_KIR2DL3,2629
Reaction_R-HSA-9645598,2630
GO_1901988_instance,2631
Protein_UBTF,2632
Reaction_R-HSA-1168768,2633
Reaction_R-HSA-110144,2634
Reaction_R-HSA-5661120,2635
Protein_N4BP2L1,2636
Reaction_R-HSA-9824598,2637
Pathway_R-HSA-9730414,2638
Pathway_R-HSA-202424,2639
Pathway_R-HSA-9933939,2640
Reaction_R-HSA-1251997,2641
Protein_TSPAN2,2642
Reaction_R-HSA-111898,2643
Reaction_R-HSA-9705461,2644
Reaction_R-HSA-77069,2645
GO_0043067_instance,2646
GO_0006508_instance,2647
Reaction_R-HSA-203553,2648
Reaction_R-HSA-8874470,2649
Reaction_R-HSA-174224,2650
Pathway_R-HSA-381070,2651
Reaction_R-HSA-4616015,2652
GO_0036464_instance,2653
Reaction_R-HSA-5660757,2654
Pathway_R-HSA-975957,2655
Pathway_R-HSA-68867,2656
Reaction_R-HSA-9670418,2657
GO_0046649_instance,2658
Reaction_R-HSA-75016,2659
Pathway_R-HSA-2179392,2660
Reaction_R-HSA-450325,2661
Reaction_R-HSA-9651280,2662
Pathway_R-HSA-9753510,2663
Reaction_R-HSA-1169395,2664
Protein_ZDHHC24,2665
Pathway_R-HSA-9701898,2666
Reaction_R-HSA-751001,2667
Reaction_R-HSA-5672957,2668
Reaction_R-HSA-751027,2669
Pathway_R-HSA-416482,2670
Reaction_R-HSA-2467794,2671
Reaction_R-HSA-560498,2672
Reaction_R-HSA-5693061,2673
Reaction_R-HSA-5684052,2674
Pathway_R-HSA-72695,2675
Reaction_R-HSA-9017507,2676
Reaction_R-HSA-5607724,2677
Pathway_R-HSA-111931,2678
Protein_TRAK1,2679
Reaction_R-HSA-5610760,2680
Pathway_R-HSA-5610780,2681
Reaction_R-HSA-751013,2682
Protein_PTGDS,2683
Pathway_R-HSA-5654689,2684
Reaction_R-HSA-873927,2685
Pathway_R-HSA-9725371,2686
Reaction_R-HSA-5357927,2687
Protein_TRIP6,2688
Pathway_R-HSA-1660516,2689
Reaction_R-HSA-9011984,2690
GO_0010494_instance,2691
Reaction_R-HSA-5626699,2692
Protein_COG3,2693
Reaction_R-HSA-167087,2694
Protein_HYOU1,2695
Reaction_R-HSA-165043,2696
Reaction_R-HSA-964768,2697
GO_0009895_instance,2698
Reaction_R-HSA-8938965,2699
Reaction_R-HSA-5674366,2700
GO_1902749_instance,2701
Reaction_R-HSA-5692770,2702
Reaction_R-HSA-4570499,2703
Reaction_R-HSA-4341070,2704
Pathway_R-HSA-5654732,2705
Reaction_R-HSA-72180,2706
Protein_ATG4B,2707
Reaction_R-HSA-749452,2708
Pathway_R-HSA-2559585,2709
Reaction_R-HSA-9657606,2710
Reaction_R-HSA-9909622,2711
Pathway_R-HSA-389948,2712
Protein_OR5B2,2713
Pathway_R-HSA-9752946,2714
Reaction_R-HSA-9851539,2715
Pathway_R-HSA-5620912,2716
Reaction_R-HSA-167148,2717
Reaction_R-HSA-437162,2718
Pathway_R-HSA-114604,2719
GO_0005684_instance,2720
Reaction_R-HSA-9839073,2721
Pathway_R-HSA-9837999,2722
Reaction_R-HSA-880053,2723
Protein_HDHD2,2724
Reaction_R-HSA-9698754,2725
Pathway_R-HSA-9702518,2726
GO_0005635_instance,2727
GO_0006886_instance,2728
Pathway_R-HSA-1227990,2729
Protein_PHAX,2730
Protein_BIN2,2731
Reaction_R-HSA-199895,2732
Pathway_R-HSA-168181,2733
Reaction_R-HSA-9922273,2734
Reaction_R-HSA-6791221,2735
Reaction_R-HSA-8942607,2736
Reaction_R-HSA-6803527,2737
Pathway_R-HSA-168255,2738
Reaction_R-HSA-398184,2739
Reaction_R-HSA-5654709,2740
Pathway_R-HSA-5675482,2741
Pathway_R-HSA-2122947,2742
Pathway_R-HSA-9639288,2743
Reaction_R-HSA-8956106,2744
Protein_PRR13,2745
Pathway_R-HSA-9664422,2746
Pathway_R-HSA-9664417,2747
Reaction_R-HSA-9678925,2748
Protein_CERK,2749
Reaction_R-HSA-8863973,2750
Pathway_R-HSA-1236974,2751
Reaction_R-HSA-450474,2752
Reaction_R-HSA-937079,2753
Reaction_R-HSA-5654717,2754
Protein_AUH,2755
Reaction_R-HSA-187506,2756
Pathway_R-HSA-69206,2757
Pathway_R-HSA-70326,2758
Pathway_R-HSA-2173793,2759
Reaction_R-HSA-156723,2760
Protein_DEAF1,2761
Protein_MTMR12,2762
Pathway_R-HSA-9029569,2763
Pathway_R-HSA-1237112,2764
Reaction_R-HSA-5665802,2765
GO_0005774_instance,2766
Reaction_R-HSA-5693584,2767
Reaction_R-HSA-8939801,2768
Reaction_R-HSA-8876446,2769
Reaction_R-HSA-1031716,2770
Reaction_R-HSA-5693644,2771
Reaction_R-HSA-9796072,2772
Pathway_R-HSA-400042,2773
Reaction_R-HSA-5655266,2774
Protein_MYOM2,2775
Reaction_R-HSA-936897,2776
Reaction_R-HSA-2730851,2777
Pathway_R-HSA-2871796,2778
GO_0007010_instance,2779
Reaction_R-HSA-9008215,2780
GO_0007032_instance,2781
Protein_LRFN4,2782
Protein_PPP1R15B,2783
Reaction_R-HSA-5218841,2784
Reaction_R-HSA-8864036,2785
GO_0000151_instance,2786
Reaction_R-HSA-5686074,2787
Pathway_R-HSA-5685938,2788
Reaction_R-HSA-5635854,2789
Pathway_R-HSA-9020558,2790
Pathway_R-HSA-8866904,2791
Reaction_R-HSA-9859082,2792
Pathway_R-HSA-9841922,2793
Pathway_R-HSA-5654719,2794
Reaction_R-HSA-1676133,2795
Reaction_R-HSA-3215448,2796
Reaction_R-HSA-9622738,2797
Reaction_R-HSA-8961934,2798
Reaction_R-HSA-9821902,2799
Protein_FASTK,2800
Reaction_R-HSA-112392,2801
Reaction_R-HSA-6792871,2802
Reaction_R-HSA-9013009,2803
Pathway_R-HSA-177539,2804
Reaction_R-HSA-74743,2805
Reaction_R-HSA-8868661,2806
Reaction_R-HSA-8875490,2807
Reaction_R-HSA-9008110,2808
Reaction_R-HSA-9692800,2809
Reaction_R-HSA-1226016,2810
Reaction_R-HSA-192704,2811
Pathway_R-HSA-5654695,2812
Reaction_R-HSA-5691006,2813
Reaction_R-HSA-6802918,2814
Protein_TMEM214,2815
Pathway_R-HSA-111885,2816
Protein_APBB3,2817
Pathway_R-HSA-9007101,2818
Reaction_R-HSA-5689317,2819
Reaction_R-HSA-1912413,2820
Reaction_R-HSA-5634221,2821
Reaction_R-HSA-205262,2822
Protein_SREK1,2823
Reaction_R-HSA-1297275,2824
Pathway_R-HSA-1300645,2825
Pathway_R-HSA-389357,2826
Reaction_R-HSA-5251959,2827
Pathway_R-HSA-167290,2828
Pathway_R-HSA-977225,2829
Reaction_R-HSA-445077,2830
Reaction_R-HSA-8938440,2831
GO_0015931_instance,2832
GO_1901991_instance,2833
Protein_AMDHD2,2834
Reaction_R-HSA-5694441,2835
Protein_PLAA,2836
Reaction_R-HSA-9824593,2837
Pathway_R-HSA-69202,2838
Reaction_R-HSA-177933,2839
Pathway_R-HSA-180336,2840
Reaction_R-HSA-421831,2841
Reaction_R-HSA-5654647,2842
Pathway_R-HSA-6811438,2843
Protein_RHBDD3,2844
Reaction_R-HSA-168950,2845
Pathway_R-HSA-9013148,2846
Reaction_R-HSA-560473,2847
Reaction_R-HSA-1234159,2848
Pathway_R-HSA-1234176,2849
Protein_REPS2,2850
Protein_VPS41,2851
GO_0005773_instance,2852
Reaction_R-HSA-1363331,2853
Reaction_R-HSA-5694431,2854
Reaction_R-HSA-912527,2855
Reaction_R-HSA-5227009,2856
Pathway_R-HSA-380972,2857
Reaction_R-HSA-199518,2858
Reaction_R-HSA-432195,2859
Pathway_R-HSA-432040,2860
Reaction_R-HSA-9837149,2861
GO_0051650_instance,2862
Reaction_R-HSA-5682588,2863
Reaction_R-HSA-3465448,2864
Pathway_R-HSA-3371378,2865
Pathway_R-HSA-5617833,2866
Protein_SLC22A16,2867
Reaction_R-HSA-9942511,2868
Reaction_R-HSA-9673760,2869
Pathway_R-HSA-9673768,2870
Pathway_R-HSA-975110,2871
Protein_BOLA2B,2872
Protein_PPP2R3A,2873
Protein_TROAP,2874
Protein_CCDC57,2875
Reaction_R-HSA-4085992,2876
Reaction_R-HSA-6790487,2877
Pathway_R-HSA-9856651,2878
Reaction_R-HSA-9931313,2879
Reaction_R-HSA-9680348,2880
Reaction_R-HSA-749456,2881
Pathway_R-HSA-8856688,2882
Protein_AUNIP,2883
Reaction_R-HSA-6811504,2884
GO_0033365_instance,2885
Reaction_R-HSA-204169,2886
Pathway_R-HSA-70268,2887
Pathway_R-HSA-6791226,2888
Reaction_R-HSA-6807866,2889
Pathway_R-HSA-948021,2890
Reaction_R-HSA-167478,2891
Reaction_R-HSA-389086,2892
Reaction_R-HSA-167459,2893
Protein_HEATR1,2894
Pathway_R-HSA-380287,2895
Reaction_R-HSA-174374,2896
Pathway_R-HSA-9658195,2897
Reaction_R-HSA-9759176,2898
Reaction_R-HSA-1918095,2899
Pathway_R-HSA-1227986,2900
Reaction_R-HSA-1799335,2901
Protein_CUBN,2902
Pathway_R-HSA-196849,2903
Reaction_R-HSA-873922,2904
Reaction_R-HSA-9842667,2905
Reaction_R-HSA-4570493,2906
Reaction_R-HSA-1989749,2907
Reaction_R-HSA-2467809,2908
Reaction_R-HSA-6782141,2909
Reaction_R-HSA-9646468,2910
Reaction_R-HSA-8964525,2911
Pathway_R-HSA-1168372,2912
Reaction_R-HSA-5251955,2913
Reaction_R-HSA-75949,2914
Protein_ACBD5,2915
Pathway_R-HSA-111367,2916
Reaction_R-HSA-1977958,2917
Protein_OSGIN2,2918
Reaction_R-HSA-8876190,2919
Protein_ZFAND1,2920
Reaction_R-HSA-177920,2921
Reaction_R-HSA-5638009,2922
Reaction_R-HSA-1855168,2923
Reaction_R-HSA-167147,2924
Pathway_R-HSA-445144,2925
GO_0051607_instance,2926
GO_0045786_instance,2927
Reaction_R-HSA-5684261,2928
Protein_NDUFV2,2929
Reaction_R-HSA-3769392,2930
Pathway_R-HSA-8939243,2931
Reaction_R-HSA-112333,2932
Reaction_R-HSA-1234172,2933
Reaction_R-HSA-1675949,2934
Reaction_R-HSA-5694446,2935
Pathway_R-HSA-204005,2936
Reaction_R-HSA-8871194,2937
Reaction_R-HSA-2220944,2938
Reaction_R-HSA-5696839,2939
Protein_LRRC45,2940
Reaction_R-HSA-6814682,2941
GO_0006354_instance,2942
Reaction_R-HSA-913374,2943
Pathway_R-HSA-512988,2944
Reaction_R-HSA-9606163,2945
Pathway_R-HSA-983705,2946
Pathway_R-HSA-381340,2947
Pathway_R-HSA-446353,2948
Reaction_R-HSA-388833,2949
GO_0031625_instance,2950
GO_0019941_instance,2951
Reaction_R-HSA-6807118,2952
Pathway_R-HSA-198725,2953
Reaction_R-HSA-9629372,2954
Reaction_R-HSA-167097,2955
Reaction_R-HSA-418581,2956
Reaction_R-HSA-9861640,2957
Reaction_R-HSA-111925,2958
Pathway_R-HSA-442720,2959
GO_0000922_instance,2960
Protein_SERINC3,2961
Protein_MYO19,2962
Pathway_R-HSA-9715370,2963
Pathway_R-HSA-9035034,2964
Protein_HLA-DOB,2965
Reaction_R-HSA-9725332,2966
Reaction_R-HSA-380311,2967
Reaction_R-HSA-163214,2968
Reaction_R-HSA-2309773,2969
Pathway_R-HSA-8978868,2970
Pathway_R-HSA-9764790,2971
Protein_GBA2,2972
Reaction_R-HSA-5687090,2973
Pathway_R-HSA-68882,2974
Reaction_R-HSA-9822311,2975
Reaction_R-HSA-6802919,2976
Pathway_R-HSA-6802946,2977
Pathway_R-HSA-5696395,2978
Pathway_R-HSA-9652169,2979
Pathway_R-HSA-4839726,2980
Protein_NUDCD3,2981
Reaction_R-HSA-5693578,2982
Reaction_R-HSA-174195,2983
Reaction_R-HSA-2029469,2984
Reaction_R-HSA-983158,2985
Reaction_R-HSA-1592234,2986
Reaction_R-HSA-913424,2987
Reaction_R-HSA-933533,2988
Pathway_R-HSA-5619115,2989
Pathway_R-HSA-9022707,2990
Pathway_R-HSA-8986944,2991
Protein_FARSA,2992
Reaction_R-HSA-178189,2993
GO_0060284_instance,2994
Reaction_R-HSA-9832037,2995
Reaction_R-HSA-156907,2996
Pathway_R-HSA-156842,2997
Pathway_R-HSA-5654726,2998
Reaction_R-HSA-167115,2999
Reaction_R-HSA-8956103,3000
Pathway_R-HSA-5693568,3001
Reaction_R-HSA-6805126,3002
Reaction_R-HSA-6804194,3003
Reaction_R-HSA-4090281,3004
Reaction_R-HSA-389972,3005
Pathway_R-HSA-391251,3006
Reaction_R-HSA-9835443,3007
Reaction_R-HSA-9768788,3008
Reaction_R-HSA-419232,3009
Pathway_R-HSA-5625740,3010
Reaction_R-HSA-442592,3011
Reaction_R-HSA-9793383,3012
Reaction_R-HSA-8948234,3013
Reaction_R-HSA-1470012,3014
Protein_LYPLA2,3015
Reaction_R-HSA-9913335,3016
Reaction_R-HSA-9733247,3017
Pathway_R-HSA-71387,3018
Reaction_R-HSA-390453,3019
Reaction_R-HSA-1169399,3020
GO_0031461_instance,3021
Reaction_R-HSA-9660824,3022
Pathway_R-HSA-9660821,3023
Reaction_R-HSA-9821412,3024
Reaction_R-HSA-113414,3025
Pathway_R-HSA-9665250,3026
Reaction_R-HSA-380979,3027
GO_0030036_instance,3028
Pathway_R-HSA-5674400,3029
Reaction_R-HSA-1226012,3030
Reaction_R-HSA-9817513,3031
Pathway_R-HSA-9821002,3032
Protein_CAPN7,3033
Pathway_R-HSA-1474228,3034
Reaction_R-HSA-8852362,3035
Reaction_R-HSA-6814549,3036
Reaction_R-HSA-9817471,3037
Pathway_R-HSA-389960,3038
Reaction_R-HSA-199579,3039
Reaction_R-HSA-508247,3040
Reaction_R-HSA-8938938,3041
Reaction_R-HSA-163213,3042
Reaction_R-NUL-2186755,3043
Protein_PTBP3,3044
Reaction_R-HSA-77590,3045
Reaction_R-HSA-167150,3046
Pathway_R-HSA-2559584,3047
Reaction_R-HSA-2130641,3048
Pathway_R-HSA-167246,3049
Reaction_R-HSA-4568914,3050
Reaction_R-HSA-9013110,3051
Reaction_R-HSA-5617816,3052
Reaction_R-HSA-9924968,3053
Reaction_R-HSA-167134,3054
Pathway_R-HSA-4793954,3055
Reaction_R-HSA-8950637,3056
Pathway_R-HSA-9020591,3057
GO_0030097_instance,3058
Pathway_R-HSA-5358749,3059
Pathway_R-HSA-180910,3060
Reaction_R-HSA-6784729,3061
Pathway_R-HSA-8964038,3062
Pathway_R-HSA-198323,3063
Reaction_R-HSA-9686061,3064
Reaction_R-HSA-6781818,3065
Pathway_R-HSA-3295583,3066
Pathway_R-HSA-174154,3067
Pathway_R-HSA-5250955,3068
Reaction_R-HSA-2201338,3069
Reaction_R-HSA-9770131,3070
Protein_NR1D2,3071
Reaction_R-HSA-9017488,3072
Reaction_R-HSA-5618328,3073
Reaction_R-HSA-70449,3074
Reaction_R-HSA-5686900,3075
Pathway_R-HSA-5693571,3076
Reaction_R-HSA-3301345,3077
Reaction_R-HSA-5684275,3078
Reaction_R-HSA-5626938,3079
Pathway_R-HSA-451927,3080
Reaction_R-HSA-8950782,3081
Protein_MTHFD1L,3082
Protein_PKMYT1,3083
Reaction_R-HSA-983138,3084
Pathway_R-HSA-69231,3085
Reaction_R-HSA-9861734,3086
Reaction_R-HSA-9613213,3087
Reaction_R-HSA-6798748,3088
Pathway_R-HSA-9027283,3089
Reaction_R-HSA-5623622,3090
Pathway_R-HSA-9754678,3091
Reaction_R-HSA-8849157,3092
Reaction_R-HSA-5607723,3093
Reaction_R-HSA-162721,3094
Reaction_R-HSA-9906955,3095
Reaction_R-HSA-3232162,3096
Pathway_R-HSA-6803157,3097
Reaction_R-HSA-1234167,3098
Reaction_R-HSA-5666160,3099
Reaction_R-HSA-9845033,3100
Pathway_R-HSA-5654693,3101
GO_0043484_instance,3102
Reaction_R-HSA-6805399,3103
Reaction_R-HSA-3209111,3104
Reaction_R-HSA-8876191,3105
Reaction_R-HSA-9712079,3106
Reaction_R-HSA-158441,3107
Reaction_R-HSA-8862280,3108
Reaction_R-HSA-9859334,3109
Reaction_R-HSA-210289,3110
Reaction_R-HSA-8950260,3111
Reaction_R-HSA-9796387,3112
GO_0045087_instance,3113
GO_0043068_instance,3114
Reaction_R-HSA-9679740,3115
Reaction_R-HSA-9860292,3116
Reaction_R-HSA-3601585,3117
Protein_FAM162A,3118
Pathway_R-HSA-5602498,3119
Reaction_R-HSA-8875318,3120
Reaction_R-HSA-936947,3121
Reaction_R-HSA-5262921,3122
Pathway_R-HSA-5603027,3123
Reaction_R-HSA-2327886,3124
Pathway_R-HSA-3000178,3125
Reaction_R-HSA-445704,3126
GO_0002694_instance,3127
Reaction_R-HSA-5654692,3128
Protein_CFAP44,3129
Reaction_R-HSA-2562564,3130
GO_0035770_instance,3131
Protein_ANO2,3132
Reaction_R-HSA-9866104,3133
Pathway_R-HSA-3371453,3134
Reaction_R-HSA-4551727,3135
Reaction_R-HSA-919404,3136
Reaction_R-HSA-5693580,3137
Pathway_R-HSA-5693567,3138
Reaction_R-HSA-5654591,3139
Reaction_R-HSA-9014652,3140
Reaction_R-HSA-204861,3141
Pathway_R-HSA-399955,3142
Protein_LSM7,3143
Reaction_R-HSA-1861621,3144
Reaction_R-HSA-8942101,3145
Reaction_R-HSA-9657603,3146
Pathway_R-HSA-75105,3147
Pathway_R-HSA-9824443,3148
Reaction_R-HSA-8983983,3149
Reaction_R-HSA-388808,3150
Pathway_R-HSA-9845614,3151
Reaction_R-HSA-182198,3152
Reaction_R-HSA-167484,3153
Reaction_R-HSA-1855212,3154
Reaction_R-HSA-8944706,3155
Protein_GIMAP7,3156
Reaction_R-HSA-111916,3157
Reaction_R-HSA-432688,3158
Pathway_R-HSA-9758274,3159
Reaction_R-HSA-9617996,3160
Reaction_R-HSA-177946,3161
Protein_PLCXD1,3162
Reaction_R-HSA-3108203,3163
Reaction_R-HSA-9842835,3164
Reaction_R-HSA-1295599,3165
Reaction_R-HSA-9007465,3166
Pathway_R-HSA-8953750,3167
GO_0015630_instance,3168
Reaction_R-HSA-391152,3169
Reaction_R-HSA-2029476,3170
Reaction_R-HSA-156923,3171
Reaction_R-HSA-5654615,3172
Reaction_R-HSA-9665286,3173
Pathway_R-HSA-9665246,3174
Reaction_R-HSA-4793819,3175
Reaction_R-HSA-6801456,3176
Reaction_R-HSA-5684248,3177
Pathway_R-HSA-1655829,3178
Reaction_R-HSA-205238,3179
Pathway_R-HSA-1433557,3180
Reaction_R-HSA-1791134,3181
Pathway_R-HSA-5467337,3182
Reaction_R-HSA-3465545,3183
Reaction_R-HSA-9729849,3184
Reaction_R-HSA-532678,3185
Protein_DYNC2I2,3186
Reaction_R-HSA-3000319,3187
Reaction_R-HSA-8868651,3188
Reaction_R-HSA-1358792,3189
Reaction_R-HSA-5665727,3190
Reaction_R-HSA-9858321,3191
Reaction_R-HSA-9937719,3192
GO_0051028_instance,3193
Protein_BEGAIN,3194
Reaction_R-HSA-5654625,3195
Reaction_R-HSA-5626681,3196
Reaction_R-HSA-9823836,3197
Reaction_R-HSA-9664646,3198
Pathway_R-HSA-198203,3199
Reaction_R-HSA-379994,3200
Pathway_R-HSA-379716,3201
Protein_ATOSA,3202
Protein_TC2N,3203
Reaction_R-HSA-141156,3204
Pathway_R-HSA-69416,3205
Reaction_R-NUL-9622814,3206
Reaction_R-HSA-2408546,3207
Reaction_R-HSA-8877311,3208
Reaction_R-HSA-9021919,3209
Pathway_R-HSA-9022702,3210
Reaction_R-HSA-751040,3211
Reaction_R-HSA-9927247,3212
Reaction_R-HSA-376200,3213
Pathway_R-HSA-352230,3214
Pathway_R-HSA-1799339,3215
Reaction_R-HSA-5607731,3216
Reaction_R-HSA-74746,3217
Reaction_R-HSA-187934,3218
Pathway_R-HSA-6804116,3219
Reaction_R-HSA-9731111,3220
Protein_THEMIS,3221
Reaction_R-HSA-744886,3222
Reaction_R-HSA-8932355,3223
Protein_DCTN6,3224
Reaction_R-HSA-9664991,3225
Reaction_R-HSA-450466,3226
Pathway_R-HSA-450408,3227
Protein_ELMOD3,3228
Protein_ACAD8,3229
GO_0015980_instance,3230
Reaction_R-HSA-5357776,3231
Pathway_R-HSA-9609736,3232
Reaction_R-HSA-9703430,3233
Pathway_R-HSA-9703465,3234
Reaction_R-HSA-9834809,3235
Reaction_R-HSA-5684273,3236
Pathway_R-HSA-111957,3237
Reaction_R-HSA-1250383,3238
Reaction_R-HSA-8855508,3239
Pathway_R-HSA-9706574,3240
Reaction_R-HSA-9912636,3241
Reaction_R-HSA-167118,3242
Reaction_R-HSA-427528,3243
Pathway_R-HSA-72764,3244
Pathway_R-HSA-8854518,3245
Reaction_R-HSA-210309,3246
Reaction_R-HSA-141673,3247
Reaction_R-HSA-8939870,3248
Pathway_R-HSA-8940973,3249
Reaction_R-HSA-9616214,3250
GO_0005740_instance,3251
Reaction_R-HSA-8875576,3252
Reaction_R-HSA-1791069,3253
Pathway_R-HSA-381119,3254
Reaction_R-HSA-1445149,3255
Reaction_R-HSA-9758604,3256
Reaction_R-HSA-8985343,3257
Reaction_R-HSA-8956184,3258
Reaction_R-HSA-9626832,3259
Reaction_R-HSA-9749505,3260
Reaction_R-HSA-3928639,3261
Reaction_R-HSA-6802926,3262
Protein_CLDN9,3263
Reaction_R-HSA-8877902,3264
Reaction_R-HSA-109862,3265
Pathway_R-HSA-112411,3266
Protein_DMXL1,3267
Reaction_R-HSA-9693282,3268
Pathway_R-HSA-9012999,3269
Reaction_R-HSA-5675433,3270
Reaction_R-HSA-912680,3271
Pathway_R-HSA-912694,3272
Pathway_R-HSA-5693579,3273
Reaction_R-HSA-1306969,3274
Reaction_R-HSA-9922269,3275
GO_0016607_instance,3276
Reaction_R-HSA-1433514,3277
Reaction_R-HSA-535717,3278
Pathway_R-HSA-532668,3279
Reaction_R-HSA-204008,3280
Reaction_R-HSA-70481,3281
Pathway_R-HSA-5654738,3282
GO_0110053_instance,3283
Reaction_R-HSA-9656209,3284
Reaction_R-HSA-9660828,3285
Reaction_R-HSA-8852129,3286
Reaction_R-HSA-2990880,3287
Reaction_R-HSA-9614369,3288
Reaction_R-HSA-8956040,3289
GO_0005759_instance,3290
Reaction_R-HSA-879358,3291
Pathway_R-HSA-113418,3292
Reaction_R-HSA-9649736,3293
Protein_JPT1,3294
Reaction_R-HSA-9009208,3295
Reaction_R-HSA-9700998,3296
Pathway_R-HSA-5693565,3297
Pathway_R-HSA-9929356,3298
Reaction_R-HSA-72621,3299
Reaction_R-HSA-2569057,3300
Pathway_R-HSA-2562578,3301
Reaction_R-HSA-6795473,3302
Reaction_R-HSA-560510,3303
Reaction_R-HSA-9761844,3304
Pathway_R-HSA-9818025,3305
Protein_MADD,3306
Reaction_R-HSA-451634,3307
Reaction_R-HSA-9670431,3308
Reaction_R-HSA-199583,3309
Pathway_R-HSA-9664407,3310
Reaction_R-HSA-5419271,3311
Reaction_R-HSA-5692550,3312
Pathway_R-HSA-5357905,3313
Reaction_R-HSA-177931,3314
Reaction_R-HSA-9737710,3315
Reaction_R-HSA-2220979,3316
Pathway_R-HSA-2644606,3317
Pathway_R-HSA-72086,3318
Reaction_R-HSA-9665408,3319
Reaction_R-HSA-398185,3320
Reaction_R-HSA-166038,3321
Protein_CNGB1,3322
Protein_CCDC15,3323
Reaction_R-HSA-9843116,3324
Reaction_R-HSA-5625784,3325
Protein_MTR,3326
Reaction_R-HSA-3321918,3327
Protein_UTY,3328
Pathway_R-HSA-9686347,3329
Protein_RIOX2,3330
GO_0032984_instance,3331
Pathway_R-HSA-9026519,3332
Reaction_R-HSA-9705145,3333
Pathway_R-HSA-5617472,3334
Protein_RCN2,3335
Reaction_R-HSA-191825,3336
Protein_NDUFV3,3337
Reaction_R-HSA-9759154,3338
Pathway_R-HSA-112412,3339
Reaction_R-HSA-177945,3340
Reaction_R-HSA-391157,3341
Reaction_R-HSA-3928625,3342
Reaction_R-HSA-9956308,3343
Pathway_R-HSA-1483191,3344
Protein_NT5DC1,3345
Reaction_R-HSA-70482,3346
Pathway_R-HSA-70263,3347
Reaction_R-HSA-9668419,3348
Reaction_R-HSA-5668414,3349
Reaction_R-HSA-750988,3350
Pathway_R-HSA-418597,3351
Reaction_R-HSA-5682629,3352
Reaction_R-HSA-373716,3353
Reaction_R-HSA-2243942,3354
Pathway_R-HSA-5627117,3355
Reaction_R-HSA-174124,3356
Reaction_R-HSA-8938073,3357
Reaction_R-HSA-8878143,3358
Reaction_R-HSA-5624492,3359
Reaction_R-HSA-9817400,3360
Reaction_R-HSA-76576,3361
Pathway_R-HSA-73776,3362
Reaction_R-HSA-8987097,3363
GO_0006368_instance,3364
Reaction_R-HSA-1362261,3365
Reaction_R-HSA-5661117,3366
Reaction_R-HSA-9836515,3367
Reaction_R-HSA-927813,3368
Reaction_R-HSA-3000348,3369
Reaction_R-HSA-452100,3370
Reaction_R-HSA-909725,3371
Reaction_R-HSA-9009371,3372
Reaction_R-HSA-9861469,3373
Pathway_R-HSA-9860927,3374
Reaction_R-HSA-6802924,3375
Pathway_R-HSA-9649948,3376
Reaction_R-HSA-380303,3377
Pathway_R-HSA-380284,3378
Pathway_R-HSA-3928662,3379
Reaction_R-HSA-205039,3380
Reaction_R-HSA-170796,3381
Pathway_R-HSA-9820952,3382
Pathway_R-HSA-381183,3383
Reaction_R-HSA-1799326,3384
Reaction_R-HSA-8948569,3385
Pathway_R-HSA-6807070,3386
Reaction_R-HSA-373739,3387
Reaction_R-HSA-429698,3388
Reaction_R-HSA-9625520,3389
Reaction_R-HSA-9856211,3390
Pathway_R-HSA-450294,3391
Reaction_R-HSA-8878023,3392
Reaction_R-HSA-8952226,3393
Protein_MRPL21,3394
Reaction_R-HSA-8864466,3395
Protein_LIG4,3396
Reaction_R-HSA-1839095,3397
Reaction_R-HSA-9009452,3398
Reaction_R-HSA-8955241,3399
Pathway_R-HSA-8951664,3400
Reaction_R-HSA-2559414,3401
Reaction_R-HSA-6802941,3402
Reaction_R-HSA-8950522,3403
Reaction_R-HSA-9013143,3404
Protein_ANXA4,3405
Reaction_R-HSA-75090,3406
Pathway_R-HSA-77042,3407
Reaction_R-HSA-9665232,3408
Pathway_R-HSA-9665233,3409
Reaction_R-HSA-975122,3410
Reaction_R-HSA-69144,3411
Reaction_R-HSA-180573,3412
Reaction_R-HSA-2730856,3413
Reaction_R-HSA-3785711,3414
Pathway_R-HSA-2559586,3415
Pathway_R-HSA-1236973,3416
Reaction_R-HSA-9604831,3417
Reaction_R-HSA-446221,3418
Reaction_R-HSA-1638803,3419
Pathway_R-HSA-9954709,3420
GO_0002683_instance,3421
Reaction_R-HSA-9736970,3422
Reaction_R-HSA-9610408,3423
Reaction_R-HSA-9836159,3424
Reaction_R-HSA-5696670,3425
GO_1901981_instance,3426
Pathway_R-HSA-2022377,3427
Reaction_R-HSA-8951766,3428
Reaction_R-HSA-9604499,3429
Pathway_R-HSA-9818564,3430
Reaction_R-HSA-9029158,3431
Reaction_R-HSA-174227,3432
Reaction_R-HSA-6811454,3433
Protein_GOLM2,3434
Pathway_R-HSA-9634597,3435
Reaction_R-HSA-5684250,3436
Pathway_R-HSA-3299685,3437
Pathway_R-HSA-165158,3438
Reaction_R-HSA-388809,3439
Reaction_R-HSA-77592,3440
Reaction_R-HSA-5624494,3441
Pathway_R-HSA-5621575,3442
Protein_ISOC1,3443
Reaction_R-HSA-507937,3444
Pathway_R-HSA-164843,3445
Pathway_R-HSA-975956,3446
Reaction_R-HSA-388831,3447
Pathway_R-HSA-192823,3448
Reaction_R-HSA-216061,3449
Protein_GLT8D1,3450
GO_0042953_instance,3451
Reaction_R-HSA-8878243,3452
Pathway_R-HSA-5686938,3453
Reaction_R-HSA-5654426,3454
Reaction_R-HSA-9823959,3455
Pathway_R-HSA-9823730,3456
Reaction_R-HSA-6790022,3457
Pathway_R-HSA-2559580,3458
Reaction_R-HSA-6781840,3459
Pathway_R-HSA-68949,3460
Reaction_R-HSA-2672196,3461
Pathway_R-HSA-5668599,3462
Reaction_R-HSA-8876497,3463
Pathway_R-HSA-9824439,3464
Reaction_R-HSA-5623632,3465
Reaction_R-HSA-5218847,3466
Reaction_R-HSA-8981637,3467
Pathway_R-HSA-8980692,3468
Reaction_R-HSA-5651992,3469
Reaction_R-HSA-6811433,3470
Reaction_R-HSA-5661474,3471
Reaction_R-HSA-392300,3472
Reaction_R-HSA-9707690,3473
Pathway_R-HSA-2660826,3474
Protein_PARP6,3475
Protein_MTFP1,3476
Reaction_R-HSA-1169404,3477
Pathway_R-HSA-1169410,3478
Protein_CD22,3479
Pathway_R-HSA-5625970,3480
Reaction_R-HSA-72631,3481
Reaction_R-HSA-9820566,3482
Reaction_R-HSA-419981,3483
Pathway_R-HSA-421270,3484
Pathway_R-HSA-877312,3485
Reaction_R-HSA-5682012,3486
Reaction_R-HSA-2422927,3487
Reaction_R-HSA-532603,3488
Reaction_R-HSA-111955,3489
Reaction_R-HSA-917700,3490
Pathway_R-HSA-201451,3491
Pathway_R-HSA-9006936,3492
Reaction_R-HSA-8865626,3493
Reaction_R-HSA-6802943,3494
Reaction_R-HSA-5685366,3495
GO_0030496_instance,3496
Reaction_R-HSA-3772430,3497
Pathway_R-HSA-3769402,3498
Reaction_R-HSA-6798745,3499
Reaction_R-HSA-9762096,3500
Pathway_R-HSA-9705683,3501
Reaction_R-HSA-6786854,3502
Reaction_R-HSA-9634433,3503
Reaction_R-HSA-9705320,3504
Reaction_R-HSA-8983835,3505
Protein_GAP43,3506
Reaction_R-HSA-173481,3507
Pathway_R-HSA-9709603,3508
Pathway_R-HSA-9701190,3509
Reaction_R-HSA-5690565,3510
Reaction_R-HSA-8877612,3511
Pathway_R-HSA-72187,3512
Reaction_R-HSA-5672972,3513
Reaction_R-HSA-74031,3514
Reaction_R-HSA-9694656,3515
Pathway_R-HSA-2426168,3516
Reaction_R-HSA-8936616,3517
Pathway_R-HSA-9633012,3518
Reaction_R-HSA-3209114,3519
Protein_ARL4A,3520
GO_0090575_instance,3521
Reaction_R-HSA-8856813,3522
Reaction_R-HSA-112381,3523
Pathway_R-HSA-167044,3524
Pathway_R-HSA-75153,3525
Reaction_R-HSA-75096,3526
Protein_SLC1A4,3527
Reaction_R-HSA-9835949,3528
Reaction_R-HSA-5623524,3529
Reaction_R-HSA-1227670,3530
Reaction_R-HSA-1363274,3531
Reaction_R-HSA-2316347,3532
Pathway_R-HSA-8983432,3533
Reaction_R-HSA-9615490,3534
Reaction_R-HSA-8847635,3535
Reaction_R-HSA-1028816,3536
Reaction_R-HSA-5693620,3537
Reaction_R-HSA-4717461,3538
Reaction_R-HSA-3247839,3539
Reaction_R-HSA-9817397,3540
Pathway_R-HSA-75893,3541
Reaction_R-HSA-5635868,3542
Reaction_R-HSA-3928577,3543
Reaction_R-HSA-8951499,3544
Reaction_R-HSA-113407,3545
Reaction_R-HSA-9934751,3546
Pathway_R-HSA-9766229,3547
Reaction_R-HSA-450358,3548
Pathway_R-HSA-5358747,3549
Reaction_R-HSA-5609665,3550
Pathway_R-HSA-9032759,3551
Reaction_R-HSA-5362448,3552
Reaction_R-HSA-9934486,3553
Reaction_R-HSA-168951,3554
Reaction_R-HSA-2396594,3555
GO_0140297_instance,3556
Reaction_R-HSA-9933237,3557
Reaction_R-HSA-9013963,3558
Reaction_R-HSA-9726509,3559
Pathway_R-HSA-3371497,3560
Reaction_R-HSA-9630923,3561
Reaction_R-HSA-5693593,3562
Pathway_R-HSA-109704,3563
Protein_THOC6,3564
Reaction_R-HSA-9703436,3565
Pathway_R-HSA-9703648,3566
Reaction_R-HSA-2974731,3567
Pathway_R-HSA-2979096,3568
GO_0009894_instance,3569
Pathway_R-HSA-9927020,3570
Reaction_R-NUL-997411,3571
Pathway_R-HSA-419037,3572
GO_0000281_instance,3573
Reaction_R-HSA-2467811,3574
Reaction_R-HSA-8855237,3575
Reaction_R-HSA-560472,3576
Reaction_R-HSA-8876240,3577
Reaction_R-HSA-389954,3578
Reaction_R-HSA-2213244,3579
Pathway_R-HSA-2132295,3580
Protein_PDIA4,3581
Reaction_R-HSA-9012315,3582
Reaction_R-HSA-6788392,3583
Pathway_R-HSA-6783310,3584
Reaction_R-HSA-8867344,3585
Pathway_R-HSA-169911,3586
Reaction_R-HSA-9817575,3587
Pathway_R-HSA-264876,3588
Reaction_R-HSA-4085350,3589
Reaction_R-HSA-9615570,3590
Reaction_R-HSA-480378,3591
Reaction_R-HSA-5671970,3592
Pathway_R-HSA-5625900,3593
Reaction_R-HSA-9698016,3594
GO_0008150_instance,3595
Protein_TSPAN18,3596
Reaction_R-HSA-997326,3597
Reaction_R-HSA-375140,3598
Pathway_R-HSA-175567,3599
Reaction_R-HSA-9749351,3600
Reaction_R-HSA-418850,3601
Reaction_R-HSA-5387392,3602
Reaction_R-HSA-3928633,3603
Reaction_R-HSA-8944632,3604
Pathway_R-HSA-8943723,3605
Reaction_R-HSA-167076,3606
Reaction_R-HSA-9014610,3607
Reaction_R-HSA-1799332,3608
Protein_SP4,3609
Reaction_R-HSA-8964619,3610
Pathway_R-HSA-5689877,3611
Pathway_R-HSA-5688426,3612
Pathway_R-HSA-9018682,3613
Reaction_R-HSA-9648114,3614
Reaction_R-HSA-168896,3615
Reaction_R-HSA-2424484,3616
Reaction_R-HSA-9749098,3617
Reaction_R-HSA-9935209,3618
Reaction_R-HSA-109638,3619
Reaction_R-HSA-199558,3620
Reaction_R-HSA-8866857,3621
Pathway_R-HSA-5678895,3622
Reaction_R-HSA-8864029,3623
Reaction_R-HSA-8937118,3624
Reaction_R-HSA-3451147,3625
Reaction_R-HSA-6782943,3626
Reaction_R-HSA-5693574,3627
Reaction_R-HSA-4086216,3628
Reaction_R-HSA-9793921,3629
Pathway_R-HSA-6802953,3630
Pathway_R-HSA-4085377,3631
Protein_RALGPS2,3632
Reaction_R-HSA-8858500,3633
Reaction_R-HSA-4396379,3634
GO_0006325_instance,3635
GO_0050684_instance,3636
Reaction_R-HSA-6782211,3637
Pathway_R-HSA-1250342,3638
Reaction_R-HSA-9859148,3639
Reaction_R-HSA-5687360,3640
Reaction_R-HSA-9013111,3641
Reaction_R-HSA-997309,3642
Reaction_R-HSA-9712083,3643
Pathway_R-HSA-4090294,3644
Reaction_R-HSA-5687109,3645
Reaction_R-HSA-1912367,3646
Reaction_R-HSA-4088299,3647
Pathway_R-HSA-75892,3648
Reaction_R-HSA-9769347,3649
Pathway_R-HSA-9841251,3650
GO_0080135_instance,3651
Reaction_R-HSA-3769383,3652
GO_0030135_instance,3653
Reaction_R-HSA-5654729,3654
Reaction_R-HSA-429815,3655
Reaction_R-HSA-170116,3656
Protein_PLEKHA3,3657
Pathway_R-HSA-2500257,3658
GO_0016032_instance,3659
Reaction_R-HSA-6805620,3660
Reaction_R-HSA-9632868,3661
Pathway_R-HSA-9634638,3662
Reaction_R-HSA-112430,3663
Reaction_R-HSA-9759209,3664
Reaction_R-HSA-139920,3665
Reaction_R-HSA-9014449,3666
Protein_NCDN,3667
Reaction_R-HSA-9909374,3668
Pathway_R-HSA-450302,3669
Protein_SETBP1,3670
Pathway_R-HSA-977606,3671
Reaction_R-HSA-4396347,3672
Reaction_R-HSA-380272,3673
Pathway_R-HSA-453274,3674
Pathway_R-HSA-9031628,3675
Protein_REEP4,3676
Pathway_R-HSA-9912633,3677
Reaction_R-HSA-9859223,3678
Pathway_R-HSA-351202,3679
Reaction_R-HSA-8952232,3680
Pathway_R-HSA-163615,3681
GO_0072657_instance,3682
Reaction_R-HSA-75850,3683
Pathway_R-HSA-76042,3684
Reaction_R-HSA-8939667,3685
Reaction_R-HSA-3296126,3686
Reaction_R-HSA-9709406,3687
Reaction_R-HSA-8877308,3688
Reaction_R-HSA-4615872,3689
Protein_OR10Q1,3690
Pathway_R-HSA-9678108,3691
Reaction_R-HSA-163096,3692
Reaction_R-HSA-74737,3693
Reaction_R-HSA-9823989,3694
Pathway_R-HSA-9637628,3695
Reaction_R-HSA-9686969,3696
Reaction_R-HSA-5623667,3697
Reaction_R-HSA-8867876,3698
Pathway_R-HSA-1482801,3699
Reaction_R-HSA-9835940,3700
Reaction_R-HSA-169921,3701
Reaction_R-HSA-2187293,3702
Pathway_R-HSA-5362517,3703
Pathway_R-HSA-2894862,3704
Reaction_R-HSA-9604829,3705
Reaction_R-HSA-8876258,3706
Reaction_R-HSA-8987230,3707
Reaction_R-HSA-176700,3708
Pathway_R-HSA-171306,3709
Protein_PIMREG,3710
Reaction_R-HSA-77584,3711
Reaction_R-HSA-4088305,3712
Pathway_R-HSA-156711,3713
Reaction_R-HSA-937059,3714
Reaction_R-HSA-6814554,3715
GO_0010008_instance,3716
Reaction_R-HSA-2186643,3717
Reaction_R-HSA-933537,3718
Pathway_R-HSA-168928,3719
Pathway_R-HSA-9705462,3720
Pathway_R-HSA-156902,3721
Reaction_R-HSA-9670412,3722
Reaction_R-HSA-72635,3723
Reaction_R-HSA-6803836,3724
Reaction_R-HSA-3295579,3725
Reaction_R-HSA-4570528,3726
Reaction_R-HSA-9692129,3727
Pathway_R-HSA-2559582,3728
Reaction_R-HSA-9624800,3729
Pathway_R-HSA-2995383,3730
GO_0006914_instance,3731
Protein_PDE1B,3732
Reaction_R-HSA-111956,3733
Pathway_R-HSA-5368286,3734
Reaction_R-HSA-5682377,3735
Reaction_R-HSA-947591,3736
Reaction_R-HSA-9912751,3737
Reaction_R-HSA-912408,3738
Reaction_R-HSA-2671839,3739
Pathway_R-HSA-202433,3740
Reaction_R-HSA-5684043,3741
Pathway_R-HSA-9013957,3742
Pathway_R-HSA-3214841,3743
Reaction_R-HSA-5686440,3744
Pathway_R-HSA-1461957,3745
Pathway_R-HSA-1461973,3746
Reaction_R-HSA-9675026,3747
Reaction_R-HSA-201630,3748
GO_0016050_instance,3749
Reaction_R-HSA-975139,3750
Reaction_R-HSA-9934411,3751
Pathway_R-HSA-4411364,3752
Reaction_R-HSA-8950453,3753
Pathway_R-HSA-6794361,3754
Reaction_R-HSA-8985973,3755
Protein_MRPS25,3756
Pathway_R-HSA-975144,3757
Reaction_R-HSA-9654521,3758
Reaction_R-HSA-203565,3759
Reaction_R-HSA-934559,3760
Reaction_R-HSA-8867754,3761
Reaction_R-HSA-2400009,3762
Pathway_R-HSA-9824272,3763
Reaction_R-HSA-167128,3764
Reaction_R-HSA-1839031,3765
Pathway_R-HSA-1839124,3766
Pathway_R-HSA-2514853,3767
GO_0061659_instance,3768
GO_0007346_instance,3769
Reaction_R-HSA-9621073,3770
Reaction_R-HSA-3134901,3771
Pathway_R-HSA-3928664,3772
Reaction_R-HSA-9629373,3773
Reaction_R-HSA-8964561,3774
Reaction_R-HSA-909722,3775
Reaction_R-HSA-8944650,3776
Reaction_R-HSA-9634702,3777
Reaction_R-HSA-870477,3778
Pathway_R-HSA-429914,3779
Reaction_R-HSA-380780,3780
Reaction_R-HSA-1112602,3781
Reaction_R-HSA-9665405,3782
Reaction_R-HSA-8948524,3783
Reaction_R-HSA-2294574,3784
Reaction_R-HSA-451561,3785
Reaction_R-HSA-9858645,3786
Reaction_R-HSA-5334164,3787
Pathway_R-HSA-73856,3788
GO_0000776_instance,3789
Reaction_R-HSA-141691,3790
Reaction_R-HSA-9853499,3791
Reaction_R-HSA-399933,3792
Reaction_R-HSA-2559439,3793
Reaction_R-HSA-177491,3794
Pathway_R-HSA-5467340,3795
Reaction_R-HSA-9670414,3796
Reaction_R-HSA-2424487,3797
Pathway_R-HSA-69618,3798
Reaction_R-HSA-8936979,3799
Reaction_R-HSA-9665009,3800
Reaction_R-HSA-9857682,3801
Reaction_R-HSA-432712,3802
Pathway_R-HSA-9820960,3803
Reaction_R-HSA-2730889,3804
Pathway_R-HSA-6784531,3805
Reaction_R-HSA-382096,3806
Reaction_R-HSA-9931314,3807
Pathway_R-HSA-9931269,3808
Reaction_R-HSA-6804193,3809
Reaction_R-HSA-9618004,3810
Reaction_R-HSA-6802935,3811
Pathway_R-HSA-6802952,3812
Pathway_R-HSA-68884,3813
Reaction_R-HSA-9725030,3814
Reaction_R-HSA-5676596,3815
Reaction_R-HSA-6788623,3816
Reaction_R-HSA-6811428,3817
Pathway_R-HSA-6811440,3818
Reaction_R-HSA-9665699,3819
Protein_OPN3,3820
Reaction_R-HSA-8982640,3821
Reaction_R-HSA-5607726,3822
Reaction_R-HSA-203070,3823
Pathway_R-HSA-9675136,3824
Reaction_R-HSA-180630,3825
Reaction_R-HSA-8950441,3826
Reaction_R-HSA-8856951,3827
Reaction_R-HSA-9011975,3828
Reaction_R-HSA-2671872,3829
Reaction_R-HSA-2160932,3830
Reaction_R-HSA-9032751,3831
Reaction_R-HSA-2262775,3832
Reaction_R-HSA-182243,3833
Pathway_R-HSA-162909,3834
Reaction_R-HSA-112271,3835
Reaction_R-HSA-111264,3836
Pathway_R-HSA-9704331,3837
Pathway_R-HSA-8854050,3838
Reaction_R-HSA-174070,3839
Reaction_R-HSA-389964,3840
Pathway_R-HSA-389977,3841
Protein_DRC7,3842
Reaction_R-HSA-8865237,3843
Reaction_R-HSA-430180,3844
GO_1902533_instance,3845
Reaction_R-HSA-182286,3846
Pathway_R-HSA-8852135,3847
Reaction_R-HSA-399941,3848
Pathway_R-HSA-373755,3849
Reaction_R-HSA-6802914,3850
Protein_PLAGL1,3851
Reaction_R-HSA-1433428,3852
Protein_EFHC2,3853
Reaction_R-HSA-1839094,3854
Reaction_R-HSA-9818954,3855
Reaction_R-HSA-2220964,3856
Reaction_R-HSA-8983374,3857
Reaction_R-HSA-9018815,3858
Reaction_R-HSA-6782416,3859
Pathway_R-HSA-6782315,3860
Reaction_R-HSA-9754191,3861
Reaction_R-HSA-5655733,3862
Pathway_R-HSA-5619049,3863
Reaction_R-HSA-9629004,3864
Pathway_R-HSA-159231,3865
Pathway_R-HSA-204174,3866
Reaction_R-HSA-9757954,3867
Reaction_R-HSA-2395328,3868
Reaction_R-HSA-8870332,3869
Pathway_R-HSA-1660499,3870
Reaction_R-HSA-2029449,3871
Pathway_R-HSA-9692913,3872
Reaction_R-HSA-198270,3873
Pathway_R-HSA-4420097,3874
Reaction_R-HSA-5656158,3875
Reaction_R-HSA-2318373,3876
Reaction_R-HSA-9733216,3877
Pathway_R-HSA-2173796,3878
Pathway_R-HSA-1912420,3879
Reaction_R-HSA-9932512,3880
Reaction_R-HSA-9013979,3881
Reaction_R-HSA-198613,3882
Reaction_R-HSA-5694418,3883
Reaction_R-HSA-1222516,3884
Reaction_R-HSA-163810,3885
Reaction_R-HSA-6810376,3886
Reaction_R-HSA-3301237,3887
Pathway_R-HSA-9704646,3888
Pathway_R-HSA-167287,3889
Reaction_R-HSA-9657599,3890
Reaction_R-HSA-8863858,3891
Reaction_R-HSA-4570467,3892
GO_0005575_instance,3893
Reaction_R-HSA-389976,3894
Reaction_R-HSA-8956099,3895
Reaction_R-HSA-9954730,3896
Reaction_R-HSA-5618080,3897
Reaction_R-HSA-8942099,3898
Reaction_R-HSA-8876837,3899
Pathway_R-HSA-5676590,3900
Reaction_R-HSA-374214,3901
GO_0005874_instance,3902
Reaction_R-HSA-9018766,3903
Reaction_R-HSA-1981104,3904
Reaction_R-HSA-8964580,3905
Reaction_R-HSA-6809309,3906
Reaction_R-HSA-9836383,3907
Reaction_R-HSA-77071,3908
Reaction_R-HSA-4551451,3909
Reaction_R-HSA-688985,3910
Pathway_R-HSA-937039,3911
Reaction_R-HSA-9909602,3912
Reaction_R-HSA-5674385,3913
Reaction_R-HSA-8983378,3914
Reaction_R-HSA-1592235,3915
Reaction_R-HSA-1236954,3916
Reaction_R-HSA-6798751,3917
Reaction_R-HSA-9825782,3918
Pathway_R-HSA-5627123,3919
Pathway_R-HSA-3108214,3920
Reaction_R-HSA-380455,3921
Reaction_R-HSA-5637686,3922
Reaction_R-HSA-68940,3923
Pathway_R-HSA-174048,3924
Reaction_R-HSA-141409,3925
Reaction_R-HSA-450346,3926
Reaction_R-HSA-2029473,3927
Pathway_R-HSA-74751,3928
Reaction_R-HSA-9011961,3929
Reaction_R-HSA-8953946,3930
Pathway_R-HSA-8865999,3931
Reaction_R-HSA-448957,3932
Reaction_R-HSA-9865663,3933
Pathway_R-HSA-447043,3934
Pathway_R-HSA-3214815,3935
Reaction_R-HSA-9612534,3936
Reaction_R-HSA-9948301,3937
Reaction_R-HSA-350186,3938
Reaction_R-HSA-6800490,3939
Reaction_R-HSA-2046083,3940
Reaction_R-HSA-9859206,3941
Reaction_R-HSA-9008877,3942
Reaction_R-HSA-389550,3943
Protein_FAM156B,3944
Reaction_R-HSA-8953461,3945
Pathway_R-HSA-8949664,3946
Pathway_R-HSA-9845323,3947
Pathway_R-HSA-2468052,3948
Reaction_R-HSA-5138433,3949
Reaction_R-HSA-560517,3950
Pathway_R-HSA-9027284,3951
Reaction_R-HSA-166284,3952
Reaction_R-HSA-5362500,3953
Reaction_R-HSA-8868658,3954
Pathway_R-HSA-156581,3955
Pathway_R-HSA-389661,3956
Pathway_R-HSA-416700,3957
Reaction_R-HSA-6785565,3958
Pathway_R-HSA-5083635,3959
Reaction_R-HSA-9612085,3960
Reaction_R-HSA-9028505,3961
Reaction_R-HSA-109858,3962
Reaction_R-NUL-9932082,3963
Reaction_R-HSA-8852134,3964
Reaction_R-HSA-72647,3965
Reaction_R-HSA-9018824,3966
Reaction_R-HSA-392212,3967
Reaction_R-HSA-72671,3968
Reaction_R-HSA-2671855,3969
Pathway_R-HSA-2586552,3970
Pathway_R-HSA-429947,3971
Reaction_R-HSA-9610942,3972
Reaction_R-HSA-1974676,3973
Reaction_R-HSA-2186747,3974
Reaction_R-HSA-2408525,3975
Pathway_R-HSA-173599,3976
Reaction_R-HSA-6791222,3977
Pathway_R-HSA-373760,3978
Reaction_R-HSA-2172678,3979
Reaction_R-HSA-202168,3980
Reaction_R-HSA-174144,3981
Reaction_R-HSA-5694439,3982
Reaction_R-HSA-204981,3983
Pathway_R-HSA-205025,3984
Reaction_R-HSA-9032601,3985
Reaction_R-HSA-9752950,3986
Pathway_R-HSA-381753,3987
Reaction_R-HSA-2430535,3988
Reaction_R-HSA-6798739,3989
Protein_PSEN2,3990
Reaction_R-HSA-1112538,3991
Reaction_R-HSA-209760,3992
Reaction_R-HSA-77077,3993
Pathway_R-HSA-174362,3994
Reaction_R-HSA-399942,3995
Reaction_R-HSA-6797616,3996
Protein_MICALL1,3997
Reaction_R-HSA-141671,3998
Reaction_R-HSA-5623521,3999
Reaction_R-HSA-2730860,4000
Pathway_R-HSA-9668328,4001
Reaction_R-HSA-9014296,4002
Reaction_R-HSA-75082,4003
Pathway_R-HSA-198753,4004
Reaction_R-HSA-4719447,4005
Reaction_R-HSA-9018758,4006
Reaction_R-HSA-9640175,4007
Reaction_R-HSA-9857673,4008
Pathway_R-HSA-9856532,4009
Pathway_R-HSA-9013420,4010
Pathway_R-HSA-3371511,4011
Reaction_R-HSA-9686521,4012
Reaction_R-HSA-211715,4013
Reaction_R-HSA-167085,4014
Reaction_R-HSA-8870499,4015
Reaction_R-HSA-2176475,4016
Protein_TAF1D,4017
Reaction_R-HSA-389961,4018
Reaction_R-HSA-9842833,4019
Reaction_R-HSA-5654586,4020
Reaction_R-HSA-6782204,4021
Pathway_R-HSA-168325,4022
Reaction_R-HSA-8932400,4023
Pathway_R-HSA-9008059,4024
Pathway_R-HSA-9820841,4025
Protein_CYB5D1,4026
Reaction_R-HSA-418163,4027
Pathway_R-HSA-9840309,4028
Reaction_R-HSA-2214330,4029
Reaction_R-HSA-5218905,4030
Pathway_R-HSA-5213460,4031
Reaction_R-HSA-9022186,4032
Reaction_R-HSA-8867047,4033
Pathway_R-HSA-75815,4034
Reaction_R-HSA-199959,4035
Reaction_R-HSA-2395439,4036
Reaction_R-HSA-9844598,4037
Reaction_R-HSA-5625959,4038
Reaction_R-HSA-983157,4039
Reaction_R-HSA-110307,4040
Pathway_R-HSA-167169,4041
Reaction_R-HSA-8944599,4042
Reaction_R-HSA-5334179,4043
Pathway_R-HSA-5334118,4044
Reaction_R-HSA-168166,4045
Reaction_R-HSA-264458,4046
Pathway_R-HSA-349425,4047
Reaction_R-HSA-2429719,4048
Pathway_R-HSA-2299718,4049
Reaction_R-HSA-937029,4050
Reaction_R-HSA-9932344,4051
Reaction_R-HSA-421833,4052
Reaction_R-HSA-177935,4053
Pathway_R-HSA-180292,4054
Reaction_R-HSA-72676,4055
Reaction_R-HSA-2245218,4056
Reaction_R-HSA-8854044,4057
Reaction_R-HSA-9698000,4058
Pathway_R-HSA-901032,4059
Pathway_R-HSA-9930044,4060
Reaction_R-HSA-5218827,4061
Reaction_R-HSA-1791066,4062
Reaction_R-HSA-216040,4063
Reaction_R-HSA-9024361,4064
Reaction_R-HSA-5686469,4065
Reaction_R-HSA-8950183,4066
Pathway_R-HSA-9020933,4067
Reaction_R-HSA-72622,4068
Reaction_R-HSA-167235,4069
Protein_FGF13,4070
Reaction_R-HSA-164943,4071
Reaction_R-HSA-9824268,4072
Reaction_R-HSA-8944362,4073
Reaction_R-HSA-1981120,4074
Reaction_R-HSA-1368140,4075
Pathway_R-HSA-159236,4076
Reaction_R-HSA-9729330,4077
Reaction_R-HSA-434990,4078
Pathway_R-HSA-418555,4079
Reaction_R-HSA-9858589,4080
Reaction_R-HSA-432143,4081
Reaction_R-HSA-8948536,4082
Reaction_R-HSA-2424480,4083
Reaction_R-HSA-2317314,4084
Reaction_R-HSA-68946,4085
Reaction_R-HSA-73758,4086
Pathway_R-HSA-73864,4087
Reaction_R-HSA-9824579,4088
Reaction_R-HSA-6807077,4089
Pathway_R-HSA-918233,4090
Pathway_R-HSA-194441,4091
Reaction_R-HSA-4332359,4092
Reaction_R-HSA-9861667,4093
Reaction_R-HSA-195275,4094
Pathway_R-HSA-195253,4095
Reaction_R-HSA-445089,4096
Reaction_R-HSA-9607301,4097
Reaction_R-HSA-9770132,4098
Pathway_R-HSA-8939246,4099
Reaction_R-HSA-983709,4100
Reaction_R-HSA-9766062,4101
Reaction_R-HSA-418309,4102
Reaction_R-HSA-5625717,4103
Reaction_R-HSA-4396402,4104
Reaction_R-HSA-8849900,4105
Pathway_R-HSA-9844594,4106
Reaction_R-HSA-167481,4107
Reaction_R-HSA-203973,4108
Reaction_R-HSA-8850326,4109
GO_0044872_instance,4110
Reaction_R-HSA-2106591,4111
Reaction_R-HSA-1299476,4112
Reaction_R-HSA-113429,4113
Reaction_R-HSA-5389848,4114
Reaction_R-HSA-6804485,4115
Reaction_R-HSA-381706,4116
Reaction_R-HSA-9770847,4117
Reaction_R-NUL-1676051,4118
Reaction_R-HSA-5675194,4119
Pathway_R-HSA-9645460,4120
Reaction_R-HSA-8867044,4121
Reaction_R-HSA-167433,4122
Reaction_R-HSA-8877922,4123
Reaction_R-HSA-9748999,4124
Pathway_R-HSA-1236394,4125
Reaction_R-HSA-1250315,4126
Reaction_R-HSA-936462,4127
Reaction_R-HSA-5655835,4128
Pathway_R-HSA-5655862,4129
Pathway_R-HSA-448706,4130
Reaction_R-HSA-3928595,4131
Protein_CCDC126,4132
Reaction_R-HSA-5659781,4133
Reaction_R-HSA-1964505,4134
Pathway_R-HSA-913709,4135
Pathway_R-HSA-1614635,4136
Reaction_R-HSA-9659380,4137
Reaction_R-NUL-9604300,4138
Reaction_R-HSA-389978,4139
Pathway_R-HSA-9793380,4140
Reaction_R-HSA-5637764,4141
Pathway_R-HSA-5637810,4142
Reaction_R-HSA-8986939,4143
Reaction_R-NUL-9913739,4144
Reaction_R-HSA-429978,4145
Reaction_R-HSA-9794542,4146
Reaction_R-HSA-5693108,4147
Pathway_R-HSA-9706374,4148
Pathway_R-HSA-381771,4149
Reaction_R-HSA-9909646,4150
Reaction_R-HSA-2484965,4151
Reaction_R-HSA-167117,4152
Pathway_R-HSA-8964315,4153
Reaction_R-HSA-8948651,4154
Reaction_R-HSA-1433456,4155
Reaction_R-HSA-8870466,4156
Reaction_R-HSA-9614367,4157
Reaction_R-HSA-69600,4158
Reaction_R-HSA-927836,4159
Pathway_R-HSA-927802,4160
Reaction_R-NUL-212917,4161
Pathway_R-HSA-5607761,4162
Reaction_R-HSA-5665608,4163
Reaction_R-HSA-1295634,4164
Reaction_R-HSA-9014424,4165
Reaction_R-HSA-1168636,4166
Reaction_R-HSA-9670428,4167
Reaction_R-HSA-3928576,4168
Pathway_R-HSA-2682334,4169
Reaction_R-HSA-111912,4170
Reaction_R-HSA-390459,4171
Pathway_R-HSA-390450,4172
Reaction_R-HSA-5228508,4173
GO_0030029_instance,4174
Reaction_R-HSA-9860168,4175
Protein_ARHGAP12,4176
Reaction_R-HSA-9018794,4177
Reaction_R-HSA-109864,4178
Pathway_R-HSA-170822,4179
Reaction_R-HSA-2514854,4180
Reaction_R-HSA-68916,4181
Reaction_R-HSA-9906017,4182
Reaction_R-HSA-5625848,4183
Pathway_R-HSA-5625886,4184
Reaction_R-HSA-9664950,4185
Reaction_R-HSA-74740,4186
Reaction_R-HSA-5252001,4187
Reaction_R-HSA-879925,4188
Reaction_R-HSA-5668984,4189
Reaction_R-HSA-749453,4190
Pathway_R-HSA-5362768,4191
Reaction_R-HSA-211247,4192
Reaction_R-HSA-192627,4193
Reaction_R-HSA-8939335,4194
Pathway_R-HSA-8866654,4195
Reaction_R-HSA-9610154,4196
Reaction_R-HSA-2029467,4197
Pathway_R-HSA-2029480,4198
Reaction_R-HSA-9706340,4199
Pathway_R-HSA-9607240,4200
Reaction_R-HSA-5218819,4201
Reaction_R-HSA-4570485,4202
Pathway_R-HSA-4551638,4203
Reaction_R-HSA-9665415,4204
Reaction_R-HSA-450431,4205
Reaction_R-HSA-9732753,4206
Protein_RABIF,4207
Reaction_R-HSA-5419264,4208
Reaction_R-HSA-9773218,4209
Reaction_R-HSA-9023132,4210
Pathway_R-HSA-5218900,4211
Reaction_R-HSA-8939852,4212
Reaction_R-HSA-6791227,4213
Reaction_R-HSA-211712,4214
Reaction_R-HSA-9034862,4215
Reaction_R-HSA-9617848,4216
Reaction_R-HSA-9701003,4217
Reaction_R-HSA-8852133,4218
Pathway_R-HSA-112399,4219
Reaction_R-HSA-3247493,4220
Reaction_R-HSA-9664278,4221
Reaction_R-HSA-2993784,4222
Reaction_R-HSA-5655760,4223
Reaction_R-HSA-3364026,4224
Reaction_R-HSA-202394,4225
Reaction_R-HSA-5578966,4226
Reaction_R-HSA-5694417,4227
Reaction_R-HSA-177924,4228
Pathway_R-HSA-3858494,4229
Pathway_R-HSA-75876,4230
Reaction_R-HSA-111804,4231
Reaction_R-HSA-909552,4232
Reaction_R-HSA-8854905,4233
Reaction_R-HSA-9760094,4234
Reaction_R-HSA-9823958,4235
Reaction_R-HSA-5333658,4236
Reaction_R-HSA-2029457,4237
Reaction_R-HSA-6781779,4238
Reaction_R-HSA-186785,4239
Reaction_R-HSA-2294580,4240
Pathway_R-HSA-111995,4241
Reaction_R-HSA-8935730,4242
Reaction_R-HSA-8868236,4243
GO_0009060_instance,4244
Reaction_R-HSA-5334152,4245
Pathway_R-HSA-9856649,4246
Reaction_R-HSA-164515,4247
Pathway_R-HSA-77288,4248
Reaction_R-HSA-73739,4249
GO_0000910_instance,4250
Reaction_R-HSA-5682863,4251
Reaction_R-HSA-9023846,4252
Reaction_R-HSA-382553,4253
Reaction_R-HSA-73946,4254
Pathway_R-HSA-180746,4255
Reaction_R-HSA-2029466,4256
Pathway_R-HSA-5696398,4257
Reaction_R-HSA-9830710,4258
Pathway_R-HSA-9013973,4259
Reaction_R-HSA-5213466,4260
Reaction_R-HSA-9703435,4261
Reaction_R-HSA-1861595,4262
Reaction_R-HSA-6789072,4263
Reaction_R-HSA-9681616,4264
Reaction_R-HSA-183052,4265
Reaction_R-HSA-9834070,4266
Reaction_R-HSA-2025890,4267
Reaction_R-HSA-8983379,4268
Pathway_R-HSA-964739,4269
Reaction_R-HSA-5159245,4270
Pathway_R-HSA-5674135,4271
Reaction_R-HSA-6802834,4272
Pathway_R-HSA-9753512,4273
Reaction_R-HSA-9854415,4274
Reaction_R-HSA-927789,4275
Pathway_R-HSA-9013507,4276
Pathway_R-HSA-1266695,4277
Reaction_R-HSA-6786096,4278
Reaction_R-HSA-5654406,4279
Reaction_R-HSA-4085994,4280
Pathway_R-HSA-4086398,4281
Reaction_R-HSA-166363,4282
Reaction_R-HSA-9686920,4283
Reaction_R-HSA-2730870,4284
Pathway_R-HSA-2730905,4285
Reaction_R-HSA-6811508,4286
Reaction_R-HSA-8952289,4287
Reaction_R-HSA-9833674,4288
Pathway_R-HSA-9762292,4289
Reaction_R-HSA-9768614,4290
Reaction_R-HSA-5674496,4291
Reaction_R-HSA-9645406,4292
Reaction_R-HSA-933539,4293
Reaction_R-HSA-446198,4294
Reaction_R-HSA-2309779,4295
Reaction_R-HSA-5626223,4296
Protein_SLC25A36,4297
Pathway_R-HSA-8874211,4298
Reaction_R-HSA-8964531,4299
Reaction_R-HSA-9013144,4300
Reaction_R-HSA-2562541,4301
Reaction_R-HSA-167111,4302
Pathway_R-HSA-400206,4303
Reaction_R-HSA-9929486,4304
Pathway_R-HSA-9929491,4305
Reaction_R-HSA-2029456,4306
Reaction_R-HSA-191737,4307
Pathway_R-HSA-427413,4308
Reaction_R-HSA-183058,4309
Protein_ZSWIM3,4310
Pathway_R-HSA-164952,4311
Pathway_R-HSA-5419276,4312
Reaction_R-HSA-9009362,4313
Reaction_R-HSA-77594,4314
Reaction_R-HSA-4088309,4315
Reaction_R-HSA-187949,4316
Reaction_R-HSA-2730871,4317
Reaction_R-HSA-9698033,4318
Reaction_R-HSA-927889,4319
Reaction_R-HSA-5419273,4320
Reaction_R-HSA-9818937,4321
Reaction_R-HSA-9729725,4322
Reaction_R-HSA-1449574,4323
Reaction_R-HSA-3108209,4324
Protein_DOP1B,4325
Reaction_R-HSA-9793375,4326
Reaction_R-HSA-9697747,4327
Reaction_R-HSA-1168374,4328
Pathway_R-HSA-9764561,4329
Reaction_R-HSA-9856486,4330
Reaction_R-HSA-399928,4331
Reaction_R-HSA-452102,4332
Pathway_R-HSA-2995410,4333
Reaction_R-HSA-9835358,4334
Reaction_R-HSA-389540,4335
Reaction_R-HSA-9629591,4336
Reaction_R-HSA-9954728,4337
Reaction_R-HSA-442586,4338
Reaction_R-HSA-4551616,4339
Reaction_R-HSA-9610152,4340
Pathway_R-HSA-166208,4341
Reaction_R-HSA-2586559,4342
Reaction_R-HSA-9865228,4343
Reaction_R-HSA-9668415,4344
GO_0006997_instance,4345
Reaction_R-HSA-400143,4346
Pathway_R-HSA-1855229,4347
Reaction_R-HSA-6798268,4348
Reaction_R-HSA-9822437,4349
Reaction_R-HSA-9729307,4350
Pathway_R-HSA-9609646,4351
Reaction_R-HSA-8876255,4352
Reaction_R-HSA-9839064,4353
Reaction_R-HSA-9712085,4354
Pathway_R-HSA-5621480,4355
Pathway_R-HSA-381038,4356
Reaction_R-HSA-163568,4357
Reaction_R-HSA-5389842,4358
Protein_C21orf91,4359
GO_0010389_instance,4360
Reaction_R-HSA-1234166,4361
Reaction_R-HSA-8868230,4362
Reaction_R-HSA-2318752,4363
Reaction_R-HSA-8964471,4364
Reaction_R-HSA-443779,4365
Pathway_R-HSA-430039,4366
Reaction_R-HSA-975097,4367
Reaction_R-HSA-9909611,4368
Reaction_R-HSA-5694445,4369
Pathway_R-HSA-9635465,4370
Reaction_R-HSA-177671,4371
Reaction_R-HSA-6802927,4372
Reaction_R-HSA-9707051,4373
Pathway_R-HSA-9665249,4374
Reaction_R-HSA-167191,4375
Reaction_R-HSA-5654669,4376
Reaction_R-HSA-191830,4377
Reaction_R-HSA-450827,4378
Reaction_R-HSA-3700984,4379
Reaction_R-HSA-110311,4380
Reaction_R-HSA-5626507,4381
Reaction_R-HSA-8854071,4382
Reaction_R-HSA-5626469,4383
Reaction_R-HSA-5656148,4384
Pathway_R-HSA-5656121,4385
Reaction_R-HSA-5687094,4386
Pathway_R-HSA-9833576,4387
Pathway_R-HSA-163680,4388
Reaction_R-HSA-2031355,4389
Reaction_R-HSA-9866162,4390
Pathway_R-HSA-75035,4391
Reaction_R-HSA-9630967,4392
Pathway_R-HSA-9629569,4393
Reaction_R-HSA-1248694,4394
Pathway_R-HSA-9759194,4395
Pathway_R-HSA-1963640,4396
Reaction_R-HSA-141431,4397
Reaction_R-HSA-1839112,4398
Reaction_R-HSA-74994,4399
Reaction_R-HSA-1250463,4400
Protein_THAP1,4401
Reaction_R-HSA-392835,4402
Reaction_R-HSA-6799350,4403
Reaction_R-HSA-1592240,4404
Reaction_R-HSA-4720446,4405
Reaction_R-HSA-9013437,4406
Pathway_R-HSA-5620916,4407
Reaction_R-HSA-109639,4408
Reaction_R-HSA-8853419,4409
Reaction_R-HSA-202718,4410
Reaction_R-HSA-9844425,4411
Pathway_R-HSA-140837,4412
Reaction_R-HSA-6802908,4413
Reaction_R-HSA-8944457,4414
Pathway_R-HSA-196843,4415
Pathway_R-HSA-8866910,4416
Reaction_R-HSA-6798317,4417
Reaction_R-HSA-1483186,4418
Reaction_R-HSA-5665871,4419
Reaction_R-HSA-389532,4420
Reaction_R-HSA-9646390,4421
Pathway_R-HSA-9646399,4422
Reaction_R-HSA-8863895,4423
Reaction_R-HSA-5683077,4424
Pathway_R-HSA-5654710,4425
Reaction_R-HSA-2730861,4426
Pathway_R-HSA-187577,4427
GO_0007015_instance,4428
Reaction_R-HSA-77299,4429
Reaction_R-HSA-1168637,4430
Reaction_R-HSA-5654989,4431
Reaction_R-HSA-9770236,4432
Pathway_R-HSA-5685942,4433
Reaction_R-HSA-2529020,4434
Reaction_R-HSA-5218829,4435
Reaction_R-HSA-9749350,4436
Reaction_R-HSA-9674808,4437
Reaction_R-HSA-8934465,4438
Pathway_R-HSA-1250196,4439
GO_1903311_instance,4440
Reaction_R-HSA-9843993,4441
Pathway_R-HSA-9843970,4442
Reaction_R-HSA-9731031,4443
Pathway_R-HSA-8963889,4444
Pathway_R-HSA-5250981,4445
Pathway_R-HSA-9665245,4446
Reaction_R-HSA-9843117,4447
Reaction_R-HSA-77591,4448
Pathway_R-HSA-77595,4449
GO_0000228_instance,4450
Pathway_R-HSA-9842663,4451
Reaction_R-HSA-5333615,4452
Reaction_R-HSA-5676593,4453
Pathway_R-HSA-420092,4454
Pathway_R-HSA-168275,4455
Protein_COMTD1,4456
Reaction_R-HSA-9606160,4457
Reaction_R-HSA-184269,4458
Reaction_R-HSA-5218814,4459
Reaction_R-HSA-1236398,4460
Reaction_R-HSA-6811418,4461
Pathway_R-HSA-5620920,4462
Reaction_R-HSA-174088,4463
Pathway_R-HSA-140534,4464
Reaction_R-HSA-68954,4465
Reaction_R-HSA-3965441,4466
Reaction_R-HSA-3364042,4467
Reaction_R-HSA-5250947,4468
Reaction_R-HSA-4090408,4469
Pathway_R-HSA-6811558,4470
Reaction_R-HSA-9925320,4471
Reaction_R-HSA-9865511,4472
Reaction_R-HSA-9672770,4473
Reaction_R-HSA-9672170,4474
Reaction_R-HSA-8954179,4475
Reaction_R-HSA-141159,4476
Reaction_R-HSA-9823934,4477
Reaction_R-HSA-9835944,4478
Reaction_R-HSA-163090,4479
Reaction_R-HSA-8875661,4480
Pathway_R-HSA-3928665,4481
Reaction_R-HSA-2220957,4482
Reaction_R-HSA-9701556,4483
Reaction_R-HSA-164832,4484
Reaction_R-HSA-5665999,4485
Reaction_R-HSA-77083,4486
Reaction_R-HSA-9705323,4487
Reaction_R-HSA-68919,4488
Reaction_R-HSA-9937394,4489
Reaction_R-HSA-9657608,4490
Reaction_R-HSA-5654612,4491
Reaction_R-HSA-157629,4492
Reaction_R-HSA-2076220,4493
Reaction_R-HSA-6785165,4494
Reaction_R-HSA-2545253,4495
Pathway_R-HSA-9833109,4496
Reaction_R-HSA-1980109,4497
Reaction_R-HSA-9017817,4498
Reaction_R-HSA-432237,4499
Reaction_R-HSA-5389857,4500
Reaction_R-HSA-211731,4501
Pathway_R-HSA-9824594,4502
Reaction_R-HSA-2029271,4503
Reaction_R-HSA-9727919,4504
Reaction_R-HSA-5610754,4505
Pathway_R-HSA-5610785,4506
Pathway_R-HSA-392451,4507
Reaction_R-HSA-5694527,4508
Reaction_R-HSA-1368889,4509
Reaction_R-HSA-8980691,4510
Reaction_R-HSA-2046093,4511
Pathway_R-HSA-2046105,4512
Reaction_R-HSA-727819,4513
Pathway_R-HSA-9020702,4514
Reaction_R-HSA-1253321,4515
Reaction_R-HSA-5672965,4516
Reaction_R-HSA-176101,4517
Reaction_R-HSA-8987033,4518
Reaction_R-HSA-9833672,4519
Reaction_R-HSA-174132,4520
Reaction_R-HSA-9036308,4521
Reaction_R-HSA-1963586,4522
Reaction_R-HSA-187575,4523
Reaction_R-HSA-372697,4524
Reaction_R-HSA-9823939,4525
Pathway_R-HSA-9824878,4526
Reaction_R-HSA-8983394,4527
Reaction_R-HSA-6785636,4528
Pathway_R-HSA-6785631,4529
Pathway_R-HSA-9683610,4530
Reaction_R-HSA-174456,4531
Pathway_R-HSA-174417,4532
Reaction_R-HSA-9014467,4533
Reaction_R-HSA-5333051,4534
Reaction_R-HSA-265295,4535
Pathway_R-HSA-111932,4536
Reaction_R-HSA-9851534,4537
Reaction_R-HSA-4341016,4538
Reaction_R-HSA-5625426,4539
Pathway_R-HSA-5620924,4540
Reaction_R-HSA-1810457,4541
Reaction_R-HSA-9908026,4542
Reaction_R-HSA-9007640,4543
Reaction_R-HSA-9906042,4544
Reaction_R-HSA-168910,4545
Reaction_R-HSA-2262777,4546
Pathway_R-HSA-9705671,4547
Reaction_R-HSA-9908780,4548
Reaction_R-HSA-508369,4549
Pathway_R-HSA-5626467,4550
Reaction_R-HSA-2179276,4551
Reaction_R-HSA-1237119,4552
Reaction_R-HSA-4719375,4553
Reaction_R-HSA-1655825,4554
Reaction_R-HSA-9859196,4555
Reaction_R-HSA-9858646,4556
Reaction_R-HSA-166091,4557
Reaction_R-HSA-5617661,4558
Reaction_R-HSA-9770129,4559
Reaction_R-HSA-9762097,4560
Reaction_R-HSA-445079,4561
Reaction_R-HSA-9816148,4562
Pathway_R-HSA-9764562,4563
Reaction_R-HSA-9821476,4564
Reaction_R-HSA-4088141,4565
Reaction_R-HSA-5625870,4566
Reaction_R-HSA-1855162,4567
Reaction_R-HSA-201640,4568
Reaction_R-HSA-9665278,4569
Reaction_R-HSA-5693536,4570
Pathway_R-HSA-182218,4571
Reaction_R-HSA-9835189,4572
Reaction_R-HSA-2473152,4573
Pathway_R-HSA-9694631,4574
Pathway_R-HSA-72706,4575
Reaction_R-HSA-4086223,4576
Reaction_R-HSA-5651809,4577
Pathway_R-HSA-5651801,4578
Reaction_R-HSA-6811415,4579
Reaction_R-HSA-2162227,4580
Pathway_R-HSA-5654704,4581
Reaction_R-HSA-77081,4582
Pathway_R-HSA-9759811,4583
Reaction_R-HSA-5675198,4584
Reaction_R-HSA-9865449,4585
Reaction_R-HSA-9834807,4586
Reaction_R-HSA-174119,4587
Reaction_R-HSA-4546386,4588
Reaction_R-HSA-9665404,4589
Reaction_R-HSA-167072,4590
Reaction_R-HSA-203977,4591
Reaction_R-HSA-202222,4592
Reaction_R-HSA-9614562,4593
Protein_TMCC1,4594
Pathway_R-HSA-8866423,4595
Reaction_R-HSA-9652277,4596
Reaction_R-HSA-9729318,4597
Reaction_R-HSA-6806877,4598
Reaction_R-HSA-9672162,4599
Reaction_R-HSA-917841,4600
Reaction_R-HSA-1839110,4601
Reaction_R-HSA-8938371,4602
GO_0071013_instance,4603
Reaction_R-HSA-9934294,4604
Reaction_R-HSA-9712084,4605
Pathway_R-HSA-5368287,4606
Reaction_R-HSA-9912527,4607
Pathway_R-HSA-9029558,4608
Reaction_R-HSA-5228840,4609
Pathway_R-HSA-5602636,4610
Reaction_R-HSA-174448,4611
Reaction_R-HSA-9764932,4612
Pathway_R-HSA-8941856,4613
Reaction_R-HSA-1250462,4614
Reaction_R-HSA-5692749,4615
Reaction_R-HSA-5654646,4616
Reaction_R-HSA-388830,4617
Pathway_R-HSA-9927354,4618
Protein_TRPA1,4619
Reaction_R-HSA-111237,4620
Reaction_R-HSA-8866856,4621
Reaction_R-HSA-9765973,4622
Reaction_R-HSA-9674127,4623
GO_0070822_instance,4624
Reaction_R-HSA-749454,4625
Protein_MPI,4626
Reaction_R-HSA-5655245,4627
Reaction_R-HSA-9839016,4628
Reaction_R-HSA-9027274,4629
Pathway_R-HSA-1296041,4630
Reaction_R-HSA-9036070,4631
Reaction_R-HSA-2025882,4632
Reaction_R-HSA-9762100,4633
Reaction_R-HSA-6803838,4634
Reaction_R-HSA-8867613,4635
Pathway_R-HSA-432720,4636
Reaction_R-HSA-5627775,4637
Reaction_R-HSA-9032582,4638
Reaction_R-HSA-419087,4639
Reaction_R-HSA-212380,4640
Reaction_R-HSA-8951490,4641
Reaction_R-HSA-9908777,4642
Pathway_R-HSA-8854691,4643
Reaction_R-HSA-9765960,4644
Pathway_R-HSA-447041,4645
Reaction_R-HSA-167197,4646
Reaction_R-HSA-9729232,4647
Reaction_R-HSA-1839100,4648
Reaction_R-HSA-3247836,4649
Reaction_R-HSA-5655323,4650
Reaction_R-HSA-977602,4651
Reaction_R-HSA-211583,4652
Reaction_R-HSA-9708557,4653
Reaction_R-HSA-373734,4654
Pathway_R-HSA-9696264,4655
Reaction_R-HSA-2468293,4656
Reaction_R-HSA-9606151,4657
Protein_GPT2,4658
Reaction_R-HSA-507775,4659
Reaction_R-HSA-167153,4660
Reaction_R-HSA-548800,4661
Reaction_R-HSA-8870469,4662
Reaction_R-HSA-9011950,4663
Reaction_R-HSA-2730842,4664
Pathway_R-HSA-844456,4665
Reaction_R-HSA-182171,4666
Reaction_R-HSA-1250195,4667
Reaction_R-HSA-8851919,4668
Pathway_R-HSA-5690714,4669
Reaction_R-HSA-9914537,4670
Reaction_R-HSA-5692775,4671
Reaction_R-HSA-8943780,4672
Reaction_R-HSA-114542,4673
Reaction_R-HSA-6811423,4674
Reaction_R-HSA-8986083,4675
Reaction_R-HSA-936952,4676
Reaction_R-HSA-381612,4677
Pathway_R-HSA-933541,4678
Reaction_R-HSA-6798749,4679
Pathway_R-HSA-6785807,4680
Pathway_R-HSA-199977,4681
GO_0090148_instance,4682
Reaction_R-HSA-8953430,4683
Pathway_R-HSA-141444,4684
Reaction_R-HSA-6797712,4685
Reaction_R-HSA-9676268,4686
Reaction_R-HSA-8948641,4687
Reaction_R-HSA-5693539,4688
Pathway_R-HSA-167158,4689
Reaction_R-HSA-6803523,4690
Reaction_R-HSA-9836606,4691
Reaction_R-HSA-1655849,4692
Reaction_R-HSA-9604480,4693
Reaction_R-HSA-1504193,4694
Reaction_R-HSA-5607741,4695
Reaction_R-HSA-2172183,4696
Reaction_R-HSA-9656211,4697
Reaction_R-HSA-109702,4698
Reaction_R-HSA-3900070,4699
Reaction_R-HSA-9821475,4700
Reaction_R-HSA-201790,4701
Reaction_R-HSA-4411383,4702
Reaction_R-HSA-4568846,4703
Reaction_R-HSA-9838289,4704
Reaction_R-HSA-4396393,4705
Reaction_R-HSA-2187303,4706
Reaction_R-HSA-450387,4707
Reaction_R-HSA-112396,4708
Pathway_R-HSA-9634285,4709
Reaction_R-HSA-8932980,4710
Reaction_R-HSA-75081,4711
Pathway_R-HSA-77387,4712
Pathway_R-HSA-167152,4713
Reaction_R-HSA-914008,4714
Reaction_R-HSA-2134532,4715
Reaction_R-HSA-5602606,4716
Reaction_R-HSA-8868071,4717
Reaction_R-HSA-901047,4718
Reaction_R-HSA-5686657,4719
Reaction_R-HSA-9844015,4720
Reaction_R-HSA-5668932,4721
Reaction_R-HSA-5144542,4722
Reaction_R-HSA-8866279,4723
Reaction_R-HSA-927832,4724
Protein_THAP6,4725
Reaction_R-HSA-5660514,4726
Reaction_R-HSA-5617642,4727
GO_0034097_instance,4728
Reaction_R-HSA-8852354,4729
Pathway_R-HSA-9842640,4730
Reaction_R-HSA-9618021,4731
Reaction_R-HSA-8866105,4732
Pathway_R-HSA-8955332,4733
Reaction_R-HSA-3968362,4734
Reaction_R-HSA-75125,4735
Reaction_R-HSA-174451,4736
Reaction_R-HSA-8852337,4737
Reaction_R-HSA-418576,4738
Pathway_R-HSA-418592,4739
Reaction_R-HSA-9013024,4740
Pathway_R-HSA-1912408,4741
Reaction_R-HSA-3000434,4742
Pathway_R-HSA-3232142,4743
Pathway_R-HSA-73817,4744
Pathway_R-HSA-9818027,4745
Reaction_R-HSA-419083,4746
Reaction_R-HSA-5687758,4747
Pathway_R-HSA-174437,4748
Pathway_R-HSA-174414,4749
Reaction_R-HSA-112054,4750
Pathway_R-HSA-749476,4751
Reaction_R-HSA-8985966,4752
Reaction_R-HSA-1484099,4753
Reaction_R-HSA-9770141,4754
Reaction_R-HSA-139897,4755
GO_0055085_instance,4756
Pathway_R-HSA-9861559,4757
Reaction_R-HSA-909718,4758
Reaction_R-HSA-72673,4759
Reaction_R-HSA-8938887,4760
Reaction_R-HSA-9749197,4761
Pathway_R-HSA-73779,4762
Reaction_R-HSA-5617452,4763
Reaction_R-HSA-163217,4764
Reaction_R-HSA-5617454,4765
Reaction_R-HSA-9664855,4766
Reaction_R-HSA-9908186,4767
Reaction_R-HSA-5663127,4768
Protein_IER3IP1,4769
Pathway_R-HSA-196757,4770
Reaction_R-HSA-8983298,4771
Reaction_R-HSA-9634669,4772
Reaction_R-HSA-4546387,4773
Reaction_R-HSA-193641,4774
Pathway_R-HSA-209543,4775
Reaction_R-HSA-9634391,4776
Reaction_R-HSA-3782655,4777
Reaction_R-HSA-5687115,4778
Reaction_R-HSA-156823,4779
Reaction_R-HSA-167130,4780
Reaction_R-HSA-209061,4781
Reaction_R-HSA-1855220,4782
Reaction_R-HSA-9955731,4783
Reaction_R-HSA-8936731,4784
Pathway_R-HSA-6802955,4785
Reaction_R-HSA-196017,4786
Reaction_R-HSA-6790036,4787
Reaction_R-HSA-6788346,4788
Reaction_R-HSA-381309,4789
Reaction_R-HSA-606289,4790
Reaction_R-HSA-9935282,4791
Reaction_R-HSA-3788748,4792
Pathway_R-HSA-2142789,4793
Reaction_R-HSA-9676257,4794
Pathway_R-HSA-8939236,4795
Reaction_R-HSA-2161620,4796
Reaction_R-HSA-6810159,4797
Reaction_R-HSA-8955289,4798
Reaction_R-HSA-9623341,4799
Reaction_R-HSA-8851900,4800
Reaction_R-HSA-9674816,4801
Reaction_R-HSA-8944104,4802
Reaction_R-HSA-113409,4803
Reaction_R-HSA-8849882,4804
Reaction_R-HSA-399952,4805
Reaction_R-HSA-3000449,4806
Reaction_R-HSA-390470,4807
Pathway_R-HSA-390471,4808
Reaction_R-HSA-9674093,4809
Reaction_R-HSA-164521,4810
Reaction_R-HSA-8852127,4811
Reaction_R-HSA-8948582,4812
Reaction_R-HSA-1855188,4813
Reaction_R-HSA-9016526,4814
Pathway_R-HSA-8939902,4815
Reaction_R-HSA-182263,4816
Reaction_R-HSA-174425,4817
Reaction_R-HSA-4755419,4818
GO_0032153_instance,4819
Reaction_R-HSA-9624272,4820
Reaction_R-HSA-9796342,4821
Reaction_R-HSA-1675866,4822
Reaction_R-HSA-8876188,4823
Reaction_R-HSA-205286,4824
Reaction_R-HSA-8877451,4825
Reaction_R-HSA-5681987,4826
Reaction_R-HSA-9008326,4827
Reaction_R-HSA-1169307,4828
Pathway_R-HSA-9735871,4829
Reaction_R-HSA-74986,4830
Reaction_R-HSA-5654614,4831
GO_0050657_instance,4832
Pathway_R-HSA-163359,4833
Pathway_R-HSA-9013408,4834
Reaction_R-HSA-4551679,4835
Pathway_R-HSA-69052,4836
Pathway_R-HSA-9861718,4837
Reaction_R-HSA-199910,4838
Reaction_R-HSA-2730872,4839
Pathway_R-HSA-2871809,4840
Reaction_R-HSA-9009065,4841
Pathway_R-HSA-5603029,4842
Reaction_R-HSA-8867041,4843
Reaction_R-HSA-9007447,4844
Reaction_R-HSA-1433418,4845
Pathway_R-HSA-2046106,4846
Reaction_R-HSA-983425,4847
Reaction_R-HSA-187574,4848
Reaction_R-HSA-5218804,4849
Reaction_R-HSA-9021183,4850
Reaction_R-HSA-1592249,4851
Reaction_R-HSA-77614,4852
Reaction_R-HSA-9839025,4853
Reaction_R-HSA-5685156,4854
Pathway_R-HSA-3322077,4855
Reaction_R-HSA-9634418,4856
Reaction_R-HSA-5623508,4857
Reaction_R-HSA-9664879,4858
Reaction_R-HSA-9676264,4859
Reaction_R-HSA-430190,4860
Reaction_R-HSA-2730840,4861
Reaction_R-HSA-9036301,4862
Reaction_R-HSA-9934023,4863
Pathway_R-HSA-9828806,4864
Reaction_R-HSA-167181,4865
Reaction_R-HSA-9011313,4866
Reaction_R-HSA-8855648,4867
Reaction_R-HSA-158484,4868
Reaction_R-HSA-382053,4869
Reaction_R-HSA-9008076,4870
Pathway_R-HSA-380108,4871
Reaction_R-HSA-8852132,4872
Reaction_R-HSA-400097,4873
Reaction_R-HSA-8982026,4874
Pathway_R-HSA-5693616,4875
Reaction_R-HSA-9772351,4876
Reaction_R-HSA-1855169,4877
Pathway_R-HSA-1855204,4878
Reaction_R-HSA-2314566,4879
Reaction_R-HSA-9018787,4880
Reaction_R-HSA-427404,4881
Reaction_R-HSA-9013004,4882
Pathway_R-HSA-9768919,4883
Reaction_R-HSA-3204318,4884
Reaction_R-HSA-3782535,4885
Pathway_R-HSA-9694676,4886
Reaction_R-HSA-5618098,4887
Pathway_R-HSA-9609690,4888
Reaction_R-HSA-4551683,4889
Reaction_R-HSA-2408544,4890
Pathway_R-HSA-9927426,4891
Reaction_R-HSA-380316,4892
Pathway_R-HSA-9034864,4893
Reaction_R-HSA-2314569,4894
Reaction_R-HSA-1549564,4895
Reaction_R-HSA-174255,4896
Reaction_R-HSA-165692,4897
Reaction_R-HSA-6786058,4898
Reaction_R-HSA-9703439,4899
Reaction_R-HSA-909726,4900
Pathway_R-HSA-909733,4901
Reaction_R-HSA-8866542,4902
Reaction_R-HSA-9937535,4903
Pathway_R-HSA-9937008,4904
Pathway_R-HSA-5658442,4905
Reaction_R-HSA-9610954,4906
Pathway_R-HSA-5689603,4907
Reaction_R-HSA-167282,4908
Reaction_R-HSA-3788745,4909
Reaction_R-HSA-76031,4910
Reaction_R-HSA-5389849,4911
Reaction_R-HSA-392263,4912
Reaction_R-HSA-1980047,4913
Reaction_R-HSA-8948027,4914
Reaction_R-HSA-1855161,4915
Reaction_R-HSA-3662335,4916
Reaction_R-NUL-4568946,4917
Reaction_R-HSA-8943007,4918
Reaction_R-HSA-377644,4919
Reaction_R-HSA-9668389,4920
Reaction_R-HSA-112385,4921
Reaction_R-HSA-5654714,4922
Reaction_R-HSA-9843115,4923
Reaction_R-HSA-5653780,4924
Reaction_R-HSA-8850560,4925
Reaction_R-HSA-975106,4926
Reaction_R-HSA-199202,4927
Reaction_R-HSA-202307,4928
Reaction_R-HSA-8865498,4929
Reaction_R-HSA-159046,4930
Reaction_R-HSA-167477,4931
Reaction_R-HSA-5665686,4932
Reaction_R-HSA-9625693,4933
Reaction_R-HSA-9033520,4934
Reaction_R-HSA-9761452,4935
Reaction_R-HSA-5690997,4936
Reaction_R-HSA-174786,4937
Reaction_R-HSA-5252041,4938
Reaction_R-HSA-9605060,4939
Reaction_R-HSA-8944454,4940
Reaction_R-HSA-8854612,4941
Pathway_R-HSA-8854214,4942
Pathway_R-HSA-2032785,4943
Reaction_R-HSA-6788628,4944
Reaction_R-HSA-9833777,4945
Pathway_R-HSA-70171,4946
Reaction_R-HSA-9033509,4947
Reaction_R-HSA-168140,4948
Pathway_R-HSA-1810476,4949
Reaction_R-HSA-9933575,4950
Reaction_R-HSA-72185,4951
Reaction_R-HSA-873921,4952
Pathway_R-HSA-997272,4953
Pathway_R-HSA-3134963,4954
Pathway_R-HSA-9692916,4955
Reaction_R-HSA-1306957,4956
Reaction_R-HSA-379048,4957
Reaction_R-HSA-2028651,4958
Reaction_R-HSA-6794352,4959
Reaction_R-HSA-9929352,4960
Pathway_R-HSA-1538133,4961
Pathway_R-HSA-9027276,4962
Reaction_R-HSA-2197690,4963
Pathway_R-HSA-5663213,4964
Reaction_R-HSA-2029268,4965
Reaction_R-HSA-6792863,4966
Reaction_R-HSA-77587,4967
Reaction_R-HSA-1168638,4968
Reaction_R-HSA-5685994,4969
Reaction_R-HSA-5693589,4970
Pathway_R-HSA-9022927,4971
Reaction_R-HSA-8865276,4972
Reaction_R-HSA-9036046,4973
Pathway_R-HSA-2206296,4974
Reaction_R-HSA-8983335,4975
Reaction_R-HSA-167090,4976
Reaction_R-HSA-9844600,4977
Reaction_R-HSA-9618486,4978
Reaction_R-HSA-3928614,4979
Pathway_R-HSA-176187,4980
Pathway_R-HSA-937041,4981
Reaction_R-HSA-139906,4982
Pathway_R-HSA-109606,4983
Protein_GNMT,4984
Pathway_R-HSA-420029,4985
Reaction_R-HSA-75856,4986
Reaction_R-HSA-9754480,4987
Reaction_R-HSA-8964475,4988
Reaction_R-HSA-5423117,4989
Reaction_R-HSA-4793925,4990
Reaction_R-HSA-380949,4991
Pathway_R-HSA-8856825,4992
Reaction_R-HSA-453111,4993
Reaction_R-HSA-9656214,4994
Reaction_R-HSA-5696813,4995
Reaction_R-HSA-9612514,4996
Reaction_R-HSA-5336417,4997
Reaction_R-HSA-4088306,4998
Pathway_R-HSA-159230,4999
Pathway_R-HSA-9014325,5000
Reaction_R-HSA-5654600,5001
Reaction_R-HSA-1168635,5002
Reaction_R-HSA-379982,5003
Reaction_R-HSA-8862084,5004
Reaction_R-HSA-5687112,5005
Reaction_R-HSA-452097,5006
Protein_TMEM128,5007
Reaction_R-HSA-1250380,5008
Pathway_R-HSA-8875513,5009
GO_0030832_instance,5010
Reaction_R-HSA-9010074,5011
Reaction_R-NUL-2065178,5012
Reaction_R-HSA-5688797,5013
Pathway_R-HSA-168333,5014
Reaction_R-HSA-8865280,5015
Pathway_R-HSA-8866911,5016
Reaction_R-HSA-9705926,5017
Reaction_R-HSA-9686338,5018
Reaction_R-HSA-9018814,5019
Pathway_R-HSA-4641257,5020
Reaction_R-HSA-1250220,5021
Reaction_R-HSA-983427,5022
Pathway_R-HSA-3214858,5023
Reaction_R-HSA-3371359,5024
Reaction_R-HSA-9609899,5025
Pathway_R-HSA-2024101,5026
Reaction_R-HSA-4088298,5027
Reaction_R-HSA-5674130,5028
Reaction_R-HSA-9664332,5029
Pathway_R-HSA-418217,5030
Reaction_R-HSA-5692437,5031
Reaction_R-HSA-9859172,5032
Reaction_R-HSA-5686315,5033
Reaction_R-HSA-870538,5034
Reaction_R-HSA-3149518,5035
Reaction_R-HSA-174203,5036
Reaction_R-HSA-380508,5037
Reaction_R-HSA-9835121,5038
Reaction_R-HSA-9632906,5039
Reaction_R-HSA-9768782,5040
Pathway_R-HSA-9768778,5041
Reaction_R-HSA-9859188,5042
Reaction_R-HSA-879917,5043
Reaction_R-HSA-9021660,5044
Reaction_R-HSA-8964317,5045
Reaction_R-HSA-9836702,5046
Reaction_R-HSA-204871,5047
Pathway_R-HSA-210993,5048
Reaction_R-HSA-4641345,5049
Reaction_R-HSA-4755478,5050
Reaction_R-HSA-481007,5051
Reaction_R-HSA-432706,5052
Reaction_R-HSA-399935,5053
Reaction_R-HSA-77068,5054
Reaction_R-HSA-68914,5055
Reaction_R-HSA-9725885,5056
Reaction_R-HSA-5679239,5057
Reaction_R-HSA-165708,5058
Protein_THOP1,5059
Pathway_R-HSA-164944,5060
Reaction_R-HSA-5672843,5061
Reaction_R-HSA-5693564,5062
Reaction_R-HSA-9672158,5063
Reaction_R-HSA-983426,5064
Reaction_R-HSA-6814670,5065
Reaction_R-NUL-9908837,5066
Pathway_R-HSA-168273,5067
Reaction_R-HSA-918232,5068
Reaction_R-HSA-397891,5069
Pathway_R-HSA-442755,5070
Reaction_R-HSA-8854981,5071
Pathway_R-HSA-9609523,5072
Reaction_R-HSA-9793444,5073
Reaction_R-HSA-9008015,5074
Reaction_R-HSA-4793947,5075
Reaction_R-HSA-5682896,5076
Pathway_R-HSA-9706019,5077
Pathway_R-HSA-77075,5078
Reaction_R-HSA-9014434,5079
Reaction_R-HSA-6803234,5080
Reaction_R-HSA-6785648,5081
Reaction_R-HSA-9021451,5082
Reaction_R-HSA-9909657,5083
Reaction_R-HSA-417843,5084
Reaction_R-HSA-71775,5085
Reaction_R-HSA-8961665,5086
Reaction_R-HSA-8948583,5087
Reaction_R-HSA-6814676,5088
Reaction_R-HSA-6806831,5089
Reaction_R-HSA-199576,5090
Reaction_R-HSA-1855201,5091
Reaction_R-HSA-389941,5092
Pathway_R-HSA-9927353,5093
Reaction_R-HSA-164056,5094
Pathway_R-HSA-167238,5095
Reaction_R-HSA-174157,5096
Reaction_R-HSA-9851530,5097
Reaction_R-HSA-1562641,5098
Reaction_R-HSA-9911215,5099
Pathway_R-HSA-9937080,5100
Reaction_R-HSA-2130725,5101
Reaction_R-HSA-994038,5102
Reaction_R-HSA-8863914,5103
Reaction_R-HSA-1678650,5104
Pathway_R-HSA-2024096,5105
Reaction_R-HSA-5671737,5106
Reaction_R-HSA-4093329,5107
Reaction_R-HSA-9821366,5108
Reaction_R-HSA-392831,5109
Reaction_R-HSA-9652165,5110
Reaction_R-HSA-5625901,5111
Reaction_R-HSA-5654705,5112
Reaction_R-HSA-9665697,5113
Reaction_R-HSA-5637796,5114
Reaction_R-HSA-870449,5115
Reaction_R-HSA-418874,5116
Reaction_R-HSA-9603445,5117
Reaction_R-HSA-9749471,5118
Reaction_R-HSA-1168894,5119
Reaction_R-HSA-4093336,5120
Reaction_R-HSA-1839065,5121
Reaction_R-HSA-3000399,5122
Reaction_R-HSA-5423653,5123
Pathway_R-HSA-5423646,5124
Reaction_R-HSA-5689630,5125
Reaction_R-HSA-9854146,5126
Reaction_R-HSA-8985950,5127
Reaction_R-HSA-1471322,5128
Reaction_R-HSA-203797,5129
Reaction_R-HSA-9665707,5130
Reaction_R-HSA-917693,5131
Reaction_R-HSA-75097,5132
Reaction_R-HSA-5357860,5133
Pathway_R-HSA-5357956,5134
Reaction_R-HSA-4839638,5135
Reaction_R-HSA-9674542,5136
Reaction_R-HSA-4755411,5137
Reaction_R-HSA-2730841,5138
Reaction_R-HSA-9907980,5139
Pathway_R-HSA-9907900,5140
Reaction_R-HSA-9851147,5141
Pathway_R-HSA-72689,5142
Reaction_R-HSA-353125,5143
Reaction_R-HSA-5684108,5144
Reaction_R-HSA-9694364,5145
Pathway_R-HSA-3065676,5146
Reaction_R-HSA-6803946,5147
Reaction_R-HSA-9619478,5148
Reaction_R-HSA-5610749,5149
Reaction_R-HSA-9610442,5150
Reaction_R-HSA-1980233,5151
Reaction_R-HSA-9844006,5152
Reaction_R-HSA-917730,5153
Pathway_R-HSA-917729,5154
Reaction_R-HSA-9620837,5155
Reaction_R-HSA-3000137,5156
Reaction_R-HSA-174120,5157
Reaction_R-HSA-5685985,5158
Reaction_R-HSA-4570554,5159
Reaction_R-HSA-5617431,5160
Reaction_R-HSA-5689544,5161
Reaction_R-HSA-5668520,5162
Reaction_R-HSA-398193,5163
Reaction_R-HSA-9817692,5164
Pathway_R-HSA-9758881,5165
Reaction_R-HSA-210404,5166
Pathway_R-HSA-210500,5167
Reaction_R-HSA-73805,5168
Reaction_R-HSA-5632671,5169
Reaction_R-HSA-4724284,5170
Reaction_R-HSA-266204,5171
Pathway_R-HSA-140342,5172
Reaction_R-HSA-392513,5173
Pathway_R-HSA-392517,5174
Reaction_R-HSA-167121,5175
Reaction_R-HSA-9665696,5176
Reaction_R-HSA-8938981,5177
Reaction_R-HSA-2534096,5178
Reaction_R-HSA-1855171,5179
Reaction_R-HSA-9675215,5180
Pathway_R-HSA-9772755,5181
Reaction_R-HSA-5661115,5182
Pathway_R-HSA-9013406,5183
Reaction_R-HSA-5632732,5184
Reaction_R-HSA-3229102,5185
Reaction_R-HSA-5694522,5186
Reaction_R-HSA-9658445,5187
Reaction_R-HSA-5694409,5188
Reaction_R-HSA-5674018,5189
Reaction_R-HSA-3777129,5190
Reaction_R-HSA-1168641,5191
Pathway_R-HSA-209968,5192
Pathway_R-HSA-428543,5193
Reaction_R-HSA-176474,5194
Reaction_R-HSA-6799196,5195
Reaction_R-HSA-9008345,5196
Reaction_R-HSA-9010113,5197
Reaction_R-HSA-9690494,5198
Reaction_R-HSA-2396337,5199
Pathway_R-HSA-3000171,5200
Reaction_R-HSA-8964241,5201
Reaction_R-HSA-6814091,5202
GO_0033116_instance,5203
Pathway_R-HSA-162588,5204
Reaction_R-HSA-8876948,5205
Reaction_R-HSA-5654392,5206
Reaction_R-HSA-1250346,5207
Reaction_R-HSA-5252133,5208
Reaction_R-HSA-9716947,5209
Reaction_R-HSA-181450,5210
Pathway_R-HSA-169131,5211
Reaction_R-HSA-9664270,5212
Pathway_R-HSA-196780,5213
Reaction_R-HSA-933532,5214
Reaction_R-HSA-200908,5215
Pathway_R-HSA-1483166,5216
Reaction_R-HSA-9032073,5217
Reaction_R-HSA-389788,5218
Reaction_R-HSA-2564828,5219
Reaction_R-HSA-8847995,5220
Pathway_R-HSA-8847993,5221
Reaction_R-HSA-5666178,5222
Pathway_R-HSA-5666185,5223
Reaction_R-HSA-428185,5224
Pathway_R-HSA-1660661,5225
Reaction_R-HSA-6787591,5226
Reaction_R-HSA-1912364,5227
Reaction_R-HSA-1363276,5228
Pathway_R-HSA-4570464,5229
Reaction_R-HSA-5661256,5230
Reaction_R-HSA-174139,5231
Reaction_R-HSA-9666428,5232
Protein_CIMAP1B,5233
Reaction_R-HSA-5218823,5234
Reaction_R-HSA-163664,5235
Reaction_R-HSA-1168393,5236
Reaction_R-HSA-2990882,5237
Reaction_R-HSA-9647982,5238
Reaction_R-HSA-426489,5239
Reaction_R-HSA-9835885,5240
Reaction_R-HSA-9816275,5241
Pathway_R-HSA-9768727,5242
Reaction_R-HSA-112055,5243
Reaction_R-HSA-427337,5244
Pathway_R-HSA-9032500,5245
Reaction_R-HSA-109343,5246
Reaction_R-HSA-446216,5247
Protein_RADIL,5248
Reaction_R-HSA-5229343,5249
Reaction_R-HSA-5687120,5250
Pathway_R-HSA-6807004,5251
Reaction_R-HSA-9927009,5252
Reaction_R-HSA-6807875,5253
Reaction_R-HSA-6800396,5254
Pathway_R-HSA-6803207,5255
Reaction_R-HSA-205234,5256
Reaction_R-HSA-9709601,5257
Reaction_R-HSA-354124,5258
GO_0003677_instance,5259
Pathway_R-HSA-9710421,5260
Reaction_R-HSA-9007467,5261
Reaction_R-HSA-216050,5262
Pathway_R-HSA-917977,5263
Reaction_R-HSA-8948602,5264
Reaction_R-HSA-156915,5265
Pathway_R-HSA-450520,5266
Pathway_R-HSA-450531,5267
Reaction_R-HSA-2179407,5268
Reaction_R-HSA-8848812,5269
Pathway_R-HSA-8849473,5270
Pathway_R-HSA-9953078,5271
Protein_TTC33,5272
Reaction_R-HSA-9013438,5273
Reaction_R-HSA-9833671,5274
Reaction_R-HSA-2046098,5275
Reaction_R-HSA-9635739,5276
Reaction_R-HSA-6814678,5277
Reaction_R-HSA-196753,5278
Pathway_R-HSA-1834949,5279
Protein_LENG8,5280
Reaction_R-HSA-917933,5281
Reaction_R-HSA-5654597,5282
Protein_CHPF,5283
Reaction_R-HSA-9008036,5284
Pathway_R-HSA-5633008,5285
Reaction_R-HSA-3002811,5286
Reaction_R-HSA-1169398,5287
GO_1902750_instance,5288
Reaction_R-HSA-9665700,5289
Reaction_R-HSA-382058,5290
Pathway_R-HSA-174178,5291
Reaction_R-HSA-75080,5292
GO_0051648_instance,5293
Reaction_R-HSA-9825555,5294
Reaction_R-HSA-9009308,5295
Pathway_R-HSA-9700206,5296
Reaction_R-HSA-399930,5297
Reaction_R-HSA-70454,5298
Reaction_R-HSA-9033533,5299
Reaction_R-HSA-2484822,5300
Reaction_R-HSA-177941,5301
Reaction_R-HSA-196964,5302
Reaction_R-HSA-9824222,5303
Reaction_R-HSA-9725117,5304
Reaction_R-HSA-6811412,5305
Reaction_R-HSA-9827995,5306
Reaction_R-HSA-9008389,5307
Reaction_R-HSA-6799191,5308
Reaction_R-HSA-3200023,5309
Pathway_R-HSA-180534,5310
Reaction_R-HSA-508513,5311
Reaction_R-HSA-9856663,5312
Reaction_R-HSA-2316434,5313
Reaction_R-HSA-9755777,5314
Pathway_R-HSA-111452,5315
Reaction_R-HSA-4411357,5316
Reaction_R-HSA-5625883,5317
Reaction_R-HSA-9750226,5318
Reaction_R-HSA-9854984,5319
Pathway_R-HSA-71403,5320
Reaction_R-HSA-162425,5321
Reaction_R-HSA-389350,5322
Reaction_R-HSA-167019,5323
Reaction_R-HSA-432707,5324
Reaction_R-HSA-4546385,5325
Reaction_R-HSA-9727450,5326
Reaction_R-HSA-909724,5327
Reaction_R-HSA-8943041,5328
GO_1901990_instance,5329
Reaction_R-HSA-2029272,5330
Reaction_R-HSA-879377,5331
Reaction_R-HSA-3209098,5332
Reaction_R-HSA-354087,5333
Pathway_R-HSA-4641265,5334
Reaction_R-HSA-6800797,5335
Reaction_R-HSA-909719,5336
Reaction_R-HSA-9656212,5337
Reaction_R-HSA-9619843,5338
Reaction_R-HSA-2466367,5339
Reaction_R-HSA-426240,5340
Reaction_R-HSA-373747,5341
Pathway_R-HSA-373753,5342
Reaction_R-HSA-2002460,5343
Reaction_R-HSA-933523,5344
Pathway_R-HSA-114608,5345
Reaction_R-HSA-201611,5346
Reaction_R-HSA-375131,5347
Pathway_R-HSA-210991,5348
Pathway_R-HSA-9664565,5349
Reaction_R-HSA-159101,5350
Reaction_R-HSA-203625,5351
Pathway_R-HSA-203641,5352
Reaction_R-HSA-4551648,5353
Reaction_R-HSA-5654734,5354
Reaction_R-HSA-9618392,5355
Reaction_R-HSA-9615501,5356
Reaction_R-HSA-9733316,5357
Pathway_R-HSA-9680350,5358
Reaction_R-HSA-2187330,5359
Reaction_R-HSA-428752,5360
Reaction_R-HSA-5665767,5361
Reaction_R-HSA-9619838,5362
Reaction_R-HSA-167537,5363
Reaction_R-HSA-5654985,5364
Reaction_R-HSA-9018817,5365
Reaction_R-HSA-9768643,5366
Reaction_R-HSA-167192,5367
Reaction_R-HSA-2586553,5368
Reaction_R-HSA-9707523,5369
Pathway_R-HSA-9707616,5370
Reaction_R-HSA-9925095,5371
Reaction_R-HSA-9006873,5372
Reaction_R-HSA-9835266,5373
Pathway_R-HSA-9913351,5374
Reaction_R-HSA-8932184,5375
Reaction_R-HSA-350567,5376
Pathway_R-HSA-350562,5377
Reaction_R-HSA-9686524,5378
Reaction_R-HSA-8964605,5379
Reaction_R-HSA-449911,5380
GO_0000313_instance,5381
Reaction_R-HSA-5634228,5382
Pathway_R-HSA-2219530,5383
Reaction_R-HSA-8948066,5384
Pathway_R-HSA-159227,5385
Pathway_R-HSA-4655427,5386
Reaction_R-HSA-5685011,5387
Reaction_R-HSA-2219524,5388
Reaction_R-HSA-3215406,5389
Reaction_R-HSA-1168767,5390
Reaction_R-HSA-879930,5391
Reaction_R-HSA-4551661,5392
Reaction_R-HSA-6814418,5393
Reaction_R-HSA-8878220,5394
Reaction_R-HSA-170825,5395
Reaction_R-HSA-5673768,5396
Reaction_R-HSA-202510,5397
Reaction_R-HSA-8964482,5398
Reaction_R-HSA-9018017,5399
Reaction_R-HSA-9625699,5400
Pathway_R-HSA-437239,5401
Reaction_R-HSA-5096532,5402
Pathway_R-HSA-5083636,5403
Reaction_R-HSA-5672978,5404
Reaction_R-HSA-8981353,5405
Reaction_R-HSA-4085318,5406
Reaction_R-HSA-420883,5407
Reaction_R-HSA-1225919,5408
Reaction_R-HSA-9817362,5409
Pathway_R-HSA-69478,5410
Pathway_R-HSA-8943724,5411
Reaction_R-HSA-1676203,5412
Reaction_R-HSA-114552,5413
Reaction_R-HSA-3903017,5414
Pathway_R-HSA-381426,5415
Reaction_R-HSA-9929319,5416
Pathway_R-HSA-9931510,5417
Reaction_R-HSA-5665809,5418
Reaction_R-HSA-9700179,5419
Reaction_R-HSA-166286,5420
Reaction_R-HSA-9948318,5421
Pathway_R-HSA-5676594,5422
Pathway_R-HSA-5694530,5423
Reaction_R-HSA-1247497,5424
Reaction_R-HSA-549297,5425
Reaction_R-HSA-4086132,5426
Reaction_R-HSA-9007283,5427
Reaction_R-HSA-1912409,5428
Reaction_R-HSA-9859084,5429
Pathway_R-HSA-111447,5430
Reaction_R-HSA-9703432,5431
Pathway_R-HSA-5610787,5432
Pathway_R-HSA-9013424,5433
Reaction_R-HSA-201669,5434
Reaction_R-HSA-9768616,5435
Reaction_R-HSA-9823952,5436
Reaction_R-HSA-3321883,5437
Reaction_R-HSA-9762282,5438
Reaction_R-HSA-9012761,5439
Reaction_R-HSA-9818010,5440
Reaction_R-HSA-265424,5441
Reaction_R-HSA-3322422,5442
Reaction_R-HSA-9734353,5443
Reaction_R-HSA-199206,5444
GO_0032271_instance,5445
Reaction_R-HSA-6787525,5446
Reaction_R-HSA-9714691,5447
Reaction_R-HSA-2466068,5448
Reaction_R-HSA-9656213,5449
Reaction_R-HSA-168880,5450
Reaction_R-HSA-73736,5451
Pathway_R-HSA-8951430,5452
Reaction_R-HSA-9768067,5453
Reaction_R-HSA-9853512,5454
Pathway_R-HSA-9853506,5455
Reaction_R-HSA-8944047,5456
Reaction_R-HSA-9665388,5457
Reaction_R-HSA-933530,5458
Pathway_R-HSA-933542,5459
Reaction_R-HSA-9625510,5460
Reaction_R-HSA-5658435,5461
Reaction_R-HSA-205112,5462
Reaction_R-HSA-9861300,5463
Reaction_R-HSA-432188,5464
Reaction_R-HSA-1250357,5465
Reaction_R-HSA-9796379,5466
Reaction_R-HSA-3371527,5467
Reaction_R-HSA-9652264,5468
Reaction_R-HSA-8952638,5469
Reaction_R-HSA-373736,5470
Reaction_R-HSA-9850958,5471
GO_0045333_instance,5472
Reaction_R-HSA-8876616,5473
Reaction_R-HSA-9860785,5474
Reaction_R-HSA-9842665,5475
Reaction_R-HSA-453200,5476
Reaction_R-HSA-9821410,5477
Reaction_R-HSA-2730886,5478
Reaction_R-HSA-3928601,5479
Reaction_R-HSA-211716,5480
Reaction_R-HSA-9647978,5481
Reaction_R-HSA-4686998,5482
Reaction_R-HSA-187520,5483
Pathway_R-HSA-8873719,5484
Pathway_R-HSA-6803529,5485
Reaction_R-HSA-9838093,5486
Pathway_R-HSA-4641258,5487
Reaction_R-HSA-4655404,5488
Pathway_R-HSA-75955,5489
Reaction_R-HSA-8940001,5490
Pathway_R-HSA-8941332,5491
Reaction_R-HSA-9033232,5492
Reaction_R-HSA-2681667,5493
Reaction_R-HSA-9009085,5494
Pathway_R-HSA-6804114,5495
Reaction_R-HSA-9013159,5496
Reaction_R-HSA-5653754,5497
Pathway_R-HSA-5250941,5498
Pathway_R-HSA-9670095,5499
Reaction_R-HSA-1678841,5500
Reaction_R-HSA-392749,5501
Reaction_R-HSA-9860816,5502
Reaction_R-HSA-9843900,5503
Reaction_R-HSA-1250486,5504
Reaction_R-HSA-5218830,5505
Reaction_R-HSA-8852130,5506
Reaction_R-HSA-9636296,5507
Reaction_R-HSA-109807,5508
Reaction_R-HSA-5357757,5509
Reaction_R-HSA-5655326,5510
Reaction_R-HSA-174445,5511
Pathway_R-HSA-351906,5512
Reaction_R-HSA-9008433,5513
Reaction_R-HSA-2294590,5514
Reaction_R-HSA-8935930,5515
Reaction_R-HSA-8851710,5516
Pathway_R-HSA-8851708,5517
Reaction_R-HSA-9013889,5518
Reaction_R-HSA-1306953,5519
Reaction_R-HSA-5669250,5520
Reaction_R-HSA-164522,5521
Pathway_R-HSA-162592,5522
Reaction_R-HSA-5655285,5523
Reaction_R-HSA-114544,5524
Reaction_R-HSA-5617867,5525
Reaction_R-HSA-72095,5526
Reaction_R-HSA-8874205,5527
Reaction_R-HSA-6814555,5528
Reaction_R-HSA-110363,5529
Reaction_R-HSA-5696914,5530
Reaction_R-HSA-1861788,5531
Reaction_R-HSA-2396599,5532
Reaction_R-HSA-167419,5533
Reaction_R-HSA-5693542,5534
Reaction_R-HSA-183094,5535
Reaction_R-HSA-9860160,5536
Pathway_R-HSA-9839394,5537
Reaction_R-HSA-9009378,5538
Reaction_R-HSA-6802916,5539
Reaction_R-HSA-1855172,5540
Pathway_R-HSA-6807505,5541
Reaction_R-HSA-156808,5542
Reaction_R-HSA-388814,5543
Reaction_R-HSA-183067,5544
Reaction_R-HSA-174057,5545
Pathway_R-HSA-428890,5546
Reaction_R-HSA-8951595,5547
Reaction_R-HSA-9609860,5548
Reaction_R-HSA-9725342,5549
Reaction_R-HSA-9768618,5550
Reaction_R-HSA-1454689,5551
Reaction_R-HSA-9842641,5552
Pathway_R-HSA-165054,5553
Pathway_R-HSA-390247,5554
Reaction_R-HSA-3299569,5555
Reaction_R-HSA-168915,5556
Reaction_R-HSA-167098,5557
Reaction_R-HSA-3782637,5558
Reaction_R-HSA-9856510,5559
GO_0032154_instance,5560
Pathway_R-HSA-9022692,5561
Reaction_R-HSA-5617862,5562
Pathway_R-HSA-8948747,5563
Reaction_R-HSA-1977959,5564
Reaction_R-HSA-9760402,5565
Reaction_R-HSA-391866,5566
Reaction_R-HSA-914022,5567
Reaction_R-HSA-9796368,5568
Reaction_R-HSA-5625774,5569
Reaction_R-HSA-182186,5570
Reaction_R-HSA-8868648,5571
Reaction_R-HSA-6811479,5572
Reaction_R-HSA-9615571,5573
Reaction_R-HSA-9865520,5574
Pathway_R-HSA-5357786,5575
Protein_GTSF1L,5576
Reaction_R-HSA-9679787,5577
Reaction_R-HSA-4755479,5578
Reaction_R-HSA-450490,5579
Reaction_R-HSA-164151,5580
Reaction_R-HSA-3928648,5581
Reaction_R-HSA-8948224,5582
Reaction_R-HSA-174105,5583
Reaction_R-HSA-9666458,5584
Reaction_R-HSA-5682388,5585
Reaction_R-HSA-9684118,5586
Reaction_R-HSA-8853774,5587
Reaction_R-HSA-77585,5588
Reaction_R-HSA-373813,5589
Reaction_R-HSA-1839114,5590
Pathway_R-HSA-5358751,5591
Reaction_R-HSA-74993,5592
Pathway_R-HSA-73863,5593
Reaction_R-HSA-68825,5594
Reaction_R-HSA-8983063,5595
Reaction_R-HSA-5679205,5596
Reaction_R-HSA-6799197,5597
GO_0065003_instance,5598
Reaction_R-HSA-158251,5599
Reaction_R-HSA-5685318,5600
Reaction_R-HSA-113412,5601
GO_0006888_instance,5602
Reaction_R-HSA-1632857,5603
Reaction_R-HSA-109637,5604
Reaction_R-HSA-452108,5605
Reaction_R-HSA-9698043,5606
Reaction_R-HSA-1855173,5607
Pathway_R-HSA-9701192,5608
Reaction_R-HSA-3234081,5609
Reaction_R-HSA-9033485,5610
Reaction_R-HSA-1791156,5611
Reaction_R-HSA-450063,5612
Reaction_R-HSA-5690702,5613
Reaction_R-HSA-9842839,5614
Reaction_R-HSA-389352,5615
Reaction_R-HSA-9828027,5616
Pathway_R-HSA-8941858,5617
Reaction_R-HSA-202726,5618
Reaction_R-HSA-9956624,5619
Reaction_R-HSA-2976551,5620
Pathway_R-HSA-2197563,5621
Reaction_R-HSA-9603407,5622
Reaction_R-HSA-9865238,5623
Reaction_R-HSA-4655431,5624
Pathway_R-HSA-9674555,5625
Reaction_R-HSA-157849,5626
Reaction_R-HSA-5228525,5627
Reaction_R-HSA-8983425,5628
Reaction_R-HSA-5694421,5629
Reaction_R-HSA-9680389,5630
Reaction_R-HSA-203946,5631
Reaction_R-HSA-9021888,5632
Reaction_R-HSA-8853252,5633
Reaction_R-HSA-77095,5634
Reaction_R-HSA-4608855,5635
Reaction_R-HSA-9026408,5636
Pathway_R-HSA-177128,5637
Reaction_R-HSA-1251992,5638
Reaction_R-HSA-9690493,5639
Reaction_R-HSA-77078,5640
Reaction_R-HSA-9683648,5641
Reaction_R-HSA-432096,5642
Reaction_R-HSA-3000122,5643
Pathway_R-HSA-167162,5644
Reaction_R-HSA-9728664,5645
Pathway_R-HSA-9865113,5646
Reaction_R-HSA-9034875,5647
Reaction_R-HSA-3928583,5648
Reaction_R-HSA-5686398,5649
Reaction_R-HSA-2201316,5650
Reaction_R-HSA-1169394,5651
Reaction_R-HSA-9749286,5652
Reaction_R-HSA-9011966,5653
Reaction_R-HSA-5690159,5654
Pathway_R-HSA-9818749,5655
Reaction_R-HSA-1483222,5656
Pathway_R-HSA-168276,5657
Reaction_R-HSA-114284,5658
Reaction_R-HSA-198958,5659
Reaction_R-HSA-5607720,5660
Pathway_R-HSA-190873,5661
Pathway_R-HSA-977443,5662
Reaction_R-HSA-9693125,5663
Reaction_R-HSA-5244692,5664
Reaction_R-HSA-5632738,5665
Reaction_R-HSA-5682992,5666
Reaction_R-HSA-9937412,5667
Pathway_R-HSA-8853884,5668
Reaction_R-HSA-448703,5669
Reaction_R-HSA-5685838,5670
Pathway_R-HSA-9762293,5671
Pathway_R-HSA-9013419,5672
Reaction_R-HSA-201787,5673
Pathway_R-HSA-75108,5674
Reaction_R-HSA-9613451,5675
Reaction_R-HSA-3215385,5676
Pathway_R-HSA-6799198,5677
Reaction_R-HSA-188191,5678
Reaction_R-HSA-5652009,5679
Pathway_R-HSA-110314,5680
Reaction_R-HSA-9011289,5681
Pathway_R-HSA-8866652,5682
Pathway_R-HSA-975578,5683
Reaction_R-HSA-9865184,5684
Reaction_R-HSA-3223200,5685
Reaction_R-HSA-751039,5686
Reaction_R-HSA-9636684,5687
Reaction_R-HSA-9708423,5688
Reaction_R-HSA-110316,5689
Pathway_R-HSA-110320,5690
Pathway_R-HSA-6803205,5691
Pathway_R-HSA-9656223,5692
Reaction_R-HSA-5602383,5693
Reaction_R-HSA-73945,5694
Reaction_R-HSA-8851877,5695
Reaction_R-HSA-5655278,5696
Reaction_R-HSA-9853389,5697
Reaction_R-HSA-9708466,5698
Pathway_R-HSA-442380,5699
Reaction_R-HSA-750993,5700
Reaction_R-HSA-5693055,5701
Reaction_R-HSA-8984994,5702
Reaction_R-HSA-912450,5703
Pathway_R-HSA-186763,5704
Reaction_R-HSA-8953418,5705
Pathway_R-HSA-427389,5706
Reaction_R-HSA-2730837,5707
Pathway_R-HSA-9764725,5708
Reaction_R-HSA-4754187,5709
Pathway_R-HSA-8939247,5710
Reaction_R-HSA-8961619,5711
Reaction_R-HSA-157353,5712
Pathway_R-HSA-211733,5713
Reaction_R-HSA-9736984,5714
Reaction_R-HSA-9828209,5715
Reaction_R-HSA-9011971,5716
Reaction_R-HSA-9770187,5717
Reaction_R-HSA-1222376,5718
Reaction_R-HSA-9932843,5719
Reaction_R-HSA-997263,5720
Pathway_R-HSA-3065679,5721
Reaction_R-HSA-193682,5722
Reaction_R-HSA-3790137,5723
Pathway_R-HSA-416476,5724
Pathway_R-HSA-8941284,5725
Reaction_R-HSA-3928616,5726
Reaction_R-HSA-1168640,5727
Reaction_R-HSA-1791102,5728
Reaction_R-HSA-8938356,5729
Reaction_R-HSA-5683967,5730
Reaction_R-HSA-2046087,5731
Reaction_R-HSA-9908844,5732
Reaction_R-HSA-5675206,5733
Reaction_R-HSA-8983309,5734
Pathway_R-HSA-1855170,5735
Reaction_R-HSA-9907898,5736
Reaction_R-HSA-1918092,5737
Reaction_R-HSA-9949676,5738
Protein_C2orf69,5739
Reaction_R-HSA-6803230,5740
Reaction_R-HSA-8876454,5741
Pathway_R-HSA-5632684,5742
Reaction_R-HSA-4090288,5743
Reaction_R-HSA-8950733,5744
Reaction_R-HSA-1227964,5745
Reaction_R-HSA-9691421,5746
Reaction_R-HSA-9645137,5747
Reaction_R-HSA-9620004,5748
Pathway_R-HSA-391160,5749
Reaction_R-HSA-442291,5750
Reaction_R-HSA-9611158,5751
Reaction_R-HSA-9011958,5752
Reaction_R-HSA-177938,5753
Pathway_R-HSA-179812,5754
Reaction_R-HSA-5672828,5755
Pathway_R-HSA-8985947,5756
Reaction_R-HSA-195283,5757
Reaction_R-HSA-9008177,5758
Reaction_R-HSA-9698265,5759
Reaction_R-HSA-9709571,5760
Reaction_R-HSA-8853322,5761
Reaction_R-HSA-9934021,5762
Reaction_R-HSA-2671747,5763
Reaction_R-HSA-2468287,5764
Reaction_R-HSA-6811426,5765
Pathway_R-HSA-6811434,5766
Reaction_R-HSA-1306979,5767
Reaction_R-HSA-9695853,5768
Reaction_R-HSA-9845308,5769
Reaction_R-HSA-9615554,5770
Reaction_R-HSA-1168394,5771
Reaction_R-HSA-8982019,5772
Pathway_R-HSA-9860276,5773
Reaction_R-HSA-9653503,5774
Pathway_R-HSA-9909649,5775
Reaction_R-HSA-939265,5776
Reaction_R-HSA-5334097,5777
Reaction_R-HSA-5368279,5778
Reaction_R-HSA-5682858,5779
Pathway_R-HSA-5358606,5780
Reaction_R-HSA-5661121,5781
Reaction_R-HSA-6788582,5782
Pathway_R-HSA-2129379,5783
Reaction_R-HSA-5653838,5784
Reaction_R-HSA-179410,5785
Reaction_R-HSA-212269,5786
Pathway_R-HSA-198693,5787
Pathway_R-HSA-9840310,5788
Reaction_R-HSA-83660,5789
Reaction_R-HSA-1839107,5790
Reaction_R-HSA-202541,5791
Pathway_R-HSA-2871837,5792
Reaction_R-HSA-8944684,5793
Reaction_R-HSA-5218836,5794
Reaction_R-HSA-1295632,5795
Reaction_R-HSA-9013161,5796
Reaction_R-HSA-174104,5797
Pathway_R-HSA-168927,5798
Reaction_R-HSA-983421,5799
Reaction_R-HSA-162657,5800
Reaction_R-HSA-6802925,5801
Reaction_R-HSA-211651,5802
Reaction_R-HSA-9633005,5803
Reaction_R-HSA-168883,5804
Reaction_R-HSA-140216,5805
Reaction_R-HSA-164834,5806
Reaction_R-HSA-212352,5807
Reaction_R-HSA-5618093,5808
Reaction_R-HSA-9620717,5809
Reaction_R-HSA-6790087,5810
Reaction_R-HSA-3788725,5811
Reaction_R-HSA-481044,5812
Pathway_R-HSA-76005,5813
Reaction_R-HSA-168935,5814
Reaction_R-HSA-4839746,5815
Reaction_R-HSA-5676598,5816
Pathway_R-HSA-4719377,5817
Pathway_R-HSA-3371556,5818
Protein_SLC43A3,5819
Reaction_R-HSA-192841,5820
Reaction_R-HSA-9817411,5821
Reaction_R-HSA-5694436,5822
Reaction_R-HSA-9024334,5823
Reaction_R-HSA-1855203,5824
Reaction_R-HSA-6802934,5825
Reaction_R-HSA-9036025,5826
Reaction_R-HSA-8867756,5827
Pathway_R-HSA-72702,5828
Pathway_R-HSA-381676,5829
Reaction_R-HSA-174427,5830
Reaction_R-HSA-9665708,5831
GO_0006900_instance,5832
Pathway_R-HSA-6803204,5833
Reaction_R-HSA-9617209,5834
Pathway_R-HSA-9616222,5835
Pathway_R-HSA-8964540,5836
Reaction_R-HSA-8853737,5837
Reaction_R-HSA-9029566,5838
Reaction_R-HSA-9934330,5839
Reaction_R-HSA-349444,5840
Reaction_R-HSA-8939706,5841
Reaction_R-HSA-9842651,5842
Reaction_R-HSA-500717,5843
Reaction_R-HSA-399951,5844
Pathway_R-HSA-8875555,5845
Reaction_R-HSA-879909,5846
Reaction_R-HSA-2294600,5847
Reaction_R-HSA-5654560,5848
Reaction_R-HSA-182986,5849
Reaction_R-HSA-5358579,5850
Reaction_R-HSA-8983384,5851
Reaction_R-HSA-1470009,5852
Pathway_R-HSA-8941333,5853
Reaction_R-HSA-8955245,5854
Reaction_R-HSA-2468039,5855
Reaction_R-HSA-5682983,5856
Reaction_R-HSA-175250,5857
Reaction_R-HSA-9013109,5858
Protein_LYG1,5859
Pathway_R-HSA-442729,5860
Reaction_R-HSA-9014129,5861
Reaction_R-HSA-9762209,5862
Reaction_R-HSA-936960,5863
Reaction_R-HSA-6786072,5864
Pathway_R-HSA-1362277,5865
Reaction_R-HSA-9755507,5866
Reaction_R-HSA-5654416,5867
Reaction_R-HSA-2730900,5868
Reaction_R-HSA-6799332,5869
Reaction_R-HSA-5690250,5870
Reaction_R-HSA-5658424,5871
Reaction_R-HSA-5671993,5872
Reaction_R-HSA-8937191,5873
Reaction_R-HSA-9833635,5874
Reaction_R-HSA-166082,5875
Reaction_R-HSA-5696605,5876
Reaction_R-HSA-6802911,5877
Pathway_R-HSA-73762,5878
Reaction_R-HSA-8983996,5879
Reaction_R-HSA-9698179,5880
Reaction_R-HSA-6809680,5881
Reaction_R-HSA-8853793,5882
Pathway_R-HSA-8853659,5883
Reaction_R-HSA-9606622,5884
Pathway_R-HSA-9758890,5885
Reaction_R-HSA-9018778,5886
Reaction_R-HSA-109817,5887
Reaction_R-HSA-9701569,5888
Pathway_R-HSA-196807,5889
Reaction_R-HSA-9610153,5890
Pathway_R-HSA-170968,5891
Reaction_R-HSA-2187266,5892
Reaction_R-HSA-8867370,5893
Reaction_R-HSA-4518585,5894
Reaction_R-HSA-8964498,5895
Reaction_R-HSA-9617207,5896
Pathway_R-HSA-9864848,5897
Pathway_R-HSA-174184,5898
Reaction_R-HSA-1433471,5899
Reaction_R-HSA-4085331,5900
Reaction_R-HSA-9011983,5901
Reaction_R-HSA-9701211,5902
Pathway_R-HSA-2672351,5903
Reaction_R-HSA-418574,5904
Reaction_R-HSA-391158,5905
Reaction_R-HSA-3318486,5906
Reaction_R-HSA-9665416,5907
Reaction_R-HSA-5654690,5908
Reaction_R-HSA-5696655,5909
Reaction_R-HSA-9859119,5910
Reaction_R-HSA-912496,5911
Reaction_R-HSA-5655241,5912
Reaction_R-HSA-9934763,5913
Reaction_R-HSA-5223313,5914
Reaction_R-HSA-190877,5915
Reaction_R-HSA-9670620,5916
Pathway_R-HSA-9670613,5917
Reaction_R-HSA-8849353,5918
Reaction_R-HSA-4411351,5919
Reaction_R-HSA-197250,5920
Reaction_R-HSA-983146,5921
Reaction_R-HSA-5687086,5922
Reaction_R-HSA-9935547,5923
Reaction_R-HSA-158481,5924
Reaction_R-HSA-5686685,5925
Reaction_R-HSA-9733207,5926
Reaction_R-HSA-171026,5927
Reaction_R-NUL-5610751,5928
Reaction_R-HSA-264871,5929
Reaction_R-HSA-5336413,5930
Reaction_R-HSA-2130286,5931
Reaction_R-HSA-9836184,5932
Reaction_R-HSA-5654566,5933
Reaction_R-HSA-9825847,5934
Reaction_R-HSA-5218851,5935
Reaction_R-HSA-174741,5936
Reaction_R-HSA-203680,5937
Pathway_R-HSA-203754,5938
Pathway_R-HSA-1660517,5939
Reaction_R-HSA-9675214,5940
Pathway_R-HSA-9733458,5941
Reaction_R-HSA-4085347,5942
Reaction_R-HSA-5228523,5943
Reaction_R-HSA-3000103,5944
Reaction_R-HSA-5674132,5945
Reaction_R-HSA-139899,5946
Reaction_R-HSA-5218815,5947
Reaction_R-HSA-5666169,5948
Reaction_R-HSA-8877003,5949
Reaction_R-HSA-8982637,5950
Reaction_R-HSA-9672178,5951
Reaction_R-HSA-9730412,5952
Reaction_R-HSA-9008476,5953
Reaction_R-HSA-1989765,5954
Reaction_R-HSA-2671850,5955
Reaction_R-HSA-8950225,5956
Reaction_R-HSA-9909400,5957
Reaction_R-HSA-451418,5958
Reaction_R-HSA-5672817,5959
Reaction_R-HSA-8938300,5960
Reaction_R-HSA-8936676,5961
Reaction_R-HSA-195280,5962
Reaction_R-HSA-5419279,5963
Reaction_R-HSA-9954727,5964
Reaction_R-HSA-8952620,5965
Reaction_R-HSA-9838035,5966
Reaction_R-HSA-389980,5967
Reaction_R-HSA-9837978,5968
Reaction_R-HSA-5655252,5969
Reaction_R-HSA-5689973,5970
Reaction_R-HSA-5324632,5971
Reaction_R-HSA-9672164,5972
Reaction_R-HSA-9854142,5973
Reaction_R-HSA-186773,5974
Reaction_R-HSA-175108,5975
Reaction_R-HSA-1676174,5976
Reaction_R-HSA-1306965,5977
Reaction_R-HSA-1562626,5978
Protein_PUSL1,5979
Reaction_R-HSA-9666426,5980
Reaction_R-HSA-2671873,5981
Reaction_R-HSA-741449,5982
Reaction_R-HSA-5654428,5983
Reaction_R-HSA-180622,5984
Reaction_R-HSA-5624486,5985
Reaction_R-HSA-3238999,5986
Reaction_R-HSA-110371,5987
Reaction_R-HSA-186834,5988
Reaction_R-HSA-9948458,5989
Pathway_R-HSA-9954714,5990
Reaction_R-HSA-450984,5991
Reaction_R-HSA-6785181,5992
Pathway_R-HSA-6804115,5993
Reaction_R-HSA-2130731,5994
Pathway_R-HSA-75953,5995
Reaction_R-HSA-5205663,5996
Reaction_R-HSA-8986294,5997
Pathway_R-HSA-9028731,5998
Reaction_R-HSA-183036,5999
Reaction_R-HSA-8849348,6000
Reaction_R-HSA-5654673,6001
Reaction_R-HSA-9614343,6002
Reaction_R-HSA-9844438,6003
Reaction_R-HSA-9654533,6004
Reaction_R-HSA-443905,6005
Reaction_R-HSA-9925246,6006
Pathway_R-HSA-2022870,6007
Reaction_R-HSA-5655269,6008
Reaction_R-HSA-9842659,6009
Reaction_R-HSA-5693602,6010
Pathway_R-HSA-8878159,6011
Reaction_R-HSA-113411,6012
Pathway_R-HSA-9759218,6013
Pathway_R-HSA-9828211,6014
Reaction_R-HSA-5205799,6015
Pathway_R-HSA-70921,6016
Reaction_R-HSA-9028328,6017
Reaction_R-HSA-937034,6018
Reaction_R-HSA-168933,6019
Reaction_R-HSA-8853325,6020
Pathway_R-HSA-8853336,6021
Reaction_R-HSA-9730967,6022
Reaction_R-HSA-202344,6023
Reaction_R-HSA-2666278,6024
Reaction_R-HSA-2730887,6025
Reaction_R-HSA-9948415,6026
Reaction_R-HSA-9825759,6027
Pathway_R-HSA-9020956,6028
Reaction_R-HSA-389354,6029
Reaction_R-HSA-5672304,6030
Reaction_R-HSA-3000112,6031
Reaction_R-HSA-9683663,6032
Reaction_R-HSA-9760652,6033
Reaction_R-HSA-9614423,6034
Reaction_R-HSA-446215,6035
GO_0006357_instance,6036
Reaction_R-HSA-9762246,6037
Reaction_R-HSA-186826,6038
Reaction_R-HSA-2317531,6039
Reaction_R-HSA-391865,6040
Reaction_R-HSA-1524186,6041
Reaction_R-HSA-73865,6042
Reaction_R-HSA-166072,6043
Pathway_R-HSA-1442490,6044
Reaction_R-HSA-5617874,6045
Reaction_R-HSA-8875591,6046
Reaction_R-HSA-1236971,6047
Reaction_R-HSA-5218812,6048
Reaction_R-HSA-9033529,6049
Reaction_R-HSA-4839734,6050
Reaction_R-HSA-8983371,6051
Reaction_R-HSA-9613460,6052
Reaction_R-HSA-5675868,6053
Reaction_R-HSA-167084,6054
Reaction_R-HSA-5654730,6055
Reaction_R-HSA-8852324,6056
Reaction_R-HSA-9833723,6057
Pathway_R-HSA-5250924,6058
Reaction_R-HSA-9817983,6059
Reaction_R-HSA-6814119,6060
Reaction_R-HSA-5653766,6061
Reaction_R-HSA-9729500,6062
Reaction_R-HSA-428515,6063
GO_0000118_instance,6064
Reaction_R-HSA-5637765,6065
Reaction_R-HSA-68712,6066
Reaction_R-HSA-418176,6067
Pathway_R-HSA-456926,6068
Reaction_R-HSA-73814,6069
Reaction_R-HSA-2172126,6070
Reaction_R-HSA-751019,6071
Reaction_R-HSA-437192,6072
Pathway_R-HSA-75102,6073
Reaction_R-HSA-6811431,6074
Reaction_R-HSA-9637635,6075
Reaction_R-HSA-418865,6076
Reaction_R-HSA-374673,6077
Reaction_R-HSA-8850529,6078
Pathway_R-HSA-205043,6079
Reaction_R-HSA-9865893,6080
Reaction_R-HSA-3000263,6081
Reaction_R-HSA-5218845,6082
Reaction_R-HSA-8951443,6083
Reaction_R-HSA-6797606,6084
Pathway_R-HSA-5661270,6085
Reaction_R-HSA-9664940,6086
Reaction_R-HSA-1963589,6087
Reaction_R-HSA-5684882,6088
Reaction_R-HSA-2424476,6089
Reaction_R-HSA-68960,6090
Reaction_R-HSA-168184,6091
Reaction_R-HSA-9859005,6092
Reaction_R-HSA-5218832,6093
Reaction_R-HSA-75861,6094
Reaction_R-HSA-9710914,6095
Reaction_R-HSA-397835,6096
Reaction_R-HSA-168848,6097
Reaction_R-HSA-187552,6098
Reaction_R-HSA-9670413,6099
Reaction_R-HSA-165195,6100
Reaction_R-HSA-5655263,6101
Reaction_R-HSA-168930,6102
Reaction_R-HSA-9614816,6103
Reaction_R-HSA-4570463,6104
Reaction_R-HSA-392748,6105
Reaction_R-HSA-177939,6106
Reaction_R-HSA-176318,6107
Pathway_R-HSA-1234158,6108
Reaction_R-HSA-1980067,6109
Pathway_R-HSA-9696273,6110
Reaction_R-HSA-9664273,6111
Reaction_R-HSA-8952408,6112
Reaction_R-HSA-9754839,6113
Reaction_R-HSA-9915968,6114
Pathway_R-HSA-9820865,6115
Pathway_R-HSA-8851805,6116
Reaction_R-HSA-430311,6117
Pathway_R-HSA-446388,6118
Reaction_R-HSA-9855212,6119
Reaction_R-HSA-2220981,6120
Reaction_R-HSA-9796346,6121
Reaction_R-HSA-8948623,6122
Reaction_R-HSA-167284,6123
Reaction_R-HSA-9705137,6124
Reaction_R-HSA-914005,6125
Reaction_R-HSA-2029458,6126
Reaction_R-HSA-3343700,6127
Reaction_R-HSA-9960175,6128
Reaction_R-HSA-751024,6129
Reaction_R-HSA-927830,6130
Reaction_R-HSA-114307,6131
Reaction_R-HSA-6782131,6132
Reaction_R-HSA-449958,6133
Reaction_R-HSA-5654402,6134
Reaction_R-HSA-9729279,6135
Reaction_R-HSA-5678315,6136
Reaction_R-HSA-1839080,6137
Reaction_R-HSA-9954919,6138
Reaction_R-HSA-9664261,6139
Reaction_R-HSA-8853965,6140
Reaction_R-HSA-1839098,6141
Reaction_R-HSA-981497,6142
Reaction_R-HSA-3928580,6143
Reaction_R-HSA-9736836,6144
Reaction_R-HSA-8938507,6145
Reaction_R-HSA-8847887,6146
Reaction_R-HSA-9606162,6147
Reaction_R-HSA-9692241,6148
Reaction_R-HSA-9911214,6149
Reaction_R-HSA-391940,6150
Reaction_R-HSA-9823992,6151
Pathway_R-HSA-9623433,6152
Reaction_R-HSA-9033505,6153
Protein_OGFRL1,6154
Reaction_R-HSA-6804188,6155
Pathway_R-HSA-6804754,6156
Reaction_R-HSA-5690856,6157
Pathway_R-HSA-5689896,6158
Pathway_R-HSA-9013405,6159
Reaction_R-HSA-5218821,6160
Pathway_R-HSA-8875656,6161
Reaction_R-HSA-5693681,6162
Reaction_R-HSA-8951442,6163
Reaction_R-HSA-9956667,6164
Pathway_R-HSA-9956593,6165
Reaction_R-HSA-9695845,6166
Pathway_R-HSA-163125,6167
Reaction_R-HSA-202489,6168
Reaction_R-HSA-8951690,6169
Reaction_R-HSA-450580,6170
Reaction_R-HSA-5696547,6171
Reaction_R-HSA-5655320,6172
Reaction_R-HSA-5660530,6173
Reaction_R-HSA-5660662,6174
Reaction_R-HSA-391266,6175
Reaction_R-HSA-9018806,6176
Reaction_R-HSA-9843120,6177
Reaction_R-HSA-9705466,6178
Reaction_R-HSA-6811414,6179
Reaction_R-HSA-1235037,6180
Pathway_R-HSA-9687136,6181
Reaction_R-HSA-9012000,6182
Reaction_R-HSA-8937654,6183
Reaction_R-HSA-9757258,6184
Reaction_R-HSA-9014295,6185
Reaction_R-HSA-169468,6186
Reaction_R-HSA-9008480,6187
Pathway_R-HSA-9665348,6188
Reaction_R-HSA-398040,6189
Reaction_R-HSA-5357780,6190
Reaction_R-HSA-8981443,6191
Reaction_R-HSA-3928642,6192
Reaction_R-HSA-2213017,6193
Reaction_R-HSA-5205798,6194
Reaction_R-HSA-5666129,6195
Reaction_R-HSA-9844549,6196
Reaction_R-HSA-428749,6197
Reaction_R-HSA-8848247,6198
Reaction_R-HSA-2029454,6199
Reaction_R-HSA-5660753,6200
Reaction_R-HSA-2220966,6201
Reaction_R-HSA-9008839,6202
Pathway_R-HSA-5339716,6203
Reaction_R-HSA-9700175,6204
Reaction_R-HSA-3223236,6205
Pathway_R-HSA-9664873,6206
GO_0030154_instance,6207
Reaction_R-HSA-5617484,6208
Reaction_R-HSA-9701548,6209
Reaction_R-HSA-8987218,6210
Reaction_R-HSA-1306972,6211
Reaction_R-HSA-9815507,6212
Reaction_R-HSA-416588,6213
Reaction_R-HSA-3928632,6214
Reaction_R-HSA-216043,6215
Reaction_R-HSA-8983300,6216
Reaction_R-HSA-71670,6217
Reaction_R-HSA-5658430,6218
Reaction_R-HSA-1793182,6219
Reaction_R-HSA-1912415,6220
Reaction_R-HSA-8952044,6221
Reaction_R-HSA-191790,6222
Pathway_R-HSA-191859,6223
Pathway_R-HSA-1358803,6224
Reaction_R-HSA-3769447,6225
Reaction_R-HSA-9645442,6226
Reaction_R-HSA-112153,6227
Reaction_R-HSA-212356,6228
Reaction_R-HSA-9834821,6229
Reaction_R-HSA-9029517,6230
Reaction_R-HSA-8950113,6231
Reaction_R-HSA-8865265,6232
Reaction_R-HSA-450488,6233
Reaction_R-HSA-9623999,6234
Reaction_R-HSA-8937097,6235
Reaction_R-HSA-5672012,6236
Reaction_R-HSA-9909631,6237
Reaction_R-HSA-9757257,6238
Reaction_R-HSA-9821368,6239
Reaction_R-HSA-4551604,6240
Pathway_R-HSA-9013409,6241
Reaction_R-HSA-2574845,6242
Reaction_R-HSA-9640168,6243
Pathway_R-HSA-173107,6244
Reaction_R-HSA-2179274,6245
Reaction_R-HSA-5336420,6246
Reaction_R-HSA-3209160,6247
Protein_LYSMD3,6248
Reaction_R-HSA-163750,6249
Reaction_R-HSA-5218805,6250
Reaction_R-HSA-9716913,6251
Reaction_R-HSA-9013895,6252
Reaction_R-HSA-174079,6253
Pathway_R-HSA-176408,6254
Reaction_R-HSA-9665407,6255
Reaction_R-HSA-2176503,6256
Reaction_R-HSA-9936620,6257
Reaction_R-HSA-209815,6258
Reaction_R-HSA-2187309,6259
Reaction_R-HSA-9858309,6260
Reaction_R-HSA-2029445,6261
Reaction_R-HSA-9021334,6262
Reaction_R-HSA-180710,6263
Reaction_R-HSA-9736959,6264
Reaction_R-HSA-389381,6265
Reaction_R-HSA-72103,6266
Reaction_R-HSA-9750946,6267
Pathway_R-HSA-110331,6268
Reaction_R-HSA-430183,6269
Reaction_R-HSA-9664268,6270
Reaction_R-HSA-1855190,6271
Reaction_R-HSA-9686980,6272
Reaction_R-HSA-8939323,6273
Reaction_R-HSA-1799329,6274
Reaction_R-HSA-5666049,6275
Reaction_R-HSA-9698029,6276
Reaction_R-HSA-389963,6277
Reaction_R-HSA-9710988,6278
Reaction_R-HSA-113705,6279
Pathway_R-HSA-73780,6280
Reaction_R-HSA-9714481,6281
Reaction_R-HSA-8982012,6282
Pathway_R-HSA-428540,6283
Reaction_R-HSA-2321904,6284
Reaction_R-HSA-5579023,6285
Reaction_R-HSA-9932449,6286
Reaction_R-HSA-9712190,6287
Reaction_R-HSA-4084912,6288
Reaction_R-HSA-9839751,6289
Reaction_R-HSA-5686073,6290
Pathway_R-HSA-399956,6291
Reaction_R-HSA-508163,6292
Reaction_R-HSA-5654592,6293
Pathway_R-HSA-9859138,6294
Reaction_R-HSA-9822335,6295
Reaction_R-HSA-5687081,6296
Reaction_R-HSA-68917,6297
Reaction_R-HSA-9634584,6298
Reaction_R-HSA-174452,6299
Reaction_R-HSA-983142,6300
Reaction_R-HSA-3108212,6301
Protein_BRI3BP,6302
Reaction_R-HSA-5607757,6303
Reaction_R-HSA-1888198,6304
Reaction_R-HSA-3787997,6305
Reaction_R-HSA-9665412,6306
Reaction_R-HSA-5218806,6307
Pathway_R-HSA-159763,6308
Reaction_R-HSA-187545,6309
Pathway_R-HSA-3000484,6310
Reaction_R-HSA-350901,6311
Reaction_R-HSA-8964567,6312
Reaction_R-HSA-9925270,6313
Reaction_R-HSA-9010034,6314
Reaction_R-HSA-177479,6315
Pathway_R-HSA-177504,6316
Reaction_R-HSA-6803227,6317
Reaction_R-HSA-374665,6318
Reaction_R-HSA-3311014,6319
Reaction_R-HSA-5628901,6320
Reaction_R-HSA-1482816,6321
Pathway_R-HSA-8949613,6322
Reaction_R-HSA-9699163,6323
Reaction_R-HSA-9837087,6324
Pathway_R-HSA-9837092,6325
Reaction_R-HSA-983153,6326
Pathway_R-HSA-9726842,6327
Reaction_R-HSA-9825751,6328
Reaction_R-HSA-8857925,6329
Reaction_R-HSA-5672961,6330
Reaction_R-HSA-8944538,6331
Reaction_R-HSA-5617492,6332
Reaction_R-HSA-8850040,6333
Reaction_R-HSA-1483004,6334
Pathway_R-HSA-190861,6335
Reaction_R-HSA-3371531,6336
Pathway_R-HSA-74749,6337
Reaction_R-HSA-5693599,6338
Reaction_R-HSA-5690152,6339
Reaction_R-HSA-9749487,6340
Pathway_R-HSA-2173788,6341
Reaction_R-HSA-8956045,6342
Pathway_R-HSA-8849470,6343
Reaction_R-HSA-74742,6344
Reaction_R-HSA-5617887,6345
Pathway_R-HSA-450385,6346
Reaction_R-HSA-3965444,6347
Reaction_R-HSA-5683986,6348
Reaction_R-HSA-9854141,6349
Reaction_R-HSA-9823729,6350
Reaction_R-HSA-9031610,6351
Reaction_R-HSA-5661116,6352
Reaction_R-HSA-9925892,6353
Pathway_R-HSA-9927432,6354
Reaction_R-HSA-157640,6355
Reaction_R-HSA-9670416,6356
Reaction_R-HSA-912627,6357
Reaction_R-HSA-428917,6358
Pathway_R-HSA-167590,6359
Reaction_R-HSA-9614773,6360
Reaction_R-HSA-9817458,6361
Reaction_R-HSA-9698007,6362
Reaction_R-HSA-9013158,6363
Reaction_R-HSA-174444,6364
Reaction_R-HSA-983703,6365
Reaction_R-HSA-933538,6366
Reaction_R-HSA-6786124,6367
Reaction_R-HSA-8952626,6368
Reaction_R-HSA-977071,6369
Reaction_R-HSA-9610270,6370
Reaction_R-HSA-9664933,6371
Reaction_R-HSA-2176491,6372
Reaction_R-HSA-1250498,6373
Reaction_R-HSA-199839,6374
Reaction_R-HSA-9606159,6375
Reaction_R-HSA-1253325,6376
Reaction_R-HSA-1912363,6377
Reaction_R-HSA-8875659,6378
Reaction_R-HSA-9934755,6379
Reaction_R-HSA-5654664,6380
Reaction_R-HSA-6814559,6381
Reaction_R-HSA-9839110,6382
Reaction_R-HSA-9840564,6383
Pathway_R-HSA-9840373,6384
Reaction_R-HSA-8948230,6385
Reaction_R-HSA-9914271,6386
Reaction_R-HSA-198955,6387
Reaction_R-HSA-9708889,6388
Reaction_R-HSA-5173192,6389
Pathway_R-HSA-5173214,6390
Reaction_R-HSA-6809011,6391
Reaction_R-HSA-5683801,6392
Reaction_R-HSA-114275,6393
Reaction_R-HSA-3899291,6394
Reaction_R-HSA-1236935,6395
Reaction_R-HSA-9695841,6396
Pathway_R-HSA-180689,6397
Reaction_R-HSA-74992,6398
Reaction_R-HSA-9698005,6399
Reaction_R-HSA-4411365,6400
Reaction_R-HSA-167113,6401
Reaction_R-HSA-9709317,6402
Reaction_R-HSA-8984021,6403
Reaction_R-HSA-8984964,6404
Reaction_R-HSA-9698013,6405
Reaction_R-HSA-5205861,6406
Reaction_R-HSA-75098,6407
Reaction_R-HSA-2396029,6408
Reaction_R-HSA-4839635,6409
Pathway_R-HSA-167242,6410
Reaction_R-HSA-162836,6411
Pathway_R-HSA-162791,6412
Reaction_R-HSA-9755734,6413
Reaction_R-HSA-5666001,6414
Reaction_R-HSA-201510,6415
Reaction_R-HSA-9697750,6416
Reaction_R-HSA-9933585,6417
Reaction_R-HSA-2130486,6418
Reaction_R-HSA-9029434,6419
Reaction_R-HSA-9033524,6420
Reaction_R-HSA-6800434,6421
Reaction_R-HSA-2730833,6422
Pathway_R-HSA-190840,6423
Reaction_R-HSA-8985900,6424
Reaction_R-HSA-379865,6425
Reaction_R-HSA-879362,6426
Pathway_R-HSA-9675126,6427
Reaction_R-HSA-6810234,6428
Reaction_R-HSA-2201322,6429
Reaction_R-HSA-9688456,6430
Reaction_R-HSA-1225957,6431
Reaction_R-HSA-3928647,6432
Pathway_R-HSA-9661069,6433
Reaction_R-HSA-9008456,6434
Reaction_R-HSA-8868659,6435
Reaction_R-HSA-9759709,6436
Pathway_R-HSA-159234,6437
Pathway_R-HSA-879518,6438
Pathway_R-HSA-1059683,6439
Reaction_R-HSA-442732,6440
Reaction_R-HSA-6802921,6441
Reaction_R-HSA-9008412,6442
Reaction_R-HSA-209973,6443
Reaction_R-HSA-3769391,6444
Reaction_R-HSA-5362486,6445
Reaction_R-HSA-9908709,6446
GO_0002253_instance,6447
Reaction_R-HSA-4719413,6448
Reaction_R-HSA-9859291,6449
Reaction_R-HSA-9836404,6450
Reaction_R-HSA-8866277,6451
Reaction_R-HSA-5213462,6452
Reaction_R-HSA-8948063,6453
Reaction_R-HSA-8950190,6454
Reaction_R-HSA-167468,6455
Reaction_R-HSA-8876262,6456
Reaction_R-HSA-1839091,6457
Pathway_R-HSA-165160,6458
Reaction_R-HSA-9618479,6459
Reaction_R-HSA-9839371,6460
Reaction_R-HSA-4615933,6461
Reaction_R-HSA-6802933,6462
Pathway_R-HSA-5578749,6463
Reaction_R-HSA-9017797,6464
Pathway_R-HSA-9017802,6465
Reaction_R-HSA-9925087,6466
Reaction_R-HSA-8850534,6467
Reaction_R-HSA-6783238,6468
Reaction_R-HSA-4641260,6469
Reaction_R-HSA-508162,6470
Reaction_R-HSA-392202,6471
GO_0072384_instance,6472
Reaction_R-HSA-983700,6473
Reaction_R-HSA-75869,6474
Reaction_R-HSA-9696268,6475
Reaction_R-HSA-5665659,6476
Pathway_R-HSA-2173791,6477
Reaction_R-NUL-936401,6478
Reaction_R-HSA-9033235,6479
Reaction_R-HSA-3299657,6480
Pathway_R-HSA-3359454,6481
Pathway_R-HSA-180024,6482
Reaction_R-HSA-5674387,6483
Reaction_R-HSA-9925324,6484
Reaction_R-HSA-9757951,6485
Reaction_R-HSA-2029459,6486
GO_0140168_instance,6487
Reaction_R-HSA-71401,6488
Reaction_R-HSA-997314,6489
Reaction_R-HSA-8942836,6490
Reaction_R-HSA-433725,6491
Reaction_R-HSA-9753277,6492
Reaction_R-HSA-199062,6493
Reaction_R-HSA-352232,6494
Pathway_R-HSA-171007,6495
Reaction_R-HSA-4085296,6496
Reaction_R-HSA-6790987,6497
GO_0023052_instance,6498
Reaction_R-HSA-8853405,6499
Reaction_R-HSA-9698026,6500
Reaction_R-HSA-9665705,6501
Reaction_R-HSA-9603784,6502
Pathway_R-HSA-5656169,6503
Reaction_R-HSA-2046094,6504
Reaction_R-HSA-8850356,6505
Reaction_R-HSA-352371,6506
Reaction_R-HSA-182994,6507
Reaction_R-HSA-5228992,6508
Reaction_R-HSA-163099,6509
Pathway_R-HSA-171319,6510
Reaction_R-HSA-8878266,6511
Reaction_R-HSA-8940388,6512
Pathway_R-HSA-211728,6513
Reaction_R-HSA-111439,6514
Reaction_R-HSA-8866268,6515
Reaction_R-HSA-77090,6516
Reaction_R-HSA-2213246,6517
Pathway_R-HSA-2206292,6518
Reaction_R-HSA-2213195,6519
Pathway_R-HSA-2022090,6520
Reaction_R-HSA-5685341,6521
Pathway_R-HSA-1181150,6522
Reaction_R-HSA-1234169,6523
Reaction_R-HSA-9672163,6524
Reaction_R-HSA-5654677,6525
Reaction_R-HSA-8877760,6526
Reaction_R-HSA-392054,6527
Reaction_R-HSA-6790041,6528
Pathway_R-HSA-9683686,6529
Reaction_R-HSA-5684071,6530
Pathway_R-HSA-418359,6531
Reaction_R-HSA-156826,6532
Reaction_R-HSA-5655233,6533
Reaction_R-HSA-912503,6534
Reaction_R-HSA-419841,6535
Reaction_R-HSA-4396392,6536
Reaction_R-HSA-5694423,6537
Pathway_R-HSA-9709570,6538
Reaction_R-HSA-9935552,6539
Reaction_R-NUL-9604648,6540
Reaction_R-HSA-8850992,6541
Reaction_R-HSA-8937134,6542
Reaction_R-HSA-9761421,6543
Reaction_R-HSA-1433506,6544
Reaction_R-HSA-9617595,6545
Reaction_R-HSA-3159232,6546
Reaction_R-HSA-4551738,6547
Reaction_R-HSA-9926936,6548
Pathway_R-HSA-9013106,6549
Reaction_R-HSA-5661125,6550
Reaction_R-HSA-5578742,6551
Reaction_R-HSA-5423038,6552
Reaction_R-HSA-9657791,6553
Reaction_R-HSA-174202,6554
Reaction_R-HSA-2976563,6555
Reaction_R-HSA-9948291,6556
Pathway_R-HSA-164940,6557
Reaction_R-HSA-3209177,6558
Reaction_R-HSA-909729,6559
Reaction_R-HSA-5692754,6560
Reaction_R-HSA-8964588,6561
Pathway_R-HSA-3301854,6562
Reaction_R-HSA-9908800,6563
Reaction_R-HSA-4090390,6564
Reaction_R-HSA-2559464,6565
Reaction_R-HSA-201712,6566
Reaction_R-HSA-399947,6567
Reaction_R-HSA-5617866,6568
Reaction_R-HSA-373746,6569
Pathway_R-HSA-200425,6570
Reaction_R-HSA-9861293,6571
Reaction_R-HSA-912505,6572
Reaction_R-HSA-167601,6573
Reaction_R-HSA-190520,6574
Reaction_R-HSA-2424486,6575
Reaction_R-HSA-1638845,6576
Reaction_R-HSA-9708533,6577
Reaction_R-HSA-6782234,6578
Reaction_R-HSA-5654663,6579
Pathway_R-HSA-5654712,6580
Reaction_R-HSA-2424482,6581
Pathway_R-HSA-8939245,6582
Reaction_R-HSA-6805638,6583
Reaction_R-HSA-76060,6584
Reaction_R-HSA-176942,6585
Pathway_R-HSA-389542,6586
Reaction_R-HSA-72691,6587
Reaction_R-HSA-113402,6588
Pathway_R-HSA-2029485,6589
Reaction_R-HSA-1467269,6590
Reaction_R-HSA-909720,6591
Reaction_R-HSA-450517,6592
Pathway_R-HSA-176034,6593
Reaction_R-HSA-6799178,6594
Reaction_R-HSA-9672177,6595
Pathway_R-HSA-9673767,6596
Reaction_R-HSA-5432825,6597
Pathway_R-HSA-9018679,6598
Reaction_R-HSA-4827388,6599
Reaction_R-HSA-9755757,6600
Pathway_R-HSA-977347,6601
Reaction_R-HSA-9664275,6602
Reaction_R-HSA-8950344,6603
Reaction_R-HSA-6810238,6604
Pathway_R-HSA-9762114,6605
Reaction_R-HSA-933531,6606
Reaction_R-HSA-167056,6607
Pathway_R-HSA-9013700,6608
Reaction_R-HSA-8867288,6609
Reaction_R-HSA-9676255,6610
Reaction_R-HSA-9926476,6611
Reaction_R-HSA-205319,6612
Reaction_R-HSA-5357472,6613
Reaction_R-HSA-5620975,6614
Reaction_R-HSA-5686410,6615
Reaction_R-HSA-921155,6616
Reaction_R-HSA-354173,6617
Reaction_R-HSA-9703441,6618
Reaction_R-HSA-182279,6619
Reaction_R-HSA-9925817,6620
Reaction_R-HSA-1236964,6621
Reaction_R-HSA-5693551,6622
Reaction_R-HSA-9937403,6623
Reaction_R-HSA-212432,6624
Reaction_R-HSA-199298,6625
Reaction_R-HSA-3318415,6626
Reaction_R-HSA-751029,6627
Reaction_R-HSA-163691,6628
Reaction_R-HSA-3134946,6629
Reaction_R-HSA-5625796,6630
Reaction_R-HSA-5216234,6631
Pathway_R-HSA-9020958,6632
Reaction_R-HSA-6814675,6633
Reaction_R-HSA-201685,6634
Reaction_R-HSA-9703440,6635
Pathway_R-HSA-9748787,6636
Reaction_R-HSA-9833436,6637
Pathway_R-HSA-196791,6638
Reaction_R-HSA-1433488,6639
Reaction_R-HSA-6805640,6640
Reaction_R-HSA-451895,6641
Reaction_R-HSA-354060,6642
Reaction_R-HSA-8851899,6643
Reaction_R-HSA-8984023,6644
Reaction_R-HSA-5679255,6645
Reaction_R-HSA-8952618,6646
Reaction_R-HSA-9649393,6647
Reaction_R-HSA-975188,6648
Reaction_R-HSA-113503,6649
Pathway_R-HSA-426496,6650
Reaction_R-HSA-8937864,6651
Reaction_R-HSA-9027280,6652
Reaction_R-HSA-379993,6653
Reaction_R-HSA-9931292,6654
Reaction_R-HSA-6788385,6655
Reaction_R-HSA-5668947,6656
Reaction_R-HSA-9664214,6657
Reaction_R-HSA-9925158,6658
Reaction_R-HSA-1234161,6659
Reaction_R-HSA-194809,6660
Reaction_R-HSA-1839078,6661
Reaction_R-HSA-9007999,6662
Reaction_R-HSA-1963582,6663
Reaction_R-HSA-9016751,6664
Reaction_R-HSA-177944,6665
Reaction_R-HSA-5632892,6666
Reaction_R-HSA-4396382,6667
Reaction_R-HSA-187661,6668
Reaction_R-HSA-203662,6669
Pathway_R-HSA-196783,6670
Reaction_R-HSA-9710295,6671
Reaction_R-HSA-8953452,6672
Reaction_R-HSA-202466,6673
Reaction_R-HSA-5610758,6674
Reaction_R-HSA-194674,6675
Reaction_R-HSA-1250189,6676
Reaction_R-HSA-6782227,6677
Reaction_R-HSA-2130619,6678
Reaction_R-HSA-936563,6679
Reaction_R-HSA-5667037,6680
Reaction_R-NUL-9033857,6681
Reaction_R-HSA-9653595,6682
Reaction_R-HSA-8848436,6683
Pathway_R-HSA-180585,6684
Pathway_R-HSA-5336415,6685
Reaction_R-HSA-5690996,6686
Reaction_R-HSA-933526,6687
Reaction_R-HSA-9860264,6688
Pathway_R-HSA-350054,6689
Reaction_R-HSA-913529,6690
Reaction_R-HSA-9033236,6691
Reaction_R-HSA-4341072,6692
Reaction_R-HSA-77073,6693
Reaction_R-HSA-2395801,6694
Reaction_R-HSA-9696179,6695
Reaction_R-HSA-418365,6696
Pathway_R-HSA-9909505,6697
Reaction_R-HSA-9607224,6698
Reaction_R-HSA-1183003,6699
Reaction_R-HSA-4093327,6700
Pathway_R-HSA-1306955,6701
Reaction_R-HSA-168285,6702
Reaction_R-HSA-5610718,6703
Reaction_R-HSA-9670155,6704
Reaction_R-HSA-8868660,6705
Reaction_R-HSA-5626227,6706
Reaction_R-HSA-5682010,6707
Reaction_R-HSA-205056,6708
Reaction_R-HSA-5621573,6709
Reaction_R-HSA-5665998,6710
Reaction_R-HSA-8871366,6711
Reaction_R-HSA-2299677,6712
Reaction_R-HSA-9021182,6713
Pathway_R-HSA-110329,6714
Pathway_R-HSA-5674499,6715
Reaction_R-HSA-6811429,6716
Reaction_R-HSA-936412,6717
Reaction_R-HSA-9815501,6718
Pathway_R-HSA-417973,6719
Pathway_R-HSA-9931509,6720
Reaction_R-HSA-8853529,6721
Reaction_R-HSA-6802915,6722
Reaction_R-HSA-399946,6723
Reaction_R-HSA-8854759,6724
Reaction_R-HSA-2545203,6725
Reaction_R-HSA-1028819,6726
Reaction_R-HSA-9758501,6727
Reaction_R-HSA-3900194,6728
Reaction_R-HSA-5696872,6729
Reaction_R-HSA-6781824,6730
Reaction_R-HSA-4615873,6731
Reaction_R-HSA-202453,6732
Reaction_R-HSA-5653770,6733
GO_0016605_instance,6734
Pathway_R-HSA-9938206,6735
Reaction_R-HSA-9823910,6736
Reaction_R-HSA-1234165,6737
Reaction_R-HSA-9909628,6738
Pathway_R-HSA-9825892,6739
Pathway_R-HSA-9018677,6740
Reaction_R-HSA-6791218,6741
Reaction_R-HSA-2574840,6742
Reaction_R-HSA-9011985,6743
Reaction_R-HSA-8933328,6744
Reaction_R-HSA-9630921,6745
Reaction_R-HSA-9942683,6746
Reaction_R-HSA-9664567,6747
Reaction_R-HSA-9749320,6748
Reaction_R-HSA-8877941,6749
Reaction_R-HSA-9659782,6750
Reaction_R-HSA-9839376,6751
Pathway_R-HSA-9839383,6752
Pathway_R-HSA-500657,6753
Reaction_R-HSA-2220976,6754
Pathway_R-HSA-9033500,6755
Reaction_R-HSA-5655295,6756
Pathway_R-HSA-9603381,6757
Reaction_R-HSA-977136,6758
Reaction_R-NUL-9619539,6759
Reaction_R-HSA-9835385,6760
Reaction_R-HSA-389639,6761
Reaction_R-HSA-3928654,6762
Reaction_R-HSA-373727,6763
Pathway_R-HSA-3065678,6764
Reaction_R-HSA-5690988,6765
Pathway_R-HSA-5696400,6766
Reaction_R-HSA-8956140,6767
Reaction_R-HSA-442724,6768
Reaction_R-HSA-9733330,6769
Reaction_R-HSA-9851142,6770
Reaction_R-HSA-8948222,6771
Reaction_R-HSA-202203,6772
Reaction_R-HSA-9692135,6773
Reaction_R-HSA-6809010,6774
Reaction_R-HSA-9734547,6775
Pathway_R-HSA-9845576,6776
Reaction_R-HSA-177923,6777
Reaction_R-HSA-2160884,6778
Pathway_R-HSA-2160916,6779
Reaction_R-HSA-6814671,6780
Reaction_R-HSA-9696266,6781
Reaction_R-HSA-6809707,6782
Reaction_R-HSA-1678843,6783
Pathway_R-HSA-5140745,6784
Reaction_R-HSA-870479,6785
Reaction_R-HSA-437195,6786
Reaction_R-HSA-195318,6787
Reaction_R-HSA-8941613,6788
Reaction_R-HSA-2317530,6789
Reaction_R-HSA-3928584,6790
Pathway_R-HSA-9726840,6791
Pathway_R-HSA-9013425,6792
Pathway_R-HSA-1433559,6793
Reaction_R-HSA-9021596,6794
Reaction_R-HSA-5667107,6795
Reaction_R-HSA-9748969,6796
Pathway_R-HSA-390918,6797
Reaction_R-HSA-1234163,6798
Reaction_R-HSA-380294,6799
Reaction_R-HSA-2172194,6800
Pathway_R-HSA-9696270,6801
Reaction_R-HSA-6784735,6802
Pathway_R-HSA-5693554,6803
Reaction_R-HSA-9698174,6804
GO_0032774_instance,6805
Reaction_R-HSA-9907572,6806
Pathway_R-HSA-9662360,6807
Reaction_R-HSA-163688,6808
Pathway_R-HSA-163767,6809
Reaction_R-HSA-429860,6810
Reaction_R-HSA-3928645,6811
Reaction_R-HSA-73757,6812
Reaction_R-HSA-9014342,6813
Pathway_R-HSA-8948751,6814
Pathway_R-HSA-2424491,6815
Reaction_R-HSA-1855211,6816
Pathway_R-HSA-9907570,6817
Reaction_R-HSA-9923006,6818
Reaction_R-HSA-4085083,6819
Reaction_R-HSA-8982020,6820
Reaction_R-HSA-140978,6821
Pathway_R-HSA-110328,6822
Reaction_R-HSA-9934024,6823
Pathway_R-HSA-9933946,6824
Reaction_R-HSA-445071,6825
Pathway_R-HSA-9652817,6826
Reaction_R-HSA-975142,6827
Reaction_R-HSA-947991,6828
Reaction_R-HSA-1176059,6829
Reaction_R-HSA-1981157,6830
Pathway_R-HSA-1236977,6831
Reaction_R-HSA-983696,6832
Reaction_R-HSA-8985988,6833
Reaction_R-HSA-113454,6834
Reaction_R-HSA-5357904,6835
Reaction_R-HSA-8852136,6836
Reaction_R-HSA-9733331,6837
Reaction_R-HSA-9640195,6838
Reaction_R-HSA-1362270,6839
Pathway_R-HSA-6783783,6840
Reaction_R-HSA-5671772,6841
Reaction_R-HSA-6794356,6842
Reaction_R-HSA-9032532,6843
Reaction_R-HSA-9843119,6844
Reaction_R-HSA-392187,6845
Reaction_R-HSA-450187,6846
Reaction_R-HSA-5654425,6847
Reaction_R-HSA-5623519,6848
Reaction_R-HSA-68944,6849
Reaction_R-HSA-9026493,6850
Reaction_R-HSA-1912362,6851
Reaction_R-HSA-9665121,6852
Reaction_R-HSA-914006,6853
Reaction_R-HSA-6782004,6854
Reaction_R-HSA-8982709,6855
Reaction_R-HSA-9819106,6856
Reaction_R-HSA-3222072,6857
Pathway_R-HSA-6804757,6858
Reaction_R-HSA-114683,6859
Reaction_R-HSA-5682586,6860
Reaction_R-HSA-199161,6861
Reaction_R-HSA-354066,6862
Reaction_R-HSA-9932448,6863
Reaction_R-HSA-5687091,6864
Reaction_R-HSA-9625749,6865
Reaction_R-HSA-429955,6866
Reaction_R-HSA-1299475,6867
GO_0005840_instance,6868
Reaction_R-HSA-168337,6869
Reaction_R-HSA-9660819,6870
Reaction_R-HSA-5665751,6871
Reaction_R-HSA-4755494,6872
Reaction_R-HSA-2395412,6873
Reaction_R-HSA-5693608,6874
Pathway_R-HSA-174411,6875
Reaction_R-HSA-9934026,6876
Reaction_R-HSA-4551768,6877
Reaction_R-HSA-139898,6878
Reaction_R-HSA-2029460,6879
Reaction_R-HSA-9678935,6880
Reaction_R-HSA-113430,6881
Pathway_R-HSA-9754560,6882
Reaction_R-HSA-164524,6883
Reaction_R-HSA-9654525,6884
Pathway_R-HSA-9660826,6885
Reaction_R-HSA-8866553,6886
Reaction_R-HSA-2220985,6887
Reaction_R-HSA-8948228,6888
Reaction_R-HSA-400037,6889
Reaction_R-HSA-9693978,6890
Reaction_R-HSA-8875320,6891
Reaction_R-HSA-6810235,6892
Reaction_R-HSA-5675456,6893
Reaction_R-HSA-6790906,6894
GO_0140513_instance,6895
Reaction_R-HSA-6802922,6896
Pathway_R-HSA-9636383,6897
Reaction_R-HSA-1470010,6898
Reaction_R-HSA-5625738,6899
Reaction_R-HSA-9756948,6900
Reaction_R-HSA-8877998,6901
Reaction_R-HSA-937050,6902
Reaction_R-HSA-179467,6903
Pathway_R-HSA-193648,6904
Reaction_R-HSA-5693566,6905
Reaction_R-HSA-9824977,6906
Reaction_R-HSA-2168889,6907
Reaction_R-HSA-9647987,6908
Reaction_R-HSA-9816278,6909
Reaction_R-HSA-5637801,6910
Reaction_R-HSA-3928627,6911
Reaction_R-HSA-139895,6912
Reaction_R-HSA-9710294,6913
Reaction_R-HSA-5173005,6914
Reaction_R-HSA-4615905,6915
Reaction_R-HSA-9859182,6916
Reaction_R-HSA-9610802,6917
Reaction_R-HSA-5687083,6918
Reaction_R-HSA-446870,6919
Reaction_R-HSA-2671868,6920
Reaction_R-HSA-8984014,6921
Reaction_R-HSA-5671919,6922
Reaction_R-HSA-9647980,6923
Reaction_R-HSA-5617877,6924
Pathway_R-HSA-209560,6925
Reaction_R-HSA-8939670,6926
Reaction_R-HSA-912429,6927
Pathway_R-HSA-1855167,6928
Reaction_R-HSA-8939066,6929
Reaction_R-HSA-5632670,6930
Reaction_R-HSA-216064,6931
Reaction_R-HSA-9766065,6932
Reaction_R-HSA-350319,6933
Reaction_R-HSA-9857703,6934
Reaction_R-HSA-9612501,6935
Reaction_R-HSA-5654643,6936
Reaction_R-HSA-1675921,6937
Reaction_R-HSA-912389,6938
Reaction_R-HSA-9943736,6939
Reaction_R-HSA-977615,6940
Reaction_R-HSA-3149539,6941
Reaction_R-HSA-5617471,6942
Reaction_R-HSA-374701,6943
Pathway_R-HSA-388479,6944
Pathway_R-HSA-9858328,6945
Reaction_R-HSA-5684875,6946
Reaction_R-HSA-5686483,6947
Reaction_R-HSA-5618331,6948
Reaction_R-HSA-8936608,6949
Reaction_R-HSA-9764741,6950
Reaction_R-HSA-9758088,6951
Reaction_R-HSA-429845,6952
Reaction_R-HSA-8876193,6953
Reaction_R-HSA-5229194,6954
Reaction_R-HSA-1013013,6955
Reaction_R-HSA-5617641,6956
Reaction_R-HSA-9683687,6957
Reaction_R-HSA-202443,6958
Reaction_R-HSA-72619,6959
Pathway_R-HSA-2142845,6960
Pathway_R-HSA-2564830,6961
Reaction_R-HSA-9937529,6962
Pathway_R-HSA-76061,6963
Reaction_R-HSA-8986985,6964
Reaction_R-HSA-6783483,6965
Reaction_R-HSA-5655289,6966
Reaction_R-HSA-4755526,6967
Reaction_R-HSA-5671972,6968
Reaction_R-HSA-177690,6969
Reaction_R-HSA-8875540,6970
Reaction_R-HSA-1234177,6971
Reaction_R-HSA-1236967,6972
Reaction_R-HSA-983150,6973
Pathway_R-HSA-425397,6974
Pathway_R-HSA-2162123,6975
Reaction_R-HSA-9843122,6976
Reaction_R-HSA-3321805,6977
Reaction_R-HSA-9823816,6978
Reaction_R-HSA-1655826,6979
Reaction_R-HSA-5626962,6980
Reaction_R-HSA-167597,6981
Reaction_R-HSA-166362,6982
Reaction_R-HSA-6782069,6983
Reaction_R-HSA-9838081,6984
Reaction_R-HSA-164845,6985
Pathway_R-HSA-168638,6986
Reaction_R-HSA-5334160,6987
Reaction_R-HSA-5618110,6988
Reaction_R-HSA-1676005,6989
Pathway_R-HSA-1660514,6990
Reaction_R-HSA-975814,6991
Reaction_R-HSA-5666070,6992
Pathway_R-HSA-5620971,6993
Reaction_R-HSA-9830371,6994
Pathway_R-HSA-9830364,6995
Reaction_R-HSA-173545,6996
Reaction_R-HSA-2134506,6997
Reaction_R-HSA-442368,6998
Reaction_R-HSA-5683425,6999
Reaction_R-HSA-2586555,7000
Reaction_R-HSA-1183032,7001
Reaction_R-NUL-421733,7002
Reaction_R-HSA-4724279,7003
Reaction_R-HSA-5624949,7004
Reaction_R-HSA-9926522,7005
Reaction_R-HSA-174171,7006
Reaction_R-HSA-446188,7007
Reaction_R-HSA-9022934,7008
Pathway_R-HSA-162658,7009
Reaction_R-HSA-8854303,7010
Reaction_R-HSA-2730847,7011
Pathway_R-HSA-2028269,7012
Reaction_R-HSA-73810,7013
Pathway_R-HSA-2470946,7014
Reaction_R-HSA-9680385,7015
Pathway_R-HSA-9694548,7016
Reaction_R-HSA-418856,7017
Reaction_R-HSA-391150,7018
Reaction_R-HSA-6814674,7019
Reaction_R-HSA-1306963,7020
Reaction_R-HSA-350058,7021
Reaction_R-HSA-5654407,7022
Reaction_R-HSA-8939688,7023
Reaction_R-HSA-428750,7024
Reaction_R-HSA-174238,7025
Reaction_R-HSA-9626816,7026
Pathway_R-HSA-9933937,7027
Pathway_R-HSA-435368,7028
Reaction_R-HSA-447246,7029
Reaction_R-HSA-5669158,7030
Pathway_R-HSA-193692,7031
Reaction_R-HSA-9856668,7032
Reaction_R-HSA-177930,7033
Reaction_R-HSA-9859007,7034
Reaction_R-HSA-9658253,7035
Reaction_R-HSA-8878178,7036
Reaction_R-HSA-9634402,7037
Reaction_R-HSA-9606624,7038
Reaction_R-HSA-9733323,7039
Pathway_R-HSA-114508,7040
Reaction_R-HSA-9007816,7041
Reaction_R-HSA-5694018,7042
Reaction_R-HSA-9634169,7043
Pathway_R-HSA-9615933,7044
Reaction_R-HSA-482788,7045
Reaction_R-HSA-9834897,7046
Reaction_R-HSA-8983011,7047
Reaction_R-HSA-9819200,7048
Pathway_R-HSA-163210,7049
Reaction_R-HSA-8956200,7050
Reaction_R-HSA-202478,7051
Reaction_R-HSA-2064932,7052
Reaction_R-HSA-9931264,7053
Reaction_R-HSA-110364,7054
Pathway_R-HSA-112409,7055
Reaction_R-HSA-9766223,7056
Reaction_R-HSA-2684901,7057
Reaction_R-HSA-3928620,7058
Reaction_R-HSA-5621010,7059
Reaction_R-HSA-3928623,7060
Reaction_R-HSA-5654667,7061
Reaction_R-HSA-3134914,7062
Pathway_R-HSA-2029481,7063
GO_0009059_instance,7064
Reaction_R-HSA-8951751,7065
Pathway_R-HSA-75157,7066
GO_0032501_instance,7067
Reaction_R-HSA-937022,7068
Reaction_R-HSA-9619515,7069
Reaction_R-HSA-5223304,7070
Reaction_R-HSA-9734687,7071
Pathway_R-HSA-68616,7072
Reaction_R-HSA-6786092,7073
Reaction_R-HSA-8874198,7074
Reaction_R-HSA-9942499,7075
GO_0006413_instance,7076
Reaction_R-HSA-8874191,7077
Reaction_R-HSA-1253319,7078
Reaction_R-HSA-2089971,7079
Reaction_R-HSA-5625849,7080
Reaction_R-HSA-200423,7081
Reaction_R-HSA-1254291,7082
Reaction_R-HSA-382054,7083
Reaction_R-HSA-427514,7084
Reaction_R-HSA-9709360,7085
Reaction_R-HSA-8853956,7086
Reaction_R-HSA-9012657,7087
Reaction_R-HSA-9840408,7088
Reaction_R-HSA-6785524,7089
Reaction_R-HSA-203901,7090
Reaction_R-HSA-5694428,7091
Reaction_R-HSA-9796691,7092
Reaction_R-HSA-351894,7093
Reaction_R-HSA-5357483,7094
Reaction_R-HSA-8850539,7095
Reaction_R-HSA-5654620,7096
Reaction_R-HSA-9012651,7097
Reaction_R-HSA-2467436,7098
Reaction_R-HSA-9687435,7099
Reaction_R-HSA-9842815,7100
Reaction_R-HSA-112156,7101
Reaction_R-HSA-114684,7102
Pathway_R-HSA-3359469,7103
Reaction_R-HSA-5617676,7104
Reaction_R-HSA-5578965,7105
Reaction_R-HSA-9665284,7106
Reaction_R-HSA-2671829,7107
Reaction_R-HSA-4615987,7108
Reaction_R-HSA-69891,7109
Reaction_R-HSA-377640,7110
Pathway_R-HSA-174084,7111
Reaction_R-HSA-163748,7112
Pathway_R-HSA-163765,7113
Reaction_R-HSA-174389,7114
Pathway_R-HSA-5365859,7115
Reaction_R-HSA-164620,7116
Reaction_R-HSA-8851890,7117
Pathway_R-HSA-9931529,7118
Reaction_R-HSA-5655240,7119
Reaction_R-HSA-9768511,7120
Reaction_R-HSA-9033506,7121
Pathway_R-HSA-1963642,7122
Reaction_R-HSA-5618073,7123
Reaction_R-HSA-5682011,7124
Reaction_R-HSA-9843990,7125
Reaction_R-HSA-450690,7126
Reaction_R-HSA-5672017,7127
Reaction_R-HSA-2247514,7128
Reaction_R-HSA-9755328,7129
Pathway_R-HSA-5601884,7130
Reaction_R-HSA-8982017,7131
Reaction_R-HSA-6781797,7132
Reaction_R-HSA-5617896,7133
Reaction_R-HSA-9023909,7134
Reaction_R-HSA-8939833,7135
Reaction_R-HSA-9909510,7136
Reaction_R-HSA-5694425,7137
Reaction_R-HSA-5419277,7138
Reaction_R-HSA-9629216,7139
Reaction_R-HSA-73548,7140
Reaction_R-HSA-428909,7141
Reaction_R-HSA-9664983,7142
Reaction_R-HSA-114264,7143
Reaction_R-HSA-2186741,7144
Reaction_R-HSA-8939203,7145
Reaction_R-HSA-1655834,7146
Reaction_R-HSA-9024386,7147
Reaction_R-NUL-2545201,7148
Reaction_R-HSA-9842868,7149
Reaction_R-HSA-2730849,7150
Reaction_R-HSA-5665868,7151
Pathway_R-HSA-9013418,7152
Reaction_R-HSA-379974,7153
Reaction_R-HSA-9710490,7154
Reaction_R-HSA-3928631,7155
Reaction_R-HSA-8878257,7156
Reaction_R-HSA-9909635,7157
Reaction_R-HSA-9029690,7158
Reaction_R-HSA-5654565,7159
Reaction_R-HSA-2559568,7160
Reaction_R-HSA-9948300,7161
Reaction_R-HSA-9665709,7162
Pathway_R-HSA-9665244,7163
Reaction_R-HSA-5654697,7164
Reaction_R-HSA-706479,7165
Reaction_R-HSA-5618099,7166
Reaction_R-HSA-69019,7167
Reaction_R-HSA-8964599,7168
Pathway_R-HSA-1483213,7169
Reaction_R-HSA-9626880,7170
Reaction_R-HSA-9647994,7171
Pathway_R-HSA-9665737,7172
Reaction_R-HSA-3318563,7173
Reaction_R-HSA-9825848,7174
Pathway_R-HSA-76066,7175
Reaction_R-HSA-5625745,7176
Reaction_R-HSA-5656105,7177
Pathway_R-HSA-1483101,7178
Reaction_R-HSA-9837231,7179
Reaction_R-HSA-77586,7180
Pathway_R-HSA-77588,7181
Reaction_R-HSA-8964465,7182
Reaction_R-HSA-5692768,7183
Reaction_R-HSA-5693604,7184
Reaction_R-HSA-159566,7185
Reaction_R-HSA-202174,7186
Pathway_R-HSA-202430,7187
Reaction_R-HSA-2106586,7188
Reaction_R-HSA-209840,7189
Reaction_R-HSA-8878237,7190
Reaction_R-HSA-399931,7191
Reaction_R-HSA-3371518,7192
Reaction_R-HSA-8848663,7193
Reaction_R-HSA-6804099,7194
Reaction_R-HSA-8852200,7195
Reaction_R-HSA-6811427,7196
Reaction_R-HSA-9687625,7197
Reaction_R-HSA-6803233,7198
Reaction_R-HSA-3927886,7199
Reaction_R-HSA-390393,7200
Reaction_R-HSA-508451,7201
Reaction_R-HSA-176175,7202
Reaction_R-HSA-9769323,7203
Reaction_R-HSA-2130279,7204
Pathway_R-HSA-168316,7205
Reaction_R-HSA-5632672,7206
Pathway_R-HSA-166020,7207
Reaction_R-HSA-5658231,7208
Reaction_R-HSA-9008894,7209
Reaction_R-HSA-8936599,7210
Reaction_R-HSA-9668395,7211
Reaction_R-HSA-888572,7212
Reaction_R-HSA-9674567,7213
Reaction_R-HSA-2327733,7214
Reaction_R-HSA-5666008,7215
Pathway_R-HSA-3371568,7216
Reaction_R-HSA-352364,7217
Reaction_R-HSA-389159,7218
Reaction_R-HSA-5653840,7219
Reaction_R-HSA-1250348,7220
Reaction_R-HSA-6785178,7221
Reaction_R-HSA-428885,7222
Reaction_R-HSA-1234181,7223
Reaction_R-HSA-8956568,7224
Reaction_R-HSA-9665726,7225
Pathway_R-HSA-9652282,7226
Reaction_R-HSA-5252079,7227
Reaction_R-HSA-428696,7228
Reaction_R-HSA-9927438,7229
Reaction_R-HSA-9825754,7230
Reaction_R-HSA-909721,7231
Reaction_R-HSA-377641,7232
Reaction_R-HSA-9021935,7233
Reaction_R-HSA-9907965,7234
Reaction_R-HSA-9726621,7235
Reaction_R-HSA-936985,7236
Reaction_R-HSA-6782208,7237
Reaction_R-HSA-9830706,7238
Reaction_R-HSA-9024993,7239
Reaction_R-HSA-9698928,7240
Reaction_R-HSA-1676124,7241
Reaction_R-HSA-5357831,7242
Reaction_R-HSA-8935740,7243
Reaction_R-HSA-174392,7244
Reaction_R-HSA-9701903,7245
Reaction_R-HSA-744887,7246
Reaction_R-HSA-9948360,7247
Pathway_R-HSA-9670615,7248
Reaction_R-HSA-5668417,7249
Reaction_R-HSA-8935785,7250
Reaction_R-HSA-429415,7251
Reaction_R-HSA-168326,7252
Pathway_R-HSA-6811555,7253
Reaction_R-HSA-434989,7254
Reaction_R-HSA-9609743,7255
Reaction_R-HSA-8852331,7256
Reaction_R-HSA-5250930,7257
Reaction_R-HSA-9604294,7258
Reaction_R-HSA-5227490,7259
Reaction_R-HSA-5632674,7260
GO_0043170_instance,7261
Reaction_R-HSA-9627089,7262
Reaction_R-HSA-9604264,7263
Reaction_R-HSA-448958,7264
Reaction_R-HSA-9646685,7265
Reaction_R-HSA-4568863,7266
Reaction_R-HSA-9632910,7267
Reaction_R-HSA-162590,7268
Reaction_R-HSA-9821941,7269
Reaction_R-HSA-176250,7270
Reaction_R-HSA-8852019,7271
Reaction_R-HSA-6788622,7272
Reaction_R-HSA-193661,7273
Reaction_R-HSA-190829,7274
Pathway_R-HSA-9953080,7275
Reaction_R-NUL-211643,7276
Protein_MSANTD3,7277
Pathway_R-HSA-1971475,7278
Reaction_R-HSA-2106579,7279
Reaction_R-HSA-1169397,7280
Pathway_R-HSA-4615885,7281
Reaction_R-HSA-140217,7282
Pathway_R-HSA-2978092,7283
Pathway_R-HSA-212300,7284
Reaction_R-HSA-9934022,7285
Pathway_R-HSA-5619107,7286
Pathway_R-HSA-193144,7287
Reaction_R-HSA-1675910,7288
Reaction_R-HSA-265177,7289
Reaction_R-HSA-443783,7290
Reaction_R-HSA-6788571,7291
Reaction_R-HSA-2128994,7292
Reaction_R-HSA-4090284,7293
Reaction_R-HSA-69142,7294
Reaction_R-HSA-5653756,7295
Reaction_R-HSA-448951,7296
Reaction_R-HSA-9663363,7297
Pathway_R-HSA-9662361,7298
Reaction_R-HSA-8877918,7299
Reaction_R-HSA-186778,7300
Reaction_R-HSA-8865774,7301
Reaction_R-HSA-1839067,7302
Reaction_R-HSA-9611147,7303
Reaction_R-HSA-560493,7304
Reaction_R-HSA-201783,7305
Reaction_R-HSA-2399969,7306
Reaction_R-HSA-1912366,7307
Reaction_R-HSA-9646679,7308
Reaction_R-HSA-377643,7309
Reaction_R-HSA-9654523,7310
Reaction_R-HSA-975118,7311
Reaction_R-HSA-8856808,7312
Reaction_R-HSA-1791167,7313
Reaction_R-HSA-5336443,7314
Reaction_R-HSA-8939129,7315
Reaction_R-HSA-5339713,7316
Reaction_R-HSA-825631,7317
Pathway_R-HSA-73728,7318
Reaction_R-HSA-1676109,7319
Pathway_R-HSA-9931521,7320
Pathway_R-HSA-8948700,7321
Pathway_R-HSA-8964011,7322
Reaction_R-HSA-5601926,7323
Reaction_R-HSA-5669240,7324
Reaction_R-HSA-9027607,7325
Reaction_R-HSA-3000433,7326
Reaction_R-HSA-8854897,7327
Reaction_R-HSA-264997,7328
Pathway_R-HSA-1221632,7329
Reaction_R-HSA-9013985,7330
Reaction_R-HSA-1247910,7331
Pathway_R-HSA-174403,7332
Reaction_R-HSA-9612445,7333
Reaction_R-HSA-9833973,7334
Reaction_R-HSA-4717406,7335
Reaction_R-HSA-5690669,7336
Reaction_R-HSA-9634429,7337
Reaction_R-HSA-6814885,7338
Reaction_R-HSA-8854222,7339
Reaction_R-HSA-9007860,7340
Reaction_R-HSA-379415,7341
Reaction_R-HSA-8964513,7342
Reaction_R-HSA-9855252,7343
Reaction_R-HSA-3215295,7344
Reaction_R-HSA-2408540,7345
Reaction_R-HSA-5357445,7346
Reaction_R-HSA-9755359,7347
Reaction_R-HSA-5218952,7348
Reaction_R-HSA-195287,7349
Pathway_R-HSA-428930,7350
Reaction_R-HSA-372342,7351
Reaction_R-HSA-8940007,7352
Reaction_R-HSA-9698762,7353
Reaction_R-HSA-202216,7354
Reaction_R-HSA-4396401,7355
Reaction_R-HSA-1462023,7356
Pathway_R-HSA-1474151,7357
Reaction_R-HSA-9687465,7358
Reaction_R-HSA-555065,7359
Reaction_R-HSA-2396606,7360
Reaction_R-HSA-9818975,7361
Reaction_R-HSA-170986,7362
Reaction_R-HSA-9836227,7363
Reaction_R-HSA-8852280,7364
Reaction_R-HSA-5334151,7365
Reaction_R-HSA-75825,7366
Reaction_R-HSA-109823,7367
Reaction_R-HSA-9934584,7368
Reaction_R-HSA-8953115,7369
Reaction_R-HSA-83582,7370
Reaction_R-HSA-5610722,7371
Reaction_R-HSA-1112604,7372
Reaction_R-HSA-9018746,7373
Reaction_R-HSA-916855,7374
Reaction_R-HSA-445700,7375
Reaction_R-HSA-9855908,7376
Reaction_R-HSA-1676048,7377
Reaction_R-HSA-9749253,7378
Reaction_R-HSA-8950718,7379
Reaction_R-HSA-6805650,7380
Reaction_R-HSA-422320,7381
Reaction_R-HSA-5607725,7382
Reaction_R-HSA-9614811,7383
Reaction_R-HSA-3965447,7384
Reaction_R-HSA-5661126,7385
Reaction_R-HSA-9653592,7386
Reaction_R-HSA-6814090,7387
Reaction_R-HSA-202500,7388
Reaction_R-HSA-1855218,7389
Reaction_R-HSA-9858590,7390
Reaction_R-HSA-6800035,7391
Pathway_R-HSA-6803211,7392
Reaction_R-HSA-4224014,7393
Reaction_R-HSA-9837034,7394
Reaction_R-HSA-9830368,7395
Reaction_R-HSA-888577,7396
GO_0006470_instance,7397
Reaction_R-HSA-9633742,7398
Pathway_R-HSA-1855196,7399
Reaction_R-HSA-6811417,7400
Reaction_R-HSA-9861486,7401
Reaction_R-HSA-5228521,7402
Pathway_R-HSA-9613354,7403
Reaction_R-HSA-9023840,7404
Reaction_R-HSA-9833155,7405
Reaction_R-HSA-9854463,7406
Reaction_R-HSA-9686922,7407
Reaction_R-HSA-1363306,7408
Reaction_R-HSA-3000383,7409
Pathway_R-HSA-1247673,7410
Reaction_R-HSA-5651657,7411
Reaction_R-HSA-912629,7412
GO_0005667_instance,7413
Reaction_R-HSA-9624014,7414
Reaction_R-HSA-2990840,7415
Reaction_R-HSA-3341296,7416
Reaction_R-HSA-193696,7417
Reaction_R-HSA-109813,7418
Reaction_R-HSA-9664346,7419
Pathway_R-HSA-6802948,7420
Reaction_R-HSA-212222,7421
Pathway_R-HSA-975634,7422
Reaction_R-HSA-202233,7423
Reaction_R-HSA-3968414,7424
Reaction_R-HSA-9664664,7425
Pathway_R-HSA-446210,7426
Protein_TMEM267,7427
Reaction_R-HSA-390595,7428
Pathway_R-HSA-390522,7429
Reaction_R-HSA-9013361,7430
Reaction_R-HSA-9925647,7431
Reaction_R-HSA-6805470,7432
Reaction_R-HSA-8937022,7433
Pathway_R-HSA-5654720,7434
Pathway_R-HSA-9818030,7435
Reaction_R-HSA-9920665,7436
Reaction_R-HSA-1912374,7437
Reaction_R-HSA-354149,7438
Reaction_R-HSA-9028519,7439
Reaction_R-HSA-392295,7440
Reaction_R-HSA-873917,7441
Reaction_R-HSA-68948,7442
Pathway_R-HSA-5250913,7443
Reaction_R-HSA-9860290,7444
Reaction_R-HSA-112149,7445
Reaction_R-HSA-163843,7446
Pathway_R-HSA-159782,7447
Reaction_R-HSA-1606682,7448
Reaction_R-HSA-5696810,7449
Reaction_R-HSA-1650808,7450
Reaction_R-HSA-8865693,7451
Reaction_R-HSA-170055,7452
Reaction_R-HSA-8983003,7453
Reaction_R-HSA-418925,7454
Reaction_R-HSA-9845032,7455
Reaction_R-HSA-5665982,7456
Reaction_R-HSA-9604642,7457
Pathway_R-HSA-193670,7458
Reaction_R-HSA-918225,7459
Reaction_R-HSA-3788724,7460
Reaction_R-HSA-396996,7461
Reaction_R-HSA-2022381,7462
Reaction_R-HSA-9768477,7463
Reaction_R-HSA-560491,7464
Reaction_R-HSA-5682967,7465
Pathway_R-HSA-9933947,7466
Reaction_R-HSA-3321975,7467
Reaction_R-HSA-8964492,7468
Reaction_R-HSA-9665311,7469
Pathway_R-HSA-4755609,7470
Reaction_R-HSA-8938217,7471
Reaction_R-HSA-9843978,7472
Pathway_R-HSA-8937144,7473
Reaction_R-HSA-167136,7474
Reaction_R-HSA-9603905,7475
Reaction_R-HSA-9674550,7476
Reaction_R-HSA-2197770,7477
Reaction_R-HSA-9705465,7478
Pathway_R-HSA-5099900,7479
Reaction_R-HSA-9668398,7480
Reaction_R-HSA-2160935,7481
Reaction_R-HSA-8856398,7482
Reaction_R-HSA-8944483,7483
Reaction_R-HSA-8952639,7484
Reaction_R-HSA-879459,7485
Pathway_R-HSA-202427,7486
Reaction_R-HSA-9861563,7487
Reaction_R-HSA-8849748,7488
Reaction_R-HSA-6784160,7489
Protein_CA11,7490
Reaction_R-HSA-8987266,7491
Reaction_R-HSA-9839772,7492
Reaction_R-HSA-9666430,7493
Protein_C8orf82,7494
Reaction_R-HSA-5692232,7495
Pathway_R-HSA-156590,7496
Reaction_R-HSA-8941915,7497
Reaction_R-HSA-4755545,7498
Reaction_R-HSA-8985227,7499
Reaction_R-HSA-452331,7500
Pathway_R-HSA-9754189,7501
Reaction_R-HSA-9860295,7502
Reaction_R-HSA-177925,7503
Pathway_R-HSA-8868766,7504
Reaction_R-HSA-4085372,7505
Reaction_R-HSA-451758,7506
Reaction_R-HSA-111437,7507
Reaction_R-HSA-432110,7508
Reaction_R-HSA-188979,7509
Reaction_R-HSA-73769,7510
Reaction_R-HSA-110141,7511
Reaction_R-HSA-9686930,7512
Reaction_R-HSA-202706,7513
Reaction_R-HSA-5687088,7514
Reaction_R-HSA-983707,7515
Reaction_R-HSA-83805,7516
Reaction_R-HSA-70899,7517
Reaction_R-HSA-8985644,7518
Pathway_R-HSA-8857538,7519
Reaction_R-HSA-5138432,7520
Reaction_R-HSA-450971,7521
Pathway_R-HSA-1237044,7522
Reaction_R-HSA-264848,7523
Reaction_R-HSA-9032798,7524
Pathway_R-HSA-3311021,7525
Reaction_R-HSA-9820887,7526
Reaction_R-HSA-1592244,7527
Reaction_R-HSA-1254285,7528
Reaction_R-HSA-9033491,7529
Reaction_R-HSA-4568848,7530
Reaction_R-HSA-8957265,7531
Reaction_R-HSA-9018826,7532
Reaction_R-HSA-114548,7533
Reaction_R-HSA-9033514,7534
Reaction_R-HSA-1254290,7535
Reaction_R-HSA-354073,7536
Reaction_R-HSA-8985981,7537
Reaction_R-HSA-5334050,7538
Reaction_R-HSA-9828205,7539
Reaction_R-HSA-4719436,7540
Pathway_R-HSA-8964616,7541
Pathway_R-HSA-9614399,7542
Reaction_R-HSA-9665409,7543
Reaction_R-HSA-204798,7544
Reaction_R-HSA-9908686,7545
Reaction_R-HSA-76056,7546
Reaction_R-HSA-392874,7547
Reaction_R-HSA-8948594,7548
Reaction_R-HSA-421836,7549
Reaction_R-HSA-8944497,7550
Reaction_R-HSA-8875451,7551
Reaction_R-HSA-9960183,7552
Reaction_R-HSA-8865425,7553
Reaction_R-HSA-4641256,7554
Pathway_R-HSA-9013026,7555
Reaction_R-HSA-9649732,7556
Reaction_R-HSA-450551,7557
Reaction_R-HSA-177926,7558
Reaction_R-HSA-5694427,7559
Reaction_R-HSA-936951,7560
Reaction_R-HSA-9690534,7561
Reaction_R-HSA-9618405,7562
Reaction_R-HSA-9665280,7563
Reaction_R-HSA-9824653,7564
Reaction_R-HSA-933527,7565
Pathway_R-HSA-9619665,7566
Reaction_R-HSA-5687123,7567
Reaction_R-HSA-8952630,7568
Reaction_R-HSA-400183,7569
Reaction_R-HSA-9858289,7570
Reaction_R-HSA-9606784,7571
Reaction_R-HSA-9756724,7572
Reaction_R-HSA-392852,7573
Reaction_R-HSA-8874187,7574
Reaction_R-HSA-426522,7575
Reaction_R-HSA-9613494,7576
Reaction_R-HSA-6811472,7577
Reaction_R-HSA-418582,7578
Reaction_R-HSA-192925,7579
Reaction_R-HSA-6802837,7580
Reaction_R-HSA-109699,7581
Pathway_R-HSA-9673770,7582
Reaction_R-HSA-9932443,7583
Reaction_R-HSA-9664406,7584
Reaction_R-HSA-8983424,7585
Reaction_R-HSA-9603279,7586
Reaction_R-HSA-9690395,7587
Reaction_R-HSA-8987270,7588
Reaction_R-HSA-5602353,7589
Pathway_R-HSA-5603041,7590
Reaction_R-HSA-9666425,7591
Reaction_R-HSA-3134904,7592
Reaction_R-HSA-9710963,7593
Reaction_R-HSA-209087,7594
Reaction_R-HSA-3928619,7595
Reaction_R-HSA-1981128,7596
Pathway_R-HSA-446343,7597
Reaction_R-HSA-9823849,7598
Reaction_R-HSA-159358,7599
Reaction_R-HSA-9624798,7600
Reaction_R-HSA-1168373,7601
Reaction_R-HSA-9013021,7602
Reaction_R-HSA-9818789,7603
Reaction_R-HSA-428511,7604
Reaction_R-HSA-354097,7605
Reaction_R-HSA-8875183,7606
Reaction_R-NUL-9717194,7607
Reaction_R-HSA-9934410,7608
Reaction_R-HSA-5675417,7609
Reaction_R-HSA-9755013,7610
Reaction_R-HSA-5096537,7611
Reaction_R-HSA-5654701,7612
Pathway_R-HSA-9942503,7613
Reaction_R-NUL-3451144,7614
Pathway_R-HSA-1236978,7615
Reaction_R-HSA-5690990,7616
GO_0005576_instance,7617
Pathway_R-HSA-606279,7618
Reaction_R-HSA-9665304,7619
Reaction_R-HSA-421835,7620
GO_0006415_instance,7621
Reaction_R-HSA-9907948,7622
Reaction_R-HSA-1855154,7623
Reaction_R-HSA-9690414,7624
Reaction_R-HSA-2328037,7625
Pathway_R-HSA-1566948,7626
Reaction_R-HSA-3697008,7627
Reaction_R-HSA-9704330,7628
Reaction_R-HSA-6785722,7629
Pathway_R-HSA-6785470,7630
Reaction_R-HSA-8952039,7631
Reaction_R-HSA-140214,7632
Reaction_R-HSA-9705458,7633
Reaction_R-HSA-157632,7634
Reaction_R-HSA-5340385,7635
Reaction_R-HSA-4551721,7636
Reaction_R-HSA-139842,7637
Reaction_R-HSA-186780,7638
Reaction_R-HSA-5082409,7639
Reaction_R-HSA-9934753,7640
Reaction_R-HSA-170087,7641
Reaction_R-HSA-937032,7642
Reaction_R-HSA-5357828,7643
Reaction_R-HSA-9686345,7644
Reaction_R-HSA-9816273,7645
Reaction_R-HSA-2473151,7646
Reaction_R-HSA-4341025,7647
Protein_ANKRD36C,7648
Reaction_R-HSA-178178,7649
Reaction_R-HSA-174446,7650
Reaction_R-HSA-9737780,7651
Pathway_R-HSA-9913635,7652
Reaction_R-HSA-5655290,7653
Reaction_R-HSA-442832,7654
Pathway_R-HSA-4719360,7655
GO_0016755_instance,7656
Reaction_R-HSA-9865115,7657
Reaction_R-HSA-4420365,7658
Pathway_R-HSA-4420332,7659
Reaction_R-HSA-3209151,7660
Reaction_R-HSA-5218826,7661
Reaction_R-HSA-6802912,7662
Reaction_R-HSA-389756,7663
Reaction_R-HSA-389919,7664
Reaction_R-HSA-5672011,7665
Reaction_R-HSA-109671,7666
Reaction_R-HSA-9664883,7667
Pathway_R-HSA-6804758,7668
Reaction_R-HSA-1112666,7669
Reaction_R-HSA-5676597,7670
Reaction_R-HSA-8948621,7671
Reaction_R-HSA-8851933,7672
Reaction_R-HSA-5687113,7673
Reaction_R-HSA-9665406,7674
Reaction_R-HSA-179417,7675
Reaction_R-HSA-9793679,7676
Pathway_R-HSA-9665251,7677
Reaction_R-HSA-5654404,7678
Reaction_R-HSA-9639286,7679
Reaction_R-HSA-382575,7680
Reaction_R-HSA-9759202,7681
Reaction_R-HSA-2467798,7682
Reaction_R-HSA-2187325,7683
Reaction_R-HSA-9724099,7684
Reaction_R-HSA-9664888,7685
Reaction_R-HSA-9698003,7686
Reaction_R-HSA-8866329,7687
Reaction_R-HSA-6802910,7688
Reaction_R-HSA-4088307,7689
Pathway_R-HSA-3000170,7690
Reaction_R-HSA-9760965,7691
Reaction_R-HSA-9922982,7692
Pathway_R-HSA-2691232,7693
Reaction_R-HSA-3222593,7694
Reaction_R-HSA-3134883,7695
Reaction_R-HSA-5617483,7696
Reaction_R-HSA-879934,7697
Pathway_R-HSA-177135,7698
Reaction_R-HSA-9936998,7699
Reaction_R-HSA-9029151,7700
Pathway_R-HSA-9932298,7701
Reaction_R-HSA-2529015,7702
Reaction_R-HSA-112152,7703
Reaction_R-HSA-5624952,7704
Reaction_R-HSA-9768071,7705
Reaction_R-HSA-2130282,7706
Reaction_R-HSA-8949609,7707
Reaction_R-HSA-1592236,7708
Reaction_R-HSA-933528,7709
GO_0006955_instance,7710
Reaction_R-HSA-6804468,7711
Reaction_R-HSA-4647594,7712
Reaction_R-HSA-8936628,7713
Reaction_R-HSA-975629,7714
Reaction_R-HSA-373724,7715
Reaction_R-HSA-8983299,7716
Reaction_R-HSA-428918,7717
Reaction_R-HSA-9759513,7718
GO_0016925_instance,7719
Reaction_R-HSA-9636128,7720
Reaction_R-HSA-177927,7721
Reaction_R-HSA-2168884,7722
Pathway_R-HSA-2168880,7723
Reaction_R-HSA-8878013,7724
Reaction_R-HSA-8985275,7725
Pathway_R-HSA-9954716,7726
Reaction_R-HSA-9006844,7727
Reaction_R-HSA-9021601,7728
Reaction_R-HSA-482619,7729
Reaction_R-HSA-8851827,7730
Reaction_R-HSA-9820895,7731
Reaction_R-HSA-9700131,7732
Reaction_R-HSA-174439,7733
Reaction_R-HSA-1169406,7734
Pathway_R-HSA-187024,7735
Reaction_R-HSA-5691000,7736
Pathway_R-HSA-392851,7737
Reaction_R-HSA-380927,7738
Pathway_R-HSA-9707587,7739
Reaction_R-HSA-5696131,7740
Reaction_R-HSA-5668978,7741
Reaction_R-HSA-8933452,7742
Reaction_R-HSA-8875531,7743
GO_0035091_instance,7744
GO_0005615_instance,7745
Reaction_R-HSA-182990,7746
Reaction_R-HSA-8866546,7747
Reaction_R-HSA-8875558,7748
Reaction_R-HSA-5687101,7749
Reaction_R-HSA-158447,7750
Pathway_R-HSA-69601,7751
Reaction_R-HSA-8956365,7752
Reaction_R-HSA-9649733,7753
Reaction_R-HSA-9018594,7754
Reaction_R-HSA-5654622,7755
Reaction_R-HSA-9629483,7756
Reaction_R-HSA-9793988,7757
Reaction_R-HSA-1028821,7758
Reaction_R-HSA-5683593,7759
Reaction_R-HSA-392051,7760
Reaction_R-HSA-109822,7761
Pathway_R-HSA-4755510,7762
Reaction_R-HSA-9831948,7763
Reaction_R-HSA-9922990,7764
Reaction_R-HSA-9009309,7765
Reaction_R-HSA-9603775,7766
Reaction_R-HSA-5620914,7767
Reaction_R-HSA-4615910,7768
Reaction_R-HSA-8936995,7769
Reaction_R-HSA-9012671,7770
Reaction_R-HSA-1236965,7771
Reaction_R-HSA-379426,7772
Reaction_R-HSA-5623527,7773
Reaction_R-HSA-606349,7774
Reaction_R-HSA-2730844,7775
Reaction_R-HSA-3928628,7776
Reaction_R-HSA-2168079,7777
Protein_PCDHA1,7778
Reaction_R-HSA-2731074,7779
Reaction_R-HSA-2730885,7780
Reaction_R-HSA-9613023,7781
Reaction_R-HSA-9909608,7782
Reaction_R-HSA-77593,7783
Reaction_R-HSA-5663122,7784
Reaction_R-HSA-9835411,7785
Reaction_R-HSA-5660479,7786
Reaction_R-HSA-390256,7787
Pathway_R-HSA-392170,7788
Reaction_R-HSA-5617859,7789
Pathway_R-HSA-210744,7790
Reaction_R-HSA-5628905,7791
Reaction_R-HSA-9766219,7792
Reaction_R-HSA-199043,7793
Reaction_R-HSA-9860139,7794
Reaction_R-HSA-9764934,7795
Reaction_R-HSA-8869456,7796
Reaction_R-NUL-9625758,7797
Reaction_R-HSA-9619542,7798
Reaction_R-HSA-5674022,7799
Reaction_R-HSA-8865491,7800
Reaction_R-HSA-9929321,7801
Reaction_R-HSA-8985594,7802
Reaction_R-HSA-8951498,7803
Reaction_R-HSA-1236943,7804
Reaction_R-HSA-5212679,7805
Reaction_R-HSA-8941312,7806
Reaction_R-HSA-9005585,7807
Reaction_R-HSA-201035,7808
Reaction_R-HSA-1989778,7809
GO_0098590_instance,7810
Reaction_R-HSA-8982025,7811
Reaction_R-HSA-8981926,7812
Reaction_R-HSA-5637798,7813
Reaction_R-HSA-8983841,7814
Reaction_R-HSA-8852306,7815
Pathway_R-HSA-9827857,7816
Reaction_R-HSA-5637806,7817
Reaction_R-HSA-2530501,7818
Pathway_R-HSA-2514859,7819
Reaction_R-HSA-379861,7820
Pathway_R-HSA-936440,7821
Reaction_R-HSA-9677051,7822
Reaction_R-HSA-975103,7823
Reaction_R-HSA-9937374,7824
Reaction_R-HSA-392751,7825
Reaction_R-HSA-9823932,7826
Reaction_R-HSA-4717521,7827
Reaction_R-HSA-9635743,7828
Reaction_R-HSA-5660663,7829
Reaction_R-HSA-9736979,7830
Reaction_R-HSA-167077,7831
Reaction_R-HSA-166175,7832
Reaction_R-HSA-9029149,7833
Reaction_R-HSA-5658438,7834
Reaction_R-HSA-5654413,7835
Reaction_R-HSA-6790029,7836
Reaction_R-HSA-5654662,7837
Reaction_R-HSA-5362721,7838
Reaction_R-HSA-5654618,7839
Reaction_R-HSA-175258,7840
Reaction_R-HSA-9761474,7841
GO_0008380_instance,7842
Reaction_R-HSA-8941623,7843
Reaction_R-HSA-508282,7844
Reaction_R-HSA-6791291,7845
Reaction_R-HSA-5683964,7846
Reaction_R-HSA-5668605,7847
Pathway_R-HSA-446199,7848
Reaction_R-HSA-442739,7849
Reaction_R-HSA-9665413,7850
Reaction_R-HSA-9623355,7851
Reaction_R-HSA-9705925,7852
Reaction_R-HSA-73729,7853
Reaction_R-HSA-9753632,7854
Reaction_R-HSA-350158,7855
Reaction_R-HSA-4570553,7856
Reaction_R-HSA-9664892,7857
Reaction_R-HSA-9616243,7858
Reaction_R-HSA-3928602,7859
Reaction_R-HSA-9932832,7860
Reaction_R-HSA-5693549,7861
Reaction_R-HSA-9022175,7862
Reaction_R-HSA-9907919,7863
Reaction_R-HSA-450406,7864
Reaction_R-HSA-1169405,7865
Reaction_R-HSA-8964604,7866
Reaction_R-HSA-2671862,7867
Reaction_R-HSA-2426471,7868
Reaction_R-HSA-5672969,7869
Reaction_R-HSA-9716836,7870
Reaction_R-HSA-9705738,7871
Reaction_R-HSA-9011941,7872
Reaction_R-HSA-3857328,7873
Reaction_R-HSA-6807496,7874
Reaction_R-HSA-9652816,7875
Pathway_R-HSA-426486,7876
Reaction_R-HSA-9838004,7877
Reaction_R-HSA-5623513,7878
Reaction_R-HSA-549475,7879
Reaction_R-HSA-5626549,7880
Pathway_R-HSA-1855183,7881
Reaction_R-HSA-2029270,7882
Reaction_R-HSA-2127257,7883
Reaction_R-HSA-202365,7884
Pathway_R-HSA-4641262,7885
Reaction_R-HSA-9725357,7886
Reaction_R-HSA-9865630,7887
Pathway_R-HSA-1170546,7888
Reaction_R-HSA-8866858,7889
Reaction_R-HSA-391871,7890
Reaction_R-HSA-3149434,7891
Pathway_R-HSA-174490,7892
Reaction_R-HSA-9932859,7893
GO_0016070_instance,7894
Reaction_R-HSA-2267372,7895
Reaction_R-HSA-9620915,7896
Reaction_R-HSA-9709547,7897
Reaction_R-HSA-5668534,7898
Reaction_R-HSA-8852351,7899
Pathway_R-HSA-5576892,7900
Reaction_R-HSA-9665703,7901
Reaction_R-HSA-177943,7902
Reaction_R-HSA-5625797,7903
Reaction_R-HSA-5678490,7904
Reaction_R-HSA-2997709,7905
Reaction_R-HSA-1433454,7906
Reaction_R-HSA-4641342,7907
Reaction_R-HSA-9865492,7908
Reaction_R-HSA-350168,7909
Reaction_R-HSA-6799199,7910
Pathway_R-HSA-6783984,7911
GO_0005886_instance,7912
Pathway_R-HSA-916853,7913
Reaction_R-HSA-1433451,7914
Pathway_R-HSA-5654688,7915
Reaction_R-HSA-9703434,7916
Reaction_R-HSA-9934522,7917
Reaction_R-HSA-4641350,7918
Reaction_R-HSA-8939963,7919
Reaction_R-HSA-3927824,7920
Reaction_R-HSA-2466391,7921
Reaction_R-HSA-2997706,7922
Reaction_R-HSA-1671691,7923
Reaction_R-HSA-2537499,7924
Reaction_R-HSA-4539779,7925
Reaction_R-HSA-5654659,7926
Reaction_R-HSA-9729481,7927
Reaction_R-HSA-203613,7928
Reaction_R-HSA-3371353,7929
Reaction_R-HSA-9703438,7930
Pathway_R-HSA-982772,7931
Reaction_R-HSA-5621402,7932
Pathway_R-HSA-5619060,7933
Reaction_R-HSA-2672302,7934
Reaction_R-HSA-9021847,7935
Reaction_R-HSA-5655235,7936
Reaction_R-HSA-5690701,7937
Reaction_R-HSA-2404193,7938
Reaction_R-HSA-195251,7939
Reaction_R-HSA-193643,7940
Pathway_R-HSA-174113,7941
Reaction_R-HSA-6811411,7942
Reaction_R-HSA-9934887,7943
Pathway_R-HSA-8963888,7944
Reaction_R-HSA-8852128,7945
GO_0010948_instance,7946
Reaction_R-HSA-216045,7947
Reaction_R-HSA-9698170,7948
Reaction_R-HSA-8875568,7949
Pathway_R-HSA-114516,7950
Reaction_R-HSA-9839146,7951
Reaction_R-HSA-9712204,7952
Reaction_R-HSA-1592241,7953
Reaction_R-HSA-139893,7954
Pathway_R-HSA-1502540,7955
Reaction_R-HSA-4791278,7956
GO_0007020_instance,7957
Reaction_R-HSA-9692809,7958
Pathway_R-HSA-168315,7959
Reaction_R-HSA-9933236,7960
Reaction_R-HSA-2045911,7961
Reaction_R-HSA-5620918,7962
Reaction_R-HSA-5696816,7963
Reaction_R-HSA-5690213,7964
Reaction_R-HSA-112155,7965
Reaction_R-HSA-9851139,7966
Reaction_R-HSA-9012186,7967
Reaction_R-HSA-9835454,7968
Reaction_R-HSA-9925861,7969
Reaction_R-HSA-3781832,7970
Reaction_R-HSA-917744,7971
Pathway_R-HSA-888590,7972
Reaction_R-HSA-9824586,7973
Reaction_R-NUL-1250500,7974
Reaction_R-HSA-4084903,7975
Reaction_R-HSA-9796626,7976
Reaction_R-HSA-9934028,7977
Reaction_R-HSA-211734,7978
Reaction_R-HSA-168934,7979
Reaction_R-HSA-5211239,7980
Reaction_R-HSA-9613530,7981
Pathway_R-HSA-111453,7982
Reaction_R-HSA-8865256,7983
Pathway_R-HSA-380259,7984
Reaction_R-HSA-9840532,7985
Reaction_R-HSA-909730,7986
Reaction_R-HSA-9612516,7987
Reaction_R-HSA-9012654,7988
Reaction_R-HSA-3928604,7989
Reaction_R-HSA-8938987,7990
Reaction_R-HSA-376369,7991
Reaction_R-HSA-5218854,7992
Reaction_R-HSA-9927428,7993
Reaction_R-HSA-9866061,7994
Reaction_R-NUL-1250475,7995
Reaction_R-HSA-4641362,7996
Reaction_R-HSA-3239019,7997
Pathway_R-HSA-5467348,7998
Reaction_R-HSA-9865309,7999
Pathway_R-HSA-2214320,8000
Reaction_R-HSA-427910,8001
Reaction_R-HSA-9664881,8002
Pathway_R-HSA-3000497,8003
Reaction_R-HSA-9861324,8004
Reaction_R-HSA-6803240,8005
Reaction_R-HSA-8936481,8006
Reaction_R-HSA-8982703,8007
Reaction_R-HSA-5654634,8008
Reaction_R-HSA-1791083,8009
Reaction_R-HSA-9821235,8010
Reaction_R-HSA-202237,8011
Reaction_R-HSA-9956602,8012
Reaction_R-HSA-8849891,8013
Reaction_R-HSA-5660665,8014
Reaction_R-HSA-5432814,8015
Reaction_R-HSA-8875482,8016
Reaction_R-HSA-392870,8017
Reaction_R-HSA-452353,8018
Pathway_R-HSA-196299,8019
Reaction_R-HSA-109636,8020
Reaction_R-HSA-8951648,8021
Reaction_R-HSA-2394007,8022
Reaction_R-HSA-216068,8023
Pathway_R-HSA-9699150,8024
Reaction_R-HSA-8952625,8025
GO_0044085_instance,8026
Reaction_R-HSA-2671742,8027
Reaction_R-HSA-8862184,8028
Reaction_R-HSA-9014343,8029
Reaction_R-HSA-1889978,8030
Reaction_R-HSA-139952,8031
Reaction_R-HSA-2160915,8032
Pathway_R-HSA-5660489,8033
Reaction_R-HSA-5675376,8034
Reaction_R-HSA-5686318,8035
Reaction_R-HSA-9606894,8036
Pathway_R-HSA-73772,8037
Reaction_R-HSA-156910,8038
Reaction_R-HSA-5637766,8039
Reaction_R-HSA-416358,8040
Reaction_R-HSA-9931298,8041
Pathway_R-HSA-176974,8042
Reaction_R-HSA-6788556,8043
Reaction_R-HSA-5655892,8044
Reaction_R-HSA-9609921,8045
Reaction_R-HSA-2247513,8046
Reaction_R-HSA-376364,8047
Reaction_R-HSA-8937169,8048
Reaction_R-HSA-1676168,8049
Reaction_R-HSA-5692781,8050
Pathway_R-HSA-193634,8051
Pathway_R-HSA-9022699,8052
Reaction_R-HSA-9859273,8053
Pathway_R-HSA-5683329,8054
Reaction_R-HSA-9007464,8055
Reaction_R-HSA-4754181,8056
Reaction_R-HSA-937075,8057
Reaction_R-HSA-8878702,8058
Reaction_R-HSA-9836664,8059
Reaction_R-HSA-2470935,8060
Reaction_R-HSA-2990842,8061
Reaction_R-HSA-1678854,8062
Reaction_R-HSA-5218824,8063
Reaction_R-HSA-6809325,8064
Reaction_R-HSA-8935731,8065
Reaction_R-HSA-166245,8066
Pathway_R-HSA-8964041,8067
Reaction_R-HSA-8951428,8068
Reaction_R-HSA-9865215,8069
Reaction_R-HSA-8983845,8070
Reaction_R-HSA-2520883,8071
Reaction_R-HSA-9613497,8072
Reaction_R-HSA-9610867,8073
Reaction_R-HSA-5668454,8074
Pathway_R-HSA-933543,8075
Pathway_R-HSA-9013407,8076
Reaction_R-HSA-8850041,8077
Pathway_R-HSA-2453902,8078
Reaction_R-HSA-5691411,8079
Reaction_R-HSA-9661820,8080
Reaction_R-NUL-9619973,8081
Reaction_R-HSA-9934752,8082
Reaction_R-HSA-5654582,8083
Reaction_R-HSA-9706837,8084
Reaction_R-HSA-9820464,8085
Pathway_R-HSA-9925561,8086
Reaction_R-HSA-9662708,8087
Reaction_R-HSA-1971491,8088
Reaction_R-HSA-389348,8089
Pathway_R-HSA-389359,8090
Pathway_R-HSA-373752,8091
Reaction_R-HSA-2065357,8092
Reaction_R-HSA-8987080,8093
GO_0032535_instance,8094
Reaction_R-HSA-193703,8095
Reaction_R-HSA-6800870,8096
Reaction_R-HSA-3928594,8097
Reaction_R-NUL-4549261,8098
Reaction_R-HSA-2173778,8099
Reaction_R-HSA-9699578,8100
Reaction_R-HSA-9915994,8101
Reaction_R-HSA-1112587,8102
GO_0007165_instance,8103
Reaction_R-HSA-8866283,8104
Reaction_R-HSA-9914922,8105
Reaction_R-HSA-176298,8106
Reaction_R-HSA-6798282,8107
Pathway_R-HSA-179409,8108
Reaction_R-HSA-1524182,8109
Reaction_R-HSA-1226095,8110
Reaction_R-HSA-428535,8111
Reaction_R-HSA-9632858,8112
Reaction_R-HSA-9858647,8113
Reaction_R-HSA-977224,8114
Reaction_R-HSA-3465429,8115
Reaction_R-HSA-9024326,8116
Reaction_R-HSA-9672176,8117
Reaction_R-HSA-9933559,8118
Reaction_R-HSA-8874685,8119
Reaction_R-HSA-9647619,8120
Reaction_R-NUL-2197556,8121
Reaction_R-HSA-3315483,8122
Reaction_R-HSA-450400,8123
Reaction_R-HSA-6809720,8124
Reaction_R-HSA-9707645,8125
Reaction_R-HSA-983424,8126
Reaction_R-HSA-5218906,8127
Reaction_R-HSA-9725855,8128
Reaction_R-HSA-8851954,8129
Reaction_R-HSA-3465459,8130
Reaction_R-HSA-70994,8131
Reaction_R-HSA-1912368,8132
Reaction_R-HSA-9011997,8133
Reaction_R-HSA-5668629,8134
Reaction_R-HSA-6807868,8135
Reaction_R-HSA-9008137,8136
Reaction_R-HSA-5625421,8137
Pathway_R-HSA-5223345,8138
Pathway_R-HSA-9603505,8139
Reaction_R-HSA-9610627,8140
Reaction_R-HSA-9604834,8141
Pathway_R-HSA-9764302,8142
Reaction_R-HSA-3928656,8143
Reaction_R-HSA-8856930,8144
Reaction_R-HSA-2046088,8145
Reaction_R-HSA-9816153,8146
Reaction_R-HSA-163689,8147
Reaction_R-HSA-9693929,8148
Reaction_R-HSA-5692764,8149
Reaction_R-HSA-9038161,8150
Reaction_R-HSA-8871196,8151
Reaction_R-HSA-5665854,8152
Reaction_R-HSA-549424,8153
Reaction_R-HSA-110317,8154
Reaction_R-HSA-164617,8155
Pathway_R-HSA-389513,8156
Reaction_R-HSA-6802942,8157
Reaction_R-HSA-391153,8158
Reaction_R-HSA-9948362,8159
Reaction_R-HSA-9623096,8160
Reaction_R-HSA-8985460,8161
Reaction_R-HSA-8866551,8162
Reaction_R-HSA-5218852,8163
Reaction_R-HSA-1855210,8164
Pathway_R-HSA-174430,8165
Reaction_R-HSA-3234084,8166
Reaction_R-HSA-5653786,8167
Reaction_R-HSA-418456,8168
Pathway_R-HSA-418457,8169
Reaction_R-HSA-9613476,8170
Reaction_R-HSA-9653585,8171
Reaction_R-HSA-1183058,8172
Reaction_R-HSA-9009403,8173
Reaction_R-HSA-9632918,8174
Reaction_R-HSA-173115,8175
Reaction_R-HSA-162363,8176
Pathway_R-HSA-3315487,8177
Pathway_R-HSA-9732724,8178
Reaction_R-HSA-9836617,8179
Reaction_R-HSA-202164,8180
Reaction_R-HSA-9036949,8181
Pathway_R-HSA-888568,8182
Reaction_R-HSA-5654684,8183
Reaction_R-HSA-9609689,8184
Reaction_R-HSA-4655440,8185
Reaction_R-HSA-350769,8186
Reaction_R-HSA-9947908,8187
Pathway_R-HSA-9948001,8188
Reaction_R-HSA-9687458,8189
Pathway_R-HSA-113501,8190
Reaction_R-HSA-9007686,8191
Reaction_R-HSA-3325546,8192
Pathway_R-HSA-3359485,8193
Reaction_R-HSA-420019,8194
Reaction_R-HSA-8936621,8195
Reaction_R-HSA-4341048,8196
Reaction_R-HSA-2168883,8197
Reaction_R-HSA-9036021,8198
Reaction_R-HSA-9670426,8199
Reaction_R-HSA-5687107,8200
Reaction_R-HSA-5672329,8201
Reaction_R-HSA-9764930,8202
Reaction_R-HSA-9629497,8203
Reaction_R-HSA-8950634,8204
Reaction_R-HSA-9665417,8205
Reaction_R-HSA-9605259,8206
Pathway_R-HSA-9665247,8207
Reaction_R-HSA-9011952,8208
Reaction_R-HSA-6798747,8209
Reaction_R-HSA-8943817,8210
Reaction_R-HSA-4341073,8211
Reaction_R-HSA-5623525,8212
Pathway_R-HSA-9927418,8213
Reaction_R-HSA-389970,8214
Reaction_R-HSA-548890,8215
Reaction_R-HSA-1963578,8216
Reaction_R-HSA-8937037,8217
Reaction_R-HSA-381290,8218
Reaction_R-HSA-9824266,8219
Reaction_R-HSA-3296477,8220
Reaction_R-HSA-1295516,8221
Reaction_R-HSA-9949632,8222
Reaction_R-HSA-9607304,8223
Reaction_R-HSA-9855910,8224
Reaction_R-HSA-5654679,8225
Reaction_R-HSA-4419948,8226
Reaction_R-HSA-168921,8227
Reaction_R-HSA-9698041,8228
GO_0009967_instance,8229
Reaction_R-HSA-180627,8230
Pathway_R-HSA-9793242,8231
Reaction_R-HSA-1247668,8232
Reaction_R-HSA-2022403,8233
Reaction_R-HSA-2186607,8234
Reaction_R-HSA-8864453,8235
Reaction_R-HSA-374686,8236
Reaction_R-HSA-451403,8237
Reaction_R-NUL-2161160,8238
Pathway_R-HSA-111448,8239
Reaction_R-HSA-9930056,8240
Reaction_R-HSA-2046085,8241
Reaction_R-HSA-9700193,8242
Reaction_R-HSA-1454757,8243
Reaction_R-HSA-9620813,8244
Pathway_R-HSA-77305,8245
Reaction_R-HSA-377186,8246
Pathway_R-HSA-9634635,8247
Reaction_R-HSA-5683405,8248
Reaction_R-HSA-8985943,8249
Reaction_R-HSA-9662096,8250
Reaction_R-HSA-5655347,8251
Reaction_R-HSA-9759809,8252
Reaction_R-HSA-6810239,8253
Reaction_R-HSA-5651805,8254
Reaction_R-HSA-9934027,8255
Reaction_R-HSA-9909561,8256
Reaction_R-HSA-6799202,8257
Reaction_R-HSA-2559468,8258
Reaction_R-HSA-2314686,8259
Reaction_R-HSA-389974,8260
Pathway_R-HSA-1834941,8261
Reaction_R-HSA-77094,8262
Reaction_R-HSA-9674563,8263
Reaction_R-HSA-6798044,8264
Reaction_R-HSA-9760399,8265
Reaction_R-HSA-418200,8266
Reaction_R-HSA-209055,8267
Reaction_R-HSA-210974,8268
Reaction_R-HSA-6814409,8269
Reaction_R-HSA-1363328,8270
Pathway_R-HSA-8849932,8271
Reaction_R-HSA-9817325,8272
Reaction_R-HSA-6807877,8273
Reaction_R-HSA-9828204,8274
Reaction_R-HSA-392530,8275
Reaction_R-HSA-5617650,8276
Reaction_R-HSA-5633040,8277
Pathway_R-HSA-9819196,8278
Reaction_R-HSA-9712078,8279
Reaction_R-HSA-5654641,8280
Reaction_R-HSA-352268,8281
Reaction_R-HSA-9844057,8282
Reaction_R-HSA-8953917,8283
Reaction_R-HSA-2730848,8284
Reaction_R-HSA-445088,8285
Reaction_R-HSA-5250938,8286
Reaction_R-HSA-5655248,8287
Reaction_R-HSA-983259,8288
Reaction_R-HSA-8851804,8289
Reaction_R-HSA-427383,8290
Reaction_R-HSA-418553,8291
Reaction_R-HSA-8857583,8292
Reaction_R-HSA-9828200,8293
Reaction_R-HSA-9912655,8294
Reaction_R-HSA-5626953,8295
Reaction_R-HSA-176702,8296
Reaction_R-HSA-2176502,8297
Reaction_R-HSA-2730892,8298
Reaction_R-HSA-180732,8299
Reaction_R-HSA-4084501,8300
Pathway_R-HSA-3000157,8301
Reaction_R-HSA-8950518,8302
Reaction_R-HSA-9624925,8303
Reaction_R-HSA-392195,8304
Reaction_R-HSA-8936584,8305
Reaction_R-HSA-382055,8306
Reaction_R-HSA-5658092,8307
Reaction_R-HSA-1472121,8308
Reaction_R-HSA-209925,8309
Reaction_R-HSA-9606883,8310
Reaction_R-HSA-9012208,8311
Reaction_R-HSA-3000074,8312
Reaction_R-HSA-199219,8313
Reaction_R-HSA-1225950,8314
Reaction_R-HSA-1839102,8315
Reaction_R-HSA-8949580,8316
Pathway_R-HSA-4043916,8317
Reaction_R-HSA-6802937,8318
Reaction_R-HSA-9937508,8319
Reaction_R-HSA-2430552,8320
Reaction_R-HSA-9027627,8321
Reaction_R-HSA-3928660,8322
Reaction_R-HSA-1299480,8323
Reaction_R-HSA-5624125,8324
Reaction_R-HSA-73632,8325
Reaction_R-HSA-9018825,8326
Reaction_R-HSA-9013284,8327
Reaction_R-HSA-5694433,8328
Reaction_R-HSA-75240,8329
Reaction_R-HSA-1963563,8330
Reaction_R-HSA-9930059,8331
Reaction_R-HSA-981809,8332
Pathway_R-HSA-977068,8333
Reaction_R-HSA-8964634,8334
Reaction_R-HSA-8868134,8335
Reaction_R-HSA-2309787,8336
Reaction_R-HSA-8853734,8337
Reaction_R-HSA-879724,8338
Reaction_R-HSA-5358340,8339
Reaction_R-HSA-4086083,8340
Reaction_R-HSA-74723,8341
Reaction_R-NUL-3907289,8342
Reaction_R-HSA-5625424,8343
Reaction_R-HSA-216048,8344
Reaction_R-HSA-936475,8345
Reaction_R-HSA-2424485,8346
Reaction_R-HSA-6790454,8347
Reaction_R-HSA-352354,8348
Reaction_R-HSA-1015699,8349
Reaction_R-HSA-8985983,8350
Reaction_R-HSA-6810161,8351
Reaction_R-HSA-73806,8352
Reaction_R-HSA-1225961,8353
Pathway_R-HSA-73980,8354
Reaction_R-HSA-9688832,8355
Reaction_R-HSA-5686072,8356
Reaction_R-HSA-9920716,8357
Pathway_R-HSA-9931512,8358
Reaction_R-HSA-5655481,8359
Reaction_R-HSA-8939204,8360
Pathway_R-HSA-9620244,8361
Reaction_R-HSA-1592243,8362
Reaction_R-HSA-8850527,8363
Reaction_R-HSA-9912396,8364
Reaction_R-HSA-9843927,8365
Reaction_R-HSA-9836585,8366
Reaction_R-HSA-5218916,8367
Pathway_R-HSA-901042,8368
Reaction_R-HSA-877281,8369
Reaction_R-HSA-199566,8370
Reaction_R-HSA-9707516,8371
Reaction_R-HSA-9734713,8372
Reaction_R-HSA-8876246,8373
Reaction_R-HSA-3857329,8374
Pathway_R-HSA-74217,8375
Reaction_R-HSA-9617217,8376
Reaction_R-HSA-114558,8377
Reaction_R-HSA-109701,8378
Reaction_R-HSA-8943003,8379
Reaction_R-HSA-2179415,8380
Reaction_R-NUL-9625772,8381
Reaction_R-HSA-5682385,8382
Reaction_R-HSA-73722,8383
Reaction_R-HSA-9660536,8384
Reaction_R-HSA-9833820,8385
Reaction_R-HSA-9670101,8386
Reaction_R-HSA-8981355,8387
Reaction_R-HSA-9794008,8388
Pathway_R-HSA-4687000,8389
Reaction_R-HSA-432295,8390
Reaction_R-HSA-2993790,8391
Reaction_R-HSA-9821931,8392
Reaction_R-NUL-9842870,8393
Reaction_R-HSA-9670114,8394
Reaction_R-HSA-1250370,8395
Reaction_R-HSA-177936,8396
Reaction_R-HSA-1474158,8397
Reaction_R-HSA-9923010,8398
Pathway_R-HSA-2151209,8399
Protein_C6orf62,8400
Reaction_R-HSA-5357845,8401
Reaction_R-HSA-8869694,8402
Reaction_R-HSA-2430533,8403
Reaction_R-HSA-8874079,8404
Reaction_R-HSA-9710959,8405
Reaction_R-HSA-992708,8406
Reaction_R-HSA-2029453,8407
Reaction_R-HSA-445705,8408
Reaction_R-HSA-5637808,8409
Reaction_R-HSA-9656215,8410
Reaction_R-HSA-8851859,8411
Reaction_R-HSA-8954185,8412
Reaction_R-HSA-8853515,8413
Reaction_R-HSA-939763,8414
Reaction_R-HSA-110308,8415
Pathway_R-HSA-110312,8416
Reaction_R-HSA-6792491,8417
Reaction_R-HSA-9620723,8418
Pathway_R-HSA-6781823,8419
Reaction_R-HSA-8953556,8420
Reaction_R-HSA-70837,8421
Reaction_R-HSA-390597,8422
Pathway_R-HSA-163560,8423
Pathway_R-HSA-937042,8424
Reaction_R-HSA-202245,8425
Reaction_R-HSA-376357,8426
Reaction_R-HSA-5617672,8427
Reaction_R-HSA-1912396,8428
Pathway_R-HSA-9634600,8429
Reaction_R-HSA-6781867,8430
Reaction_R-HSA-8964271,8431
Reaction_R-HSA-9006870,8432
Reaction_R-HSA-9851112,8433
Reaction_R-HSA-9008822,8434
Pathway_R-HSA-8874081,8435
Reaction_R-HSA-452122,8436
Reaction_R-HSA-443910,8437
Reaction_R-HSA-2160892,8438
Reaction_R-HSA-9821486,8439
Reaction_R-HSA-2399996,8440
Pathway_R-HSA-9914274,8441
Reaction_R-HSA-8863804,8442
Pathway_R-HSA-159740,8443
Reaction_R-HSA-5671763,8444
Reaction_R-HSA-9609747,8445
Reaction_R-HSA-5576895,8446
Reaction_R-HSA-6814124,8447
Reaction_R-HSA-110368,8448
Reaction_R-HSA-5683384,8449
Pathway_R-HSA-8941855,8450
Reaction_R-HSA-432897,8451
Reaction_R-HSA-9624017,8452
Reaction_R-HSA-9861484,8453
Reaction_R-HSA-606287,8454
Reaction_R-HSA-9865226,8455
Pathway_R-HSA-8853383,8456
Reaction_R-HSA-112429,8457
Reaction_R-HSA-73813,8458
Pathway_R-HSA-8985586,8459
Pathway_R-HSA-191273,8460
Reaction_R-HSA-9796617,8461
Reaction_R-HSA-5357479,8462
Reaction_R-HSA-6786095,8463
Reaction_R-HSA-9673761,8464
Reaction_R-HSA-3928607,8465
Reaction_R-HSA-2507854,8466
Reaction_R-HSA-9908101,8467
Reaction_R-HSA-4551724,8468
Reaction_R-HSA-9645126,8469
Reaction_R-HSA-176264,8470
Reaction_R-HSA-175174,8471
Reaction_R-HSA-8951661,8472
Reaction_R-HSA-8954182,8473
Reaction_R-HSA-9700154,8474
Reaction_R-HSA-141367,8475
Reaction_R-HSA-427336,8476
Reaction_R-HSA-5690827,8477
Reaction_R-HSA-2730888,8478
Reaction_R-HSA-9734475,8479
Reaction_R-HSA-6810158,8480
Pathway_R-HSA-9755088,8481
Reaction_R-HSA-9011981,8482
Reaction_R-HSA-430347,8483
Reaction_R-HSA-5654640,8484
Reaction_R-HSA-2990833,8485
Reaction_R-HSA-1031713,8486
Reaction_R-HSA-1013020,8487
Reaction_R-HSA-9865182,8488
Reaction_R-HSA-70859,8489
Reaction_R-HSA-9603598,8490
Reaction_R-HSA-1250488,8491
Reaction_R-HSA-77589,8492
Reaction_R-NUL-2161165,8493
Reaction_R-HSA-9824874,8494
Reaction_R-HSA-9670417,8495
Reaction_R-HSA-9012319,8496
Reaction_R-HSA-9036068,8497
Reaction_R-HSA-9842655,8498
Reaction_R-HSA-9925159,8499
Reaction_R-HSA-113446,8500
Reaction_R-HSA-9663194,8501
Reaction_R-HSA-904830,8502
Reaction_R-HSA-9716838,8503
Reaction_R-HSA-9703442,8504
Reaction_R-HSA-5621425,8505
Reaction_R-HSA-9824587,8506
Reaction_R-HSA-8944255,8507
Pathway_R-HSA-5635838,8508
Reaction_R-HSA-9664588,8509
Reaction_R-HSA-9006850,8510
Reaction_R-HSA-202214,8511
Reaction_R-HSA-5683930,8512
Reaction_R-HSA-139917,8513
Reaction_R-HSA-1295519,8514
Reaction_R-HSA-9923018,8515
Reaction_R-HSA-8865994,8516
GO_0000785_instance,8517
Reaction_R-HSA-9696271,8518
Pathway_R-HSA-9796292,8519
Reaction_R-HSA-2029273,8520
Reaction_R-HSA-8951486,8521
Reaction_R-HSA-174441,8522
Reaction_R-HSA-9925862,8523
Reaction_R-HSA-69015,8524
Reaction_R-HSA-4551649,8525
Reaction_R-HSA-8950485,8526
Reaction_R-HSA-9836322,8527
Reaction_R-HSA-72231,8528
Reaction_R-HSA-9759950,8529
Reaction_R-HSA-981814,8530
Reaction_R-HSA-5661124,8531
Reaction_R-HSA-75095,8532
Reaction_R-HSA-9933238,8533
Reaction_R-HSA-114352,8534
Reaction_R-HSA-9857649,8535
Reaction_R-HSA-202472,8536
Reaction_R-HSA-6781833,8537
Reaction_R-HSA-1676114,8538
Reaction_R-HSA-73598,8539
Reaction_R-HSA-205205,8540
Reaction_R-HSA-9009282,8541
Reaction_R-HSA-1606561,8542
Reaction_R-HSA-5607728,8543
Reaction_R-HSA-9922989,8544
Reaction_R-HSA-8987150,8545
GO_0008154_instance,8546
Reaction_R-HSA-5686704,8547
Pathway_R-HSA-549127,8548
Reaction_R-HSA-9021450,8549
Reaction_R-HSA-917891,8550
Reaction_R-HSA-2066787,8551
Reaction_R-HSA-8964614,8552
Reaction_R-HSA-994137,8553
Reaction_R-HSA-74736,8554
Reaction_R-HSA-6800426,8555
Pathway_R-HSA-5083632,8556
Reaction_R-HSA-8949178,8557
Reaction_R-HSA-265428,8558
Reaction_R-HSA-264418,8559
Reaction_R-HSA-9609917,8560
Reaction_R-HSA-9660538,8561
GO_0007154_instance,8562
Reaction_R-HSA-5654637,8563
Reaction_R-HSA-9617064,8564
Reaction_R-HSA-9629195,8565
Reaction_R-NUL-4084908,8566
Reaction_R-HSA-70286,8567
Reaction_R-HSA-9925289,8568
Reaction_R-HSA-113442,8569
Reaction_R-HSA-9764800,8570
Reaction_R-HSA-9604487,8571
Reaction_R-HSA-2395320,8572
Reaction_R-HSA-9009401,8573
Reaction_R-HSA-9836435,8574
Reaction_R-HSA-9825790,8575
Reaction_R-HSA-201472,8576
Reaction_R-HSA-8855381,8577
Pathway_R-HSA-8849471,8578
Reaction_R-HSA-9013990,8579
Reaction_R-HSA-1676020,8580
Pathway_R-HSA-5654706,8581
Pathway_R-HSA-2465910,8582
Reaction_R-HSA-9837179,8583
Reaction_R-HSA-416639,8584
Pathway_R-HSA-416993,8585
Reaction_R-HSA-3928615,8586
Reaction_R-NUL-8867463,8587
Reaction_R-HSA-9626848,8588
Reaction_R-HSA-9920724,8589
Reaction_R-HSA-1112565,8590
Reaction_R-HSA-5663105,8591
Reaction_R-HSA-8855130,8592
Reaction_R-HSA-549428,8593
Reaction_R-HSA-430021,8594
Reaction_R-HSA-9937521,8595
Reaction_R-HSA-2671876,8596
Pathway_R-HSA-8952158,8597
Reaction_R-HSA-9817330,8598
Reaction_R-HSA-9836500,8599
Reaction_R-HSA-9707504,8600
Reaction_R-HSA-2172666,8601
Reaction_R-HSA-1912393,8602
Reaction_R-HSA-8856945,8603
Reaction_R-NUL-428519,8604
Reaction_R-HSA-430135,8605
Reaction_R-HSA-452091,8606
Reaction_R-HSA-175117,8607
Reaction_R-HSA-1791130,8608
Reaction_R-HSA-5637770,8609
Reaction_R-HSA-9909632,8610
Reaction_R-HSA-5687121,8611
Pathway_R-HSA-9603798,8612
Reaction_R-HSA-9733772,8613
Pathway_R-HSA-9733709,8614
Reaction_R-HSA-1964482,8615
Pathway_R-HSA-74259,8616
Reaction_R-HSA-9843118,8617
Reaction_R-HSA-9948317,8618
Reaction_R-HSA-1369080,8619
Reaction_R-HSA-9755368,8620
Reaction_R-HSA-1675994,8621
Reaction_R-HSA-975040,8622
Reaction_R-HSA-390329,8623
Reaction_R-HSA-913675,8624
Reaction_R-HSA-2993780,8625
Pathway_R-HSA-9753281,8626
Reaction_R-HSA-5419165,8627
Reaction_R-HSA-9926479,8628
Reaction_R-HSA-2424481,8629
Reaction_R-HSA-8941628,8630
Reaction_R-HSA-418858,8631
Reaction_R-HSA-9606884,8632
Reaction_R-HSA-9823950,8633
Reaction_R-HSA-9009700,8634
Reaction_R-HSA-8848804,8635
Reaction_R-HSA-9017835,8636
Reaction_R-HSA-159574,8637
Reaction_R-HSA-9708525,8638
Reaction_R-HSA-69227,8639
Reaction_R-HSA-5690245,8640
Reaction_R-HSA-8936849,8641
Pathway_R-HSA-5620922,8642
Reaction_R-HSA-74748,8643
Reaction_R-HSA-5696664,8644
Reaction_R-HSA-9692250,8645
Reaction_R-HSA-2134519,8646
Reaction_R-HSA-9662710,8647
Reaction_R-NUL-4084899,8648
Reaction_R-HSA-1168459,8649
Reaction_R-HSA-9844716,8650
Reaction_R-HSA-9912390,8651
Reaction_R-HSA-4615839,8652
Reaction_R-HSA-5654562,8653
Reaction_R-HSA-9677050,8654
Reaction_R-HSA-8987007,8655
Reaction_R-HSA-400046,8656
Pathway_R-HSA-9627069,8657
Pathway_R-HSA-8957275,8658
Reaction_R-HSA-5226999,8659
Reaction_R-HSA-5218891,8660
Reaction_R-HSA-9693198,8661
Pathway_R-HSA-9912529,8662
Reaction_R-HSA-2220982,8663
Reaction_R-HSA-9037040,8664
Reaction_R-HSA-9835992,8665
Reaction_R-HSA-379893,8666
Reaction_R-HSA-9698021,8667
Reaction_R-HSA-9818682,8668
Reaction_R-HSA-9736992,8669
Pathway_R-HSA-9768777,8670
Reaction_R-HSA-9844375,8671
Reaction_R-HSA-8939829,8672
Reaction_R-HSA-351222,8673
Reaction_R-HSA-5229348,8674
Reaction_R-HSA-912458,8675
Reaction_R-HSA-2213236,8676
Reaction_R-HSA-9793382,8677
Reaction_R-HSA-8878186,8678
Reaction_R-HSA-450463,8679
Reaction_R-HSA-5696358,8680
Reaction_R-HSA-3215426,8681
Reaction_R-HSA-3907292,8682
Reaction_R-HSA-9036970,8683
Reaction_R-HSA-8948232,8684
Reaction_R-HSA-8940641,8685
Reaction_R-HSA-211239,8686
Reaction_R-HSA-9706390,8687
Reaction_R-HSA-4411372,8688
Reaction_R-HSA-994169,8689
Reaction_R-HSA-451942,8690
Reaction_R-HSA-5686071,8691
Reaction_R-HSA-202710,8692
Reaction_R-HSA-8935732,8693
Reaction_R-HSA-400092,8694
Pathway_R-HSA-3238698,8695
Reaction_R-HSA-983161,8696
Reaction_R-HSA-9860571,8697
Reaction_R-HSA-1592250,8698
Pathway_R-HSA-8949215,8699
Reaction_R-HSA-428007,8700
Pathway_R-HSA-427975,8701
Reaction_R-HSA-9670619,8702
Reaction_R-HSA-388468,8703
Pathway_R-HSA-5684045,8704
Reaction_R-NUL-9011324,8705
Reaction_R-NUL-1675982,8706
Reaction_R-HSA-77085,8707
Reaction_R-HSA-113449,8708
Reaction_R-HSA-9698008,8709
Reaction_R-HSA-5693148,8710
Reaction_R-HSA-9856502,8711
Reaction_R-HSA-6810139,8712
Reaction_R-HSA-5336422,8713
Reaction_R-HSA-429441,8714
Reaction_R-HSA-1592232,8715
Reaction_R-HSA-421007,8716
Reaction_R-HSA-8984963,8717
Reaction_R-HSA-164500,8718
Reaction_R-HSA-8848005,8719
Reaction_R-HSA-9769115,8720
Pathway_R-HSA-3134975,8721
Pathway_R-HSA-9912481,8722
Reaction_R-HSA-3361751,8723
Reaction_R-HSA-203979,8724
Reaction_R-HSA-1912412,8725
Pathway_R-HSA-71384,8726
Reaction_R-HSA-4086088,8727
Reaction_R-HSA-418170,8728
Reaction_R-HSA-9665000,8729
Reaction_R-HSA-9634445,8730
Reaction_R-HSA-9604738,8731
Reaction_R-HSA-3322140,8732
Reaction_R-HSA-379848,8733
GO_0098657_instance,8734
Pathway_R-HSA-9663199,8735
Reaction_R-HSA-202165,8736
Reaction_R-HSA-4839634,8737
Reaction_R-HSA-482772,8738
Reaction_R-HSA-5358336,8739
Reaction_R-HSA-9735179,8740
Reaction_R-HSA-174438,8741
Reaction_R-HSA-166168,8742
Pathway_R-HSA-9836573,8743
Reaction_R-HSA-990478,8744
Reaction_R-HSA-110319,8745
Reaction_R-HSA-381707,8746
Reaction_R-HSA-5610767,8747
Reaction_R-HSA-186819,8748
Reaction_R-HSA-1912416,8749
Reaction_R-HSA-4720432,8750
Reaction_R-HSA-9925879,8751
Pathway_R-HSA-2408550,8752
Reaction_R-HSA-9010096,8753
Reaction_R-HSA-9676254,8754
Reaction_R-HSA-3769393,8755
Reaction_R-HSA-83586,8756
Pathway_R-HSA-912631,8757
Reaction_R-HSA-8936068,8758
Reaction_R-HSA-2243937,8759
Reaction_R-HSA-1112609,8760
Reaction_R-HSA-5692779,8761
Reaction_R-HSA-6786012,8762
Reaction_R-HSA-1592252,8763
Reaction_R-HSA-6782628,8764
Reaction_R-HSA-5652005,8765
Reaction_R-HSA-1234183,8766
Reaction_R-HSA-5687103,8767
Reaction_R-HSA-6798126,8768
Reaction_R-HSA-5692755,8769
Reaction_R-NUL-4551334,8770
Reaction_R-HSA-1791092,8771
Reaction_R-HSA-2399999,8772
Reaction_R-HSA-9954723,8773
Reaction_R-HSA-9712199,8774
Reaction_R-NUL-1251988,8775
Reaction_R-HSA-6803063,8776
Reaction_R-HSA-8948231,8777
GO_0098772_instance,8778
Reaction_R-HSA-9706345,8779
Reaction_R-HSA-350651,8780
Reaction_R-HSA-1964501,8781
Reaction_R-HSA-1474146,8782
Reaction_R-HSA-428531,8783
GO_0048468_instance,8784
Reaction_R-HSA-3371586,8785
Pathway_R-HSA-8862803,8786
Reaction_R-HSA-9827872,8787
Reaction_R-HSA-9029155,8788
Reaction_R-HSA-164840,8789
Reaction_R-HSA-9842850,8790
Reaction_R-NUL-428884,8791
Reaction_R-HSA-165680,8792
Reaction_R-HSA-112434,8793
Reaction_R-HSA-9007926,8794
Reaction_R-HSA-112383,8795
GO_0000974_instance,8796
Reaction_R-HSA-8951656,8797
Pathway_R-HSA-5083625,8798
Reaction_R-HSA-198315,8799
Reaction_R-HSA-5683385,8800
Reaction_R-HSA-1912388,8801
Reaction_R-HSA-9634390,8802
Reaction_R-HSA-2162226,8803
Reaction_R-HSA-380782,8804
Reaction_R-HSA-3451153,8805
Reaction_R-HSA-983266,8806
Reaction_R-HSA-2301205,8807
Reaction_R-HSA-391156,8808
Reaction_R-HSA-3900177,8809
Pathway_R-HSA-9022537,8810
Reaction_R-HSA-6805059,8811
Reaction_R-HSA-1237325,8812
Reaction_R-HSA-212263,8813
Reaction_R-HSA-75891,8814
Reaction_R-HSA-9603804,8815
Reaction_R-HSA-9924908,8816
Reaction_R-HSA-352191,8817
Reaction_R-HSA-194808,8818
Reaction_R-HSA-9605052,8819
Reaction_R-HSA-1963581,8820
Reaction_R-HSA-5652151,8821
Reaction_R-HSA-8876615,8822
Reaction_R-HSA-1363303,8823
Reaction_R-HSA-5633314,8824
Reaction_R-HSA-9672159,8825
Reaction_R-HSA-388829,8826
Reaction_R-HSA-9860477,8827
Reaction_R-HSA-9835328,8828
Reaction_R-HSA-9908775,8829
Reaction_R-NUL-5667039,8830
Reaction_R-HSA-164514,8831
Reaction_R-HSA-5685607,8832
Reaction_R-HSA-3229181,8833
Reaction_R-HSA-9690404,8834
Reaction_R-HSA-9865524,8835
Reaction_R-HSA-9012268,8836
Reaction_R-HSA-9699575,8837
Reaction_R-HSA-9032067,8838
Reaction_R-HSA-177501,8839
Pathway_R-HSA-8948216,8840
Reaction_R-HSA-6782106,8841
Reaction_R-HSA-9732629,8842
Reaction_R-HSA-391867,8843
Reaction_R-HSA-5660503,8844
Reaction_R-HSA-2230938,8845
Reaction_R-HSA-8943040,8846
Reaction_R-HSA-389758,8847
Reaction_R-HSA-879798,8848
Reaction_R-HSA-9769345,8849
Reaction_R-HSA-847070,8850
Reaction_R-HSA-8878679,8851
Reaction_R-HSA-9836449,8852
Reaction_R-HSA-9836362,8853
Reaction_R-HSA-5358619,8854
Pathway_R-HSA-76071,8855
Reaction_R-HSA-193655,8856
Reaction_R-HSA-4085133,8857
Reaction_R-HSA-8854588,8858
Reaction_R-HSA-3322427,8859
Reaction_R-HSA-391868,8860
Reaction_R-HSA-8848658,8861
Reaction_R-HSA-9665698,8862
Reaction_R-HSA-5683325,8863
Reaction_R-HSA-8876789,8864
Reaction_R-HSA-399939,8865
Reaction_R-HSA-5688289,8866
Reaction_R-HSA-994020,8867
Reaction_R-HSA-9825788,8868
Reaction_R-HSA-198941,8869
Reaction_R-HSA-482621,8870
Reaction_R-HSA-9922994,8871
Reaction_R-HSA-9701000,8872
Reaction_R-HSA-9033499,8873
Reaction_R-HSA-382052,8874
Reaction_R-HSA-450595,8875
Reaction_R-HSA-167217,8876
Reaction_R-HSA-9640167,8877
Reaction_R-HSA-1855159,8878
Reaction_R-HSA-350318,8879
Reaction_R-HSA-1225947,8880
GO_0016071_instance,8881
Reaction_R-HSA-994148,8882
Reaction_R-HSA-9645608,8883
Pathway_R-HSA-432142,8884
Reaction_R-HSA-3247849,8885
Reaction_R-HSA-442317,8886
Reaction_R-HSA-9009451,8887
Reaction_R-HSA-2214351,8888
Pathway_R-HSA-189483,8889
Pathway_R-HSA-727802,8890
Reaction_R-HSA-1226094,8891
Reaction_R-HSA-6787594,8892
Reaction_R-HSA-5654573,8893
Reaction_R-HSA-5681981,8894
Reaction_R-HSA-917696,8895
Reaction_R-HSA-2214324,8896
Reaction_R-HSA-9830765,8897
Reaction_R-NUL-9009236,8898
Reaction_R-HSA-5654672,8899
Reaction_R-HSA-9665389,8900
Reaction_R-HSA-9830951,8901
GO_0010324_instance,8902
Pathway_R-HSA-399954,8903
Pathway_R-HSA-5619099,8904
Reaction_R-HSA-8851888,8905
Reaction_R-HSA-1011598,8906
Reaction_R-HSA-391168,8907
Reaction_R-HSA-2473511,8908
Reaction_R-HSA-9865501,8909
Reaction_R-HSA-9828175,8910
Reaction_R-HSA-9820807,8911
Reaction_R-HSA-9012196,8912
Reaction_R-HSA-8934446,8913
Reaction_R-NUL-1248753,8914
Reaction_R-HSA-5610733,8915
Reaction_R-HSA-5334099,8916
Reaction_R-HSA-5625416,8917
Reaction_R-HSA-380930,8918
Reaction_R-HSA-176059,8919
Reaction_R-HSA-114600,8920
Reaction_R-HSA-1592239,8921
Reaction_R-HSA-9700190,8922
Pathway_R-HSA-9700645,8923
Pathway_R-HSA-5655799,8924
Reaction_R-HSA-4088264,8925
Reaction_R-HSA-5654986,8926
Reaction_R-HSA-9822591,8927
Reaction_R-HSA-9672172,8928
Reaction_R-HSA-1235035,8929
Reaction_R-HSA-9842649,8930
Reaction_R-HSA-2029455,8931
Reaction_R-HSA-3240295,8932
Reaction_R-HSA-9839396,8933
Reaction_R-HSA-5651654,8934
Reaction_R-HSA-114553,8935
Reaction_R-HSA-5672824,8936
Reaction_R-HSA-4518575,8937
Reaction_R-HSA-6799581,8938
Reaction_R-HSA-379977,8939
Reaction_R-HSA-9912480,8940
Reaction_R-HSA-70785,8941
Reaction_R-HSA-2220971,8942
Reaction_R-HSA-6784738,8943
Reaction_R-HSA-1912410,8944
Reaction_R-HSA-6804100,8945
GO_0009719_instance,8946
Reaction_R-HSA-1011600,8947
Reaction_R-HSA-8937016,8948
Reaction_R-HSA-8936058,8949
Reaction_R-NUL-2064264,8950
Reaction_R-HSA-349626,8951
Reaction_R-HSA-8942803,8952
Reaction_R-HSA-9617596,8953
Reaction_R-HSA-5675790,8954
Reaction_R-HSA-6800794,8955
Reaction_R-HSA-1482887,8956
Reaction_R-HSA-83656,8957
Reaction_R-NUL-4085088,8958
Reaction_R-HSA-2514865,8959
Reaction_R-HSA-8863674,8960
Reaction_R-HSA-9033527,8961
GO_0031109_instance,8962
Reaction_R-HSA-1535903,8963
Reaction_R-HSA-1912391,8964
Reaction_R-HSA-5635855,8965
Pathway_R-HSA-9615710,8966
Reaction_R-HSA-9932535,8967
Reaction_R-HSA-5620921,8968
Reaction_R-HSA-8981534,8969
Reaction_R-HSA-5689539,8970
Reaction_R-HSA-174447,8971
Reaction_R-HSA-9922984,8972
Reaction_R-HSA-5678313,8973
Reaction_R-HSA-9018880,8974
Reaction_R-HSA-2046100,8975
Reaction_R-HSA-9681169,8976
Reaction_R-HSA-216051,8977
Reaction_R-HSA-914010,8978
Reaction_R-NUL-2186736,8979
Reaction_R-HSA-6805061,8980
Reaction_R-HSA-5696627,8981
Reaction_R-HSA-9824236,8982
Reaction_R-HSA-1980112,8983
Reaction_R-HSA-5663170,8984
Reaction_R-HSA-9835252,8985
Reaction_R-HSA-202723,8986
Reaction_R-HSA-4551465,8987
Reaction_R-HSA-8948226,8988
GO_0099513_instance,8989
Reaction_R-HSA-8948219,8990
Reaction_R-HSA-6787447,8991
Reaction_R-HSA-380008,8992
Reaction_R-HSA-201422,8993
Reaction_R-HSA-5358599,8994
Pathway_R-HSA-5358565,8995
Reaction_R-HSA-69140,8996
Reaction_R-HSA-9012650,8997
Reaction_R-HSA-1368119,8998
Reaction_R-NUL-1675925,8999
Reaction_R-HSA-2730858,9000
GO_0030099_instance,9001
Reaction_R-HSA-5140747,9002
Reaction_R-HSA-9823977,9003
Reaction_R-HSA-164507,9004
Reaction_R-HSA-437118,9005
Reaction_R-HSA-9932440,9006
Pathway_R-HSA-9931530,9007
Reaction_R-NUL-2473498,9008
Reaction_R-HSA-265429,9009
Reaction_R-HSA-918230,9010
Reaction_R-HSA-113451,9011
Reaction_R-HSA-879770,9012
Reaction_R-HSA-9725621,9013
Reaction_R-HSA-390598,9014
Reaction_R-HSA-5683925,9015
Reaction_R-HSA-9934884,9016
Reaction_R-HSA-9668597,9017
Reaction_R-HSA-83803,9018
Reaction_R-HSA-9013567,9019
Reaction_R-HSA-9932070,9020
Reaction_R-HSA-9796300,9021
Reaction_R-NUL-2065278,9022
Reaction_R-HSA-5696968,9023
Reaction_R-HSA-6781922,9024
Reaction_R-HSA-429992,9025
Pathway_R-HSA-5696397,9026
Reaction_R-HSA-2213243,9027
Reaction_R-HSA-1028820,9028
Reaction_R-HSA-201425,9029
Reaction_R-HSA-2220988,9030
Reaction_R-HSA-2161961,9031
Reaction_R-HSA-9945017,9032
Reaction_R-HSA-210977,9033
Reaction_R-HSA-9664850,9034
Reaction_R-NUL-4085309,9035
Reaction_R-HSA-9822597,9036
Reaction_R-HSA-8866854,9037
Reaction_R-HSA-9909618,9038
Reaction_R-HSA-156913,9039
Reaction_R-HSA-5638014,9040
Reaction_R-HSA-9033516,9041
GO_0090304_instance,9042
GO_1990904_instance,9043
Reaction_R-HSA-186765,9044
Reaction_R-HSA-606326,9045
Reaction_R-HSA-5685608,9046
Reaction_R-HSA-2752125,9047
Reaction_R-HSA-5663138,9048
GO_0097194_instance,9049
GO_0031347_instance,9050
Reaction_R-HSA-914018,9051
Reaction_R-HSA-8863012,9052
Reaction_R-HSA-622420,9053
Reaction_R-HSA-5689861,9054
Pathway_R-HSA-3359467,9055
GO_0003674_instance,9056
Reaction_R-HSA-9033490,9057
Reaction_R-HSA-202248,9058
Reaction_R-HSA-4084910,9059
Reaction_R-HSA-9033530,9060
GO_2000026_instance,9061
Reaction_R-HSA-9687377,9062
Reaction_R-NUL-9646387,9063
Reaction_R-NUL-2161147,9064
Reaction_R-HSA-9631065,9065
Reaction_R-HSA-2197645,9066
Reaction_R-HSA-1912394,9067
Reaction_R-HSA-9817512,9068
Reaction_R-HSA-9947861,9069
Reaction_R-HSA-388811,9070
Reaction_R-HSA-390593,9071
Reaction_R-HSA-914017,9072
Reaction_R-HSA-9020261,9073
Reaction_R-HSA-264834,9074
Reaction_R-HSA-5655965,9075
Reaction_R-HSA-5663165,9076
Pathway_R-HSA-9749641,9077
Reaction_R-HSA-9735151,9078
Reaction_R-HSA-9036020,9079
Reaction_R-HSA-9824582,9080
Reaction_R-HSA-9823966,9081
Reaction_R-HSA-391151,9082
Reaction_R-HSA-2514867,9083
Pathway_R-HSA-2485179,9084
Reaction_R-HSA-4719354,9085
Reaction_R-HSA-1564120,9086
Reaction_R-HSA-4396371,9087
Reaction_R-HSA-480204,9088
Reaction_R-HSA-9909369,9089
Reaction_R-HSA-2396234,9090
Reaction_R-HSA-1855219,9091
GO_0004672_instance,9092
Reaction_R-NUL-8955873,9093
Reaction_R-HSA-6803789,9094
Reaction_R-HSA-912467,9095
Reaction_R-NUL-9908700,9096
Pathway_R-HSA-389599,9097
Reaction_R-HSA-8953339,9098
Reaction_R-HSA-5682607,9099
Reaction_R-HSA-2130640,9100
Reaction_R-HSA-1912406,9101
Reaction_R-HSA-376119,9102
Reaction_R-HSA-202703,9103
Reaction_R-HSA-5672008,9104
GO_0042221_instance,9105
Reaction_R-HSA-9027275,9106
GO_0006091_instance,9107
Reaction_R-NUL-2065560,9108
Reaction_R-HSA-5691001,9109
Reaction_R-HSA-9664880,9110
GO_0006414_instance,9111
Reaction_R-HSA-5655466,9112
Reaction_R-HSA-9644900,9113
Reaction_R-HSA-2744242,9114
Reaction_R-HSA-8951764,9115
Reaction_R-HSA-9712195,9116
Reaction_R-HSA-9925650,9117
Reaction_R-HSA-8866405,9118
Reaction_R-HSA-5607732,9119
Reaction_R-HSA-352347,9120
Reaction_R-HSA-216058,9121
Pathway_R-HSA-9944997,9122
Reaction_R-HSA-2213192,9123
Reaction_R-HSA-9793887,9124
Reaction_R-HSA-9934893,9125
Pathway_R-HSA-9725554,9126
Pathway_R-HSA-9025094,9127
Pathway_R-HSA-391908,9128
Reaction_R-HSA-5682690,9129
Reaction_R-HSA-2168960,9130
Reaction_R-NUL-9033896,9131
Reaction_R-NUL-3876071,9132
Reaction_R-HSA-201423,9133
Reaction_R-NUL-9926485,9134
GO_0006366_instance,9135
Reaction_R-NUL-9620024,9136
Pathway_R-HSA-430116,9137
Pathway_R-HSA-5683826,9138
Reaction_R-HSA-379867,9139
Reaction_R-HSA-1006143,9140
Reaction_R-HSA-2752118,9141
GO_0010970_instance,9142
Reaction_R-NUL-1250468,9143
Reaction_R-HSA-163809,9144
Reaction_R-HSA-5684862,9145
Reaction_R-HSA-111438,9146
Reaction_R-HSA-9793400,9147
Reaction_R-HSA-9865748,9148
Reaction_R-HSA-4088220,9149
Reaction_R-NUL-2467431,9150
Reaction_R-HSA-994140,9151
Reaction_R-HSA-9750001,9152
Reaction_R-HSA-9824472,9153
Reaction_R-HSA-8955869,9154
Reaction_R-HSA-549364,9155
Reaction_R-HSA-5635856,9156
Reaction_R-HSA-914012,9157
GO_0009058_instance,9158
Reaction_R-NUL-4084922,9159
Pathway_R-HSA-203615,9160
GO_0003723_instance,9161
Reaction_R-HSA-549355,9162
Reaction_R-HSA-879782,9163
GO_0071944_instance,9164
GO_0005814_instance,9165
Reaction_R-NUL-9717576,9166
Protein_RABL2B,9167
Reaction_R-HSA-5694487,9168
Reaction_R-HSA-5663156,9169
Reaction_R-HSA-1299487,9170
Reaction_R-NUL-1675886,9171
Reaction_R-HSA-1299482,9172
Reaction_R-HSA-74872,9173
Reaction_R-NUL-2064916,9174
Reaction_R-NUL-4396363,9175
GO_1990778_instance,9176
Reaction_R-HSA-9922998,9177
Reaction_R-NUL-2752136,9178
GO_0005682_instance,9179
Reaction_R-NUL-1250472,9180
GO_0097367_instance,9181
Reaction_R-NUL-212920,9182
GO_0140014_instance,9183
GO_0006397_instance,9184
Reaction_R-NUL-2317526,9185
GO_0043933_instance,9186
